YEAR,MONTH,STATE_NAME,STATE_CODE,CO2_QTY_TONNES,TF
2010,1,ALBANIA,LA,8318.42,821
2010,1,ARMENIA,UD,13456.675999999999,662
2010,1,AUSTRIA,LO,171535.234,14972
2010,1,BELGIUM,EB,309092.82299999997,11546
2010,1,BOSNIA AND HERZEGOVINA,LQ,2887.9949999999999,478
2010,1,BULGARIA,LB,34760.875999999997,2177
2010,1,CANARY ISLANDS,GC,254688.43900000001,13494
2010,1,CROATIA,LD,12141.849,1956
2010,1,CYPRUS,LC,47704.343999999997,1789
2010,1,CZECHIA,LK,68318.752999999997,6256
2010,1,DENMARK*,EK,184601.73,12996
2010,1,FINLAND,EF,160290.69200000001,10592
2010,1,FRANCE,LF,1467158.577,68257
2010,1,GERMANY,ED,2067437.027,80421
2010,1,GREECE,LG,142515.50099999999,14377
2010,1,HUNGARY,LH,48575.838000000003,3851
2010,1,ICELAND,BI,12064.188,1117
2010,1,IRELAND,EI,150363.82699999999,8920
2010,1,ITALY,LI,899660.52899999998,60178
2010,1,KOSOVO,BK,7746.9070000000002,599
2010,1,LIECHTENSTEIN,LS,0.34699999999999998,1
2010,1,LITHUANIA,EY,12874.972,1414
2010,1,LUXEMBOURG,EL,89324.883000000002,1916
2010,1,MALTA,LM,16447.511999999999,909
2010,1,"MOLDOVA, REPUBLIC OF",LU,4626.2960000000003,448
2010,1,MONACO,LN,6.2149999999999999,14
2010,1,MONTENEGRO,LY,4208.6559999999999,577
2010,1,NETHERLANDS,EH,718585.19,18317
2010,1,NORTH MACEDONIA,LW,3648.76,440
2010,1,NORWAY*,EN,192277.83600000001,28332
2010,1,POLAND,EP,107673.58,10530
2010,1,PORTUGAL*,LP,226468.511,10881
2010,1,ROMANIA,LR,64663.55,6182
2010,1,SERBIA,LY,14327.665999999999,1555
2010,1,SLOVAKIA,LZ,9049.3220000000001,1291
2010,1,SLOVENIA,LJ,7481.5150000000003,1308
2010,1,SPAIN,LE,940913.45600000001,52687
2010,1,SWEDEN,ES,201565.851,18178
2010,1,SWITZERLAND,LS,358901.79200000002,19656
2010,1,TÜRKIYE,LT,490284.61300000001,25816
2010,1,UNITED KINGDOM*,EG,2367956.0249999999,82530
2010,2,ALBANIA,LA,6279.4740000000002,668
2010,2,ARMENIA,UD,11213.871999999999,558
2010,2,AUSTRIA,LO,157908.07399999999,14307
2010,2,BELGIUM,EB,296550.79700000002,11404
2010,2,BOSNIA AND HERZEGOVINA,LQ,2482.9209999999998,451
2010,2,BULGARIA,LB,27457.116999999998,1964
2010,2,CANARY ISLANDS,GC,227947.19099999999,11951
2010,2,CROATIA,LD,10904.556,1783
2010,2,CYPRUS,LC,43851.885999999999,1620
2010,2,CZECHIA,LK,61726.203000000001,5815
2010,2,DENMARK*,EK,176059.29199999999,13106
2010,2,FINLAND,EF,149032.86199999999,11028
2010,2,FRANCE,LF,1322141.9550000001,65510
2010,2,GERMANY,ED,1894780.3319999999,80004
2010,2,GREECE,LG,121075.499,12138
2010,2,HUNGARY,LH,44322.036,3662
2010,2,ICELAND,BI,10586.769,1183
2010,2,IRELAND,EI,134731.068,8518
2010,2,ITALY,LI,815751.94400000002,57901
2010,2,KOSOVO,BK,6320.1040000000003,518
2010,2,LITHUANIA,EY,12228.326999999999,1389
2010,2,LUXEMBOURG,EL,89562.606,1914
2010,2,MALTA,LM,14674.217000000001,823
2010,2,"MOLDOVA, REPUBLIC OF",LU,3789.6309999999999,382
2010,2,MONACO,LN,5.6260000000000003,14
2010,2,MONTENEGRO,LY,3385.183,523
2010,2,NETHERLANDS,EH,652994.27300000004,18106
2010,2,NORTH MACEDONIA,LW,2521.933,349
2010,2,NORWAY*,EN,187177.79199999999,27889
2010,2,POLAND,EP,99531.672000000006,10140
2010,2,PORTUGAL*,LP,201179.88800000001,9971
2010,2,ROMANIA,LR,59045.256999999998,5854
2010,2,SERBIA,LY,12615.653,1458
2010,2,SLOVAKIA,LZ,8202.3389999999999,1191
2010,2,SLOVENIA,LJ,6999.2860000000001,1231
2010,2,SPAIN,LE,876956.53099999996,52810
2010,2,SWEDEN,ES,198829.31899999999,20050
2010,2,SWITZERLAND,LS,321563.61700000003,18895
2010,2,TÜRKIYE,LT,460389.99599999998,23862
2010,2,UNITED KINGDOM*,EG,2205308.9300000002,83403
2010,3,ALBANIA,LA,7085.2520000000004,754
2010,3,ARMENIA,UD,13872.043,694
2010,3,AUSTRIA,LO,178533.13,16547
2010,3,BELGIUM,EB,343344.38,13509
2010,3,BOSNIA AND HERZEGOVINA,LQ,2950.4479999999999,522
2010,3,BULGARIA,LB,30412.445,2201
2010,3,CANARY ISLANDS,GC,257478.16699999999,14235
2010,3,CROATIA,LD,14382.412,2186
2010,3,CYPRUS,LC,58812.400999999998,2134
2010,3,CZECHIA,LK,73533.375,7070
2010,3,DENMARK*,EK,200270.99799999999,15481
2010,3,FINLAND,EF,171467.106,12526
2010,3,FRANCE,LF,1556602.4709999999,82478
2010,3,GERMANY,ED,2307261.0589999999,98446
2010,3,GREECE,LG,147184.60699999999,14730
2010,3,HUNGARY,LH,55853.239000000001,4452
2010,3,ICELAND,BI,10782.895,1244
2010,3,IRELAND,EI,161997.299,9831
2010,3,ITALY,LI,954000.91700000002,68340
2010,3,KOSOVO,BK,7123.5,593
2010,3,LIECHTENSTEIN,LS,0.34699999999999998,1
2010,3,LITHUANIA,EY,16018.592000000001,1684
2010,3,LUXEMBOURG,EL,100978.65399999999,2279
2010,3,MALTA,LM,19354.706999999999,1018
2010,3,"MOLDOVA, REPUBLIC OF",LU,4337.759,431
2010,3,MONACO,LN,11.685,29
2010,3,MONTENEGRO,LY,3880.8159999999998,611
2010,3,NETHERLANDS,EH,747928.70499999996,22367
2010,3,NORTH MACEDONIA,LW,3142.3879999999999,421
2010,3,NORWAY*,EN,211578.97500000001,31034
2010,3,POLAND,EP,122098.845,12035
2010,3,PORTUGAL*,LP,235014.076,11664
2010,3,ROMANIA,LR,67186.994999999995,6948
2010,3,SERBIA,LY,14390.773999999999,1749
2010,3,SLOVAKIA,LZ,8732.43,1365
2010,3,SLOVENIA,LJ,7967.1090000000004,1520
2010,3,SPAIN,LE,1030351.451,61548
2010,3,SWEDEN,ES,232268.69699999999,23782
2010,3,SWITZERLAND,LS,359183.10800000001,21172
2010,3,TÜRKIYE,LT,550764.21699999995,28010
2010,3,UNITED KINGDOM*,EG,2489660.2400000002,94268
2010,4,ALBANIA,LA,7131.174,753
2010,4,ARMENIA,UD,14906.83,710
2010,4,AUSTRIA,LO,168227.27600000001,14177
2010,4,BELGIUM,EB,284626.40399999998,11033
2010,4,BOSNIA AND HERZEGOVINA,LQ,3239.4720000000002,498
2010,4,BULGARIA,LB,30851.687000000002,2098
2010,4,CANARY ISLANDS,GC,219628.848,12926
2010,4,CROATIA,LD,20387.295999999998,2609
2010,4,CYPRUS,LC,67261.343999999997,2340
2010,4,CZECHIA,LK,71708.119000000006,6424
2010,4,DENMARK*,EK,160932.06400000001,11709
2010,4,FINLAND,EF,123628.73299999999,8811
2010,4,FRANCE,LF,1416960.0020000001,72001
2010,4,GERMANY,ED,1964997.841,79768
2010,4,GREECE,LG,182136.141,16357
2010,4,HUNGARY,LH,51470.773000000001,4107
2010,4,ICELAND,BI,9705.8449999999993,1071
2010,4,IRELAND,EI,130188.61599999999,7747
2010,4,ITALY,LI,930763.91799999995,65447
2010,4,KOSOVO,BK,6471.7809999999999,518
2010,4,LIECHTENSTEIN,LS,0.34699999999999998,1
2010,4,LITHUANIA,EY,14250.387000000001,1498
2010,4,LUXEMBOURG,EL,91674.926000000007,1963
2010,4,MALTA,LM,24011.921999999999,1274
2010,4,"MOLDOVA, REPUBLIC OF",LU,4711.7280000000001,464
2010,4,MONACO,LN,24.526,56
2010,4,MONTENEGRO,LY,4443.8410000000003,665
2010,4,NETHERLANDS,EH,658222.875,19627
2010,4,NORTH MACEDONIA,LW,3226.16,414
2010,4,NORWAY*,EN,173875.44200000001,25043
2010,4,POLAND,EP,110356.99400000001,10028
2010,4,PORTUGAL*,LP,261426.46799999999,12398
2010,4,ROMANIA,LR,65804.326000000001,6671
2010,4,SERBIA,LY,13393.834000000001,1639
2010,4,SLOVAKIA,LZ,8535.8420000000006,1177
2010,4,SLOVENIA,LJ,6601.7160000000003,1082
2010,4,SPAIN,LE,1143950.203,64157
2010,4,SWEDEN,ES,178956.47899999999,16803
2010,4,SWITZERLAND,LS,312859.39600000001,17001
2010,4,TÜRKIYE,LT,599237.14099999995,29441
2010,4,UNITED KINGDOM*,EG,2138337.8829999999,77403
2010,5,ALBANIA,LA,7697.4269999999997,813
2010,5,ARMENIA,UD,18961.725999999999,889
2010,5,AUSTRIA,LO,199480.48199999999,16877
2010,5,BELGIUM,EB,350393.69400000002,14142
2010,5,BOSNIA AND HERZEGOVINA,LQ,3676.7629999999999,584
2010,5,BULGARIA,LB,44699.7,2930
2010,5,CANARY ISLANDS,GC,191647.22399999999,12832
2010,5,CROATIA,LD,36060.964,3958
2010,5,CYPRUS,LC,98539.358999999997,3149
2010,5,CZECHIA,LK,87794.346000000005,7942
2010,5,DENMARK*,EK,211545.853,15706
2010,5,FINLAND,EF,161189.12100000001,12222
2010,5,FRANCE,LF,1681384.446,86887
2010,5,GERMANY,ED,2488474.2480000001,104083
2010,5,GREECE,LG,323494.10600000003,21055
2010,5,HUNGARY,LH,61226.889000000003,4848
2010,5,ICELAND,BI,10315.86,1126
2010,5,IRELAND,EI,166328.38200000001,9938
2010,5,ITALY,LI,1087672.1310000001,77766
2010,5,KOSOVO,BK,8411.5859999999993,642
2010,5,LITHUANIA,EY,18205.288,1882
2010,5,LUXEMBOURG,EL,112354.68799999999,2381
2010,5,MALTA,LM,29399.591,1558
2010,5,"MOLDOVA, REPUBLIC OF",LU,6333.0370000000003,629
2010,5,MONACO,LN,26.425999999999998,73
2010,5,MONTENEGRO,LY,7715.8329999999996,890
2010,5,NETHERLANDS,EH,824625.39,24407
2010,5,NORTH MACEDONIA,LW,3938.12,493
2010,5,NORWAY*,EN,231440.88200000001,31193
2010,5,POLAND,EP,146602.69,13077
2010,5,PORTUGAL*,LP,280359.85499999998,13445
2010,5,ROMANIA,LR,83608.657999999996,7635
2010,5,SERBIA,LY,17580.585999999999,2016
2010,5,SLOVAKIA,LZ,10597.347,1452
2010,5,SLOVENIA,LJ,10513.25,1677
2010,5,SPAIN,LE,1274947.1980000001,72914
2010,5,SWEDEN,ES,236221.03400000001,22799
2010,5,SWITZERLAND,LS,371844.98499999999,20569
2010,5,TÜRKIYE,LT,817268.20900000003,38221
2010,5,UNITED KINGDOM*,EG,2764675.7289999998,100256
2010,6,ALBANIA,LA,8689.7029999999995,910
2010,6,ARMENIA,UD,21274.224999999999,987
2010,6,AUSTRIA,LO,200717.59,17435
2010,6,BELGIUM,EB,347029.788,14506
2010,6,BOSNIA AND HERZEGOVINA,LQ,4449.57,684
2010,6,BULGARIA,LB,71285.877999999997,4283
2010,6,CANARY ISLANDS,GC,192138.473,12663
2010,6,CROATIA,LD,46583.546000000002,4521
2010,6,CYPRUS,LC,99553.16,3185
2010,6,CZECHIA,LK,100199.143,8684
2010,6,DENMARK*,EK,226060.677,16822
2010,6,FINLAND,EF,166824.03899999999,12018
2010,6,FRANCE,LF,1686963.524,89888
2010,6,GERMANY,ED,2457469.2200000002,106474
2010,6,GREECE,LG,395641.77600000001,24242
2010,6,HUNGARY,LH,65325.856,5154
2010,6,ICELAND,BI,18313.825000000001,1529
2010,6,IRELAND,EI,190386.236,10958
2010,6,ITALY,LI,1132813.9380000001,81590
2010,6,KOSOVO,BK,8382.1470000000008,670
2010,6,LIECHTENSTEIN,LS,0.34699999999999998,1
2010,6,LITHUANIA,EY,18406.66,1827
2010,6,LUXEMBOURG,EL,99107.070999999996,2467
2010,6,MALTA,LM,30300.825000000001,1635
2010,6,"MOLDOVA, REPUBLIC OF",LU,6562.8490000000002,640
2010,6,MONACO,LN,27.492999999999999,64
2010,6,MONTENEGRO,LY,12569.888000000001,1154
2010,6,NETHERLANDS,EH,814180.13100000005,24929
2010,6,NORTH MACEDONIA,LW,4685.098,554
2010,6,NORWAY*,EN,246943.94200000001,33344
2010,6,POLAND,EP,173032.12,14287
2010,6,PORTUGAL*,LP,293490.63900000002,14050
2010,6,ROMANIA,LR,86971.535000000003,8029
2010,6,SERBIA,LY,20160.202000000001,2194
2010,6,SLOVAKIA,LZ,16506.93,1814
2010,6,SLOVENIA,LJ,12356.210999999999,1747
2010,6,SPAIN,LE,1320996.8640000001,74839
2010,6,SWEDEN,ES,243869.867,23016
2010,6,SWITZERLAND,LS,374336.11700000003,20858
2010,6,TÜRKIYE,LT,884081.853,40608
2010,6,UNITED KINGDOM*,EG,2784041.2889999999,105568
2010,7,ALBANIA,LA,11910.344999999999,1149
2010,7,ARMENIA,UD,22388.596000000001,1105
2010,7,AUSTRIA,LO,208427.09400000001,17583
2010,7,BELGIUM,EB,374229.42200000002,14640
2010,7,BOSNIA AND HERZEGOVINA,LQ,5421.0420000000004,723
2010,7,BULGARIA,LB,87782.769,5190
2010,7,CANARY ISLANDS,GC,216114.55,13750
2010,7,CROATIA,LD,58511.423000000003,5637
2010,7,CYPRUS,LC,104990.417,3386
2010,7,CZECHIA,LK,110840.069,8768
2010,7,DENMARK*,EK,241492.61,15474
2010,7,FINLAND,EF,160366.02600000001,9335
2010,7,FRANCE,LF,1864305.8130000001,91747
2010,7,GERMANY,ED,2588814.7230000002,106493
2010,7,GREECE,LG,457339.913,27705
2010,7,HUNGARY,LH,70631.801999999996,5595
2010,7,ICELAND,BI,20900.563999999998,1625
2010,7,IRELAND,EI,209430.62299999999,11794
2010,7,ITALY,LI,1235128.44,89431
2010,7,KOSOVO,BK,11832.035,847
2010,7,LIECHTENSTEIN,LS,0.34699999999999998,1
2010,7,LITHUANIA,EY,19118.648000000001,1777
2010,7,LUXEMBOURG,EL,99177.881999999998,2451
2010,7,MALTA,LM,32924.582999999999,1777
2010,7,"MOLDOVA, REPUBLIC OF",LU,7080.4160000000002,678
2010,7,MONACO,LN,37.404000000000003,89
2010,7,MONTENEGRO,LY,16157.415000000001,1465
2010,7,NETHERLANDS,EH,893929.245,25494
2010,7,NORTH MACEDONIA,LW,6390.8190000000004,654
2010,7,NORWAY*,EN,238839.49,27316
2010,7,POLAND,EP,183166.33600000001,14333
2010,7,PORTUGAL*,LP,332494.15700000001,15893
2010,7,ROMANIA,LR,93140.813999999998,8307
2010,7,SERBIA,LY,23979.063999999998,2555
2010,7,SLOVAKIA,LZ,18335.991999999998,1942
2010,7,SLOVENIA,LJ,13947.304,1818
2010,7,SPAIN,LE,1476462.692,81474
2010,7,SWEDEN,ES,223320.41,17092
2010,7,SWITZERLAND,LS,401748.43099999998,21684
2010,7,TÜRKIYE,LT,970489.21699999995,45368
2010,7,UNITED KINGDOM*,EG,2979184.4720000001,110434
2010,8,ALBANIA,LA,14275.451999999999,1336
2010,8,ARMENIA,UD,22863.387999999999,1097
2010,8,AUSTRIA,LO,202127.02799999999,17043
2010,8,BELGIUM,EB,366957.79399999999,13982
2010,8,BOSNIA AND HERZEGOVINA,LQ,4702.6819999999998,668
2010,8,BULGARIA,LB,90372.409,5226
2010,8,CANARY ISLANDS,GC,224982.92199999999,13782
2010,8,CROATIA,LD,59130.107000000004,5693
2010,8,CYPRUS,LC,106437.11199999999,3506
2010,8,CZECHIA,LK,110870.276,8796
2010,8,DENMARK*,EK,236138.003,16180
2010,8,FINLAND,EF,163478.54199999999,11275
2010,8,FRANCE,LF,1831038.7139999999,84359
2010,8,GERMANY,ED,2578898.048,102472
2010,8,GREECE,LG,465990.36,28779
2010,8,HUNGARY,LH,72030.433000000005,5454
2010,8,ICELAND,BI,20832.277999999998,1623
2010,8,IRELAND,EI,199790.171,11386
2010,8,ITALY,LI,1248727.817,85540
2010,8,KOSOVO,BK,11489.834999999999,863
2010,8,LITHUANIA,EY,18316.748,1733
2010,8,LUXEMBOURG,EL,99675.312999999995,2290
2010,8,MALTA,LM,33429.419000000002,1816
2010,8,"MOLDOVA, REPUBLIC OF",LU,7860.14,736
2010,8,MONACO,LN,29.356999999999999,68
2010,8,MONTENEGRO,LY,16955.547999999999,1545
2010,8,NETHERLANDS,EH,883884.75899999996,24682
2010,8,NORTH MACEDONIA,LW,6027.9080000000004,651
2010,8,NORWAY*,EN,242322.764,30958
2010,8,POLAND,EP,177202.06,14087
2010,8,PORTUGAL*,LP,335918.37300000002,16165
2010,8,ROMANIA,LR,90308.278999999995,8167
2010,8,SERBIA,LY,23656.120999999999,2565
2010,8,SLOVAKIA,LZ,17976.434000000001,1833
2010,8,SLOVENIA,LJ,14471.706,1862
2010,8,SPAIN,LE,1476005.966,79200
2010,8,SWEDEN,ES,236326.41399999999,20978
2010,8,SWITZERLAND,LS,395084.58,20707
2010,8,TÜRKIYE,LT,957574.27800000005,44800
2010,8,UNITED KINGDOM*,EG,2943545.5550000002,107700
2010,9,ALBANIA,LA,9341.7569999999996,958
2010,9,ARMENIA,UD,18832.276999999998,943
2010,9,AUSTRIA,LO,198899.61,17281
2010,9,BELGIUM,EB,352676.26400000002,14426
2010,9,BOSNIA AND HERZEGOVINA,LQ,4044.3980000000001,636
2010,9,BULGARIA,LB,68113.115999999995,3964
2010,9,CANARY ISLANDS,GC,196691.97,12372
2010,9,CROATIA,LD,46860.917999999998,4526
2010,9,CYPRUS,LC,99273.254000000001,3151
2010,9,CZECHIA,LK,106324.856,8672
2010,9,DENMARK*,EK,218174.47899999999,16517
2010,9,FINLAND,EF,169918.16800000001,12776
2010,9,FRANCE,LF,1682660.3559999999,86800
2010,9,GERMANY,ED,2521837.318,108058
2010,9,GREECE,LG,391073.36099999998,24008
2010,9,HUNGARY,LH,66980.656000000003,5301
2010,9,ICELAND,BI,15581.645,1283
2010,9,IRELAND,EI,182294.35,10698
2010,9,ITALY,LI,1148608.5149999999,81322
2010,9,KOSOVO,BK,8962.8970000000008,688
2010,9,LITHUANIA,EY,16178.13,1675
2010,9,LUXEMBOURG,EL,97492.462,2388
2010,9,MALTA,LM,31749.925999999999,1721
2010,9,"MOLDOVA, REPUBLIC OF",LU,6732.1549999999997,667
2010,9,MONACO,LN,34,81
2010,9,MONTENEGRO,LY,12394.165999999999,1159
2010,9,NETHERLANDS,EH,829704.96699999995,23957
2010,9,NORTH MACEDONIA,LW,4289.8159999999998,535
2010,9,NORWAY*,EN,242247.19699999999,34322
2010,9,POLAND,EP,166098.19899999999,13743
2010,9,PORTUGAL*,LP,300648.46899999998,14187
2010,9,ROMANIA,LR,86069.853000000003,7982
2010,9,SERBIA,LY,20761.552,2282
2010,9,SLOVAKIA,LZ,15878.039000000001,1730
2010,9,SLOVENIA,LJ,13242.767,1806
2010,9,SPAIN,LE,1340504.0519999999,73987
2010,9,SWEDEN,ES,252233.171,24828
2010,9,SWITZERLAND,LS,377610.40100000001,20952
2010,9,TÜRKIYE,LT,866218.777,41165
2010,9,UNITED KINGDOM*,EG,2791816.5040000002,105733
2010,10,ALBANIA,LA,7598.9780000000001,827
2010,10,ARMENIA,UD,18400.031999999999,942
2010,10,AUSTRIA,LO,194654.408,16887
2010,10,BELGIUM,EB,366952.06400000001,14484
2010,10,BOSNIA AND HERZEGOVINA,LQ,3724.0659999999998,617
2010,10,BULGARIA,LB,44630.953000000001,2705
2010,10,CANARY ISLANDS,GC,233351.28200000001,13433
2010,10,CROATIA,LD,28795.5,3340
2010,10,CYPRUS,LC,101206.005,3232
2010,10,CZECHIA,LK,96590.604000000007,7995
2010,10,DENMARK*,EK,227833.95300000001,16311
2010,10,FINLAND,EF,177092.96400000001,12633
2010,10,FRANCE,LF,1671272.3219999999,82909
2010,10,GERMANY,ED,2587676.0669999998,108125
2010,10,GREECE,LG,275816.20899999997,18943
2010,10,HUNGARY,LH,62700.374000000003,5028
2010,10,ICELAND,BI,17048.668000000001,1304
2010,10,IRELAND,EI,177464.022,10539
2010,10,ITALY,LI,1081340.5430000001,75683
2010,10,KOSOVO,BK,8114.0119999999997,650
2010,10,LITHUANIA,EY,15295.728999999999,1623
2010,10,LUXEMBOURG,EL,106797.996,2472
2010,10,MALTA,LM,30015.277999999998,1607
2010,10,"MOLDOVA, REPUBLIC OF",LU,5880.6880000000001,621
2010,10,MONACO,LN,27.559000000000001,71
2010,10,MONTENEGRO,LY,6340.5479999999998,846
2010,10,NETHERLANDS,EH,854988.348,24248
2010,10,NORTH MACEDONIA,LW,4263.3270000000002,526
2010,10,NORWAY*,EN,234482.07199999999,33476
2010,10,POLAND,EP,143583.97899999999,13190
2010,10,PORTUGAL*,LP,281408.34499999997,13684
2010,10,ROMANIA,LR,77127.782000000007,7334
2010,10,SERBIA,LY,18562.267,2071
2010,10,SLOVAKIA,LZ,11328.358,1525
2010,10,SLOVENIA,LJ,10597.290999999999,1652
2010,10,SPAIN,LE,1286812.3659999999,71935
2010,10,SWEDEN,ES,252929.83799999999,24441
2010,10,SWITZERLAND,LS,392409.88199999998,20738
2010,10,TÜRKIYE,LT,820120.26300000004,39318
2010,10,UNITED KINGDOM*,EG,2786870.9130000002,102963
2010,11,ALBANIA,LA,6064.8779999999997,669
2010,11,ARMENIA,UD,16247.712,839
2010,11,AUSTRIA,LO,175300.30499999999,15295
2010,11,BELGIUM,EB,343760.81099999999,12844
2010,11,BOSNIA AND HERZEGOVINA,LQ,3054.5120000000002,521
2010,11,BULGARIA,LB,30370.47,2196
2010,11,CANARY ISLANDS,GC,250455.97700000001,13227
2010,11,CROATIA,LD,13401.071,2058
2010,11,CYPRUS,LC,59631.805,2083
2010,11,CZECHIA,LK,74323.243000000002,6499
2010,11,DENMARK*,EK,192477.55,14598
2010,11,FINLAND,EF,167054.21299999999,12592
2010,11,FRANCE,LF,1518139.558,74881
2010,11,GERMANY,ED,2298123.0589999999,94790
2010,11,GREECE,LG,129036.177,11589
2010,11,HUNGARY,LH,51061.589,4363
2010,11,ICELAND,BI,14340.509,1278
2010,11,IRELAND,EI,139278.503,8713
2010,11,ITALY,LI,917473.78899999999,64493
2010,11,KOSOVO,BK,6760.7550000000001,554
2010,11,LITHUANIA,EY,13406.022000000001,1496
2010,11,LUXEMBOURG,EL,107098.296,2259
2010,11,MALTA,LM,19573.391,1087
2010,11,"MOLDOVA, REPUBLIC OF",LU,5282.2960000000003,545
2010,11,MONACO,LN,6.0529999999999999,15
2010,11,MONTENEGRO,LY,4962.3159999999998,695
2010,11,NETHERLANDS,EH,771319.39399999997,20079
2010,11,NORTH MACEDONIA,LW,3582.9940000000001,453
2010,11,NORWAY*,EN,208414.348,31537
2010,11,POLAND,EP,113210.60799999999,10935
2010,11,PORTUGAL*,LP,219996.29,10856
2010,11,ROMANIA,LR,68986.387000000002,6679
2010,11,SERBIA,LY,16490.915000000001,1873
2010,11,SLOVAKIA,LZ,8523.1280000000006,1147
2010,11,SLOVENIA,LJ,7842.2820000000002,1343
2010,11,SPAIN,LE,1017098.644,58480
2010,11,SWEDEN,ES,232608.39799999999,23168
2010,11,SWITZERLAND,LS,352952.41200000001,18690
2010,11,TÜRKIYE,LT,603529.57700000005,31325
2010,11,UNITED KINGDOM*,EG,2392432.5010000002,86939
2010,12,ALBANIA,LA,7869.1809999999996,810
2010,12,ARMENIA,UD,18391.803,900
2010,12,AUSTRIA,LO,171286.44099999999,13952
2010,12,BELGIUM,EB,325144.02600000001,11555
2010,12,BOSNIA AND HERZEGOVINA,LQ,2784.18,519
2010,12,BULGARIA,LB,30141.776999999998,2154
2010,12,CANARY ISLANDS,GC,257181.348,13284
2010,12,CROATIA,LD,12115.36,1862
2010,12,CYPRUS,LC,50615.858999999997,1901
2010,12,CZECHIA,LK,71555.851999999999,5973
2010,12,DENMARK*,EK,180873.32800000001,12490
2010,12,FINLAND,EF,155223.546,10080
2010,12,FRANCE,LF,1527722.736,68610
2010,12,GERMANY,ED,2154705.662,80220
2010,12,GREECE,LG,126856.952,11463
2010,12,HUNGARY,LH,48770.722999999998,4084
2010,12,ICELAND,BI,13062.682000000001,1222
2010,12,IRELAND,EI,129226.24000000001,7797
2010,12,ITALY,LI,912267.17099999997,61692
2010,12,KOSOVO,BK,8510.9480000000003,686
2010,12,LITHUANIA,EY,12395.091,1426
2010,12,LUXEMBOURG,EL,100318.541,1953
2010,12,MALTA,LM,20768.267,1098
2010,12,"MOLDOVA, REPUBLIC OF",LU,5420.3119999999999,526
2010,12,MONACO,LN,8.1210000000000004,20
2010,12,MONTENEGRO,LY,5181.3410000000003,675
2010,12,NETHERLANDS,EH,752856.90500000003,17485
2010,12,NORTH MACEDONIA,LW,3831.7849999999999,461
2010,12,NORWAY*,EN,184298.44200000001,27187
2010,12,POLAND,EP,111317.31600000001,10306
2010,12,PORTUGAL*,LP,230680.334,11250
2010,12,ROMANIA,LR,64253.563000000002,6021
2010,12,SERBIA,LY,16917.791000000001,1836
2010,12,SLOVAKIA,LZ,7317.8339999999998,1098
2010,12,SLOVENIA,LJ,7576.3490000000002,1285
2010,12,SPAIN,LE,966345.353,52711
2010,12,SWEDEN,ES,223193.11799999999,19833
2010,12,SWITZERLAND,LS,365357.636,18338
2010,12,TÜRKIYE,LT,555888.72699999996,29510
2010,12,UNITED KINGDOM*,EG,2280235.0279999999,77217
2011,1,ALBANIA,LA,8244.0120000000006,834
2011,1,ARMENIA,UD,14519.333000000001,727
2011,1,AUSTRIA,LO,183567.87,14789
2011,1,BELGIUM,EB,324609.016,12309
2011,1,BOSNIA AND HERZEGOVINA,LQ,2437.4540000000002,428
2011,1,BULGARIA,LB,30837.813999999998,2247
2011,1,CANARY ISLANDS,GC,265553.73,13537
2011,1,CROATIA,LD,12145.893,1879
2011,1,CYPRUS,LC,46959.847000000002,1795
2011,1,CZECHIA,LK,74476.88,6129
2011,1,DENMARK*,EK,194567.546,13730
2011,1,FINLAND,EF,187165.49400000001,11827
2011,1,FRANCE,LF,1557157.031,74879
2011,1,GERMANY,ED,2220350.1710000001,86276
2011,1,GREECE,LG,122300.90300000001,11306
2011,1,HUNGARY,LH,47689.690999999999,4106
2011,1,ICELAND,BI,11565.805,1167
2011,1,IRELAND,EI,135531.76300000001,8733
2011,1,ITALY,LI,932843.31499999994,62024
2011,1,KOSOVO,BK,8336.2219999999998,658
2011,1,LATVIA,EV,25972.613000000001,2600
2011,1,LITHUANIA,EY,12467.911,1469
2011,1,LUXEMBOURG,EL,90166.767000000007,2120
2011,1,MALTA,LM,19667.406999999999,1055
2011,1,"MOLDOVA, REPUBLIC OF",LU,5583.55,541
2011,1,MONACO,LN,12.718999999999999,40
2011,1,MONTENEGRO,LY,4458.634,590
2011,1,NETHERLANDS,EH,749606.80299999996,19854
2011,1,NORTH MACEDONIA,LW,3586.9940000000001,389
2011,1,NORWAY*,EN,197870.6,29047
2011,1,POLAND,EP,112206.058,10691
2011,1,PORTUGAL*,LP,229362.815,11356
2011,1,ROMANIA,LR,67323.274999999994,6109
2011,1,SERBIA,LY,15344.249,1674
2011,1,SLOVAKIA,LZ,7388.7870000000003,1064
2011,1,SLOVENIA,LJ,6983.2089999999998,1241
2011,1,SPAIN,LE,991393.46299999999,54131
2011,1,SWEDEN,ES,229816.516,19706
2011,1,SWITZERLAND,LS,391509.64899999998,20951
2011,1,TÜRKIYE,LT,548175.44900000002,28945
2011,1,UNITED KINGDOM*,EG,2471190.412,85782
2011,2,ALBANIA,LA,6688.8710000000001,693
2011,2,ARMENIA,UD,12514.178,628
2011,2,AUSTRIA,LO,170751.82500000001,14449
2011,2,BELGIUM,EB,305360.30099999998,11987
2011,2,BOSNIA AND HERZEGOVINA,LQ,2462.4209999999998,434
2011,2,BULGARIA,LB,29743.651999999998,2062
2011,2,CANARY ISLANDS,GC,258151.74400000001,13021
2011,2,CROATIA,LD,11180.457,1802
2011,2,CYPRUS,LC,42697.387000000002,1693
2011,2,CZECHIA,LK,67000.763999999996,5763
2011,2,DENMARK*,EK,180683.41,13285
2011,2,FINLAND,EF,172259.571,11921
2011,2,FRANCE,LF,1414916.2620000001,71524
2011,2,GERMANY,ED,2060978.0260000001,85379
2011,2,GREECE,LG,113773.932,10164
2011,2,HUNGARY,LH,42174.733999999997,3727
2011,2,ICELAND,BI,10814.156000000001,1109
2011,2,IRELAND,EI,128957.906,8145
2011,2,ITALY,LI,825160.326,59045
2011,2,KOSOVO,BK,6166.4449999999997,518
2011,2,LATVIA,EV,22362.203000000001,2337
2011,2,LITHUANIA,EY,11262.550999999999,1345
2011,2,LUXEMBOURG,EL,82140.551000000007,1908
2011,2,MALTA,LM,21489.753000000001,1047
2011,2,"MOLDOVA, REPUBLIC OF",LU,4244.6350000000002,449
2011,2,MONACO,LN,9.7240000000000002,29
2011,2,MONTENEGRO,LY,3603.873,496
2011,2,NETHERLANDS,EH,676990.92500000005,18654
2011,2,NORTH MACEDONIA,LW,2883.7550000000001,335
2011,2,NORWAY*,EN,187771.45300000001,28034
2011,2,POLAND,EP,99406.948000000004,10126
2011,2,PORTUGAL*,LP,192674.75899999999,9862
2011,2,ROMANIA,LR,59825.271999999997,5683
2011,2,SERBIA,LY,13998.216,1600
2011,2,SLOVAKIA,LZ,6818.1689999999999,995
2011,2,SLOVENIA,LJ,7002.3209999999999,1191
2011,2,SPAIN,LE,929883.74399999995,53542
2011,2,SWEDEN,ES,221530.861,20957
2011,2,SWITZERLAND,LS,351238.08299999998,19836
2011,2,TÜRKIYE,LT,538562.57200000004,27892
2011,2,UNITED KINGDOM*,EG,2254036.5419999999,81804
2011,3,ALBANIA,LA,7381.1940000000004,793
2011,3,ARMENIA,UD,14353.388000000001,700
2011,3,AUSTRIA,LO,192845.00399999999,16532
2011,3,BELGIUM,EB,355194.45899999997,14072
2011,3,BOSNIA AND HERZEGOVINA,LQ,2962.3150000000001,530
2011,3,BULGARIA,LB,30391.024000000001,2240
2011,3,CANARY ISLANDS,GC,300408.73700000002,15205
2011,3,CROATIA,LD,14045.564,2154
2011,3,CYPRUS,LC,52980.741999999998,2054
2011,3,CZECHIA,LK,77969.78,6824
2011,3,DENMARK*,EK,206901.647,15616
2011,3,FINLAND,EF,199024.122,13753
2011,3,FRANCE,LF,1621908.415,83388
2011,3,GERMANY,ED,2375254.7230000002,99544
2011,3,GREECE,LG,139363.36600000001,11776
2011,3,HUNGARY,LH,53165.182000000001,4563
2011,3,ICELAND,BI,12718.897999999999,1374
2011,3,IRELAND,EI,151669.69099999999,9443
2011,3,ITALY,LI,978218.03500000003,68938
2011,3,KOSOVO,BK,6979.9549999999999,589
2011,3,LATVIA,EV,25920.883999999998,2721
2011,3,LITHUANIA,EY,13551.751,1584
2011,3,LUXEMBOURG,EL,100327.795,2311
2011,3,MALTA,LM,25784.208999999999,1214
2011,3,"MOLDOVA, REPUBLIC OF",LU,5387.366,555
2011,3,MONACO,LN,10.026,27
2011,3,MONTENEGRO,LY,3843.9389999999999,575
2011,3,NETHERLANDS,EH,781501.46699999995,22894
2011,3,NORTH MACEDONIA,LW,3048.5230000000001,365
2011,3,NORWAY*,EN,221177.80900000001,32726
2011,3,POLAND,EP,118718.126,11941
2011,3,PORTUGAL*,LP,229899.965,11578
2011,3,ROMANIA,LR,68103.513999999996,6357
2011,3,SERBIA,LY,16698.155999999999,1851
2011,3,SLOVAKIA,LZ,8710.7330000000002,1280
2011,3,SLOVENIA,LJ,7914.4920000000002,1376
2011,3,SPAIN,LE,1108478.4110000001,62906
2011,3,SWEDEN,ES,261296.128,25225
2011,3,SWITZERLAND,LS,384770.76299999998,22050
2011,3,TÜRKIYE,LT,655914.81799999997,32439
2011,3,UNITED KINGDOM*,EG,2544669.4759999998,93665
2011,4,ALBANIA,LA,8812.2139999999999,910
2011,4,ARMENIA,UD,15767.374,745
2011,4,AUSTRIA,LO,186897.848,15346
2011,4,BELGIUM,EB,344550.58,13670
2011,4,BOSNIA AND HERZEGOVINA,LQ,3296.951,545
2011,4,BULGARIA,LB,32446.75,2381
2011,4,CANARY ISLANDS,GC,295965.75599999999,14940
2011,4,CROATIA,LD,23380.843000000001,3092
2011,4,CYPRUS,LC,78547.991999999998,2709
2011,4,CZECHIA,LK,85192.630999999994,7094
2011,4,DENMARK*,EK,199071.22399999999,14888
2011,4,FINLAND,EF,183719.73699999999,13142
2011,4,FRANCE,LF,1670540.22,84079
2011,4,GERMANY,ED,2405495.8569999998,96569
2011,4,GREECE,LG,185128.74900000001,15025
2011,4,HUNGARY,LH,60194.159,4938
2011,4,ICELAND,BI,13783.700999999999,1649
2011,4,IRELAND,EI,168608.17,9882
2011,4,ITALY,LI,1016802.334,72844
2011,4,KOSOVO,BK,8078.4780000000001,637
2011,4,LATVIA,EV,30333.246999999999,3011
2011,4,LITHUANIA,EY,14842.011,1568
2011,4,LUXEMBOURG,EL,94297.805999999997,2319
2011,4,MALTA,LM,26007.475999999999,1391
2011,4,"MOLDOVA, REPUBLIC OF",LU,5577.54,556
2011,4,MONACO,LN,19.164999999999999,75
2011,4,MONTENEGRO,LY,5217.5720000000001,666
2011,4,NETHERLANDS,EH,821750.64300000004,24187
2011,4,NORTH MACEDONIA,LW,3687.38,404
2011,4,NORWAY*,EN,212877.174,29672
2011,4,POLAND,EP,128558.43799999999,11907
2011,4,PORTUGAL*,LP,268147.11599999998,13310
2011,4,ROMANIA,LR,70964.475999999995,6411
2011,4,SERBIA,LY,22208.18,1957
2011,4,SLOVAKIA,LZ,7940.299,1105
2011,4,SLOVENIA,LJ,9163.6260000000002,1457
2011,4,SPAIN,LE,1242732.638,67494
2011,4,SWEDEN,ES,241119.307,22826
2011,4,SWITZERLAND,LS,378771.076,20648
2011,4,TÜRKIYE,LT,748664.83299999998,36071
2011,4,UNITED KINGDOM*,EG,2655617.9569999999,94561
2011,5,ALBANIA,LA,8711.1350000000002,935
2011,5,ARMENIA,UD,18810.807000000001,881
2011,5,AUSTRIA,LO,199543.334,16569
2011,5,BELGIUM,EB,365136.29700000002,15180
2011,5,BOSNIA AND HERZEGOVINA,LQ,3482.4490000000001,548
2011,5,BULGARIA,LB,44329.383999999998,3019
2011,5,CANARY ISLANDS,GC,209772.076,13327
2011,5,CROATIA,LD,35270.481,3991
2011,5,CYPRUS,LC,106827.546,3278
2011,5,CZECHIA,LK,94409.914000000004,7722
2011,5,DENMARK*,EK,211577.766,16707
2011,5,FINLAND,EF,188387.72899999999,14369
2011,5,FRANCE,LF,1730594.477,92638
2011,5,GERMANY,ED,2564512.5819999999,108267
2011,5,GREECE,LG,335768.68199999997,20866
2011,5,HUNGARY,LH,61619.856,5066
2011,5,ICELAND,BI,17064.460999999999,1375
2011,5,IRELAND,EI,183371.573,10787
2011,5,ITALY,LI,1075885.8999999999,79099
2011,5,KOSOVO,BK,7733.8760000000002,627
2011,5,LATVIA,EV,33279.459000000003,3366
2011,5,LITHUANIA,EY,18932.212,1831
2011,5,LUXEMBOURG,EL,96199.065000000002,2533
2011,5,MALTA,LM,29212.702000000001,1545
2011,5,"MOLDOVA, REPUBLIC OF",LU,6401.7219999999998,635
2011,5,MONACO,LN,23.849,86
2011,5,MONTENEGRO,LY,7085.16,821
2011,5,NETHERLANDS,EH,862810.65899999999,25962
2011,5,NORTH MACEDONIA,LW,4093.212,488
2011,5,NORWAY*,EN,235788.63200000001,34384
2011,5,POLAND,EP,148234.42800000001,13349
2011,5,PORTUGAL*,LP,286087.74800000002,14144
2011,5,ROMANIA,LR,84277.983999999997,7034
2011,5,SERBIA,LY,22188.449000000001,2143
2011,5,SLOVAKIA,LZ,9614.8359999999993,1387
2011,5,SLOVENIA,LJ,9638.3289999999997,1586
2011,5,SPAIN,LE,1364104.3589999999,74771
2011,5,SWEDEN,ES,260744.802,26634
2011,5,SWITZERLAND,LS,395347.89799999999,22117
2011,5,TÜRKIYE,LT,917267.31900000002,42813
2011,5,UNITED KINGDOM*,EG,2861752.179,104011
2011,6,ALBANIA,LA,9752.3979999999992,1010
2011,6,ARMENIA,UD,19931.966,949
2011,6,AUSTRIA,LO,202014.071,16371
2011,6,BELGIUM,EB,362922.16399999999,14622
2011,6,BOSNIA AND HERZEGOVINA,LQ,3792.5039999999999,569
2011,6,BULGARIA,LB,76656.694000000003,4583
2011,6,CANARY ISLANDS,GC,208172.50599999999,13042
2011,6,CROATIA,LD,45466.680999999997,4755
2011,6,CYPRUS,LC,103440.333,3276
2011,6,CZECHIA,LK,107787.128,8366
2011,6,DENMARK*,EK,226835.364,16572
2011,6,FINLAND,EF,194815.37299999999,12824
2011,6,FRANCE,LF,1758031.5549999999,90576
2011,6,GERMANY,ED,2517941.983,102575
2011,6,GREECE,LG,416166.09499999997,24444
2011,6,HUNGARY,LH,68991.430999999997,5263
2011,6,ICELAND,BI,25561.285,1737
2011,6,IRELAND,EI,194494.86,10923
2011,6,ITALY,LI,1137521.1769999999,81925
2011,6,KOSOVO,BK,8155.3850000000002,665
2011,6,LATVIA,EV,35610.154999999999,3470
2011,6,LITHUANIA,EY,18705.538,1866
2011,6,LUXEMBOURG,EL,96735.183000000005,2491
2011,6,MALTA,LM,29803.074000000001,1594
2011,6,"MOLDOVA, REPUBLIC OF",LU,6827.86,661
2011,6,MONACO,LN,22.103999999999999,71
2011,6,MONTENEGRO,LY,13373.207,1185
2011,6,NETHERLANDS,EH,852380.63199999998,24868
2011,6,NORTH MACEDONIA,LW,4562.2,514
2011,6,NORWAY*,EN,239585.85399999999,33218
2011,6,POLAND,EP,161313.92800000001,13841
2011,6,PORTUGAL*,LP,298614.74,14240
2011,6,ROMANIA,LR,79093.831000000006,7030
2011,6,SERBIA,LY,22577.312999999998,2291
2011,6,SLOVAKIA,LZ,16126.540999999999,1749
2011,6,SLOVENIA,LJ,11342.684999999999,1650
2011,6,SPAIN,LE,1426429.83,76498
2011,6,SWEDEN,ES,249896.60200000001,23417
2011,6,SWITZERLAND,LS,402477.71799999999,21862
2011,6,TÜRKIYE,LT,991801.21799999999,46288
2011,6,UNITED KINGDOM*,EG,2869275.4879999999,106307
2011,7,ALBANIA,LA,12597.761,1220
2011,7,ARMENIA,UD,22117.487000000001,1064
2011,7,AUSTRIA,LO,213386.962,16980
2011,7,BELGIUM,EB,388829.37900000002,14906
2011,7,BOSNIA AND HERZEGOVINA,LQ,4578.7719999999999,646
2011,7,BULGARIA,LB,95539.797000000006,5646
2011,7,CANARY ISLANDS,GC,240975.92600000001,14502
2011,7,CROATIA,LD,58328.021999999997,5744
2011,7,CYPRUS,LC,120570.238,3759
2011,7,CZECHIA,LK,113928.69,8531
2011,7,DENMARK*,EK,246248.95699999999,15952
2011,7,FINLAND,EF,188662.23800000001,10165
2011,7,FRANCE,LF,1932616.983,94109
2011,7,GERMANY,ED,2631739.8489999999,104867
2011,7,GREECE,LG,487252.58,28699
2011,7,HUNGARY,LH,73870.093999999997,5650
2011,7,ICELAND,BI,27208.682000000001,1880
2011,7,IRELAND,EI,207116.75899999999,11352
2011,7,ITALY,LI,1246562.861,89114
2011,7,KOSOVO,BK,11679.466,894
2011,7,LATVIA,EV,38067.218999999997,3686
2011,7,LITHUANIA,EY,18742.019,1885
2011,7,LUXEMBOURG,EL,105189.777,2580
2011,7,MALTA,LM,33113.550000000003,1776
2011,7,"MOLDOVA, REPUBLIC OF",LU,7866.4319999999998,711
2011,7,MONACO,LN,24.597000000000001,84
2011,7,MONTENEGRO,LY,17614.758000000002,1554
2011,7,NETHERLANDS,EH,921183.44499999995,26066
2011,7,NORTH MACEDONIA,LW,6826.2160000000003,665
2011,7,NORWAY*,EN,241169.883,29278
2011,7,POLAND,EP,171488.04800000001,14356
2011,7,PORTUGAL*,LP,341460.41899999999,16162
2011,7,ROMANIA,LR,84457.72,7324
2011,7,SERBIA,LY,23411.627,2499
2011,7,SLOVAKIA,LZ,20231.118999999999,1892
2011,7,SLOVENIA,LJ,12502.236000000001,1670
2011,7,SPAIN,LE,1578493.561,82589
2011,7,SWEDEN,ES,239797.58799999999,18454
2011,7,SWITZERLAND,LS,424613.82,22334
2011,7,TÜRKIYE,LT,1093502.821,50917
2011,7,UNITED KINGDOM*,EG,3049286.5759999999,109590
2011,8,ALBANIA,LA,14164.2,1332
2011,8,ARMENIA,UD,22688.285,1138
2011,8,AUSTRIA,LO,205806.89499999999,16278
2011,8,BELGIUM,EB,375523.50199999998,14263
2011,8,BOSNIA AND HERZEGOVINA,LQ,4010.8150000000001,587
2011,8,BULGARIA,LB,93409.144,5507
2011,8,CANARY ISLANDS,GC,249129.01699999999,14867
2011,8,CROATIA,LD,57671.726000000002,5829
2011,8,CYPRUS,LC,119355.171,3735
2011,8,CZECHIA,LK,115731.87,8449
2011,8,DENMARK*,EK,236924.791,16261
2011,8,FINLAND,EF,191850.73,12396
2011,8,FRANCE,LF,1869821.1669999999,86315
2011,8,GERMANY,ED,2582051.6740000001,101506
2011,8,GREECE,LG,484891.65100000001,29202
2011,8,HUNGARY,LH,74063.154999999999,5544
2011,8,ICELAND,BI,25786.69,1800
2011,8,IRELAND,EI,198663.12,10823
2011,8,ITALY,LI,1247387.9269999999,87072
2011,8,KOSOVO,BK,11320.691999999999,871
2011,8,LATVIA,EV,37410.701000000001,3625
2011,8,LITHUANIA,EY,18920.388999999999,1917
2011,8,LUXEMBOURG,EL,105578.719,2420
2011,8,MALTA,LM,31368.757000000001,1711
2011,8,"MOLDOVA, REPUBLIC OF",LU,7938.0460000000003,749
2011,8,MONACO,LN,25.466999999999999,76
2011,8,MONTENEGRO,LY,16879.048999999999,1476
2011,8,NETHERLANDS,EH,918404.97600000002,26038
2011,8,NORTH MACEDONIA,LW,6212.1959999999999,621
2011,8,NORWAY*,EN,240118.74400000001,33613
2011,8,POLAND,EP,172422.685,14659
2011,8,PORTUGAL*,LP,341620.33500000002,16172
2011,8,ROMANIA,LR,82210.891000000003,7437
2011,8,SERBIA,LY,23782.222000000002,2531
2011,8,SLOVAKIA,LZ,20032.420999999998,1882
2011,8,SLOVENIA,LJ,12759.246999999999,1753
2011,8,SPAIN,LE,1562697.4569999999,80389
2011,8,SWEDEN,ES,249827.859,22866
2011,8,SWITZERLAND,LS,415897.96899999998,21487
2011,8,TÜRKIYE,LT,1064161.425,48893
2011,8,UNITED KINGDOM*,EG,3001820.6529999999,107440
2011,9,ALBANIA,LA,11344.753000000001,1083
2011,9,ARMENIA,UD,19908.884999999998,1012
2011,9,AUSTRIA,LO,205701.49799999999,16890
2011,9,BELGIUM,EB,367320.16600000003,15008
2011,9,BOSNIA AND HERZEGOVINA,LQ,3700.2750000000001,560
2011,9,BULGARIA,LB,66640.338000000003,4256
2011,9,CANARY ISLANDS,GC,223973.63,13733
2011,9,CROATIA,LD,45933.953000000001,4688
2011,9,CYPRUS,LC,108652.595,3352
2011,9,CZECHIA,LK,108304.493,8288
2011,9,DENMARK*,EK,215938.95800000001,16601
2011,9,FINLAND,EF,193562.00399999999,13699
2011,9,FRANCE,LF,1769896.8419999999,91136
2011,9,GERMANY,ED,2565373.5660000001,107639
2011,9,GREECE,LG,417631.50799999997,24527
2011,9,HUNGARY,LH,68896.611999999994,5470
2011,9,ICELAND,BI,19815.88,1466
2011,9,IRELAND,EI,180885.96,10007
2011,9,ITALY,LI,1151846.7620000001,82563
2011,9,KOSOVO,BK,8852.5990000000002,702
2011,9,LATVIA,EV,33346.108999999997,3309
2011,9,LITHUANIA,EY,18718.218000000001,1864
2011,9,LUXEMBOURG,EL,95222.305999999997,2504
2011,9,MALTA,LM,30526.008000000002,1656
2011,9,"MOLDOVA, REPUBLIC OF",LU,7744.54,774
2011,9,MONACO,LN,28.302,85
2011,9,MONTENEGRO,LY,13116.145,1187
2011,9,NETHERLANDS,EH,861298.31,25179
2011,9,NORTH MACEDONIA,LW,5105.3990000000003,566
2011,9,NORWAY*,EN,241739.389,35200
2011,9,POLAND,EP,170730.755,14931
2011,9,PORTUGAL*,LP,311960.74,14628
2011,9,ROMANIA,LR,78970.429999999993,7318
2011,9,SERBIA,LY,21117.237000000001,2253
2011,9,SLOVAKIA,LZ,17150.07,1723
2011,9,SLOVENIA,LJ,13039.081,1661
2011,9,SPAIN,LE,1463307.4129999999,76390
2011,9,SWEDEN,ES,258167.984,26018
2011,9,SWITZERLAND,LS,406395.89299999998,22185
2011,9,TÜRKIYE,LT,1005288.746,46333
2011,9,UNITED KINGDOM*,EG,2893783.6039999998,106089
2011,10,ALBANIA,LA,9415.3209999999999,950
2011,10,ARMENIA,UD,18699.599999999999,965
2011,10,AUSTRIA,LO,198897.516,15993
2011,10,BELGIUM,EB,367871.95,14421
2011,10,BOSNIA AND HERZEGOVINA,LQ,3434.03,542
2011,10,BULGARIA,LB,33960.616999999998,2540
2011,10,CANARY ISLANDS,GC,268814.51500000001,14765
2011,10,CROATIA,LD,28478.381000000001,3537
2011,10,CYPRUS,LC,98849.293000000005,3149
2011,10,CZECHIA,LK,95934.775999999998,7443
2011,10,DENMARK*,EK,217604.01300000001,16142
2011,10,FINLAND,EF,196982.07,13264
2011,10,FRANCE,LF,1720275.0330000001,85675
2011,10,GERMANY,ED,2599395.8709999998,105127
2011,10,GREECE,LG,270712.54700000002,17897
2011,10,HUNGARY,LH,65405.788,5237
2011,10,ICELAND,BI,18346.605,1410
2011,10,IRELAND,EI,162649.60200000001,9408
2011,10,ITALY,LI,1089892.6780000001,75134
2011,10,KOSOVO,BK,7806.1689999999999,642
2011,10,LATVIA,EV,31200.998,3054
2011,10,LITHUANIA,EY,18286.144,1777
2011,10,LUXEMBOURG,EL,99416.554000000004,2487
2011,10,MALTA,LM,29821.870999999999,1593
2011,10,"MOLDOVA, REPUBLIC OF",LU,6285.9250000000002,646
2011,10,MONACO,LN,20.638999999999999,72
2011,10,MONTENEGRO,LY,5460.0429999999997,725
2011,10,NETHERLANDS,EH,882420.44900000002,24990
2011,10,NORTH MACEDONIA,LW,4575.5919999999996,497
2011,10,NORWAY*,EN,242813.32399999999,34556
2011,10,POLAND,EP,141516.55600000001,13541
2011,10,PORTUGAL*,LP,287650.04499999998,13744
2011,10,ROMANIA,LR,72671.907999999996,6818
2011,10,SERBIA,LY,18894.821,2021
2011,10,SLOVAKIA,LZ,11143.892,1306
2011,10,SLOVENIA,LJ,10899.447,1488
2011,10,SPAIN,LE,1332266.3600000001,70849
2011,10,SWEDEN,ES,258075.03700000001,25423
2011,10,SWITZERLAND,LS,412416.97200000001,21585
2011,10,TÜRKIYE,LT,937598.05700000003,42992
2011,10,UNITED KINGDOM*,EG,2837442.6740000001,101425
2011,11,ALBANIA,LA,7508.8630000000003,828
2011,11,ARMENIA,UD,15949.707,793
2011,11,AUSTRIA,LO,179027.04399999999,14505
2011,11,BELGIUM,EB,330549.82799999998,12718
2011,11,BOSNIA AND HERZEGOVINA,LQ,2581.8519999999999,434
2011,11,BULGARIA,LB,24551.06,1952
2011,11,CANARY ISLANDS,GC,277919.08600000001,14659
2011,11,CROATIA,LD,12457.370999999999,1960
2011,11,CYPRUS,LC,52975.620999999999,1983
2011,11,CZECHIA,LK,73941.67,6066
2011,11,DENMARK*,EK,194790.52900000001,14655
2011,11,FINLAND,EF,178483.76800000001,12552
2011,11,FRANCE,LF,1521396.375,75988
2011,11,GERMANY,ED,2320512.7910000002,94257
2011,11,GREECE,LG,109235.86900000001,10763
2011,11,HUNGARY,LH,52680.39,4252
2011,11,ICELAND,BI,14385.964,1316
2011,11,IRELAND,EI,129143.451,7916
2011,11,ITALY,LI,871266.14199999999,61095
2011,11,KOSOVO,BK,7179.4989999999998,594
2011,11,LATVIA,EV,24295.931,2500
2011,11,LITHUANIA,EY,16582.117999999999,1648
2011,11,LUXEMBOURG,EL,99447.782000000007,2113
2011,11,MALTA,LM,19496.524000000001,1046
2011,11,"MOLDOVA, REPUBLIC OF",LU,5202.1959999999999,565
2011,11,MONACO,LN,14.135999999999999,44
2011,11,MONTENEGRO,LY,3459.538,515
2011,11,NETHERLANDS,EH,757004.85400000005,20679
2011,11,NORTH MACEDONIA,LW,3574.0120000000002,420
2011,11,NORWAY*,EN,217788.18599999999,32603
2011,11,POLAND,EP,115285.908,11738
2011,11,PORTUGAL*,LP,206175.45,10205
2011,11,ROMANIA,LR,61568.364999999998,6021
2011,11,SERBIA,LY,16106.599,1833
2011,11,SLOVAKIA,LZ,7987.5370000000003,1063
2011,11,SLOVENIA,LJ,7887.9690000000001,1191
2011,11,SPAIN,LE,968592.62699999998,53312
2011,11,SWEDEN,ES,235095.61499999999,23900
2011,11,SWITZERLAND,LS,362258.61800000002,19208
2011,11,TÜRKIYE,LT,687371.26399999997,34327
2011,11,UNITED KINGDOM*,EG,2383843.7209999999,85078
2011,12,ALBANIA,LA,8161.2870000000003,883
2011,12,ARMENIA,UD,17809.808000000001,868
2011,12,AUSTRIA,LO,173817.185,13687
2011,12,BELGIUM,EB,325899.53000000003,11693
2011,12,BOSNIA AND HERZEGOVINA,LQ,2107.4520000000002,402
2011,12,BULGARIA,LB,26424.878000000001,1998
2011,12,CANARY ISLANDS,GC,285253.08799999999,14912
2011,12,CROATIA,LD,11080.491,1877
2011,12,CYPRUS,LC,44004.04,1690
2011,12,CZECHIA,LK,74654.53,5938
2011,12,DENMARK*,EK,186158.12299999999,12747
2011,12,FINLAND,EF,185975.39300000001,10978
2011,12,FRANCE,LF,1577486.2720000001,73077
2011,12,GERMANY,ED,2249659.767,84051
2011,12,GREECE,LG,106445.43,10693
2011,12,HUNGARY,LH,49323.014999999999,4124
2011,12,ICELAND,BI,12607.927,1310
2011,12,IRELAND,EI,136203.23199999999,7931
2011,12,ITALY,LI,872119.11499999999,58939
2011,12,KOSOVO,BK,8086.3549999999996,663
2011,12,LATVIA,EV,24396.948,2528
2011,12,LITHUANIA,EY,17296.314999999999,1675
2011,12,LUXEMBOURG,EL,100822.91,2054
2011,12,MALTA,LM,17314.989000000001,1007
2011,12,"MOLDOVA, REPUBLIC OF",LU,4995.5190000000002,537
2011,12,MONACO,LN,12.254,42
2011,12,MONTENEGRO,LY,3410.413,534
2011,12,NETHERLANDS,EH,759628.03200000001,19841
2011,12,NORTH MACEDONIA,LW,4125.826,452
2011,12,NORWAY*,EN,195536.41800000001,28322
2011,12,POLAND,EP,117717.556,11792
2011,12,PORTUGAL*,LP,229359.24400000001,10896
2011,12,ROMANIA,LR,61383.347999999998,5709
2011,12,SERBIA,LY,16621.127,1882
2011,12,SLOVAKIA,LZ,6602.3530000000001,942
2011,12,SLOVENIA,LJ,7452.2120000000004,1119
2011,12,SPAIN,LE,948948.77,49972
2011,12,SWEDEN,ES,224851.633,20835
2011,12,SWITZERLAND,LS,385994.647,19516
2011,12,TÜRKIYE,LT,619414.87399999995,31634
2011,12,UNITED KINGDOM*,EG,2462686.2230000002,82936
2012,1,ALBANIA,LA,8423.2900000000009,911
2012,1,ARMENIA,UD,15565.678,774
2012,1,AUSTRIA,LO,177093.56899999999,14128
2012,1,BELGIUM,EB,296479.13500000001,11546
2012,1,BOSNIA AND HERZEGOVINA,LQ,2163.902,406
2012,1,BULGARIA,LB,27041.955999999998,1986
2012,1,CANARY ISLANDS,GC,272788.98,14365
2012,1,CROATIA,LD,10992.973,1823
2012,1,CYPRUS,LC,40847.360999999997,1623
2012,1,CZECHIA,LK,72357.032999999996,5780
2012,1,DENMARK*,EK,190317.43,13455
2012,1,FINLAND,EF,183899.42199999999,11381
2012,1,FRANCE,LF,1522719.2109999999,74781
2012,1,GERMANY,ED,2152077.8640000001,82825
2012,1,GREECE,LG,99487.221000000005,10340
2012,1,HUNGARY,LH,47110.767,3951
2012,1,ICELAND,BI,10592.602000000001,1315
2012,1,IRELAND,EI,123356.63400000001,7931
2012,1,ITALY,LI,866728.18799999997,58320
2012,1,KOSOVO,BK,7847.1540000000005,648
2012,1,LATVIA,EV,23960.423999999999,2530
2012,1,LIECHTENSTEIN,LS,0.63,1
2012,1,LITHUANIA,EY,16132.832,1619
2012,1,LUXEMBOURG,EL,83884.387000000002,2033
2012,1,MALTA,LM,16746.253000000001,982
2012,1,"MOLDOVA, REPUBLIC OF",LU,5197.2110000000002,538
2012,1,MONACO,LN,20.645,29
2012,1,MONTENEGRO,LY,3293.1889999999999,506
2012,1,NETHERLANDS,EH,734260.228,20377
2012,1,NORTH MACEDONIA,LW,4044.1390000000001,455
2012,1,NORWAY*,EN,199144.62,30646
2012,1,POLAND,EP,113721.94,11695
2012,1,PORTUGAL*,LP,222936.42499999999,10721
2012,1,ROMANIA,LR,61897.69,5548
2012,1,SERBIA,LY,15132.04,1757
2012,1,SLOVAKIA,LZ,6446.4449999999997,890
2012,1,SLOVENIA,LJ,7839.027,1166
2012,1,SPAIN,LE,890843.31799999997,48526
2012,1,SWEDEN,ES,218084.65100000001,20600
2012,1,SWITZERLAND,LS,390893.185,20830
2012,1,TÜRKIYE,LT,589891.576,30649
2012,1,UNITED KINGDOM*,EG,2421410.0159999998,83068
2012,2,ALBANIA,LA,6361.7669999999998,713
2012,2,ARMENIA,UD,13334.045,683
2012,2,AUSTRIA,LO,172265.09700000001,13992
2012,2,BELGIUM,EB,297519.85499999998,11802
2012,2,BOSNIA AND HERZEGOVINA,LQ,1779.662,357
2012,2,BULGARIA,LB,24670.386999999999,1808
2012,2,CANARY ISLANDS,GC,253097.228,13294
2012,2,CROATIA,LD,9912.5,1616
2012,2,CYPRUS,LC,40651.906000000003,1562
2012,2,CZECHIA,LK,61511.366999999998,5190
2012,2,DENMARK*,EK,188733.17,13477
2012,2,FINLAND,EF,177450.93799999999,11505
2012,2,FRANCE,LF,1414747.9280000001,71657
2012,2,GERMANY,ED,2050483.807,82099
2012,2,GREECE,LG,88383.165999999997,9342
2012,2,HUNGARY,LH,34211.175999999999,2801
2012,2,ICELAND,BI,11846.124,1379
2012,2,IRELAND,EI,114829.394,7570
2012,2,ITALY,LI,782063.48499999999,54955
2012,2,KOSOVO,BK,5814.0780000000004,503
2012,2,LATVIA,EV,21274.873,2325
2012,2,LITHUANIA,EY,14662.365,1538
2012,2,LUXEMBOURG,EL,89450.936000000002,2084
2012,2,MALTA,LM,17237.588,959
2012,2,"MOLDOVA, REPUBLIC OF",LU,3766.134,400
2012,2,MONACO,LN,25.128,35
2012,2,MONTENEGRO,LY,2366.5540000000001,373
2012,2,NETHERLANDS,EH,707910.27099999995,19542
2012,2,NORTH MACEDONIA,LW,2981.645,347
2012,2,NORWAY*,EN,198438.804,29847
2012,2,POLAND,EP,104088.14,10966
2012,2,PORTUGAL*,LP,204466.818,9960
2012,2,ROMANIA,LR,51860.771000000001,4906
2012,2,SERBIA,LY,13678.986999999999,1596
2012,2,SLOVAKIA,LZ,6043.027,923
2012,2,SLOVENIA,LJ,6528.4629999999997,1088
2012,2,SPAIN,LE,823976.97,46400
2012,2,SWEDEN,ES,214814.38800000001,22048
2012,2,SWITZERLAND,LS,366388.27500000002,20122
2012,2,TÜRKIYE,LT,579574.33100000001,29396
2012,2,UNITED KINGDOM*,EG,2263686.1120000002,81984
2012,3,ALBANIA,LA,6644.9790000000003,748
2012,3,ARMENIA,UD,15658.187,783
2012,3,AUSTRIA,LO,193511.554,16042
2012,3,BELGIUM,EB,329876.45199999999,13186
2012,3,BOSNIA AND HERZEGOVINA,LQ,2056.0479999999998,419
2012,3,BULGARIA,LB,26548.713,2135
2012,3,CANARY ISLANDS,GC,284344.00900000002,14841
2012,3,CROATIA,LD,13362.724,2086
2012,3,CYPRUS,LC,49925.373,1912
2012,3,CZECHIA,LK,73789.438999999998,6205
2012,3,DENMARK*,EK,211719.72500000001,15315
2012,3,FINLAND,EF,188852.28599999999,12483
2012,3,FRANCE,LF,1603309.034,83227
2012,3,GERMANY,ED,2317995.9300000002,96288
2012,3,GREECE,LG,106808.083,10816
2012,3,HUNGARY,LH,41905.108,3433
2012,3,ICELAND,BI,13078.093000000001,1472
2012,3,IRELAND,EI,137892.258,8643
2012,3,ITALY,LI,901874.37399999995,64722
2012,3,KOSOVO,BK,6653.6710000000003,568
2012,3,LATVIA,EV,24684.918000000001,2625
2012,3,LITHUANIA,EY,16573.781999999999,1714
2012,3,LUXEMBOURG,EL,96447.209000000003,2345
2012,3,MALTA,LM,20101.494999999999,1131
2012,3,"MOLDOVA, REPUBLIC OF",LU,4191.7269999999999,487
2012,3,MONACO,LN,35.749000000000002,52
2012,3,MONTENEGRO,LY,3526.2170000000001,574
2012,3,NETHERLANDS,EH,778445.25100000005,22739
2012,3,NORTH MACEDONIA,LW,3339.163,407
2012,3,NORWAY*,EN,234968.83300000001,33938
2012,3,POLAND,EP,120395.07399999999,12542
2012,3,PORTUGAL*,LP,233688.96100000001,11477
2012,3,ROMANIA,LR,60983.991999999998,5848
2012,3,SERBIA,LY,15614.262000000001,1898
2012,3,SLOVAKIA,LZ,7344.97,1095
2012,3,SLOVENIA,LJ,7293.1120000000001,1284
2012,3,SPAIN,LE,972902.59499999997,54414
2012,3,SWEDEN,ES,243809.79500000001,25015
2012,3,SWITZERLAND,LS,400051.72700000001,22506
2012,3,TÜRKIYE,LT,675248.93,34063
2012,3,UNITED KINGDOM*,EG,2520293.8470000001,91688
2012,4,ALBANIA,LA,7189.96,750
2012,4,ARMENIA,UD,18402.367999999999,884
2012,4,AUSTRIA,LO,185998.402,15130
2012,4,BELGIUM,EB,324562.88500000001,13262
2012,4,BOSNIA AND HERZEGOVINA,LQ,3063.3090000000002,491
2012,4,BULGARIA,LB,27068.794999999998,2229
2012,4,CANARY ISLANDS,GC,252302.13699999999,13293
2012,4,CROATIA,LD,23639.822,3018
2012,4,CYPRUS,LC,74953.887000000002,2625
2012,4,CZECHIA,LK,79812.323999999993,6282
2012,4,DENMARK*,EK,201637.291,14539
2012,4,FINLAND,EF,169300.61,11534
2012,4,FRANCE,LF,1624345.932,81155
2012,4,GERMANY,ED,2323597.5619999999,93738
2012,4,GREECE,LG,166401.67199999999,14199
2012,4,HUNGARY,LH,47504.608999999997,3878
2012,4,ICELAND,BI,14546.713,1624
2012,4,IRELAND,EI,159523.81200000001,9407
2012,4,ITALY,LI,979486.58900000004,67609
2012,4,KOSOVO,BK,8042.7979999999998,641
2012,4,LATVIA,EV,42023.517,3014
2012,4,LIECHTENSTEIN,LS,0.59199999999999997,1
2012,4,LITHUANIA,EY,17362.982,1820
2012,4,LUXEMBOURG,EL,92026.095000000001,2362
2012,4,MALTA,LM,26453.893,1402
2012,4,"MOLDOVA, REPUBLIC OF",LU,5679.692,602
2012,4,MONACO,LN,35.363999999999997,51
2012,4,MONTENEGRO,LY,4802.223,667
2012,4,NETHERLANDS,EH,798956.20700000005,22845
2012,4,NORTH MACEDONIA,LW,3943.404,423
2012,4,NORWAY*,EN,213649.122,30549
2012,4,POLAND,EP,136803.14799999999,13582
2012,4,PORTUGAL*,LP,271542.70699999999,13234
2012,4,ROMANIA,LR,69104.482999999993,6259
2012,4,SERBIA,LY,17422.705000000002,1989
2012,4,SLOVAKIA,LZ,8056.424,1094
2012,4,SLOVENIA,LJ,9411.9230000000007,1306
2012,4,SPAIN,LE,1110685.2690000001,59396
2012,4,SWEDEN,ES,225152.91399999999,22691
2012,4,SWITZERLAND,LS,384454.82400000002,20439
2012,4,TÜRKIYE,LT,763876.25199999998,37803
2012,4,UNITED KINGDOM*,EG,2573386.8709999998,93288
2012,5,ALBANIA,LA,7241.4719999999998,799
2012,5,ARMENIA,UD,20000.769,945
2012,5,AUSTRIA,LO,196138.35,16077
2012,5,BELGIUM,EB,339862.18300000002,14441
2012,5,BOSNIA AND HERZEGOVINA,LQ,3019.3420000000001,510
2012,5,BULGARIA,LB,38942.794999999998,2817
2012,5,CANARY ISLANDS,GC,194540.80100000001,11796
2012,5,CROATIA,LD,35546.620000000003,3919
2012,5,CYPRUS,LC,93151.554000000004,3112
2012,5,CZECHIA,LK,85028.847999999998,6776
2012,5,DENMARK*,EK,205960.58799999999,14213
2012,5,FINLAND,EF,169893.364,12287
2012,5,FRANCE,LF,1665008.077,87807
2012,5,GERMANY,ED,2488639.87,103981
2012,5,GREECE,LG,288723.01199999999,19239
2012,5,HUNGARY,LH,50401.928,4208
2012,5,ICELAND,BI,18323.258000000002,1737
2012,5,IRELAND,EI,176773.75700000001,10252
2012,5,ITALY,LI,1046245.986,75443
2012,5,KOSOVO,BK,7855.3739999999998,631
2012,5,LATVIA,EV,34922.32,3177
2012,5,LITHUANIA,EY,20277.946,1960
2012,5,LUXEMBOURG,EL,91210.948999999993,2488
2012,5,MALTA,LM,29432.673999999999,1575
2012,5,"MOLDOVA, REPUBLIC OF",LU,6638.643,685
2012,5,MONACO,LN,57.076000000000001,84
2012,5,MONTENEGRO,LY,6891.56,819
2012,5,NETHERLANDS,EH,847592.20499999996,25028
2012,5,NORTH MACEDONIA,LW,4542.2299999999996,447
2012,5,NORWAY*,EN,241999,34806
2012,5,POLAND,EP,157952.16,15660
2012,5,PORTUGAL*,LP,278783.3,13565
2012,5,ROMANIA,LR,75489.718999999997,6718
2012,5,SERBIA,LY,18182.416000000001,2032
2012,5,SLOVAKIA,LZ,9214.5409999999993,1259
2012,5,SLOVENIA,LJ,9943.1110000000008,1436
2012,5,SPAIN,LE,1251333.28,67670
2012,5,SWEDEN,ES,238881.579,25302
2012,5,SWITZERLAND,LS,397335.08100000001,21953
2012,5,TÜRKIYE,LT,938664.147,44644
2012,5,UNITED KINGDOM*,EG,2763798.2280000001,103741
2012,6,ALBANIA,LA,7957.1809999999996,833
2012,6,ARMENIA,UD,20438.405999999999,980
2012,6,AUSTRIA,LO,199977.62599999999,16397
2012,6,BELGIUM,EB,346776.55800000002,14559
2012,6,BOSNIA AND HERZEGOVINA,LQ,3982.047,583
2012,6,BULGARIA,LB,76817.186000000002,4584
2012,6,CANARY ISLANDS,GC,199470.15299999999,11805
2012,6,CROATIA,LD,47693.406000000003,4867
2012,6,CYPRUS,LC,102470.84699999999,3336
2012,6,CZECHIA,LK,100048.372,7458
2012,6,DENMARK*,EK,231323.77100000001,15089
2012,6,FINLAND,EF,172448.86799999999,11377
2012,6,FRANCE,LF,1734999.41,91147
2012,6,GERMANY,ED,2503474.8960000002,103511
2012,6,GREECE,LG,376089.027,23039
2012,6,HUNGARY,LH,52344.468000000001,4295
2012,6,ICELAND,BI,24980.562000000002,2041
2012,6,IRELAND,EI,186557.76699999999,10649
2012,6,ITALY,LI,1127931.841,80223
2012,6,KOSOVO,BK,8699.3169999999991,692
2012,6,LATVIA,EV,35297.22,3158
2012,6,LITHUANIA,EY,21299.348000000002,1961
2012,6,LUXEMBOURG,EL,93415.88,2566
2012,6,MALTA,LM,31738.647000000001,1652
2012,6,"MOLDOVA, REPUBLIC OF",LU,8466.0210000000006,804
2012,6,MONACO,LN,62.81,89
2012,6,MONTENEGRO,LY,14157.225,1259
2012,6,NETHERLANDS,EH,840466.55299999996,24450
2012,6,NORTH MACEDONIA,LW,4703.0169999999998,487
2012,6,NORWAY*,EN,261326.848,35245
2012,6,POLAND,EP,183397.33300000001,17518
2012,6,PORTUGAL*,LP,296129.054,14086
2012,6,ROMANIA,LR,76611.456999999995,6853
2012,6,SERBIA,LY,20659.620999999999,2300
2012,6,SLOVAKIA,LZ,15205.056,1501
2012,6,SLOVENIA,LJ,11826.576999999999,1538
2012,6,SPAIN,LE,1333539.551,70601
2012,6,SWEDEN,ES,240249.78700000001,22788
2012,6,SWITZERLAND,LS,406270.80900000001,22142
2012,6,TÜRKIYE,LT,1032524.715,48841
2012,6,UNITED KINGDOM*,EG,2819481.0449999999,103498
2012,7,ALBANIA,LA,10068.58,1003
2012,7,ARMENIA,UD,22796.710999999999,1073
2012,7,AUSTRIA,LO,202919.86199999999,16353
2012,7,BELGIUM,EB,368659.12300000002,14715
2012,7,BOSNIA AND HERZEGOVINA,LQ,4206.22,574
2012,7,BULGARIA,LB,93853.182000000001,5557
2012,7,CANARY ISLANDS,GC,223023.10699999999,12856
2012,7,CROATIA,LD,59141.84,5851
2012,7,CYPRUS,LC,109259.92600000001,3666
2012,7,CZECHIA,LK,104577.367,7288
2012,7,DENMARK*,EK,243867.07800000001,14157
2012,7,FINLAND,EF,169786.42600000001,9292
2012,7,FRANCE,LF,1892557.1259999999,94312
2012,7,GERMANY,ED,2588868.0839999998,103719
2012,7,GREECE,LG,441312.13299999997,27089
2012,7,HUNGARY,LH,57276.019,4563
2012,7,ICELAND,BI,25397.307000000001,2170
2012,7,IRELAND,EI,190717.01199999999,10797
2012,7,ITALY,LI,1232419.814,88107
2012,7,KOSOVO,BK,12085.634,905
2012,7,LATVIA,EV,35628.074999999997,3291
2012,7,LITHUANIA,EY,21539.411,1948
2012,7,LUXEMBOURG,EL,94357.012000000002,2626
2012,7,MALTA,LM,33610.061000000002,1826
2012,7,"MOLDOVA, REPUBLIC OF",LU,9325.5319999999992,851
2012,7,MONACO,LN,63.427999999999997,92
2012,7,MONTENEGRO,LY,15685.083000000001,1434
2012,7,NETHERLANDS,EH,907062.4,25790
2012,7,NORTH MACEDONIA,LW,6648.9740000000002,620
2012,7,NORWAY*,EN,257293.092,30986
2012,7,POLAND,EP,186270.53099999999,16564
2012,7,PORTUGAL*,LP,340451.12699999998,15851
2012,7,ROMANIA,LR,81561.043999999994,7156
2012,7,SERBIA,LY,23654.835999999999,2561
2012,7,SLOVAKIA,LZ,17642.78,1640
2012,7,SLOVENIA,LJ,13086.367,1528
2012,7,SPAIN,LE,1476139.3319999999,77288
2012,7,SWEDEN,ES,226727.959,18096
2012,7,SWITZERLAND,LS,433472.62900000002,22711
2012,7,TÜRKIYE,LT,1134824.179,52767
2012,7,UNITED KINGDOM*,EG,2964215.639,108340
2012,8,ALBANIA,LA,10607.145,1072
2012,8,ARMENIA,UD,22989.294000000002,1108
2012,8,AUSTRIA,LO,199752.30900000001,15962
2012,8,BELGIUM,EB,358399.158,14052
2012,8,BOSNIA AND HERZEGOVINA,LQ,4349.05,571
2012,8,BULGARIA,LB,92386.543000000005,5397
2012,8,CANARY ISLANDS,GC,229821.57699999999,12843
2012,8,CROATIA,LD,58481.946000000004,5857
2012,8,CYPRUS,LC,109227.349,3651
2012,8,CZECHIA,LK,104805.678,7307
2012,8,DENMARK*,EK,230962.038,14369
2012,8,FINLAND,EF,175241.90599999999,11282
2012,8,FRANCE,LF,1848357.2609999999,85754
2012,8,GERMANY,ED,2552800.5830000001,99992
2012,8,GREECE,LG,446346.62699999998,27645
2012,8,HUNGARY,LH,57114.37,4461
2012,8,ICELAND,BI,24605.592000000001,2202
2012,8,IRELAND,EI,188156.42300000001,10654
2012,8,ITALY,LI,1225187.304,84433
2012,8,KOSOVO,BK,11784.22,894
2012,8,LATVIA,EV,34654.108999999997,3219
2012,8,LITHUANIA,EY,21455.138999999999,1979
2012,8,LUXEMBOURG,EL,90927.331000000006,2329
2012,8,MALTA,LM,34185.209000000003,1799
2012,8,"MOLDOVA, REPUBLIC OF",LU,9395.8169999999991,846
2012,8,MONACO,LN,59.11,84
2012,8,MONTENEGRO,LY,15976.188,1429
2012,8,NETHERLANDS,EH,902384.027,25682
2012,8,NORTH MACEDONIA,LW,5917.0590000000002,579
2012,8,NORWAY*,EN,255278.61,34807
2012,8,POLAND,EP,177930.04800000001,15013
2012,8,PORTUGAL*,LP,342638.353,16036
2012,8,ROMANIA,LR,85885.642999999996,7187
2012,8,SERBIA,LY,24553.634999999998,2577
2012,8,SLOVAKIA,LZ,17779.123,1660
2012,8,SLOVENIA,LJ,12923.654,1478
2012,8,SPAIN,LE,1477569.9779999999,75748
2012,8,SWEDEN,ES,237166.02299999999,22289
2012,8,SWITZERLAND,LS,424270.43199999997,21971
2012,8,TÜRKIYE,LT,1137983.138,52763
2012,8,UNITED KINGDOM*,EG,2953248.8509999998,106655
2012,9,ALBANIA,LA,9003.1730000000007,938
2012,9,ARMENIA,UD,20870.632000000001,1014
2012,9,AUSTRIA,LO,197384.837,16144
2012,9,BELGIUM,EB,337731.85200000001,14496
2012,9,BOSNIA AND HERZEGOVINA,LQ,4044.2080000000001,563
2012,9,BULGARIA,LB,62985.457999999999,3966
2012,9,CANARY ISLANDS,GC,208963.046,11892
2012,9,CROATIA,LD,49913.855000000003,4922
2012,9,CYPRUS,LC,103155.976,3337
2012,9,CZECHIA,LK,98343.631999999998,7407
2012,9,DENMARK*,EK,218687.701,15059
2012,9,FINLAND,EF,175156.48699999999,11834
2012,9,FRANCE,LF,1725454.44,88784
2012,9,GERMANY,ED,2509400.8859999999,103740
2012,9,GREECE,LG,381142.72399999999,23055
2012,9,HUNGARY,LH,55551.656000000003,4344
2012,9,ICELAND,BI,21529.094000000001,1725
2012,9,IRELAND,EI,178130.014,10118
2012,9,ITALY,LI,1129581.3870000001,78539
2012,9,KOSOVO,BK,9174.2739999999994,704
2012,9,LATVIA,EV,32060.894,3012
2012,9,LITHUANIA,EY,20153.613000000001,1915
2012,9,LUXEMBOURG,EL,89196.217000000004,2440
2012,9,MALTA,LM,30906.452000000001,1638
2012,9,"MOLDOVA, REPUBLIC OF",LU,8811.5210000000006,857
2012,9,MONACO,LN,42.088999999999999,62
2012,9,MONTENEGRO,LY,13222.111000000001,1115
2012,9,NETHERLANDS,EH,844023.26800000004,24325
2012,9,NORTH MACEDONIA,LW,4597.3069999999998,472
2012,9,NORWAY*,EN,250978.21,34933
2012,9,POLAND,EP,171546.465,14852
2012,9,PORTUGAL*,LP,306637.89600000001,14255
2012,9,ROMANIA,LR,82537.127999999997,6900
2012,9,SERBIA,LY,21281.085999999999,2253
2012,9,SLOVAKIA,LZ,14786.401,1506
2012,9,SLOVENIA,LJ,11246.351000000001,1383
2012,9,SPAIN,LE,1354529.74,69614
2012,9,SWEDEN,ES,240603.02,24947
2012,9,SWITZERLAND,LS,403897.78700000001,21963
2012,9,TÜRKIYE,LT,1065422.9350000001,49686
2012,9,UNITED KINGDOM*,EG,2806394.2969999998,103132
2012,10,ALBANIA,LA,7572.1329999999998,841
2012,10,ARMENIA,UD,18757.358,901
2012,10,AUSTRIA,LO,185869.416,15555
2012,10,BELGIUM,EB,316200.34899999999,13973
2012,10,BOSNIA AND HERZEGOVINA,LQ,3133.8969999999999,501
2012,10,BULGARIA,LB,30696.379000000001,2385
2012,10,CANARY ISLANDS,GC,242655.42199999999,12188
2012,10,CROATIA,LD,28723.737000000001,3364
2012,10,CYPRUS,LC,97169.001000000004,3131
2012,10,CZECHIA,LK,83602.582999999999,6431
2012,10,DENMARK*,EK,219683.394,15629
2012,10,FINLAND,EF,180751.99799999999,12059
2012,10,FRANCE,LF,1656232.9380000001,86346
2012,10,GERMANY,ED,2514051.7069999999,104572
2012,10,GREECE,LG,228885.019,16473
2012,10,HUNGARY,LH,54085.392999999996,4271
2012,10,ICELAND,BI,19384.776999999998,1735
2012,10,IRELAND,EI,164294.19899999999,9822
2012,10,ITALY,LI,1022926.091,70152
2012,10,KOSOVO,BK,7708.9359999999997,646
2012,10,LATVIA,EV,30083.268,2907
2012,10,LITHUANIA,EY,19976.398000000001,1995
2012,10,LUXEMBOURG,EL,88197.165999999997,2482
2012,10,MALTA,LM,29302.553,1531
2012,10,"MOLDOVA, REPUBLIC OF",LU,7525.8230000000003,764
2012,10,MONACO,LN,30.591000000000001,45
2012,10,MONTENEGRO,LY,5968.4870000000001,650
2012,10,NETHERLANDS,EH,848593.18,24033
2012,10,NORTH MACEDONIA,LW,3949.386,425
2012,10,NORWAY*,EN,252768.821,36235
2012,10,POLAND,EP,145404.598,13966
2012,10,PORTUGAL*,LP,286857.48700000002,13515
2012,10,ROMANIA,LR,68400.365000000005,6185
2012,10,SERBIA,LY,18387.208999999999,2017
2012,10,SLOVAKIA,LZ,9083.3330000000005,1182
2012,10,SLOVENIA,LJ,9669.6610000000001,1280
2012,10,SPAIN,LE,1208816.4850000001,63350
2012,10,SWEDEN,ES,244033.23699999999,26112
2012,10,SWITZERLAND,LS,402946.26699999999,21547
2012,10,TÜRKIYE,LT,980099.31599999999,46132
2012,10,UNITED KINGDOM*,EG,2725714.3689999999,100595
2012,11,ALBANIA,LA,7578.8280000000004,825
2012,11,ARMENIA,UD,16092.194,784
2012,11,AUSTRIA,LO,166623.15599999999,13963
2012,11,BELGIUM,EB,281109.43599999999,12188
2012,11,BOSNIA AND HERZEGOVINA,LQ,2504.634,438
2012,11,BULGARIA,LB,21871.467000000001,1852
2012,11,CANARY ISLANDS,GC,253113.636,11846
2012,11,CROATIA,LD,12461.218000000001,1991
2012,11,CYPRUS,LC,51323.71,1870
2012,11,CZECHIA,LK,66528.756999999998,5596
2012,11,DENMARK*,EK,199950.122,14286
2012,11,FINLAND,EF,164524.18799999999,11284
2012,11,FRANCE,LF,1477982.8689999999,73833
2012,11,GERMANY,ED,2213768.6579999998,89351
2012,11,GREECE,LG,90879.164000000004,9622
2012,11,HUNGARY,LH,46120.790999999997,3721
2012,11,ICELAND,BI,17004.307000000001,1486
2012,11,IRELAND,EI,133084.86900000001,8225
2012,11,ITALY,LI,806870.13899999997,55480
2012,11,KOSOVO,BK,7020.3729999999996,605
2012,11,LATVIA,EV,25609.550999999999,2447
2012,11,LITHUANIA,EY,15877.924000000001,1549
2012,11,LUXEMBOURG,EL,89889.71,2244
2012,11,MALTA,LM,18622.815999999999,997
2012,11,"MOLDOVA, REPUBLIC OF",LU,5581.9930000000004,587
2012,11,MONACO,LN,24.234999999999999,35
2012,11,MONTENEGRO,LY,3520.4050000000002,513
2012,11,NETHERLANDS,EH,741745.63100000005,20146
2012,11,NORTH MACEDONIA,LW,4085.8690000000001,402
2012,11,NORWAY*,EN,228651.56099999999,33582
2012,11,POLAND,EP,116228.057,11822
2012,11,PORTUGAL*,LP,218720.49900000001,10226
2012,11,ROMANIA,LR,58420.313000000002,5344
2012,11,SERBIA,LY,15790.355,1788
2012,11,SLOVAKIA,LZ,5196.5249999999996,834
2012,11,SLOVENIA,LJ,8057.2449999999999,1105
2012,11,SPAIN,LE,869479.022,45782
2012,11,SWEDEN,ES,223565.85200000001,23839
2012,11,SWITZERLAND,LS,354458.82900000003,18776
2012,11,TÜRKIYE,LT,728512.20900000003,35630
2012,11,UNITED KINGDOM*,EG,2343132.9160000002,84961
2012,12,ALBANIA,LA,8024.1679999999997,831
2012,12,ARMENIA,UD,16791.901000000002,820
2012,12,AUSTRIA,LO,163587.101,12854
2012,12,BELGIUM,EB,278932.66399999999,10908
2012,12,BOSNIA AND HERZEGOVINA,LQ,2008.51,371
2012,12,BULGARIA,LB,24554.037,1816
2012,12,CANARY ISLANDS,GC,263652.01400000002,12445
2012,12,CROATIA,LD,12020.94,1837
2012,12,CYPRUS,LC,39120.192999999999,1574
2012,12,CZECHIA,LK,64196.461000000003,5080
2012,12,DENMARK*,EK,181534.04199999999,11715
2012,12,FINLAND,EF,167418.48300000001,9477
2012,12,FRANCE,LF,1521004.5830000001,70827
2012,12,GERMANY,ED,2037609.8259999999,76041
2012,12,GREECE,LG,85613.831999999995,9176
2012,12,HUNGARY,LH,43324.252,3340
2012,12,ICELAND,BI,14426.253000000001,1441
2012,12,IRELAND,EI,128843.49800000001,7986
2012,12,ITALY,LI,828923.43799999997,54782
2012,12,KOSOVO,BK,8771.0490000000009,706
2012,12,LATVIA,EV,26490.584999999999,2411
2012,12,LITHUANIA,EY,15069.916999999999,1503
2012,12,LUXEMBOURG,EL,87201.546000000002,2088
2012,12,MALTA,LM,18274.763999999999,978
2012,12,"MOLDOVA, REPUBLIC OF",LU,6092.36,621
2012,12,MONACO,LN,18.957999999999998,28
2012,12,MONTENEGRO,LY,3242.1129999999998,473
2012,12,NETHERLANDS,EH,738994.69799999997,18316
2012,12,NORTH MACEDONIA,LW,4348.74,425
2012,12,NORWAY*,EN,201894.408,27803
2012,12,POLAND,EP,112157.75,11027
2012,12,PORTUGAL*,LP,228343.79500000001,10547
2012,12,ROMANIA,LR,60795.159,4974
2012,12,SERBIA,LY,16333.264999999999,1785
2012,12,SLOVAKIA,LZ,5398.6019999999999,769
2012,12,SLOVENIA,LJ,7123.0159999999996,998
2012,12,SPAIN,LE,853908.15399999998,42684
2012,12,SWEDEN,ES,207749.59899999999,18712
2012,12,SWITZERLAND,LS,375934.28100000002,19139
2012,12,TÜRKIYE,LT,668292.74699999997,33667
2012,12,UNITED KINGDOM*,EG,2366254.5189999999,79821
2013,1,ALBANIA,LA,7291.4,785
2013,1,ARMENIA,UD,13666.504999999999,688
2013,1,AUSTRIA,LO,167252.552,13369
2013,1,BELGIUM,EB,269608.78000000003,11057
2013,1,BOSNIA AND HERZEGOVINA,LQ,1933.6980000000001,360
2013,1,BULGARIA,LB,25787.18,1869
2013,1,CANARY ISLANDS,GC,253915.122,11941
2013,1,CROATIA,LD,12190.886,1843
2013,1,CYPRUS,LC,34762.39,1372
2013,1,CZECHIA,LK,60705.68,4903
2013,1,DENMARK*,EK,192142.81700000001,13051
2013,1,FINLAND,EF,171156.125,10216
2013,1,FRANCE,LF,1503891.8689999999,70842
2013,1,GERMANY,ED,2029981.4310000001,77130
2013,1,GREECE,LG,80760.59,9112
2013,1,HUNGARY,LH,42363.088000000003,3350
2013,1,ICELAND,BI,13626.704,1445
2013,1,IRELAND,EI,127250.091,7872
2013,1,ITALY,LI,818163.53200000001,53214
2013,1,KOSOVO,BK,8470.0740000000005,690
2013,1,LATVIA,EV,25894.394,2477
2013,1,LIECHTENSTEIN,LS,0.69,1
2013,1,LITHUANIA,EY,15368.034,1548
2013,1,LUXEMBOURG,EL,77284.888999999996,2003
2013,1,MALTA,LM,17595.035,966
2013,1,"MOLDOVA, REPUBLIC OF",LU,5852.7309999999998,586
2013,1,MONACO,LN,14.305999999999999,21
2013,1,MONTENEGRO,LY,3422.9830000000002,491
2013,1,NETHERLANDS,EH,738599.44700000004,18907
2013,1,NORTH MACEDONIA,LW,4758.2730000000001,442
2013,1,NORWAY*,EN,213432.49299999999,31149
2013,1,POLAND,EP,115220.507,11465
2013,1,PORTUGAL*,LP,222859.101,10329
2013,1,ROMANIA,LR,57562.324000000001,5064
2013,1,SERBIA,LY,15710.236999999999,1704
2013,1,SLOVAKIA,LZ,5177.4539999999997,767
2013,1,SLOVENIA,LJ,7598.7870000000003,1068
2013,1,SPAIN,LE,828325.255,42083
2013,1,SWEDEN,ES,217406.21799999999,20497
2013,1,SWITZERLAND,LS,390148.34600000002,20455
2013,1,TÜRKIYE,LT,670159.04099999997,34229
2013,1,UNITED KINGDOM*,EG,2356051.5980000002,79391
2013,2,ALBANIA,LA,5918.5860000000002,660
2013,2,ARMENIA,UD,12884.795,664
2013,2,AUSTRIA,LO,154264.57500000001,12670
2013,2,BELGIUM,EB,251723.60399999999,10811
2013,2,BOSNIA AND HERZEGOVINA,LQ,1639.491,325
2013,2,BULGARIA,LB,22669.195,1629
2013,2,CANARY ISLANDS,GC,237989.56599999999,11164
2013,2,CROATIA,LD,11014.35,1737
2013,2,CYPRUS,LC,30282.254000000001,1206
2013,2,CZECHIA,LK,52191.879000000001,4574
2013,2,DENMARK*,EK,178942.42600000001,12570
2013,2,FINLAND,EF,159145.212,10241
2013,2,FRANCE,LF,1383735.2990000001,68226
2013,2,GERMANY,ED,1895760.3670000001,75714
2013,2,GREECE,LG,72790.437000000005,8278
2013,2,HUNGARY,LH,37566.775999999998,3066
2013,2,ICELAND,BI,11940.673000000001,1444
2013,2,IRELAND,EI,113434.993,7330
2013,2,ITALY,LI,726586.58799999999,49473
2013,2,KOSOVO,BK,6331.473,551
2013,2,LATVIA,EV,23653.003000000001,2254
2013,2,LITHUANIA,EY,13574.041999999999,1400
2013,2,LUXEMBOURG,EL,73815.320000000007,1989
2013,2,MALTA,LM,17367.743999999999,913
2013,2,"MOLDOVA, REPUBLIC OF",LU,4628.5389999999998,484
2013,2,MONACO,LN,19.463999999999999,30
2013,2,MONTENEGRO,LY,2695.0610000000001,419
2013,2,NETHERLANDS,EH,675995.97499999998,18266
2013,2,NORTH MACEDONIA,LW,3771.7060000000001,376
2013,2,NORWAY*,EN,204511.745,29259
2013,2,POLAND,EP,106516.452,10867
2013,2,PORTUGAL*,LP,199196.44399999999,9448
2013,2,ROMANIA,LR,53781.819000000003,4652
2013,2,SERBIA,LY,13068.379000000001,1502
2013,2,SLOVAKIA,LZ,4469.9870000000001,736
2013,2,SLOVENIA,LJ,6898.3720000000003,1004
2013,2,SPAIN,LE,764896.49199999997,39348
2013,2,SWEDEN,ES,208073.93299999999,20580
2013,2,SWITZERLAND,LS,348504.15399999998,18947
2013,2,TÜRKIYE,LT,641721.20900000003,32903
2013,2,UNITED KINGDOM*,EG,2159689.8769999999,77705
2013,3,ALBANIA,LA,6907.884,731
2013,3,ARMENIA,UD,13581.285,697
2013,3,AUSTRIA,LO,182394.38099999999,14806
2013,3,BELGIUM,EB,288020.98800000001,12375
2013,3,BOSNIA AND HERZEGOVINA,LQ,2432.7910000000002,419
2013,3,BULGARIA,LB,24433.921999999999,1827
2013,3,CANARY ISLANDS,GC,282620.62400000001,13087
2013,3,CROATIA,LD,14071.664000000001,2032
2013,3,CYPRUS,LC,47105.008000000002,1737
2013,3,CZECHIA,LK,64678.635000000002,5460
2013,3,DENMARK*,EK,211983.715,13958
2013,3,FINLAND,EF,180777.478,11282
2013,3,FRANCE,LF,1585400.6810000001,78089
2013,3,GERMANY,ED,2226189.5520000001,87247
2013,3,GREECE,LG,86796.854000000007,9423
2013,3,HUNGARY,LH,44690.1,3497
2013,3,ICELAND,BI,16568.427,1588
2013,3,IRELAND,EI,138317.576,8780
2013,3,ITALY,LI,861560.30700000003,57439
2013,3,KOSOVO,BK,8197.6679999999997,676
2013,3,LATVIA,EV,27877.418000000001,2548
2013,3,LITHUANIA,EY,15777.22,1534
2013,3,LUXEMBOURG,EL,90692.976999999999,2337
2013,3,MALTA,LM,21097.832999999999,1161
2013,3,"MOLDOVA, REPUBLIC OF",LU,5278.6019999999999,561
2013,3,MONACO,LN,18.440000000000001,27
2013,3,MONTENEGRO,LY,3625.511,502
2013,3,NETHERLANDS,EH,776294.63500000001,21727
2013,3,NORTH MACEDONIA,LW,4539.4160000000002,441
2013,3,NORWAY*,EN,229639.84299999999,31207
2013,3,POLAND,EP,125371.363,11950
2013,3,PORTUGAL*,LP,238319.149,11131
2013,3,ROMANIA,LR,60119.832999999999,5386
2013,3,SERBIA,LY,15132.705,1722
2013,3,SLOVAKIA,LZ,6018.7759999999998,891
2013,3,SLOVENIA,LJ,8487.8340000000007,1126
2013,3,SPAIN,LE,931924.83400000003,47394
2013,3,SWEDEN,ES,234543.23800000001,22534
2013,3,SWITZERLAND,LS,394164.17499999999,21463
2013,3,TÜRKIYE,LT,752882.69200000004,37829
2013,3,UNITED KINGDOM*,EG,2471564.8530000001,88405
2013,4,ALBANIA,LA,7270.2349999999997,755
2013,4,ARMENIA,UD,14349.23,671
2013,4,AUSTRIA,LO,171333.484,14613
2013,4,BELGIUM,EB,303232.554,13214
2013,4,BOSNIA AND HERZEGOVINA,LQ,3548.8829999999998,513
2013,4,BULGARIA,LB,25930.584999999999,1970
2013,4,CANARY ISLANDS,GC,236577.57199999999,11828
2013,4,CROATIA,LD,25110.82,2962
2013,4,CYPRUS,LC,64543.552000000003,2227
2013,4,CZECHIA,LK,71240.691999999995,6051
2013,4,DENMARK*,EK,209671.34099999999,15116
2013,4,FINLAND,EF,167324.97500000001,11287
2013,4,FRANCE,LF,1636323.517,82648
2013,4,GERMANY,ED,2249546.2080000001,93245
2013,4,GREECE,LG,140580.46400000001,12818
2013,4,HUNGARY,LH,47970.652999999998,3838
2013,4,ICELAND,BI,18080.573,1748
2013,4,IRELAND,EI,160876.644,9320
2013,4,ITALY,LI,941576.03799999994,64018
2013,4,KOSOVO,BK,8463.7389999999996,677
2013,4,LATVIA,EV,30077.174999999999,2821
2013,4,LITHUANIA,EY,18379.099999999999,1756
2013,4,LUXEMBOURG,EL,86151.551999999996,2369
2013,4,MALTA,LM,27894.739000000001,1496
2013,4,"MOLDOVA, REPUBLIC OF",LU,6481.1859999999997,657
2013,4,MONACO,LN,35.951999999999998,51
2013,4,MONTENEGRO,LY,4547.9539999999997,576
2013,4,NETHERLANDS,EH,813250.8,23159
2013,4,NORTH MACEDONIA,LW,4936.625,444
2013,4,NORWAY*,EN,246892.103,34660
2013,4,POLAND,EP,141807.16200000001,13114
2013,4,PORTUGAL*,LP,268900.30499999999,13023
2013,4,ROMANIA,LR,65015.180999999997,5601
2013,4,SERBIA,LY,16825.585999999999,1843
2013,4,SLOVAKIA,LZ,7759.0910000000003,1033
2013,4,SLOVENIA,LJ,9297.8909999999996,1184
2013,4,SPAIN,LE,1073198.6340000001,55682
2013,4,SWEDEN,ES,230578.76699999999,24138
2013,4,SWITZERLAND,LS,384801.58100000001,20451
2013,4,TÜRKIYE,LT,855899.652,42580
2013,4,UNITED KINGDOM*,EG,2565840.9130000002,93663
2013,5,ALBANIA,LA,7501.4449999999997,783
2013,5,ARMENIA,UD,14591.528,697
2013,5,AUSTRIA,LO,189514.15900000001,15305
2013,5,BELGIUM,EB,316950.61800000002,14128
2013,5,BOSNIA AND HERZEGOVINA,LQ,4031.3049999999998,563
2013,5,BULGARIA,LB,39698.362999999998,2729
2013,5,CANARY ISLANDS,GC,197253.77600000001,10892
2013,5,CROATIA,LD,39898.078000000001,3945
2013,5,CYPRUS,LC,93233.104999999996,2920
2013,5,CZECHIA,LK,79850.887000000002,6569
2013,5,DENMARK*,EK,220300.05,15857
2013,5,FINLAND,EF,169160.22099999999,11566
2013,5,FRANCE,LF,1727119.2069999999,87030
2013,5,GERMANY,ED,2442712.8360000001,99012
2013,5,GREECE,LG,293188.86,18877
2013,5,HUNGARY,LH,51966.425999999999,4012
2013,5,ICELAND,BI,20215.629000000001,1777
2013,5,IRELAND,EI,180939.72200000001,10320
2013,5,ITALY,LI,1034447.705,70588
2013,5,KOSOVO,BK,8576.1640000000007,682
2013,5,LATVIA,EV,33317.707999999999,3028
2013,5,LITHUANIA,EY,20806.812000000002,1953
2013,5,LUXEMBOURG,EL,90412.047000000006,2537
2013,5,MALTA,LM,32279.874,1680
2013,5,"MOLDOVA, REPUBLIC OF",LU,8734.57,814
2013,5,MONACO,LN,37.686999999999998,58
2013,5,MONTENEGRO,LY,7395.0770000000002,808
2013,5,NETHERLANDS,EH,877661.06799999997,25409
2013,5,NORTH MACEDONIA,LW,5792.665,520
2013,5,NORWAY*,EN,253711.98199999999,33380
2013,5,POLAND,EP,162617.345,14238
2013,5,PORTUGAL*,LP,292840.55699999997,14134
2013,5,ROMANIA,LR,70788.858999999997,5930
2013,5,SERBIA,LY,18957.87,2044
2013,5,SLOVAKIA,LZ,8605.9009999999998,1155
2013,5,SLOVENIA,LJ,11094.534,1323
2013,5,SPAIN,LE,1223116.8319999999,63357
2013,5,SWEDEN,ES,242850.894,25423
2013,5,SWITZERLAND,LS,401209.03,21445
2013,5,TÜRKIYE,LT,1073907.46,50215
2013,5,UNITED KINGDOM*,EG,2807232.9780000001,104373
2013,6,ALBANIA,LA,8278.1939999999995,868
2013,6,ARMENIA,UD,16083.862999999999,759
2013,6,AUSTRIA,LO,197697.65599999999,15650
2013,6,BELGIUM,EB,323493.82,14116
2013,6,BOSNIA AND HERZEGOVINA,LQ,4764.68,619
2013,6,BULGARIA,LB,76932.361000000004,4490
2013,6,CANARY ISLANDS,GC,199291.40700000001,10757
2013,6,CROATIA,LD,51981.099000000002,5017
2013,6,CYPRUS,LC,98224.09,3077
2013,6,CZECHIA,LK,99297.993000000002,7395
2013,6,DENMARK*,EK,236052.72099999999,16366
2013,6,FINLAND,EF,174478.717,10694
2013,6,FRANCE,LF,1740915.183,87680
2013,6,GERMANY,ED,2443283.67,100932
2013,6,GREECE,LG,397011.31599999999,23561
2013,6,HUNGARY,LH,53166.228000000003,4106
2013,6,ICELAND,BI,27031.137999999999,1947
2013,6,IRELAND,EI,199362.99299999999,10831
2013,6,ITALY,LI,1108074.074,75575
2013,6,KOSOVO,BK,8817.9240000000009,689
2013,6,LATVIA,EV,40630.190999999999,3064
2013,6,LITHUANIA,EY,21842.633999999998,2007
2013,6,LUXEMBOURG,EL,95667.51,2666
2013,6,MALTA,LM,33888.129000000001,1756
2013,6,"MOLDOVA, REPUBLIC OF",LU,8843.25,815
2013,6,MONACO,LN,54.741999999999997,78
2013,6,MONTENEGRO,LY,17988.02,1366
2013,6,NETHERLANDS,EH,866618.13,24931
2013,6,NORTH MACEDONIA,LW,6398.9459999999999,553
2013,6,NORWAY*,EN,285170.58,36088
2013,6,POLAND,EP,178405.93900000001,14953
2013,6,PORTUGAL*,LP,308631.348,14188
2013,6,ROMANIA,LR,75243.392999999996,6160
2013,6,SERBIA,LY,23642.946,2381
2013,6,SLOVAKIA,LZ,14024.234,1410
2013,6,SLOVENIA,LJ,11909.163,1400
2013,6,SPAIN,LE,1303391.4739999999,65951
2013,6,SWEDEN,ES,247234.715,23385
2013,6,SWITZERLAND,LS,406650.28200000001,21672
2013,6,TÜRKIYE,LT,1154509.4029999999,53594
2013,6,UNITED KINGDOM*,EG,2854534.5189999999,104739
2013,7,ALBANIA,LA,10135.786,1016
2013,7,ARMENIA,UD,17818.325000000001,859
2013,7,AUSTRIA,LO,200864.64000000001,16017
2013,7,BELGIUM,EB,345273.83199999999,14745
2013,7,BOSNIA AND HERZEGOVINA,LQ,4949.1459999999997,618
2013,7,BULGARIA,LB,93517.081999999995,5340
2013,7,CANARY ISLANDS,GC,227749.76500000001,12093
2013,7,CROATIA,LD,63291.527999999998,5984
2013,7,CYPRUS,LC,102482.334,3240
2013,7,CZECHIA,LK,105069.621,7597
2013,7,DENMARK*,EK,252729.041,15460
2013,7,FINLAND,EF,182782.44200000001,9281
2013,7,FRANCE,LF,1902459.4069999999,93767
2013,7,GERMANY,ED,2536346.9980000001,101834
2013,7,GREECE,LG,463321.35,27396
2013,7,HUNGARY,LH,56510.879000000001,4435
2013,7,ICELAND,BI,28215.905999999999,2197
2013,7,IRELAND,EI,210586.204,11410
2013,7,ITALY,LI,1195663.5719999999,82779
2013,7,KOSOVO,BK,12814.1,953
2013,7,LATVIA,EV,42254.366000000002,3284
2013,7,LITHUANIA,EY,23449.620999999999,2174
2013,7,LUXEMBOURG,EL,92506.297000000006,2649
2013,7,MALTA,LM,36839.631999999998,1921
2013,7,"MOLDOVA, REPUBLIC OF",LU,9673.9279999999999,913
2013,7,MONACO,LN,69.978999999999999,101
2013,7,MONTENEGRO,LY,19476.699000000001,1618
2013,7,NETHERLANDS,EH,922606.83100000001,26342
2013,7,NORTH MACEDONIA,LW,7679.192,664
2013,7,NORWAY*,EN,298256.033,32943
2013,7,POLAND,EP,189896.48699999999,15485
2013,7,PORTUGAL*,LP,350361.47,16194
2013,7,ROMANIA,LR,83097.712,6493
2013,7,SERBIA,LY,27459.312000000002,2809
2013,7,SLOVAKIA,LZ,17770.673999999999,1578
2013,7,SLOVENIA,LJ,13392.254000000001,1536
2013,7,SPAIN,LE,1434841.041,72556
2013,7,SWEDEN,ES,243016.158,19650
2013,7,SWITZERLAND,LS,436648.85200000001,22476
2013,7,TÜRKIYE,LT,1230622.43,56976
2013,7,UNITED KINGDOM*,EG,2981447.6230000001,108970
2013,8,ALBANIA,LA,10862.406000000001,1065
2013,8,ARMENIA,UD,18385.464,894
2013,8,AUSTRIA,LO,200609.50899999999,15283
2013,8,BELGIUM,EB,341492.58299999998,13962
2013,8,BOSNIA AND HERZEGOVINA,LQ,5682.11,636
2013,8,BULGARIA,LB,94014.673999999999,5365
2013,8,CANARY ISLANDS,GC,236844.75700000001,12172
2013,8,CROATIA,LD,63325.175999999999,6180
2013,8,CYPRUS,LC,100965.34699999999,3241
2013,8,CZECHIA,LK,105402.07799999999,7505
2013,8,DENMARK*,EK,242465.454,15744
2013,8,FINLAND,EF,184706.13399999999,10505
2013,8,FRANCE,LF,1882852.615,84123
2013,8,GERMANY,ED,2529624.5150000001,97320
2013,8,GREECE,LG,475581.424,28427
2013,8,HUNGARY,LH,54462.856,4109
2013,8,ICELAND,BI,27873.632000000001,2125
2013,8,IRELAND,EI,203385.546,10994
2013,8,ITALY,LI,1191858.7239999999,79636
2013,8,KOSOVO,BK,13488.603999999999,993
2013,8,LATVIA,EV,36823.902999999998,3179
2013,8,LITHUANIA,EY,23334.300999999999,2139
2013,8,LUXEMBOURG,EL,95233.134000000005,2509
2013,8,MALTA,LM,36961.565000000002,1942
2013,8,"MOLDOVA, REPUBLIC OF",LU,9973.9390000000003,924
2013,8,MONACO,LN,68.283000000000001,96
2013,8,MONTENEGRO,LY,20276.010999999999,1658
2013,8,NETHERLANDS,EH,922416.27,25966
2013,8,NORTH MACEDONIA,LW,7470.518,655
2013,8,NORWAY*,EN,289244.22200000001,35982
2013,8,POLAND,EP,189654.92,15285
2013,8,PORTUGAL*,LP,355371.97700000001,16629
2013,8,ROMANIA,LR,80316.331000000006,6314
2013,8,SERBIA,LY,27872.348999999998,2819
2013,8,SLOVAKIA,LZ,16952.855,1538
2013,8,SLOVENIA,LJ,13667.405000000001,1488
2013,8,SPAIN,LE,1445684.1980000001,72338
2013,8,SWEDEN,ES,250216.15299999999,23039
2013,8,SWITZERLAND,LS,432465.821,21666
2013,8,TÜRKIYE,LT,1279120.6640000001,59921
2013,8,UNITED KINGDOM*,EG,3000548.6170000001,106702
2013,9,ALBANIA,LA,9112.0529999999999,951
2013,9,ARMENIA,UD,16921.078000000001,829
2013,9,AUSTRIA,LO,194813.41800000001,15437
2013,9,BELGIUM,EB,321947.14299999998,14420
2013,9,BOSNIA AND HERZEGOVINA,LQ,4848.1450000000004,584
2013,9,BULGARIA,LB,65513.275999999998,3962
2013,9,CANARY ISLANDS,GC,213017.111,11027
2013,9,CROATIA,LD,49902.324999999997,4899
2013,9,CYPRUS,LC,99270.260999999999,3085
2013,9,CZECHIA,LK,99690.618000000002,7385
2013,9,DENMARK*,EK,222830.26500000001,16216
2013,9,FINLAND,EF,179117.48699999999,11042
2013,9,FRANCE,LF,1742045.61,88130
2013,9,GERMANY,ED,2471857.7069999999,102794
2013,9,GREECE,LG,408261.80499999999,24210
2013,9,HUNGARY,LH,54298.472999999998,4229
2013,9,ICELAND,BI,23002.273000000001,1719
2013,9,IRELAND,EI,186779.726,10400
2013,9,ITALY,LI,1096935,74841
2013,9,KOSOVO,BK,8875.4459999999999,715
2013,9,LATVIA,EV,36954.050999999999,3022
2013,9,LITHUANIA,EY,24321.462,2133
2013,9,LUXEMBOURG,EL,88126.125,2572
2013,9,MALTA,LM,33220.523000000001,1752
2013,9,"MOLDOVA, REPUBLIC OF",LU,9166.6669999999995,854
2013,9,MONACO,LN,40.353999999999999,57
2013,9,MONTENEGRO,LY,15591.761,1261
2013,9,NETHERLANDS,EH,865219.25600000005,24909
2013,9,NORTH MACEDONIA,LW,6334.9470000000001,573
2013,9,NORWAY*,EN,277132.54399999999,37096
2013,9,POLAND,EP,179389.63399999999,15088
2013,9,PORTUGAL*,LP,318011.72899999999,14588
2013,9,ROMANIA,LR,77171.979000000007,6255
2013,9,SERBIA,LY,23515.644,2474
2013,9,SLOVAKIA,LZ,14039.858,1363
2013,9,SLOVENIA,LJ,11767.371999999999,1377
2013,9,SPAIN,LE,1293639.9639999999,65725
2013,9,SWEDEN,ES,261239.9,26343
2013,9,SWITZERLAND,LS,406845.11300000001,21441
2013,9,TÜRKIYE,LT,1196146.733,55856
2013,9,UNITED KINGDOM*,EG,2883952.3280000002,105401
2013,10,ALBANIA,LA,8065.5659999999998,874
2013,10,ARMENIA,UD,16710.87,807
2013,10,AUSTRIA,LO,189227.269,15015
2013,10,BELGIUM,EB,316599.14799999999,13805
2013,10,BOSNIA AND HERZEGOVINA,LQ,4553.4319999999998,605
2013,10,BULGARIA,LB,29463.537,2451
2013,10,CANARY ISLANDS,GC,260884.44,12552
2013,10,CROATIA,LD,31730.215,3483
2013,10,CYPRUS,LC,93489.073999999993,2890
2013,10,CZECHIA,LK,80908.822,6462
2013,10,DENMARK*,EK,224989.807,16152
2013,10,FINLAND,EF,184463.38500000001,11201
2013,10,FRANCE,LF,1689438.62,84255
2013,10,GERMANY,ED,2468390.9240000001,101658
2013,10,GREECE,LG,248274.63399999999,16910
2013,10,HUNGARY,LH,52754.745999999999,4171
2013,10,ICELAND,BI,20604.831999999999,1737
2013,10,IRELAND,EI,173460.231,10022
2013,10,ITALY,LI,1000259.379,66418
2013,10,KOSOVO,BK,8208.8549999999996,679
2013,10,LATVIA,EV,39727.142,2938
2013,10,LITHUANIA,EY,24324.484,2191
2013,10,LUXEMBOURG,EL,95013.361000000004,2637
2013,10,MALTA,LM,32208.234,1690
2013,10,"MOLDOVA, REPUBLIC OF",LU,8066.558,787
2013,10,MONACO,LN,30.265999999999998,44
2013,10,MONTENEGRO,LY,6107.3689999999997,705
2013,10,NETHERLANDS,EH,864587.424,24690
2013,10,NORTH MACEDONIA,LW,5645.67,502
2013,10,NORWAY*,EN,274403.745,37386
2013,10,POLAND,EP,158187.73199999999,14425
2013,10,PORTUGAL*,LP,298602.63,13940
2013,10,ROMANIA,LR,70721.615999999995,5898
2013,10,SERBIA,LY,21334.418000000001,2208
2013,10,SLOVAKIA,LZ,8258.1219999999994,1057
2013,10,SLOVENIA,LJ,11652.941000000001,1370
2013,10,SPAIN,LE,1175278.4280000001,60156
2013,10,SWEDEN,ES,264844.58299999998,26922
2013,10,SWITZERLAND,LS,406517.43400000001,20962
2013,10,TÜRKIYE,LT,1123321.9720000001,52969
2013,10,UNITED KINGDOM*,EG,2822145.3029999998,102575
2013,11,ALBANIA,LA,6492.3959999999997,717
2013,11,ARMENIA,UD,16368.406000000001,818
2013,11,AUSTRIA,LO,167945.85,13188
2013,11,BELGIUM,EB,286601.59399999998,11870
2013,11,BOSNIA AND HERZEGOVINA,LQ,3291.085,484
2013,11,BULGARIA,LB,23769.946,1861
2013,11,CANARY ISLANDS,GC,305340.52,13439
2013,11,CROATIA,LD,11697.618,1764
2013,11,CYPRUS,LC,48838.75,1780
2013,11,CZECHIA,LK,62071.421999999999,5177
2013,11,DENMARK*,EK,203242.55300000001,14287
2013,11,FINLAND,EF,165103.611,10181
2013,11,FRANCE,LF,1501515.6270000001,70861
2013,11,GERMANY,ED,2161592.0129999998,86822
2013,11,GREECE,LG,93460.816999999995,9277
2013,11,HUNGARY,LH,43828.362999999998,3508
2013,11,ICELAND,BI,18034.556,1429
2013,11,IRELAND,EI,137099.86900000001,8363
2013,11,ITALY,LI,817296.01399999997,54469
2013,11,KOSOVO,BK,6493.8069999999998,570
2013,11,LATVIA,EV,28207.120999999999,2459
2013,11,LITHUANIA,EY,18899.901000000002,1864
2013,11,LUXEMBOURG,EL,96162.436000000002,2295
2013,11,MALTA,LM,21136.464,1164
2013,11,"MOLDOVA, REPUBLIC OF",LU,6491.6679999999997,636
2013,11,MONACO,LN,26.056999999999999,38
2013,11,MONTENEGRO,LY,3530.8139999999999,475
2013,11,NETHERLANDS,EH,769270.53799999994,20717
2013,11,NORTH MACEDONIA,LW,4650.0709999999999,423
2013,11,NORWAY*,EN,244486.446,33616
2013,11,POLAND,EP,128662.579,11897
2013,11,PORTUGAL*,LP,226763.82399999999,10552
2013,11,ROMANIA,LR,66139.854000000007,5295
2013,11,SERBIA,LY,21419.246999999999,1960
2013,11,SLOVAKIA,LZ,5364.8959999999997,758
2013,11,SLOVENIA,LJ,8096.777,1018
2013,11,SPAIN,LE,868503.95600000001,44107
2013,11,SWEDEN,ES,236783.736,23867
2013,11,SWITZERLAND,LS,360410.766,18007
2013,11,TÜRKIYE,LT,817862.41399999999,41038
2013,11,UNITED KINGDOM*,EG,2428620.5269999998,85406
2013,12,ALBANIA,LA,8129.7370000000001,751
2013,12,ARMENIA,UD,18354.484,907
2013,12,AUSTRIA,LO,166629.99600000001,12773
2013,12,BELGIUM,EB,285703.72399999999,11152
2013,12,BOSNIA AND HERZEGOVINA,LQ,2848.8449999999998,449
2013,12,BULGARIA,LB,25049.375,1853
2013,12,CANARY ISLANDS,GC,306963.57500000001,13773
2013,12,CROATIA,LD,11335.106,1779
2013,12,CYPRUS,LC,37814.957000000002,1473
2013,12,CZECHIA,LK,61588.919000000002,4990
2013,12,DENMARK*,EK,188445.049,12299
2013,12,FINLAND,EF,177515.25700000001,9283
2013,12,FRANCE,LF,1562482.2409999999,69230
2013,12,GERMANY,ED,2009487.6740000001,75938
2013,12,GREECE,LG,87131.482000000004,9099
2013,12,HUNGARY,LH,42112.591999999997,3251
2013,12,ICELAND,BI,16708.895,1408
2013,12,IRELAND,EI,134860.198,8216
2013,12,ITALY,LI,832115.42099999997,53893
2013,12,KOSOVO,BK,5854.9229999999998,509
2013,12,LATVIA,EV,26268.811000000002,2451
2013,12,LITHUANIA,EY,17743.826000000001,1671
2013,12,LUXEMBOURG,EL,94197.857000000004,2119
2013,12,MALTA,LM,20562.34,1129
2013,12,"MOLDOVA, REPUBLIC OF",LU,7413.933,675
2013,12,MONACO,LN,21.161000000000001,31
2013,12,MONTENEGRO,LY,3603.3449999999998,488
2013,12,NETHERLANDS,EH,770002.30500000005,19683
2013,12,NORTH MACEDONIA,LW,4453.6090000000004,405
2013,12,NORWAY*,EN,221700.367,28825
2013,12,POLAND,EP,123232.37300000001,10777
2013,12,PORTUGAL*,LP,238908.72899999999,10925
2013,12,ROMANIA,LR,60934.127999999997,5028
2013,12,SERBIA,LY,22115.357,2132
2013,12,SLOVAKIA,LZ,6702.2209999999995,830
2013,12,SLOVENIA,LJ,7972.62,1022
2013,12,SPAIN,LE,844289.33900000004,41642
2013,12,SWEDEN,ES,223829.984,19837
2013,12,SWITZERLAND,LS,376342.26199999999,18479
2013,12,TÜRKIYE,LT,775351.92299999995,39260
2013,12,UNITED KINGDOM*,EG,2438811.426,80911
2014,1,ALBANIA,LA,8385.1149999999998,786
2014,1,ARMENIA,UD,15061.587,770
2014,1,AUSTRIA,LO,172995.853,13318
2014,1,BELGIUM,EB,275833.31,11323
2014,1,BOSNIA AND HERZEGOVINA,LQ,2967.895,463
2014,1,BULGARIA,LB,26913.58,1924
2014,1,CANARY ISLANDS,GC,294290.51799999998,13565
2014,1,CROATIA,LD,10805.379000000001,1790
2014,1,CYPRUS,LC,36304.438000000002,1409
2014,1,CZECHIA,LK,60171.985000000001,4789
2014,1,DENMARK*,EK,198126.59,12808
2014,1,FINLAND,EF,181595.66099999999,10006
2014,1,FRANCE,LF,1518614.25,68816
2014,1,GEORGIA,UG,16083.504000000001,912
2014,1,GERMANY,ED,2040690.2930000001,77883
2014,1,GREECE,LG,84129.12,8933
2014,1,HUNGARY,LH,43211.811000000002,3346
2014,1,ICELAND,BI,15538.141,1444
2014,1,IRELAND,EI,130426.053,8261
2014,1,ITALY,LI,830865.71200000006,53096
2014,1,KOSOVO,BK,6261.3959999999997,529
2014,1,LATVIA,EV,25759.971000000001,2490
2014,1,LITHUANIA,EY,17014.021000000001,1703
2014,1,LUXEMBOURG,EL,88276.987999999998,2147
2014,1,MALTA,LM,19475.412,1091
2014,1,"MOLDOVA, REPUBLIC OF",LU,7404.58,656
2014,1,MONACO,LN,19.058,26
2014,1,MONTENEGRO,LY,3382.47,448
2014,1,NETHERLANDS,EH,770084.57499999995,19842
2014,1,NORTH MACEDONIA,LW,4742.0630000000001,410
2014,1,NORWAY*,EN,234763.6,32094
2014,1,POLAND,EP,127167.925,11311
2014,1,PORTUGAL*,LP,232907.52100000001,10718
2014,1,ROMANIA,LR,59200.279000000002,4825
2014,1,SERBIA,LY,23776.437999999998,2236
2014,1,SLOVAKIA,LZ,6156.5020000000004,819
2014,1,SLOVENIA,LJ,8088.4719999999998,1096
2014,1,SPAIN,LE,827650.73800000001,41676
2014,1,SWEDEN,ES,229004.715,20721
2014,1,SWITZERLAND,LS,398167.886,20138
2014,1,TÜRKIYE,LT,798697.97600000002,39965
2014,1,UNITED KINGDOM*,EG,2438260.983,81336
2014,2,ALBANIA,LA,6391.973,634
2014,2,ARMENIA,UD,13478.96,711
2014,2,AUSTRIA,LO,155482.01500000001,12461
2014,2,BELGIUM,EB,255298.82199999999,10808
2014,2,BOSNIA AND HERZEGOVINA,LQ,2820.4,437
2014,2,BULGARIA,LB,24601.866999999998,1785
2014,2,CANARY ISLANDS,GC,267030.73100000003,12351
2014,2,CROATIA,LD,9910.2970000000005,1651
2014,2,CYPRUS,LC,30831.401999999998,1270
2014,2,CZECHIA,LK,52404.900999999998,4401
2014,2,DENMARK*,EK,186345.12299999999,12734
2014,2,FINLAND,EF,166862.44399999999,9825
2014,2,FRANCE,LF,1392332.4439999999,66440
2014,2,GEORGIA,UG,13886.849,797
2014,2,GERMANY,ED,1884625.145,77673
2014,2,GREECE,LG,75644.95,8154
2014,2,HUNGARY,LH,39162.218000000001,3114
2014,2,ICELAND,BI,14306.415000000001,1383
2014,2,IRELAND,EI,114909.011,7550
2014,2,ITALY,LI,744959.99699999997,49421
2014,2,KOSOVO,BK,5418.3519999999999,449
2014,2,LATVIA,EV,23253.598999999998,2179
2014,2,LITHUANIA,EY,15021.177,1553
2014,2,LUXEMBOURG,EL,80881.842999999993,2082
2014,2,MALTA,LM,17458.063999999998,966
2014,2,"MOLDOVA, REPUBLIC OF",LU,5921.7079999999996,556
2014,2,MONACO,LN,19.808,27
2014,2,MONTENEGRO,LY,2869.3780000000002,407
2014,2,NETHERLANDS,EH,697020.45299999998,19082
2014,2,NORTH MACEDONIA,LW,4517.7579999999998,409
2014,2,NORWAY*,EN,221647.209,30252
2014,2,POLAND,EP,114736.148,11021
2014,2,PORTUGAL*,LP,205309.74799999999,9732
2014,2,ROMANIA,LR,60092.09,4698
2014,2,SERBIA,LY,20569.671999999999,1975
2014,2,SLOVAKIA,LZ,5339.0550000000003,785
2014,2,SLOVENIA,LJ,7025.5309999999999,988
2014,2,SPAIN,LE,775955.03599999996,39930
2014,2,SWEDEN,ES,217783.359,20965
2014,2,SWITZERLAND,LS,357279.59299999999,18641
2014,2,TÜRKIYE,LT,741531.93099999998,37437
2014,2,UNITED KINGDOM*,EG,2223461.9029999999,78148
2014,3,ALBANIA,LA,7433.6679999999997,717
2014,3,ARMENIA,UD,15586.351000000001,809
2014,3,AUSTRIA,LO,183389.046,14641
2014,3,BELGIUM,EB,302949.663,12578
2014,3,BOSNIA AND HERZEGOVINA,LQ,3168.2469999999998,511
2014,3,BULGARIA,LB,26805.696,1968
2014,3,CANARY ISLANDS,GC,308590.43099999998,14194
2014,3,CROATIA,LD,12052.968000000001,1975
2014,3,CYPRUS,LC,41432.002,1648
2014,3,CZECHIA,LK,66136.646999999997,5532
2014,3,DENMARK*,EK,222349.60500000001,14838
2014,3,FINLAND,EF,186477.351,11155
2014,3,FRANCE,LF,1596386.94,76929
2014,3,GEORGIA,UG,15695.227999999999,909
2014,3,GERMANY,ED,2214890.1830000002,89404
2014,3,GREECE,LG,88054.998999999996,9141
2014,3,HUNGARY,LH,45807.4,3615
2014,3,ICELAND,BI,18590.571,1587
2014,3,IRELAND,EI,138384.14300000001,8765
2014,3,ITALY,LI,875639.04,58217
2014,3,KOSOVO,BK,5682.7870000000003,492
2014,3,LATVIA,EV,27485.204000000002,2484
2014,3,LITHUANIA,EY,18211.507000000001,1844
2014,3,LUXEMBOURG,EL,96446.532000000007,2387
2014,3,MALTA,LM,22061.414000000001,1256
2014,3,"MOLDOVA, REPUBLIC OF",LU,6798.192,668
2014,3,MONACO,LN,33.058999999999997,45
2014,3,MONTENEGRO,LY,3700.7660000000001,493
2014,3,NETHERLANDS,EH,801880.11800000002,22456
2014,3,NORTH MACEDONIA,LW,5202.9570000000003,462
2014,3,NORWAY*,EN,259400.11,34701
2014,3,POLAND,EP,134241.43299999999,12493
2014,3,PORTUGAL*,LP,237572.87899999999,11296
2014,3,ROMANIA,LR,70591.675000000003,5365
2014,3,SERBIA,LY,23551.360000000001,2273
2014,3,SLOVAKIA,LZ,6704.7860000000001,877
2014,3,SLOVENIA,LJ,9718.1949999999997,1202
2014,3,SPAIN,LE,915201.56099999999,47705
2014,3,SWEDEN,ES,254327.42300000001,24689
2014,3,SWITZERLAND,LS,402870.14899999998,21487
2014,3,TÜRKIYE,LT,850326.93200000003,43054
2014,3,UNITED KINGDOM*,EG,2541498.5440000002,88456
2014,4,ALBANIA,LA,7238.1360000000004,709
2014,4,ARMENIA,UD,16579.977999999999,860
2014,4,AUSTRIA,LO,185854.39199999999,14262
2014,4,BELGIUM,EB,316810.33899999998,13593
2014,4,BOSNIA AND HERZEGOVINA,LQ,3951.846,574
2014,4,BULGARIA,LB,28217.724999999999,2248
2014,4,CANARY ISLANDS,GC,281091.91499999998,13795
2014,4,CROATIA,LD,25019.141,3019
2014,4,CYPRUS,LC,61818.516000000003,2260
2014,4,CZECHIA,LK,75912.356,5979
2014,4,DENMARK*,EK,218612.57699999999,14622
2014,4,FINLAND,EF,169753.92800000001,10626
2014,4,FRANCE,LF,1677051.608,81266
2014,4,GEORGIA,UG,16789.901000000002,964
2014,4,GERMANY,ED,2233893.0079999999,90041
2014,4,GREECE,LG,160902.163,13916
2014,4,HUNGARY,LH,51544.527999999998,4025
2014,4,ICELAND,BI,19774.587,1617
2014,4,IRELAND,EI,174863.228,10123
2014,4,ITALY,LI,988660.29700000002,64130
2014,4,KOSOVO,BK,6747.6229999999996,548
2014,4,LATVIA,EV,29115.562999999998,2803
2014,4,LITHUANIA,EY,22893.941999999999,2200
2014,4,LUXEMBOURG,EL,98151.771999999997,2507
2014,4,MALTA,LM,30632.420999999998,1647
2014,4,"MOLDOVA, REPUBLIC OF",LU,7767.9620000000004,717
2014,4,MONACO,LN,41.578000000000003,57
2014,4,MONTENEGRO,LY,5331.1409999999996,617
2014,4,NETHERLANDS,EH,829171.48499999999,23717
2014,4,NORTH MACEDONIA,LW,6708.7839999999997,554
2014,4,NORWAY*,EN,247466.80600000001,33013
2014,4,POLAND,EP,147556.34400000001,13261
2014,4,PORTUGAL*,LP,288650.755,13989
2014,4,ROMANIA,LR,76122.665999999997,5615
2014,4,SERBIA,LY,26871.414000000001,2492
2014,4,SLOVAKIA,LZ,8280.1059999999998,931
2014,4,SLOVENIA,LJ,9187.625,1203
2014,4,SPAIN,LE,1113818.7250000001,57820
2014,4,SWEDEN,ES,237819.28,23482
2014,4,SWITZERLAND,LS,393969.891,19964
2014,4,TÜRKIYE,LT,974074.03099999996,47649
2014,4,UNITED KINGDOM*,EG,2683555.9070000001,94430
2014,5,ALBANIA,LA,7087.8379999999997,713
2014,5,ARMENIA,UD,18749.954000000002,951
2014,5,AUSTRIA,LO,197125.348,15227
2014,5,BELGIUM,EB,336743.48200000002,14809
2014,5,BOSNIA AND HERZEGOVINA,LQ,5417.4160000000002,695
2014,5,BULGARIA,LB,42252.745999999999,2924
2014,5,CANARY ISLANDS,GC,222645.177,12400
2014,5,CROATIA,LD,41649.843000000001,4257
2014,5,CYPRUS,LC,89032.285000000003,2946
2014,5,CZECHIA,LK,84345.392999999996,6617
2014,5,DENMARK*,EK,233819.98499999999,16047
2014,5,FINLAND,EF,174295.764,11192
2014,5,FRANCE,LF,1766202.83,85554
2014,5,GEORGIA,UG,19182.786,1111
2014,5,GERMANY,ED,2480943.2659999998,100311
2014,5,GREECE,LG,338076.674,20906
2014,5,HUNGARY,LH,54378.599000000002,4167
2014,5,ICELAND,BI,23357.633999999998,1766
2014,5,IRELAND,EI,197537.11799999999,11029
2014,5,ITALY,LI,1076067.541,70910
2014,5,KOSOVO,BK,7156.6610000000001,574
2014,5,LATVIA,EV,33884.154000000002,2982
2014,5,LITHUANIA,EY,25960.571,2329
2014,5,LUXEMBOURG,EL,95200.729000000007,2687
2014,5,MALTA,LM,33519.264999999999,1824
2014,5,"MOLDOVA, REPUBLIC OF",LU,9211.9650000000001,846
2014,5,MONACO,LN,44.292999999999999,62
2014,5,MONTENEGRO,LY,8099.0919999999996,794
2014,5,NETHERLANDS,EH,892140.74800000002,25768
2014,5,NORTH MACEDONIA,LW,7347.06,621
2014,5,NORWAY*,EN,271530.929,36456
2014,5,POLAND,EP,170157.986,14427
2014,5,PORTUGAL*,LP,311206.03899999999,15417
2014,5,ROMANIA,LR,81754.380999999994,6082
2014,5,SERBIA,LY,28084.521000000001,2669
2014,5,SLOVAKIA,LZ,7658.26,999
2014,5,SLOVENIA,LJ,10795.599,1347
2014,5,SPAIN,LE,1267424.537,65682
2014,5,SWEDEN,ES,258654.05100000001,24958
2014,5,SWITZERLAND,LS,408139.75599999999,21461
2014,5,TÜRKIYE,LT,1187637.4620000001,54639
2014,5,UNITED KINGDOM*,EG,2929539.6129999999,104918
2014,6,ALBANIA,LA,7333.8559999999998,720
2014,6,ARMENIA,UD,19913.241000000002,1021
2014,6,AUSTRIA,LO,206573.747,15832
2014,6,BELGIUM,EB,340915.83299999998,14824
2014,6,BOSNIA AND HERZEGOVINA,LQ,5251.62,717
2014,6,BULGARIA,LB,86079.241999999998,5036
2014,6,CANARY ISLANDS,GC,218387.56899999999,12189
2014,6,CROATIA,LD,53265.968000000001,5283
2014,6,CYPRUS,LC,98208.343999999997,3185
2014,6,CZECHIA,LK,100503.228,7336
2014,6,DENMARK*,EK,249165.592,16512
2014,6,FINLAND,EF,178558.079,10529
2014,6,FRANCE,LF,1796372.371,88525
2014,6,GEORGIA,UG,21287.580999999998,1199
2014,6,GERMANY,ED,2475693.1490000002,99985
2014,6,GREECE,LG,454088.33899999998,26428
2014,6,HUNGARY,LH,57078.258000000002,4357
2014,6,ICELAND,BI,30692.293000000001,2073
2014,6,IRELAND,EI,211209.58100000001,11243
2014,6,ITALY,LI,1154767.6580000001,76730
2014,6,KOSOVO,BK,7016.2089999999998,554
2014,6,LATVIA,EV,36047.748,3047
2014,6,LITHUANIA,EY,25306.499,2263
2014,6,LUXEMBOURG,EL,90645.452000000005,2714
2014,6,MALTA,LM,34937.440999999999,1882
2014,6,"MOLDOVA, REPUBLIC OF",LU,10169.138000000001,851
2014,6,MONACO,LN,53.423000000000002,72
2014,6,MONTENEGRO,LY,17445.276999999998,1332
2014,6,NETHERLANDS,EH,890639.36199999996,25500
2014,6,NORTH MACEDONIA,LW,7507.0439999999999,634
2014,6,NORWAY*,EN,292387.56099999999,36585
2014,6,POLAND,EP,192818.05100000001,15866
2014,6,PORTUGAL*,LP,328160.77100000001,15109
2014,6,ROMANIA,LR,89617.206000000006,6400
2014,6,SERBIA,LY,30710.518,3015
2014,6,SLOVAKIA,LZ,14029.841,1341
2014,6,SLOVENIA,LJ,9993.2870000000003,1398
2014,6,SPAIN,LE,1351816.713,69869
2014,6,SWEDEN,ES,266304.571,24424
2014,6,SWITZERLAND,LS,418749.64199999999,21903
2014,6,TÜRKIYE,LT,1279777.9369999999,58308
2014,6,UNITED KINGDOM*,EG,2949019.4070000001,106011
2014,7,ALBANIA,LA,9229.6389999999992,857
2014,7,ARMENIA,UD,22100.032999999999,1117
2014,7,AUSTRIA,LO,219138.38500000001,16041
2014,7,BELGIUM,EB,366721.24900000001,15420
2014,7,BOSNIA AND HERZEGOVINA,LQ,5822.82,725
2014,7,BULGARIA,LB,99412.485000000001,5668
2014,7,CANARY ISLANDS,GC,248154.33499999999,13536
2014,7,CROATIA,LD,69680.051000000007,6575
2014,7,CYPRUS,LC,106207.82799999999,3529
2014,7,CZECHIA,LK,105663.298,7342
2014,7,DENMARK*,EK,269519.56,15561
2014,7,FINLAND,EF,179813.538,8726
2014,7,FRANCE,LF,1967104.524,92181
2014,7,GEORGIA,UG,23244.758000000002,1305
2014,7,GERMANY,ED,2605833.2319999998,102498
2014,7,GREECE,LG,536936.48899999994,31641
2014,7,HUNGARY,LH,61071.207000000002,4520
2014,7,ICELAND,BI,33901.809000000001,2239
2014,7,IRELAND,EI,226845.16200000001,11738
2014,7,ITALY,LI,1252310.176,83218
2014,7,KOSOVO,BK,10332.736000000001,780
2014,7,LATVIA,EV,36417.868000000002,3259
2014,7,LITHUANIA,EY,25376.437000000002,2343
2014,7,LUXEMBOURG,EL,94643.846000000005,2641
2014,7,MALTA,LM,39408.911,2044
2014,7,"MOLDOVA, REPUBLIC OF",LU,11455.638000000001,945
2014,7,MONACO,LN,55.036999999999999,72
2014,7,MONTENEGRO,LY,19924.383999999998,1514
2014,7,NETHERLANDS,EH,951324.23899999994,26381
2014,7,NORTH MACEDONIA,LW,8558.7160000000003,709
2014,7,NORWAY*,EN,301096.52799999999,33808
2014,7,POLAND,EP,205697.66699999999,16227
2014,7,PORTUGAL*,LP,377671.58600000001,17283
2014,7,ROMANIA,LR,93724.323000000004,6819
2014,7,SERBIA,LY,33820.877,3235
2014,7,SLOVAKIA,LZ,18897.185000000001,1550
2014,7,SLOVENIA,LJ,11050.815000000001,1466
2014,7,SPAIN,LE,1492394.7050000001,76797
2014,7,SWEDEN,ES,258653.595,19843
2014,7,SWITZERLAND,LS,446370.10600000003,22498
2014,7,TÜRKIYE,LT,1357350.11,61022
2014,7,UNITED KINGDOM*,EG,3119095.0469999998,110512
2014,8,ALBANIA,LA,10248.620999999999,902
2014,8,ARMENIA,UD,23426.974999999999,1159
2014,8,AUSTRIA,LO,219447.13,15583
2014,8,BELGIUM,EB,364065.77600000001,14666
2014,8,BOSNIA AND HERZEGOVINA,LQ,5868.04,745
2014,8,BULGARIA,LB,101501.96799999999,5927
2014,8,CANARY ISLANDS,GC,260493.011,13950
2014,8,CROATIA,LD,67262.485000000001,6650
2014,8,CYPRUS,LC,110429.88,3605
2014,8,CZECHIA,LK,106185.171,7365
2014,8,DENMARK*,EK,254901.573,15622
2014,8,FINLAND,EF,182780.64199999999,10489
2014,8,FRANCE,LF,1978189.0160000001,84604
2014,8,GEORGIA,UG,25075.686000000002,1400
2014,8,GERMANY,ED,2606932.1919999998,97842
2014,8,GREECE,LG,548128.50199999998,32713
2014,8,HUNGARY,LH,58955.752999999997,4341
2014,8,ICELAND,BI,32295.701000000001,2188
2014,8,IRELAND,EI,220411.42199999999,11380
2014,8,ITALY,LI,1276140.338,81991
2014,8,KOSOVO,BK,11254.004000000001,845
2014,8,LATVIA,EV,36219.016000000003,3172
2014,8,LITHUANIA,EY,25328.804,2314
2014,8,LUXEMBOURG,EL,101342.871,2464
2014,8,MALTA,LM,39617.934999999998,2137
2014,8,"MOLDOVA, REPUBLIC OF",LU,11845.95,957
2014,8,MONACO,LN,61.295000000000002,78
2014,8,MONTENEGRO,LY,20727.064999999999,1596
2014,8,NETHERLANDS,EH,965096.92299999995,26086
2014,8,NORTH MACEDONIA,LW,8849.8349999999991,720
2014,8,NORWAY*,EN,286220.614,35293
2014,8,POLAND,EP,206372.83199999999,15763
2014,8,PORTUGAL*,LP,382064.87400000001,17463
2014,8,ROMANIA,LR,93422.67,6530
2014,8,SERBIA,LY,33949.137999999999,3214
2014,8,SLOVAKIA,LZ,18071.571,1554
2014,8,SLOVENIA,LJ,10930.581,1435
2014,8,SPAIN,LE,1498712.273,76213
2014,8,SWEDEN,ES,261589.64300000001,22650
2014,8,SWITZERLAND,LS,447250.571,22159
2014,8,TÜRKIYE,LT,1426585.7709999999,64885
2014,8,UNITED KINGDOM*,EG,3125664.74,107632
2014,9,ALBANIA,LA,10427.187,854
2014,9,ARMENIA,UD,19437.398000000001,937
2014,9,AUSTRIA,LO,214233.481,15638
2014,9,BELGIUM,EB,352361.95500000002,15140
2014,9,BOSNIA AND HERZEGOVINA,LQ,5346.05,692
2014,9,BULGARIA,LB,67660.528000000006,4036
2014,9,CANARY ISLANDS,GC,227804.52600000001,12507
2014,9,CROATIA,LD,51942.423000000003,5042
2014,9,CYPRUS,LC,99855.365000000005,3247
2014,9,CZECHIA,LK,100623.231,7316
2014,9,DENMARK*,EK,238224.685,16488
2014,9,FINLAND,EF,178370.04699999999,11315
2014,9,FRANCE,LF,1571012.355,82079
2014,9,GEORGIA,UG,23015.734,1219
2014,9,GERMANY,ED,2572933.2949999999,103786
2014,9,GREECE,LG,450265.14,26434
2014,9,HUNGARY,LH,55893.087,4393
2014,9,ICELAND,BI,28222.085999999999,1790
2014,9,IRELAND,EI,206779.75099999999,10970
2014,9,ITALY,LI,1149863.7439999999,75054
2014,9,KOSOVO,BK,7166.61,582
2014,9,LATVIA,EV,34740.237999999998,2981
2014,9,LITHUANIA,EY,25532.819,2333
2014,9,LUXEMBOURG,EL,97101.97,2654
2014,9,MALTA,LM,34461.250999999997,1885
2014,9,"MOLDOVA, REPUBLIC OF",LU,11359.031999999999,965
2014,9,MONACO,LN,54.569000000000003,69
2014,9,MONTENEGRO,LY,14160.816999999999,1110
2014,9,NETHERLANDS,EH,906267.88300000003,25674
2014,9,NORTH MACEDONIA,LW,8219.8130000000001,658
2014,9,NORWAY*,EN,283935.11599999998,37739
2014,9,POLAND,EP,197101.45800000001,16133
2014,9,PORTUGAL*,LP,341156.54800000001,15376
2014,9,ROMANIA,LR,92687.691000000006,6522
2014,9,SERBIA,LY,30966.855,2950
2014,9,SLOVAKIA,LZ,14892.681,1497
2014,9,SLOVENIA,LJ,9524.1309999999994,1324
2014,9,SPAIN,LE,1339617.6629999999,69089
2014,9,SWEDEN,ES,266067.74800000002,26205
2014,9,SWITZERLAND,LS,421936.82199999999,22331
2014,9,TÜRKIYE,LT,1305783.2749999999,58808
2014,9,UNITED KINGDOM*,EG,2988790.3560000001,107117
2014,10,ALBANIA,LA,7605.4080000000004,755
2014,10,ARMENIA,UD,17912.057000000001,852
2014,10,AUSTRIA,LO,208006.951,15192
2014,10,BELGIUM,EB,341927.31599999999,14523
2014,10,BOSNIA AND HERZEGOVINA,LQ,4832.7290000000003,646
2014,10,BULGARIA,LB,31826.888999999999,2406
2014,10,CANARY ISLANDS,GC,272208.69300000003,13524
2014,10,CROATIA,LD,31978.683000000001,3602
2014,10,CYPRUS,LC,86803.592000000004,2967
2014,10,CZECHIA,LK,80528.058000000005,6286
2014,10,DENMARK*,EK,242189.5,16290
2014,10,FINLAND,EF,185008.14600000001,10922
2014,10,FRANCE,LF,1742151.878,83532
2014,10,GEORGIA,UG,18412.805,1028
2014,10,GERMANY,ED,2553194.4479999999,102703
2014,10,GREECE,LG,287247.97700000001,19168
2014,10,HUNGARY,LH,55950.610999999997,4299
2014,10,ICELAND,BI,24115.901000000002,1709
2014,10,IRELAND,EI,196197.106,10728
2014,10,ITALY,LI,1052089.642,67131
2014,10,KOSOVO,BK,7232.48,572
2014,10,LATVIA,EV,29155.78,2780
2014,10,LITHUANIA,EY,25767.33,2333
2014,10,LUXEMBOURG,EL,104174.145,2624
2014,10,MALTA,LM,33364.125,1848
2014,10,"MOLDOVA, REPUBLIC OF",LU,9787.8130000000001,873
2014,10,MONACO,LN,41.250999999999998,54
2014,10,MONTENEGRO,LY,6289.9350000000004,703
2014,10,NETHERLANDS,EH,908173.04399999999,25364
2014,10,NORTH MACEDONIA,LW,6803.643,578
2014,10,NORWAY*,EN,278124.489,36979
2014,10,POLAND,EP,166222.054,14630
2014,10,PORTUGAL*,LP,314223.87400000001,14634
2014,10,ROMANIA,LR,89676.168999999994,6523
2014,10,SERBIA,LY,28368.501,2630
2014,10,SLOVAKIA,LZ,8722.3610000000008,1080
2014,10,SLOVENIA,LJ,8516.9,1321
2014,10,SPAIN,LE,1219669.7169999999,62580
2014,10,SWEDEN,ES,268988.96799999999,26504
2014,10,SWITZERLAND,LS,426382.196,21792
2014,10,TÜRKIYE,LT,1209059.72,55475
2014,10,UNITED KINGDOM*,EG,2925370.12,103783
2014,11,ALBANIA,LA,6759.0910000000003,662
2014,11,ARMENIA,UD,15036.689,730
2014,11,AUSTRIA,LO,177504.122,13295
2014,11,BELGIUM,EB,311382.66100000002,12638
2014,11,BOSNIA AND HERZEGOVINA,LQ,3462.8780000000002,487
2014,11,BULGARIA,LB,25235.554,1986
2014,11,CANARY ISLANDS,GC,291576.46600000001,13521
2014,11,CROATIA,LD,13114.526,2017
2014,11,CYPRUS,LC,48745.036999999997,1894
2014,11,CZECHIA,LK,61383.75,5151
2014,11,DENMARK*,EK,200521.283,13706
2014,11,FINLAND,EF,162725.32500000001,9862
2014,11,FRANCE,LF,1512409.754,68916
2014,11,GEORGIA,UG,16378.123,899
2014,11,GERMANY,ED,2270946.09,88210
2014,11,GREECE,LG,108621.359,10302
2014,11,HUNGARY,LH,50073.766000000003,3607
2014,11,ICELAND,BI,21239.081999999999,1450
2014,11,IRELAND,EI,154019.07999999999,8951
2014,11,ITALY,LI,850789.76100000006,54246
2014,11,KOSOVO,BK,5863.424,494
2014,11,LATVIA,EV,25010.785,2352
2014,11,LITHUANIA,EY,20330.956999999999,1903
2014,11,LUXEMBOURG,EL,109574.848,2332
2014,11,MALTA,LM,21533.100999999999,1226
2014,11,"MOLDOVA, REPUBLIC OF",LU,9309.0580000000009,839
2014,11,MONACO,LN,20.189,28
2014,11,MONTENEGRO,LY,4322.8789999999999,540
2014,11,NETHERLANDS,EH,796811.18700000003,21280
2014,11,NORTH MACEDONIA,LW,5885.8329999999996,507
2014,11,NORWAY*,EN,237361.962,32473
2014,11,POLAND,EP,142094.23300000001,12423
2014,11,PORTUGAL*,LP,241367.25899999999,11262
2014,11,ROMANIA,LR,79504.864000000001,5789
2014,11,SERBIA,LY,24791.632000000001,2322
2014,11,SLOVAKIA,LZ,6870.9129999999996,903
2014,11,SLOVENIA,LJ,6258.2619999999997,969
2014,11,SPAIN,LE,891828.64300000004,45292
2014,11,SWEDEN,ES,232673.90299999999,22844
2014,11,SWITZERLAND,LS,374006.42599999998,18228
2014,11,TÜRKIYE,LT,905138.27899999998,43708
2014,11,UNITED KINGDOM*,EG,2488323.98,86796
2014,12,ALBANIA,LA,7152.9769999999999,715
2014,12,ARMENIA,UD,17809.217000000001,833
2014,12,AUSTRIA,LO,176733.283,12336
2014,12,BELGIUM,EB,293330.32699999999,11344
2014,12,BOSNIA AND HERZEGOVINA,LQ,3942.6529999999998,497
2014,12,BULGARIA,LB,26570.778999999999,1897
2014,12,CANARY ISLANDS,GC,291907.15500000003,13996
2014,12,CROATIA,LD,12616.147000000001,1894
2014,12,CYPRUS,LC,38540.328999999998,1628
2014,12,CZECHIA,LK,60115.364000000001,4836
2014,12,DENMARK*,EK,188742.33,12031
2014,12,FINLAND,EF,175117.52100000001,9393
2014,12,FRANCE,LF,1587015.916,69075
2014,12,GEORGIA,UG,16565.97,901
2014,12,GERMANY,ED,2070986.3289999999,76949
2014,12,GREECE,LG,103789.97900000001,10431
2014,12,HUNGARY,LH,48366.96,3580
2014,12,ICELAND,BI,18231.396000000001,1348
2014,12,IRELAND,EI,150542.416,8724
2014,12,ITALY,LI,852740.61100000003,53361
2014,12,KOSOVO,BK,6786.9,574
2014,12,LATVIA,EV,24417.718000000001,2326
2014,12,LITHUANIA,EY,19242.929,1846
2014,12,LUXEMBOURG,EL,99952.7,2214
2014,12,MALTA,LM,21004.165000000001,1218
2014,12,"MOLDOVA, REPUBLIC OF",LU,10029.239,870
2014,12,MONACO,LN,14.792,20
2014,12,MONTENEGRO,LY,4245.0609999999997,538
2014,12,NETHERLANDS,EH,782918.11699999997,19986
2014,12,NORTH MACEDONIA,LW,6184.1229999999996,506
2014,12,NORWAY*,EN,215841.196,28552
2014,12,POLAND,EP,138561.97899999999,11852
2014,12,PORTUGAL*,LP,257235.484,11615
2014,12,ROMANIA,LR,72921.601999999999,5385
2014,12,SERBIA,LY,26962.668000000001,2476
2014,12,SLOVAKIA,LZ,7354.6,912
2014,12,SLOVENIA,LJ,7547.7039999999997,1012
2014,12,SPAIN,LE,878530.14800000004,43038
2014,12,SWEDEN,ES,226047.26300000001,19890
2014,12,SWITZERLAND,LS,392134.77600000001,19088
2014,12,TÜRKIYE,LT,875300.228,42806
2014,12,UNITED KINGDOM*,EG,2524689.9550000001,84532
2015,1,ALBANIA,LA,6785.2550000000001,690
2015,1,ARMENIA,UD,14830.448,739
2015,1,AUSTRIA,LO,174229.08300000001,12691
2015,1,BELGIUM,EB,290543.913,11819
2015,1,BOSNIA AND HERZEGOVINA,LQ,3580.2959999999998,461
2015,1,BULGARIA,LB,27621.043000000001,1998
2015,1,CANARY ISLANDS,GC,289049.84600000002,13679
2015,1,CROATIA,LD,12773.189,1945
2015,1,CYPRUS,LC,32612.534,1421
2015,1,CZECHIA,LK,56564.277999999998,4656
2015,1,DENMARK*,EK,197336.63,12315
2015,1,FINLAND,EF,175969.96,9095
2015,1,FRANCE,LF,1542301.1910000001,67356
2015,1,GEORGIA,UG,15258.655000000001,859
2015,1,GERMANY,ED,2118276.4350000001,77735
2015,1,GREECE,LG,98107.801999999996,10212
2015,1,HUNGARY,LH,46887.103999999999,3454
2015,1,ICELAND,BI,17493.484,1466
2015,1,IRELAND,EI,142086.14000000001,8549
2015,1,ITALY,LI,840651.603,54147
2015,1,KOSOVO,BK,6666.9030000000002,542
2015,1,LATVIA,EV,24329.831999999999,2408
2015,1,LITHUANIA,EY,19863.311000000002,1861
2015,1,LUXEMBOURG,EL,93069.319000000003,2122
2015,1,MALTA,LM,19920.196,1208
2015,1,"MOLDOVA, REPUBLIC OF",LU,9638.0249999999996,842
2015,1,MONACO,LN,22.335000000000001,34
2015,1,MONTENEGRO,LY,4494.7139999999999,517
2015,1,NETHERLANDS,EH,777362.31700000004,19716
2015,1,NORTH MACEDONIA,LW,5936.9769999999999,496
2015,1,NORWAY*,EN,222134.67499999999,29921
2015,1,POLAND,EP,142730.69899999999,12141
2015,1,PORTUGAL*,LP,254327.163,11606
2015,1,ROMANIA,LR,70882.846000000005,5434
2015,1,SERBIA,LY,24765.48,2400
2015,1,SLOVAKIA,LZ,6610.643,813
2015,1,SLOVENIA,LJ,7181.2659999999996,1063
2015,1,SPAIN,LE,846081.01500000001,42362
2015,1,SWEDEN,ES,226459.63099999999,19593
2015,1,SWITZERLAND,LS,402015.81699999998,20105
2015,1,TÜRKIYE,LT,869037.02399999998,42044
2015,1,UNITED KINGDOM*,EG,2496387.3139999998,83147
2015,2,ALBANIA,LA,5781.6149999999998,620
2015,2,ARMENIA,UD,12869.366,656
2015,2,AUSTRIA,LO,157487.29500000001,12301
2015,2,BELGIUM,EB,274787.23100000003,11585
2015,2,BOSNIA AND HERZEGOVINA,LQ,3219.998,403
2015,2,BULGARIA,LB,25533.197,1916
2015,2,CANARY ISLANDS,GC,261071.19699999999,12677
2015,2,CROATIA,LD,11798.109,1782
2015,2,CYPRUS,LC,30097.116000000002,1303
2015,2,CZECHIA,LK,50439.17,4329
2015,2,DENMARK*,EK,188042.848,12520
2015,2,FINLAND,EF,163471.13699999999,9407
2015,2,FRANCE,LF,1409253.7749999999,65358
2015,2,GEORGIA,UG,13097.776,744
2015,2,GERMANY,ED,1940940.2109999999,77230
2015,2,GREECE,LG,88850.967000000004,9094
2015,2,HUNGARY,LH,43059.057000000001,3270
2015,2,ICELAND,BI,15931.198,1309
2015,2,IRELAND,EI,128904.921,8118
2015,2,ITALY,LI,752810.06400000001,50225
2015,2,KOSOVO,BK,5134.5649999999996,449
2015,2,LATVIA,EV,21792.003000000001,2109
2015,2,LITHUANIA,EY,17036.771000000001,1818
2015,2,LUXEMBOURG,EL,93412.797000000006,2103
2015,2,MALTA,LM,18464.249,1165
2015,2,"MOLDOVA, REPUBLIC OF",LU,7436.2330000000002,707
2015,2,MONACO,LN,18.539000000000001,29
2015,2,MONTENEGRO,LY,3788.7620000000002,456
2015,2,NETHERLANDS,EH,710140.46400000004,19502
2015,2,NORTH MACEDONIA,LW,5029.7060000000001,443
2015,2,NORWAY*,EN,212953.91099999999,28864
2015,2,POLAND,EP,131927.522,11667
2015,2,PORTUGAL*,LP,223481.40700000001,10485
2015,2,ROMANIA,LR,65482.637999999999,5302
2015,2,SERBIA,LY,21691.924999999999,2117
2015,2,SLOVAKIA,LZ,6184.5240000000003,847
2015,2,SLOVENIA,LJ,6554.9260000000004,978
2015,2,SPAIN,LE,792647.799,40839
2015,2,SWEDEN,ES,220567.182,20529
2015,2,SWITZERLAND,LS,358922.47499999998,18506
2015,2,TÜRKIYE,LT,780558.54599999997,38308
2015,2,UNITED KINGDOM*,EG,2276651.7319999998,81377
2015,3,ALBANIA,LA,6771.9080000000004,721
2015,3,ARMENIA,UD,14783.733,763
2015,3,AUSTRIA,LO,185802.864,14397
2015,3,BELGIUM,EB,315821.25099999999,13205
2015,3,BOSNIA AND HERZEGOVINA,LQ,3998.3020000000001,477
2015,3,BULGARIA,LB,27916.991999999998,2128
2015,3,CANARY ISLANDS,GC,291870.43800000002,13816
2015,3,CROATIA,LD,14991.175999999999,2157
2015,3,CYPRUS,LC,40530.127,1706
2015,3,CZECHIA,LK,62467.34,5300
2015,3,DENMARK*,EK,223888.81099999999,14773
2015,3,FINLAND,EF,184859.10699999999,10880
2015,3,FRANCE,LF,1607496.8629999999,76639
2015,3,GEORGIA,UG,16478.079000000002,882
2015,3,GERMANY,ED,2270626.42,90202
2015,3,GREECE,LG,107444.30100000001,10721
2015,3,HUNGARY,LH,50652.067999999999,3831
2015,3,ICELAND,BI,20946.973999999998,1566
2015,3,IRELAND,EI,156255.11900000001,9431
2015,3,ITALY,LI,889067.52000000002,59241
2015,3,KOSOVO,BK,5946.2219999999998,502
2015,3,LATVIA,EV,27257.141,2519
2015,3,LITHUANIA,EY,20237.060000000001,2149
2015,3,LUXEMBOURG,EL,106429.48,2436
2015,3,MALTA,LM,21889.082999999999,1349
2015,3,"MOLDOVA, REPUBLIC OF",LU,8458.4449999999997,767
2015,3,MONACO,LN,18.306000000000001,28
2015,3,MONTENEGRO,LY,4171.3490000000002,522
2015,3,NETHERLANDS,EH,809884.83299999998,22464
2015,3,NORTH MACEDONIA,LW,5953.665,518
2015,3,NORWAY*,EN,237731.00099999999,32761
2015,3,POLAND,EP,151122.084,13371
2015,3,PORTUGAL*,LP,259917.78,12229
2015,3,ROMANIA,LR,74078.565000000002,5885
2015,3,SERBIA,LY,24956.614000000001,2434
2015,3,SLOVAKIA,LZ,8029.0640000000003,1011
2015,3,SLOVENIA,LJ,7728.0739999999996,1156
2015,3,SPAIN,LE,948211.87600000005,49464
2015,3,SWEDEN,ES,254435.399,23973
2015,3,SWITZERLAND,LS,407628.66399999999,21232
2015,3,TÜRKIYE,LT,934573.549,46056
2015,3,UNITED KINGDOM*,EG,2617646.3670000001,93173
2015,4,ALBANIA,LA,8498.3349999999991,870
2015,4,ARMENIA,UD,16506.348999999998,788
2015,4,AUSTRIA,LO,201705.75899999999,14246
2015,4,BELGIUM,EB,339484.22,14225
2015,4,BOSNIA AND HERZEGOVINA,LQ,4964.0079999999998,596
2015,4,BULGARIA,LB,32618.782999999999,2356
2015,4,CANARY ISLANDS,GC,260012.58,13145
2015,4,CROATIA,LD,26770.240000000002,3168
2015,4,CYPRUS,LC,64544.974999999999,2523
2015,4,CZECHIA,LK,70572.209000000003,5909
2015,4,DENMARK*,EK,222655.90100000001,15136
2015,4,FINLAND,EF,167697.38200000001,10097
2015,4,FRANCE,LF,1679506.138,78921
2015,4,GEORGIA,UG,17214.321,962
2015,4,GERMANY,ED,2340188.4049999998,93854
2015,4,GREECE,LG,183026.87400000001,15259
2015,4,HUNGARY,LH,53941.807999999997,4137
2015,4,ICELAND,BI,21424.178,1583
2015,4,IRELAND,EI,182960.40100000001,10189
2015,4,ITALY,LI,1014652.013,66435
2015,4,KOSOVO,BK,7263.8509999999997,587
2015,4,LATVIA,EV,29055.893,2830
2015,4,LIECHTENSTEIN,LS,0.54200000000000004,1
2015,4,LITHUANIA,EY,23739.888999999999,2278
2015,4,LUXEMBOURG,EL,105897.42,2593
2015,4,MALTA,LM,32661.731,1866
2015,4,"MOLDOVA, REPUBLIC OF",LU,11249.108,908
2015,4,MONACO,LN,23.908999999999999,41
2015,4,MONTENEGRO,LY,5741.2619999999997,653
2015,4,NETHERLANDS,EH,850584.76300000004,24444
2015,4,NORTH MACEDONIA,LW,6530.6019999999999,551
2015,4,NORWAY*,EN,244662.40100000001,32810
2015,4,POLAND,EP,158344.28200000001,13850
2015,4,PORTUGAL*,LP,302361.46399999998,14697
2015,4,ROMANIA,LR,80797.759000000005,6064
2015,4,SERBIA,LY,25095.602999999999,2533
2015,4,SLOVAKIA,LZ,8829.3819999999996,1105
2015,4,SLOVENIA,LJ,8774.49,1308
2015,4,SPAIN,LE,1140331.2350000001,59812
2015,4,SWEDEN,ES,246196.481,23661
2015,4,SWITZERLAND,LS,405895.272,20371
2015,4,TÜRKIYE,LT,1046488.09,50615
2015,4,UNITED KINGDOM*,EG,2730510.7790000001,96009
2015,5,ALBANIA,LA,8289.7939999999999,905
2015,5,ARMENIA,UD,15212.902,765
2015,5,AUSTRIA,LO,211416.60800000001,14947
2015,5,BELGIUM,EB,360851.92499999999,15145
2015,5,BOSNIA AND HERZEGOVINA,LQ,6456.1189999999997,679
2015,5,BULGARIA,LB,44077.417999999998,2988
2015,5,CANARY ISLANDS,GC,215953.24600000001,12153
2015,5,CROATIA,LD,43845.478999999999,4579
2015,5,CYPRUS,LC,86928.698999999993,2981
2015,5,CZECHIA,LK,82237.785000000003,6751
2015,5,DENMARK*,EK,230481.50200000001,15781
2015,5,FINLAND,EF,171616.46799999999,10549
2015,5,FRANCE,LF,1772046.385,85601
2015,5,GEORGIA,UG,18551.788,1063
2015,5,GERMANY,ED,2519183.6310000001,100466
2015,5,GREECE,LG,347545.973,22013
2015,5,HUNGARY,LH,58857.898000000001,4300
2015,5,ICELAND,BI,33252.972000000002,1944
2015,5,IRELAND,EI,220468.93400000001,11263
2015,5,ITALY,LI,1101007.6000000001,70708
2015,5,KOSOVO,BK,7410.1059999999998,604
2015,5,LATVIA,EV,31682.187000000002,3076
2015,5,LITHUANIA,EY,26563.670999999998,2434
2015,5,LUXEMBOURG,EL,106749.837,2704
2015,5,MALTA,LM,36481.978999999999,2007
2015,5,"MOLDOVA, REPUBLIC OF",LU,12527.084000000001,1034
2015,5,MONACO,LN,28.998000000000001,47
2015,5,MONTENEGRO,LY,7789.7190000000001,826
2015,5,NETHERLANDS,EH,934106.53099999996,26461
2015,5,NORTH MACEDONIA,LW,7340.0050000000001,601
2015,5,NORWAY*,EN,255677.50899999999,33874
2015,5,POLAND,EP,175000.92499999999,15282
2015,5,PORTUGAL*,LP,313938.74900000001,15317
2015,5,ROMANIA,LR,82931.131999999998,6245
2015,5,SERBIA,LY,27401.062999999998,2723
2015,5,SLOVAKIA,LZ,10097.955,1200
2015,5,SLOVENIA,LJ,9534.5709999999999,1356
2015,5,SPAIN,LE,1288826.1769999999,68569
2015,5,SWEDEN,ES,259897.70699999999,24680
2015,5,SWITZERLAND,LS,426916.663,21538
2015,5,TÜRKIYE,LT,1264428.233,59213
2015,5,UNITED KINGDOM*,EG,2991594.4210000001,105526
2015,6,ALBANIA,LA,8918.2189999999991,956
2015,6,ARMENIA,UD,15234.829,774
2015,6,AUSTRIA,LO,220081.13200000001,15800
2015,6,BELGIUM,EB,365940.674,15752
2015,6,BOSNIA AND HERZEGOVINA,LQ,6488.5510000000004,673
2015,6,BULGARIA,LB,77722.703999999998,4620
2015,6,CANARY ISLANDS,GC,211091.649,11873
2015,6,CROATIA,LD,54483.904999999999,5365
2015,6,CYPRUS,LC,90187.570999999996,3076
2015,6,CZECHIA,LK,100369.73699999999,7440
2015,6,DENMARK*,EK,246316.15299999999,16577
2015,6,FINLAND,EF,169914.42300000001,10016
2015,6,FRANCE,LF,1817590.3770000001,90397
2015,6,GEORGIA,UG,22044.276000000002,1233
2015,6,GERMANY,ED,2519560.2519999999,103084
2015,6,GREECE,LG,450584.61599999998,27789
2015,6,HUNGARY,LH,63523.934999999998,4600
2015,6,ICELAND,BI,40148.521999999997,2137
2015,6,IRELAND,EI,249194.66099999999,12121
2015,6,ITALY,LI,1163091.4169999999,74392
2015,6,KOSOVO,BK,8111.31,609
2015,6,LATVIA,EV,35184.027000000002,3180
2015,6,LITHUANIA,EY,26317.391,2280
2015,6,LUXEMBOURG,EL,104768.81600000001,2806
2015,6,MALTA,LM,36271.432000000001,2034
2015,6,"MOLDOVA, REPUBLIC OF",LU,13183.348,1089
2015,6,MONACO,LN,23.193000000000001,38
2015,6,MONTENEGRO,LY,15292.725,1258
2015,6,NETHERLANDS,EH,915857.86199999996,26277
2015,6,NORTH MACEDONIA,LW,7784.0839999999998,653
2015,6,NORWAY*,EN,276719.55900000001,36172
2015,6,POLAND,EP,204090.788,16751
2015,6,PORTUGAL*,LP,341482.81,16255
2015,6,ROMANIA,LR,87350.702999999994,6576
2015,6,SERBIA,LY,29006.494999999999,3004
2015,6,SLOVAKIA,LZ,17592.298999999999,1601
2015,6,SLOVENIA,LJ,11625.366,1562
2015,6,SPAIN,LE,1365872.6189999999,71917
2015,6,SWEDEN,ES,266184.95199999999,24751
2015,6,SWITZERLAND,LS,424983.386,22119
2015,6,TÜRKIYE,LT,1327718.463,60741
2015,6,UNITED KINGDOM*,EG,3021970.94,109143
2015,7,ALBANIA,LA,10386.507,1066
2015,7,ARMENIA,UD,18480.445,910
2015,7,AUSTRIA,LO,233329.04199999999,15801
2015,7,BELGIUM,EB,387344.40899999999,15983
2015,7,BOSNIA AND HERZEGOVINA,LQ,8023.5079999999998,779
2015,7,BULGARIA,LB,97730.55,5658
2015,7,CANARY ISLANDS,GC,238736.56700000001,13208
2015,7,CROATIA,LD,69650.434999999998,6599
2015,7,CYPRUS,LC,101321.496,3537
2015,7,CZECHIA,LK,108683.796,7886
2015,7,DENMARK*,EK,267685.13099999999,15451
2015,7,FINLAND,EF,174229.87700000001,8853
2015,7,FRANCE,LF,1982584.1969999999,92599
2015,7,GEORGIA,UG,26272.903999999999,1481
2015,7,GERMANY,ED,2640750.2080000001,104032
2015,7,GREECE,LG,544176.47400000005,33253
2015,7,HUNGARY,LH,69816.945000000007,4927
2015,7,ICELAND,BI,43700.69,2454
2015,7,IRELAND,EI,265218.88799999998,12469
2015,7,ITALY,LI,1279913.4680000001,82473
2015,7,KOSOVO,BK,12243.644,893
2015,7,LATVIA,EV,34688.803,3240
2015,7,LIECHTENSTEIN,LS,0.627,1
2015,7,LITHUANIA,EY,25658.455000000002,2401
2015,7,LUXEMBOURG,EL,110347.379,2749
2015,7,MALTA,LM,39015.269,2254
2015,7,"MOLDOVA, REPUBLIC OF",LU,14452.966,1143
2015,7,MONACO,LN,53.673999999999999,79
2015,7,MONTENEGRO,LY,19375.756000000001,1631
2015,7,NETHERLANDS,EH,983625.38399999996,26887
2015,7,NORTH MACEDONIA,LW,10532.236999999999,836
2015,7,NORWAY*,EN,283995.34700000001,32095
2015,7,POLAND,EP,212252.584,17074
2015,7,PORTUGAL*,LP,380536.77600000001,18182
2015,7,ROMANIA,LR,93618.584000000003,6972
2015,7,SERBIA,LY,32067.411,3250
2015,7,SLOVAKIA,LZ,21869.405999999999,1813
2015,7,SLOVENIA,LJ,12954.223,1690
2015,7,SPAIN,LE,1525041.757,79418
2015,7,SWEDEN,ES,255727.35500000001,19949
2015,7,SWITZERLAND,LS,462471.50599999999,22824
2015,7,TÜRKIYE,LT,1490561.1429999999,68107
2015,7,UNITED KINGDOM*,EG,3182970.966,113513
2015,8,ALBANIA,LA,10979.978999999999,1098
2015,8,ARMENIA,UD,19911.161,962
2015,8,AUSTRIA,LO,231966.86600000001,15582
2015,8,BELGIUM,EB,381558.60100000002,15027
2015,8,BOSNIA AND HERZEGOVINA,LQ,8476.2909999999993,777
2015,8,BULGARIA,LB,99812.846999999994,5775
2015,8,CANARY ISLANDS,GC,254704.576,13563
2015,8,CROATIA,LD,68593.286999999997,6651
2015,8,CYPRUS,LC,103868.538,3674
2015,8,CZECHIA,LK,109552.95,7650
2015,8,DENMARK*,EK,254444.236,15973
2015,8,FINLAND,EF,176361.361,9852
2015,8,FRANCE,LF,1980608.7990000001,85983
2015,8,GEORGIA,UG,28527.955999999998,1578
2015,8,GERMANY,ED,2640647.9369999999,99737
2015,8,GREECE,LG,555157.11499999999,34330
2015,8,HUNGARY,LH,67642.063999999998,4653
2015,8,ICELAND,BI,42405.944000000003,2320
2015,8,IRELAND,EI,248983.652,11759
2015,8,ITALY,LI,1280048.129,79870
2015,8,KOSOVO,BK,12178.367,911
2015,8,LATVIA,EV,34943.074000000001,3246
2015,8,LITHUANIA,EY,26843.985000000001,2394
2015,8,LUXEMBOURG,EL,110416.799,2554
2015,8,MALTA,LM,39941.56,2315
2015,8,"MOLDOVA, REPUBLIC OF",LU,14471.763999999999,1131
2015,8,MONACO,LN,33.500999999999998,57
2015,8,MONTENEGRO,LY,21212.656999999999,1705
2015,8,NETHERLANDS,EH,989629.65399999998,26804
2015,8,NORTH MACEDONIA,LW,10909.878000000001,823
2015,8,NORWAY*,EN,273810.11700000003,34653
2015,8,POLAND,EP,207245.337,16463
2015,8,PORTUGAL*,LP,391196.15299999999,18487
2015,8,ROMANIA,LR,93094.948999999993,6775
2015,8,SERBIA,LY,32912.336000000003,3263
2015,8,SLOVAKIA,LZ,21023.374,1739
2015,8,SLOVENIA,LJ,12487.971,1608
2015,8,SPAIN,LE,1537259.348,78850
2015,8,SWEDEN,ES,260171.97500000001,23051
2015,8,SWITZERLAND,LS,462998.46399999998,22599
2015,8,TÜRKIYE,LT,1544879.1229999999,70907
2015,8,UNITED KINGDOM*,EG,3182865.1690000002,110457
2015,9,ALBANIA,LA,9694.3150000000005,974
2015,9,ARMENIA,UD,16139.406000000001,827
2015,9,AUSTRIA,LO,221104.94500000001,15554
2015,9,BELGIUM,EB,364226.98300000001,15489
2015,9,BOSNIA AND HERZEGOVINA,LQ,6866.701,716
2015,9,BULGARIA,LB,71474.191999999995,4335
2015,9,CANARY ISLANDS,GC,221149.16800000001,12017
2015,9,CROATIA,LD,53998.612000000001,5291
2015,9,CYPRUS,LC,94674.767000000007,3276
2015,9,CZECHIA,LK,101965.26,7691
2015,9,DENMARK*,EK,242004.13699999999,16690
2015,9,FINLAND,EF,175632.98199999999,10701
2015,9,FRANCE,LF,1789537.5460000001,87943
2015,9,GEORGIA,UG,24447.293000000001,1382
2015,9,GERMANY,ED,2555557.7510000002,104606
2015,9,GREECE,LG,449244.15500000003,27769
2015,9,HUNGARY,LH,65436.563999999998,4681
2015,9,ICELAND,BI,38988.824000000001,2083
2015,9,IRELAND,EI,232961.446,11390
2015,9,ITALY,LI,1172390.9380000001,74726
2015,9,KOSOVO,BK,8078.6319999999996,650
2015,9,LATVIA,EV,33759.616000000002,3171
2015,9,LITHUANIA,EY,26750.185000000001,2414
2015,9,LUXEMBOURG,EL,107243.47100000001,2763
2015,9,MALTA,LM,37256.044000000002,2093
2015,9,"MOLDOVA, REPUBLIC OF",LU,12937.01,1048
2015,9,MONACO,LN,42.029000000000003,63
2015,9,MONTENEGRO,LY,14476.946,1168
2015,9,NETHERLANDS,EH,929110.30500000005,26011
2015,9,NORTH MACEDONIA,LW,9265.83,725
2015,9,NORWAY*,EN,264868.05900000001,36183
2015,9,POLAND,EP,195786.76500000001,16289
2015,9,PORTUGAL*,LP,350399.89600000001,16333
2015,9,ROMANIA,LR,88539.709000000003,6610
2015,9,SERBIA,LY,29506.749,2934
2015,9,SLOVAKIA,LZ,17058.281999999999,1628
2015,9,SLOVENIA,LJ,11386.865,1579
2015,9,SPAIN,LE,1389807.8589999999,70937
2015,9,SWEDEN,ES,267405.84000000003,26074
2015,9,SWITZERLAND,LS,432899.39299999998,22334
2015,9,TÜRKIYE,LT,1404610.321,64810
2015,9,UNITED KINGDOM*,EG,3035302.943,109148
2015,10,ALBANIA,LA,8844.2610000000004,901
2015,10,ARMENIA,UD,14478.207,780
2015,10,AUSTRIA,LO,207758.802,14746
2015,10,BELGIUM,EB,360195.81599999999,14930
2015,10,BOSNIA AND HERZEGOVINA,LQ,6145.2849999999999,693
2015,10,BULGARIA,LB,35747.925000000003,2531
2015,10,CANARY ISLANDS,GC,277265.77799999999,13537
2015,10,CROATIA,LD,35428.525999999998,3707
2015,10,CYPRUS,LC,81651.982999999993,3004
2015,10,CZECHIA,LK,84868.176000000007,6550
2015,10,DENMARK*,EK,243059.60200000001,16301
2015,10,FINLAND,EF,184588.67600000001,10589
2015,10,FRANCE,LF,1758078.3840000001,84037
2015,10,GEORGIA,UG,21390.284,1187
2015,10,GERMANY,ED,2595206.0469999998,104522
2015,10,GREECE,LG,284885.61499999999,19415
2015,10,HUNGARY,LH,61305.061999999998,4448
2015,10,ICELAND,BI,28830.317999999999,1832
2015,10,IRELAND,EI,220367.739,11338
2015,10,ITALY,LI,1076953.547,65993
2015,10,KOSOVO,BK,7679.79,619
2015,10,LATVIA,EV,31056.561000000002,3025
2015,10,LITHUANIA,EY,27088.26,2396
2015,10,LUXEMBOURG,EL,115142.20600000001,2737
2015,10,MALTA,LM,35560.771999999997,1977
2015,10,"MOLDOVA, REPUBLIC OF",LU,11336.959000000001,942
2015,10,MONACO,LN,21.913,36
2015,10,MONTENEGRO,LY,6755.3410000000003,748
2015,10,NETHERLANDS,EH,927221.20499999996,25647
2015,10,NORTH MACEDONIA,LW,8004.7640000000001,640
2015,10,NORWAY*,EN,259012.82500000001,35875
2015,10,POLAND,EP,161391.79999999999,14440
2015,10,PORTUGAL*,LP,328771.86599999998,15482
2015,10,ROMANIA,LR,84847.660999999993,6370
2015,10,SERBIA,LY,27392.208999999999,2677
2015,10,SLOVAKIA,LZ,11321.753000000001,1270
2015,10,SLOVENIA,LJ,9375.6689999999999,1321
2015,10,SPAIN,LE,1284841.3030000001,65320
2015,10,SWEDEN,ES,266047.97899999999,25253
2015,10,SWITZERLAND,LS,430364.37,21708
2015,10,TÜRKIYE,LT,1294735.5249999999,59281
2015,10,UNITED KINGDOM*,EG,2996267.5780000002,105953
2015,11,ALBANIA,LA,7650.25,784
2015,11,ARMENIA,UD,13217.752,718
2015,11,AUSTRIA,LO,176213.603,12646
2015,11,BELGIUM,EB,327388.74400000001,13175
2015,11,BOSNIA AND HERZEGOVINA,LQ,4868.0630000000001,527
2015,11,BULGARIA,LB,28692.526000000002,2097
2015,11,CANARY ISLANDS,GC,292302.78399999999,13748
2015,11,CROATIA,LD,15164.817999999999,2160
2015,11,CYPRUS,LC,49439.654000000002,1967
2015,11,CZECHIA,LK,68796.842000000004,5520
2015,11,DENMARK*,EK,210951.84400000001,14702
2015,11,FINLAND,EF,166729.101,9618
2015,11,FRANCE,LF,1499320.554,69355
2015,11,GEORGIA,UG,17273.944,983
2015,11,GERMANY,ED,2158199.3330000001,86081
2015,11,GREECE,LG,110746.899,11039
2015,11,HUNGARY,LH,52313.608,3740
2015,11,ICELAND,BI,27341.68,1700
2015,11,IRELAND,EI,171167.198,9558
2015,11,ITALY,LI,863712.76500000001,54425
2015,11,KOSOVO,BK,6285.9369999999999,511
2015,11,LATVIA,EV,27429.885999999999,2668
2015,11,LITHUANIA,EY,21506.638999999999,2004
2015,11,LUXEMBOURG,EL,119704.107,2442
2015,11,MALTA,LM,23293.504000000001,1365
2015,11,"MOLDOVA, REPUBLIC OF",LU,10202.784,878
2015,11,MONACO,LN,22.553999999999998,37
2015,11,MONTENEGRO,LY,4034.3510000000001,513
2015,11,NETHERLANDS,EH,792549.30599999998,21400
2015,11,NORTH MACEDONIA,LW,7133.5020000000004,580
2015,11,NORWAY*,EN,229278.647,32620
2015,11,POLAND,EP,145535.69200000001,12699
2015,11,PORTUGAL*,LP,253166.122,12294
2015,11,ROMANIA,LR,77182.134000000005,6031
2015,11,SERBIA,LY,22476.214,2183
2015,11,SLOVAKIA,LZ,9701.8439999999991,1088
2015,11,SLOVENIA,LJ,7069.8180000000002,1180
2015,11,SPAIN,LE,961273.29200000002,48999
2015,11,SWEDEN,ES,236730.49,23587
2015,11,SWITZERLAND,LS,375482.22,18376
2015,11,TÜRKIYE,LT,998725.09299999999,47090
2015,11,UNITED KINGDOM*,EG,2553830.7650000001,88751
2015,12,ALBANIA,LA,8725.3700000000008,853
2015,12,ARMENIA,UD,15806.249,780
2015,12,AUSTRIA,LO,176658.58799999999,12352
2015,12,BELGIUM,EB,319386.66899999999,12506
2015,12,BOSNIA AND HERZEGOVINA,LQ,3436.52,368
2015,12,BULGARIA,LB,31654.381000000001,2121
2015,12,CANARY ISLANDS,GC,305145.46000000002,14262
2015,12,CROATIA,LD,13801.312,1917
2015,12,CYPRUS,LC,38495.048000000003,1654
2015,12,CZECHIA,LK,70598.870999999999,5428
2015,12,DENMARK*,EK,209983.682,13201
2015,12,FINLAND,EF,182523.318,9286
2015,12,FRANCE,LF,1575658.463,68871
2015,12,GEORGIA,UG,17422.944,947
2015,12,GERMANY,ED,2144483.96,80852
2015,12,GREECE,LG,108805.068,10975
2015,12,HUNGARY,LH,53607.953999999998,3693
2015,12,ICELAND,BI,23793.107,1471
2015,12,IRELAND,EI,168937.92300000001,9331
2015,12,ITALY,LI,889441.147,54736
2015,12,KOSOVO,BK,6593.6670000000004,526
2015,12,LATVIA,EV,26414.17,2590
2015,12,LITHUANIA,EY,20410.168000000001,1927
2015,12,LUXEMBOURG,EL,107689.504,2342
2015,12,MALTA,LM,21215.682000000001,1225
2015,12,"MOLDOVA, REPUBLIC OF",LU,12286.92,887
2015,12,MONACO,LN,10.497,17
2015,12,MONTENEGRO,LY,4223.9949999999999,532
2015,12,NETHERLANDS,EH,800294.74600000004,21365
2015,12,NORTH MACEDONIA,LW,7684.0150000000003,619
2015,12,NORWAY*,EN,211209.99299999999,28466
2015,12,POLAND,EP,147166.946,12247
2015,12,PORTUGAL*,LP,264335.67,12618
2015,12,ROMANIA,LR,77841.623000000007,5894
2015,12,SERBIA,LY,24512.896000000001,2238
2015,12,SLOVAKIA,LZ,8981.8880000000008,1029
2015,12,SLOVENIA,LJ,6556.3360000000002,1033
2015,12,SPAIN,LE,974326.696,46428
2015,12,SWEDEN,ES,235036.421,20531
2015,12,SWITZERLAND,LS,401581.48599999998,19207
2015,12,TÜRKIYE,LT,974555.47,46165
2015,12,UNITED KINGDOM*,EG,2612372.8130000001,88009
2016,1,ALBANIA,LA,8134.3689999999997,830
2016,1,ARMENIA,UD,13408.554,699
2016,1,AUSTRIA,LO,180094.74900000001,12321
2016,1,BELGIUM,EB,306512.53999999998,12030
2016,1,BOSNIA AND HERZEGOVINA,LQ,3937.134,433
2016,1,BULGARIA,LB,32928.428999999996,2199
2016,1,CANARY ISLANDS,GC,309534.12400000001,14328
2016,1,CROATIA,LD,13012.084999999999,1931
2016,1,CYPRUS,LC,36630.985000000001,1587
2016,1,CZECHIA,LK,61041.387999999999,5030
2016,1,DENMARK*,EK,220757.54199999999,13157
2016,1,FINLAND,EF,182323.367,8846
2016,1,FRANCE,LF,1521078.3570000001,66377
2016,1,GEORGIA,UG,16069.898999999999,873
2016,1,GERMANY,ED,2150273.0040000002,78105
2016,1,GREECE,LG,103066.736,10620
2016,1,HUNGARY,LH,52294.733,3579
2016,1,ICELAND,BI,22688.297999999999,1611
2016,1,IRELAND,EI,162629.63200000001,9323
2016,1,ITALY,LI,867103.23199999996,52663
2016,1,KOSOVO,BK,7281.4669999999996,570
2016,1,LATVIA,EV,26543.019,2549
2016,1,LITHUANIA,EY,20656.002,1882
2016,1,LUXEMBOURG,EL,101645.842,2221
2016,1,MALTA,LM,21173.322,1199
2016,1,"MOLDOVA, REPUBLIC OF",LU,11144.74,810
2016,1,MONACO,LN,17.088999999999999,28
2016,1,MONTENEGRO,LY,4013.6979999999999,497
2016,1,NETHERLANDS,EH,795682.15700000001,20408
2016,1,NORTH MACEDONIA,LW,7197.2380000000003,569
2016,1,NORWAY*,EN,215195.38800000001,29542
2016,1,POLAND,EP,153721.58600000001,12414
2016,1,PORTUGAL*,LP,269756.7,12482
2016,1,ROMANIA,LR,79288.350000000006,5735
2016,1,SERBIA,LY,22902.343000000001,2245
2016,1,SLOVAKIA,LZ,8851.5470000000005,946
2016,1,SLOVENIA,LJ,6525.1019999999999,964
2016,1,SPAIN,LE,931319.32799999998,44974
2016,1,SWEDEN,ES,240249.45699999999,19920
2016,1,SWITZERLAND,LS,419729.94500000001,20052
2016,1,TÜRKIYE,LT,968634.23400000005,45154
2016,1,UNITED KINGDOM*,EG,2556727.9920000001,84893
2016,2,ALBANIA,LA,7244.2449999999999,755
2016,2,ARMENIA,UD,11573.208000000001,591
2016,2,AUSTRIA,LO,166600.63699999999,12375
2016,2,BELGIUM,EB,306749.64199999999,12335
2016,2,BOSNIA AND HERZEGOVINA,LQ,3872.2379999999998,440
2016,2,BULGARIA,LB,29163.78,2158
2016,2,CANARY ISLANDS,GC,290173.06199999998,13757
2016,2,CROATIA,LD,13081.632,1911
2016,2,CYPRUS,LC,35803.491999999998,1561
2016,2,CZECHIA,LK,58107.105000000003,4914
2016,2,DENMARK*,EK,214034.81200000001,13675
2016,2,FINLAND,EF,175430.72200000001,9323
2016,2,FRANCE,LF,1426198.852,68265
2016,2,GEORGIA,UG,14296.239,801
2016,2,GERMANY,ED,2063420.638,80938
2016,2,GREECE,LG,95695.96,10223
2016,2,HUNGARY,LH,48982.813000000002,3494
2016,2,ICELAND,BI,21179.348999999998,1622
2016,2,IRELAND,EI,149637.79999999999,9060
2016,2,ITALY,LI,822453.41899999999,51833
2016,2,KOSOVO,BK,6363.17,511
2016,2,LATVIA,EV,23337.706999999999,2323
2016,2,LITHUANIA,EY,18918.594000000001,1773
2016,2,LUXEMBOURG,EL,93743.066000000006,2249
2016,2,MALTA,LM,21233.738000000001,1176
2016,2,"MOLDOVA, REPUBLIC OF",LU,8058.674,655
2016,2,MONACO,LN,12.215,21
2016,2,MONTENEGRO,LY,3569.4679999999998,471
2016,2,NETHERLANDS,EH,751007.88899999997,20765
2016,2,NORTH MACEDONIA,LW,6726.335,539
2016,2,NORWAY*,EN,220004.85200000001,30270
2016,2,POLAND,EP,145542.53599999999,12385
2016,2,PORTUGAL*,LP,247472.18,11818
2016,2,ROMANIA,LR,74858.73,5816
2016,2,SERBIA,LY,19772.481,2050
2016,2,SLOVAKIA,LZ,9865.66,1028
2016,2,SLOVENIA,LJ,6285.1930000000002,997
2016,2,SPAIN,LE,903702.83600000001,45646
2016,2,SWEDEN,ES,240003.50599999999,22160
2016,2,SWITZERLAND,LS,388293.696,19694
2016,2,TÜRKIYE,LT,925206.84499999997,44192
2016,2,UNITED KINGDOM*,EG,2455305.5610000002,86872
2016,3,ALBANIA,LA,8450.4410000000007,836
2016,3,ARMENIA,UD,12282.168,655
2016,3,AUSTRIA,LO,192206.34400000001,14008
2016,3,BELGIUM,EB,287373.17099999997,11822
2016,3,BOSNIA AND HERZEGOVINA,LQ,4673.8999999999996,513
2016,3,BULGARIA,LB,32598.083999999999,2242
2016,3,CANARY ISLANDS,GC,322340.85700000002,15439
2016,3,CROATIA,LD,16723.081999999999,2322
2016,3,CYPRUS,LC,49827.171000000002,2022
2016,3,CZECHIA,LK,71007.447,5761
2016,3,DENMARK*,EK,235847.6,14981
2016,3,FINLAND,EF,186753.14199999999,9908
2016,3,FRANCE,LF,1580951.0560000001,75982
2016,3,GEORGIA,UG,17016.222000000002,907
2016,3,GERMANY,ED,2358639.753,90469
2016,3,GREECE,LG,119842.515,11892
2016,3,HUNGARY,LH,57573.972000000002,4078
2016,3,ICELAND,BI,26692.22,1791
2016,3,IRELAND,EI,185562.11300000001,10429
2016,3,ITALY,LI,945324.71100000001,59038
2016,3,KOSOVO,BK,7677.7359999999999,588
2016,3,LATVIA,EV,27374.321,2661
2016,3,LITHUANIA,EY,21498.401999999998,2022
2016,3,LUXEMBOURG,EL,112780.08100000001,2647
2016,3,MALTA,LM,27044.928,1478
2016,3,"MOLDOVA, REPUBLIC OF",LU,9320.1990000000005,732
2016,3,MONACO,LN,18.283999999999999,30
2016,3,MONTENEGRO,LY,4154.4049999999997,538
2016,3,NETHERLANDS,EH,844434.90899999999,23740
2016,3,NORTH MACEDONIA,LW,7803.0309999999999,610
2016,3,NORWAY*,EN,238401.64799999999,31275
2016,3,POLAND,EP,164687.92600000001,13840
2016,3,PORTUGAL*,LP,283154.08899999998,13695
2016,3,ROMANIA,LR,84015.057000000001,6551
2016,3,SERBIA,LY,23247.763999999999,2328
2016,3,SLOVAKIA,LZ,9555.4130000000005,1071
2016,3,SLOVENIA,LJ,7190.2150000000001,1248
2016,3,SPAIN,LE,1079553.4010000001,54268
2016,3,SWEDEN,ES,266992.66600000003,23708
2016,3,SWITZERLAND,LS,428361.67300000001,21440
2016,3,TÜRKIYE,LT,1045800.879,49461
2016,3,UNITED KINGDOM*,EG,2740741.409,96295
2016,4,ALBANIA,LA,8313.7000000000007,840
2016,4,ARMENIA,UD,13457.421,646
2016,4,AUSTRIA,LO,197370.663,13904
2016,4,BELGIUM,EB,294373.96799999999,11631
2016,4,BOSNIA AND HERZEGOVINA,LQ,6025.433,604
2016,4,BULGARIA,LB,36412.101999999999,2559
2016,4,CANARY ISLANDS,GC,291822.77500000002,14537
2016,4,CROATIA,LD,27312.986000000001,3121
2016,4,CYPRUS,LC,69876.554999999993,2719
2016,4,CZECHIA,LK,75359.236000000004,6122
2016,4,DENMARK*,EK,237837.84099999999,15470
2016,4,FINLAND,EF,168156.30300000001,9759
2016,4,FRANCE,LF,1703102.7479999999,82134
2016,4,GEORGIA,UG,19515.373,1009
2016,4,GERMANY,ED,2408619.7319999998,96089
2016,4,GREECE,LG,189094.50200000001,15323
2016,4,HUNGARY,LH,62272.968999999997,4358
2016,4,ICELAND,BI,27300.452000000001,1843
2016,4,IRELAND,EI,205957.193,11148
2016,4,ITALY,LI,1031569.713,63226
2016,4,KOSOVO,BK,8121.1809999999996,657
2016,4,LATVIA,EV,28787.07,2848
2016,4,LITHUANIA,EY,25816.583999999999,2283
2016,4,LUXEMBOURG,EL,114701.198,2800
2016,4,MALTA,LM,33865.947999999997,1857
2016,4,"MOLDOVA, REPUBLIC OF",LU,10372.450999999999,801
2016,4,MONACO,LN,28.835000000000001,47
2016,4,MONTENEGRO,LY,6065.049,699
2016,4,NETHERLANDS,EH,892236.07799999998,25669
2016,4,NORTH MACEDONIA,LW,8115.6570000000002,645
2016,4,NORWAY*,EN,238984.79300000001,33478
2016,4,POLAND,EP,169430.48199999999,14755
2016,4,PORTUGAL*,LP,320997.98200000002,16209
2016,4,ROMANIA,LR,90234.486999999994,6887
2016,4,SERBIA,LY,26959.097000000002,2536
2016,4,SLOVAKIA,LZ,10180.325000000001,1147
2016,4,SLOVENIA,LJ,7531.893,1248
2016,4,SPAIN,LE,1229220.534,62149
2016,4,SWEDEN,ES,255050.11300000001,24578
2016,4,SWITZERLAND,LS,423851.717,20525
2016,4,TÜRKIYE,LT,1078637.6470000001,51188
2016,4,UNITED KINGDOM*,EG,2866744.3790000002,100288
2016,5,ALBANIA,LA,8408.82,853
2016,5,ARMENIA,UD,14557.504999999999,706
2016,5,AUSTRIA,LO,219068.01800000001,14913
2016,5,BELGIUM,EB,346790.83,14889
2016,5,BOSNIA AND HERZEGOVINA,LQ,6529.8590000000004,647
2016,5,BULGARIA,LB,52988.402000000002,3359
2016,5,CANARY ISLANDS,GC,245063.617,13516
2016,5,CROATIA,LD,48503.913999999997,4829
2016,5,CYPRUS,LC,98625.164000000004,3655
2016,5,CZECHIA,LK,90528.801000000007,6711
2016,5,DENMARK*,EK,249193.861,16858
2016,5,FINLAND,EF,183943.37700000001,10203
2016,5,FRANCE,LF,1769005.149,88651
2016,5,GEORGIA,UG,23020.508999999998,1209
2016,5,GERMANY,ED,2579277.0210000002,101740
2016,5,GREECE,LG,371601.87400000001,23625
2016,5,HUNGARY,LH,66530.547999999995,4577
2016,5,ICELAND,BI,42463.027999999998,2008
2016,5,IRELAND,EI,242264.98199999999,12392
2016,5,ITALY,LI,1151841.9480000001,70500
2016,5,KOSOVO,BK,8016.2879999999996,623
2016,5,LATVIA,EV,32020.739000000001,3039
2016,5,LITHUANIA,EY,28248.343000000001,2478
2016,5,LUXEMBOURG,EL,113876.49,2840
2016,5,MALTA,LM,37349.000999999997,2086
2016,5,"MOLDOVA, REPUBLIC OF",LU,12864.163,959
2016,5,MONACO,LN,40.569000000000003,70
2016,5,MONTENEGRO,LY,8443.6509999999998,855
2016,5,NETHERLANDS,EH,950495.43299999996,27663
2016,5,NORTH MACEDONIA,LW,8811.2139999999999,694
2016,5,NORWAY*,EN,252715.96599999999,33902
2016,5,POLAND,EP,197830.897,15948
2016,5,PORTUGAL*,LP,351944.43300000002,17743
2016,5,ROMANIA,LR,94078.475999999995,7056
2016,5,SERBIA,LY,28380.197,2744
2016,5,SLOVAKIA,LZ,11158.044,1245
2016,5,SLOVENIA,LJ,8149.81,1374
2016,5,SPAIN,LE,1420620.355,72507
2016,5,SWEDEN,ES,269418.717,25589
2016,5,SWITZERLAND,LS,450278.58100000001,21911
2016,5,TÜRKIYE,LT,1197812.21,56850
2016,5,UNITED KINGDOM*,EG,3157258.784,111201
2016,6,ALBANIA,LA,9231.4549999999999,861
2016,6,ARMENIA,UD,14886.919,733
2016,6,AUSTRIA,LO,219460.242,15149
2016,6,BELGIUM,EB,342865.74900000001,14960
2016,6,BOSNIA AND HERZEGOVINA,LQ,6849.86,649
2016,6,BULGARIA,LB,95641.023000000001,5473
2016,6,CANARY ISLANDS,GC,251045.13699999999,13442
2016,6,CROATIA,LD,63106.213000000003,5710
2016,6,CYPRUS,LC,104355.287,3803
2016,6,CZECHIA,LK,108551.163,7767
2016,6,DENMARK*,EK,268200.88400000002,17530
2016,6,FINLAND,EF,178331.78700000001,9394
2016,6,FRANCE,LF,1809564.8810000001,91479
2016,6,GEORGIA,UG,24338.421999999999,1326
2016,6,GERMANY,ED,2586848.5120000001,104336
2016,6,GREECE,LG,476630.56699999998,28957
2016,6,HUNGARY,LH,70284.210999999996,4780
2016,6,ICELAND,BI,57544.6,2315
2016,6,IRELAND,EI,271034.42200000002,13029
2016,6,ITALY,LI,1222773.68,72158
2016,6,KOSOVO,BK,8625.8520000000008,672
2016,6,LATVIA,EV,35745.762000000002,3151
2016,6,LITHUANIA,EY,28393.439999999999,2460
2016,6,LUXEMBOURG,EL,113776.281,2949
2016,6,MALTA,LM,37844.173000000003,2113
2016,6,"MOLDOVA, REPUBLIC OF",LU,13939.982,1048
2016,6,MONACO,LN,30.518000000000001,48
2016,6,MONTENEGRO,LY,18343.142,1423
2016,6,NETHERLANDS,EH,916924.04799999995,26478
2016,6,NORTH MACEDONIA,LW,9047.1080000000002,730
2016,6,NORWAY*,EN,270932.68199999997,34467
2016,6,POLAND,EP,221721.23,17682
2016,6,PORTUGAL*,LP,372051.71799999999,18337
2016,6,ROMANIA,LR,100028.387,7510
2016,6,SERBIA,LY,31532.293000000001,3011
2016,6,SLOVAKIA,LZ,16007.746999999999,1641
2016,6,SLOVENIA,LJ,9434.7540000000008,1408
2016,6,SPAIN,LE,1502969.453,76010
2016,6,SWEDEN,ES,272449.85700000002,24158
2016,6,SWITZERLAND,LS,455865.01500000001,22086
2016,6,TÜRKIYE,LT,1168310.5060000001,55617
2016,6,UNITED KINGDOM*,EG,3203058.6469999999,113550
2016,7,ALBANIA,LA,11223.878000000001,1051
2016,7,ARMENIA,UD,18402.017,912
2016,7,AUSTRIA,LO,237122.103,15469
2016,7,BELGIUM,EB,371984.74900000001,15476
2016,7,BOSNIA AND HERZEGOVINA,LQ,9742.8629999999994,768
2016,7,BULGARIA,LB,119377.41899999999,6684
2016,7,CANARY ISLANDS,GC,286471.42,14754
2016,7,CROATIA,LD,82035.956000000006,7550
2016,7,CYPRUS,LC,116765.567,4469
2016,7,CZECHIA,LK,120176.86,8084
2016,7,DENMARK*,EK,291176.61700000003,16260
2016,7,FINLAND,EF,180526.932,8361
2016,7,FRANCE,LF,1987649.8089999999,94722
2016,7,GEORGIA,UG,30991.258000000002,1672
2016,7,GERMANY,ED,2726175.9890000001,103986
2016,7,GREECE,LG,577684.48300000001,35171
2016,7,HUNGARY,LH,76322.789999999994,5043
2016,7,ICELAND,BI,61039.307999999997,2567
2016,7,IRELAND,EI,282693.84899999999,13437
2016,7,ITALY,LI,1364993.425,81261
2016,7,KOSOVO,BK,11907.471,869
2016,7,LATVIA,EV,33844.661999999997,3061
2016,7,LITHUANIA,EY,27477.536,2478
2016,7,LUXEMBOURG,EL,122534.736,2915
2016,7,MALTA,LM,42227.286999999997,2349
2016,7,"MOLDOVA, REPUBLIC OF",LU,15932.401,1143
2016,7,MONACO,LN,64.063000000000002,96
2016,7,MONTENEGRO,LY,22286.828000000001,1803
2016,7,NETHERLANDS,EH,1013172.988,28676
2016,7,NORTH MACEDONIA,LW,10841.869000000001,887
2016,7,NORWAY*,EN,283734.96600000001,31434
2016,7,POLAND,EP,236111.69099999999,17579
2016,7,PORTUGAL*,LP,422990.304,20426
2016,7,ROMANIA,LR,110042.76,7874
2016,7,SERBIA,LY,36904.855000000003,3381
2016,7,SLOVAKIA,LZ,20966.79,1813
2016,7,SLOVENIA,LJ,11359.147999999999,1528
2016,7,SPAIN,LE,1706104.0090000001,84644
2016,7,SWEDEN,ES,278517.201,20732
2016,7,SWITZERLAND,LS,502740.853,23226
2016,7,TÜRKIYE,LT,1343212.889,63059
2016,7,UNITED KINGDOM*,EG,3403457.3590000002,117902
2016,8,ALBANIA,LA,12157.049000000001,1178
2016,8,ARMENIA,UD,20531.003000000001,1014
2016,8,AUSTRIA,LO,231288.54,15101
2016,8,BELGIUM,EB,366334.21299999999,14882
2016,8,BOSNIA AND HERZEGOVINA,LQ,10207.293,798
2016,8,BULGARIA,LB,117245.63,6536
2016,8,CANARY ISLANDS,GC,293667.74900000001,15294
2016,8,CROATIA,LD,78176.964000000007,7435
2016,8,CYPRUS,LC,115756.446,4443
2016,8,CZECHIA,LK,119923.57,8190
2016,8,DENMARK*,EK,270046.91499999998,16855
2016,8,FINLAND,EF,185130.94,9641
2016,8,FRANCE,LF,1973374.301,86520
2016,8,GEORGIA,UG,34480.762000000002,1762
2016,8,GERMANY,ED,2707215.9070000001,101927
2016,8,GREECE,LG,578552.81000000006,35812
2016,8,HUNGARY,LH,75373.107000000004,4865
2016,8,ICELAND,BI,61684.512999999999,2503
2016,8,IRELAND,EI,271422.45500000002,13000
2016,8,ITALY,LI,1353297.1910000001,79175
2016,8,KOSOVO,BK,12872.393,930
2016,8,LATVIA,EV,34886.298000000003,3142
2016,8,LITHUANIA,EY,27615.097000000002,2468
2016,8,LUXEMBOURG,EL,120083.823,2773
2016,8,MALTA,LM,41780.311000000002,2388
2016,8,"MOLDOVA, REPUBLIC OF",LU,16665.29,1198
2016,8,MONACO,LN,57.645000000000003,89
2016,8,MONTENEGRO,LY,21988.29,1758
2016,8,NETHERLANDS,EH,1013067.9129999999,28596
2016,8,NORTH MACEDONIA,LW,10839.745000000001,891
2016,8,NORWAY*,EN,275900.75400000002,34752
2016,8,POLAND,EP,234980.959,17696
2016,8,PORTUGAL*,LP,425070.06,20609
2016,8,ROMANIA,LR,114052.83,8106
2016,8,SERBIA,LY,37843.785000000003,3420
2016,8,SLOVAKIA,LZ,20204.309000000001,1758
2016,8,SLOVENIA,LJ,11451.86,1571
2016,8,SPAIN,LE,1696280.8570000001,83595
2016,8,SWEDEN,ES,275748.72200000001,23205
2016,8,SWITZERLAND,LS,494830.55499999999,22636
2016,8,TÜRKIYE,LT,1372893.969,64021
2016,8,UNITED KINGDOM*,EG,3406213.11,117379
2016,9,ALBANIA,LA,11251.445,1072
2016,9,ARMENIA,UD,18309.442999999999,919
2016,9,AUSTRIA,LO,228924.54500000001,15410
2016,9,BELGIUM,EB,348636.54599999997,15143
2016,9,BOSNIA AND HERZEGOVINA,LQ,9933.6720000000005,727
2016,9,BULGARIA,LB,90492.437000000005,5220
2016,9,CANARY ISLANDS,GC,262853.65000000002,13729
2016,9,CROATIA,LD,63020.347000000002,6211
2016,9,CYPRUS,LC,106232.738,3990
2016,9,CZECHIA,LK,116164.734,8139
2016,9,DENMARK*,EK,258107.935,17378
2016,9,FINLAND,EF,182870.92499999999,10284
2016,9,FRANCE,LF,1821126.9450000001,89495
2016,9,GEORGIA,UG,30441.186000000002,1574
2016,9,GERMANY,ED,2650132.0350000001,106921
2016,9,GREECE,LG,490911.59299999999,29990
2016,9,HUNGARY,LH,71335.909,4821
2016,9,ICELAND,BI,55817.784,2288
2016,9,IRELAND,EI,254426.01,12319
2016,9,ITALY,LI,1254383.365,73857
2016,9,KOSOVO,BK,8973.3559999999998,682
2016,9,LATVIA,EV,32594.767,3058
2016,9,LITHUANIA,EY,29157.75,2549
2016,9,LUXEMBOURG,EL,120028.864,2983
2016,9,MALTA,LM,38877.288999999997,2182
2016,9,"MOLDOVA, REPUBLIC OF",LU,15046.162,1109
2016,9,MONACO,LN,32.664999999999999,49
2016,9,MONTENEGRO,LY,17906.296999999999,1372
2016,9,NETHERLANDS,EH,952417.22100000002,27617
2016,9,NORTH MACEDONIA,LW,9462.1869999999999,766
2016,9,NORWAY*,EN,259318.614,35246
2016,9,POLAND,EP,227040.21799999999,17546
2016,9,PORTUGAL*,LP,382766.91100000002,18696
2016,9,ROMANIA,LR,108868.993,8101
2016,9,SERBIA,LY,35102.165999999997,3141
2016,9,SLOVAKIA,LZ,17486.981,1619
2016,9,SLOVENIA,LJ,10370.99,1540
2016,9,SPAIN,LE,1542374.5970000001,76479
2016,9,SWEDEN,ES,279070.56,26517
2016,9,SWITZERLAND,LS,473688.66399999999,22407
2016,9,TÜRKIYE,LT,1300449.746,60765
2016,9,UNITED KINGDOM*,EG,3238162.0830000001,114376
2016,10,ALBANIA,LA,9865.5750000000007,1011
2016,10,ARMENIA,UD,18338.775000000001,916
2016,10,AUSTRIA,LO,215461.43799999999,14587
2016,10,BELGIUM,EB,339721.69699999999,14405
2016,10,BOSNIA AND HERZEGOVINA,LQ,6414.0379999999996,630
2016,10,BULGARIA,LB,45732.783000000003,3031
2016,10,CANARY ISLANDS,GC,316519.962,14858
2016,10,CROATIA,LD,43525.809000000001,5003
2016,10,CYPRUS,LC,101464.133,3891
2016,10,CZECHIA,LK,97283.457999999999,6882
2016,10,DENMARK*,EK,265116.22899999999,17119
2016,10,FINLAND,EF,185524.226,9877
2016,10,FRANCE,LF,1770642.0649999999,84254
2016,10,GEORGIA,UG,27241.898000000001,1405
2016,10,GERMANY,ED,2662166.58,104603
2016,10,GREECE,LG,334595.64299999998,20648
2016,10,HUNGARY,LH,68294.542000000001,4602
2016,10,ICELAND,BI,46323.192999999999,1975
2016,10,IRELAND,EI,242171.34299999999,11974
2016,10,ITALY,LI,1145687.3430000001,65540
2016,10,KOSOVO,BK,9284.9539999999997,680
2016,10,LATVIA,EV,32349.006000000001,3046
2016,10,LITHUANIA,EY,28187.175999999999,2504
2016,10,LUXEMBOURG,EL,131882.06899999999,3007
2016,10,MALTA,LM,38481.196000000004,2144
2016,10,"MOLDOVA, REPUBLIC OF",LU,13198.325000000001,1001
2016,10,MONACO,LN,20.425000000000001,35
2016,10,MONTENEGRO,LY,7886.9790000000003,794
2016,10,NETHERLANDS,EH,956845.07299999997,27364
2016,10,NORTH MACEDONIA,LW,8726.7900000000009,687
2016,10,NORWAY*,EN,261443.742,34857
2016,10,POLAND,EP,195389.31200000001,16024
2016,10,PORTUGAL*,LP,363585.18099999998,17774
2016,10,ROMANIA,LR,102896.47500000001,7764
2016,10,SERBIA,LY,33278.544999999998,2833
2016,10,SLOVAKIA,LZ,12497.508,1195
2016,10,SLOVENIA,LJ,8995.4120000000003,1343
2016,10,SPAIN,LE,1426970.415,70135
2016,10,SWEDEN,ES,277422.64299999998,25957
2016,10,SWITZERLAND,LS,457526.717,21529
2016,10,TÜRKIYE,LT,1229987.399,57264
2016,10,UNITED KINGDOM*,EG,3173274.7749999999,110652
2016,11,ALBANIA,LA,8677.7639999999992,902
2016,11,ARMENIA,UD,15913.036,794
2016,11,AUSTRIA,LO,179011.698,12845
2016,11,BELGIUM,EB,318378.64799999999,12875
2016,11,BOSNIA AND HERZEGOVINA,LQ,4841.5339999999997,495
2016,11,BULGARIA,LB,36876.345000000001,2509
2016,11,CANARY ISLANDS,GC,329224.23599999998,15040
2016,11,CROATIA,LD,15451.636,2593
2016,11,CYPRUS,LC,53436.606,2322
2016,11,CZECHIA,LK,78497.345000000001,6091
2016,11,DENMARK*,EK,220217.71,14902
2016,11,FINLAND,EF,172162.52100000001,9882
2016,11,FRANCE,LF,1507664.047,70699
2016,11,GEORGIA,UG,21479.812999999998,1114
2016,11,GERMANY,ED,2219655.1919999998,87206
2016,11,GREECE,LG,115944.817,11205
2016,11,HUNGARY,LH,56517.629000000001,3929
2016,11,ICELAND,BI,37237.137999999999,1677
2016,11,IRELAND,EI,184234.14300000001,9903
2016,11,ITALY,LI,888591.12300000002,53498
2016,11,KOSOVO,BK,7156.2669999999998,529
2016,11,LATVIA,EV,25810.098999999998,2611
2016,11,LIECHTENSTEIN,LS,0.74,1
2016,11,LITHUANIA,EY,22627.098999999998,2185
2016,11,LUXEMBOURG,EL,137019.035,2712
2016,11,MALTA,LM,27905.218000000001,1588
2016,11,"MOLDOVA, REPUBLIC OF",LU,11357.968999999999,885
2016,11,MONACO,LN,15.364000000000001,26
2016,11,MONTENEGRO,LY,4173.2579999999998,518
2016,11,NETHERLANDS,EH,825130.90500000003,22808
2016,11,NORTH MACEDONIA,LW,7783.5550000000003,616
2016,11,NORWAY*,EN,233908.98699999999,32025
2016,11,POLAND,EP,178366.91500000001,14316
2016,11,PORTUGAL*,LP,282086.71399999998,13872
2016,11,ROMANIA,LR,91620.32,7269
2016,11,SERBIA,LY,26129.275000000001,2284
2016,11,SLOVAKIA,LZ,9592.5030000000006,1097
2016,11,SLOVENIA,LJ,6679.95,1128
2016,11,SPAIN,LE,1037878.348,51306
2016,11,SWEDEN,ES,256788.364,24033
2016,11,SWITZERLAND,LS,397509.95699999999,18460
2016,11,TÜRKIYE,LT,926089.88100000005,45693
2016,11,UNITED KINGDOM*,EG,2696605.89,92878
2016,12,ALBANIA,LA,9707.1540000000005,963
2016,12,ARMENIA,UD,17754.813999999998,857
2016,12,AUSTRIA,LO,185287.557,12726
2016,12,BELGIUM,EB,324671.81,12649
2016,12,BOSNIA AND HERZEGOVINA,LQ,5033.2969999999996,506
2016,12,BULGARIA,LB,39749.328999999998,2568
2016,12,CANARY ISLANDS,GC,353931.16399999999,15721
2016,12,CROATIA,LD,14524.326999999999,2294
2016,12,CYPRUS,LC,45218.279000000002,2080
2016,12,CZECHIA,LK,81573.941999999995,5805
2016,12,DENMARK*,EK,219516.1,13363
2016,12,FINLAND,EF,194964.71,9715
2016,12,FRANCE,LF,1611972.0220000001,70129
2016,12,GEORGIA,UG,22888.675999999999,1199
2016,12,GERMANY,ED,2230004.0350000001,82820
2016,12,GREECE,LG,117440.27,11597
2016,12,HUNGARY,LH,58289.900999999998,3914
2016,12,ICELAND,BI,37490.194000000003,1626
2016,12,IRELAND,EI,189164.299,9899
2016,12,ITALY,LI,917718.61300000001,53728
2016,12,KOSOVO,BK,8238.2070000000003,615
2016,12,LATVIA,EV,26532.931,2636
2016,12,LITHUANIA,EY,23084.377,2126
2016,12,LUXEMBOURG,EL,135272.11799999999,2599
2016,12,MALTA,LM,27635.918000000001,1536
2016,12,"MOLDOVA, REPUBLIC OF",LU,11606.285,886
2016,12,MONACO,LN,10.262,18
2016,12,MONTENEGRO,LY,4300.6279999999997,543
2016,12,NETHERLANDS,EH,844712.31700000004,22268
2016,12,NORTH MACEDONIA,LW,7742.9790000000003,593
2016,12,NORWAY*,EN,215673.72099999999,27227
2016,12,POLAND,EP,183609.91699999999,13924
2016,12,PORTUGAL*,LP,295622.75799999997,14401
2016,12,ROMANIA,LR,94711.994999999995,7221
2016,12,SERBIA,LY,29092.616000000002,2411
2016,12,SLOVAKIA,LZ,9811.7250000000004,1089
2016,12,SLOVENIA,LJ,7112.6790000000001,1136
2016,12,SPAIN,LE,1053287.7279999999,49194
2016,12,SWEDEN,ES,257754.948,21626
2016,12,SWITZERLAND,LS,429097.07400000002,19890
2016,12,TÜRKIYE,LT,946676.70400000003,45525
2016,12,UNITED KINGDOM*,EG,2800984.6830000002,92089
2017,1,ALBANIA,LA,8982.3330000000005,903
2017,1,ARMENIA,UD,16297.374,786
2017,1,AUSTRIA,LO,183550.212,12790
2017,1,BELGIUM,EB,308095.36200000002,12192
2017,1,BOSNIA AND HERZEGOVINA,LQ,4171.7430000000004,471
2017,1,BULGARIA,LB,42245.203000000001,2647
2017,1,CANARY ISLANDS,GC,347353.60800000001,15528
2017,1,CROATIA,LD,14299.288,2309
2017,1,CYPRUS,LC,42888.334000000003,1918
2017,1,CZECHIA,LK,76454.285999999993,5580
2017,1,DENMARK*,EK,218461.56,13397
2017,1,FINLAND,EF,182992.89199999999,9550
2017,1,FRANCE,LF,1559692.2509999999,68531
2017,1,GEORGIA,UG,21681.098999999998,1127
2017,1,GERMANY,ED,2208877.3810000001,81500
2017,1,GREECE,LG,113374.727,11105
2017,1,HUNGARY,LH,56456.326999999997,3823
2017,1,ICELAND,BI,36650.881000000001,1612
2017,1,IRELAND,EI,182259.62,9785
2017,1,ITALY,LI,899437.17599999998,51743
2017,1,KOSOVO,BK,7625.7259999999997,566
2017,1,LATVIA,EV,25581.374,2553
2017,1,LITHUANIA,EY,22688.969000000001,2106
2017,1,LUXEMBOURG,EL,109732.31600000001,2440
2017,1,MALTA,LM,27700.550999999999,1540
2017,1,"MOLDOVA, REPUBLIC OF",LU,12060.037,922
2017,1,MONACO,LN,10.106,17
2017,1,MONTENEGRO,LY,4097.7820000000002,526
2017,1,NETHERLANDS,EH,828761.56599999999,22067
2017,1,NORTH MACEDONIA,LW,7527.4840000000004,585
2017,1,NORWAY*,EN,222861.32399999999,28428
2017,1,POLAND,EP,179964.10500000001,13768
2017,1,PORTUGAL*,LP,290402.19,14148
2017,1,ROMANIA,LR,93704.509000000005,7030
2017,1,SERBIA,LY,27717.986000000001,2362
2017,1,SLOVAKIA,LZ,9316.2080000000005,982
2017,1,SLOVENIA,LJ,6949.6350000000002,1091
2017,1,SPAIN,LE,1006378.464,48105
2017,1,SWEDEN,ES,254191.06,21057
2017,1,SWITZERLAND,LS,438089.82799999998,20471
2017,1,TÜRKIYE,LT,899275.272,42371
2017,1,UNITED KINGDOM*,EG,2699335.537,90059
2017,2,ALBANIA,LA,7608.0150000000003,786
2017,2,ARMENIA,UD,12901.671,617
2017,2,AUSTRIA,LO,170174.598,12226
2017,2,BELGIUM,EB,279876.62900000002,11621
2017,2,BOSNIA AND HERZEGOVINA,LQ,4850.1270000000004,436
2017,2,BULGARIA,LB,37412.722000000002,2529
2017,2,CANARY ISLANDS,GC,312257.83500000002,14159
2017,2,CROATIA,LD,12939.606,2319
2017,2,CYPRUS,LC,42426.203000000001,1851
2017,2,CZECHIA,LK,68102.509999999995,5169
2017,2,DENMARK*,EK,203729.25,12918
2017,2,FINLAND,EF,170338.60399999999,9303
2017,2,FRANCE,LF,1436033.2590000001,66954
2017,2,GEORGIA,UG,19976.345000000001,1005
2017,2,GERMANY,ED,2043669.423,80228
2017,2,GREECE,LG,99351.865000000005,10096
2017,2,HUNGARY,LH,51562.805999999997,3556
2017,2,ICELAND,BI,33672.663999999997,1569
2017,2,IRELAND,EI,163594.79,9028
2017,2,ITALY,LI,808412.79399999999,48161
2017,2,KOSOVO,BK,6245.6890000000003,478
2017,2,LATVIA,EV,23945.120999999999,2367
2017,2,LITHUANIA,EY,20043.05,1906
2017,2,LUXEMBOURG,EL,104569.68,2367
2017,2,MALTA,LM,24163.166000000001,1433
2017,2,"MOLDOVA, REPUBLIC OF",LU,10391.838,815
2017,2,MONACO,LN,8.9380000000000006,14
2017,2,MONTENEGRO,LY,3645.223,466
2017,2,NETHERLANDS,EH,755464.43200000003,20936
2017,2,NORTH MACEDONIA,LW,6381.3289999999997,496
2017,2,NORWAY*,EN,212803.74799999999,27144
2017,2,POLAND,EP,161367.052,12923
2017,2,PORTUGAL*,LP,264537.07299999997,13007
2017,2,ROMANIA,LR,83745.296000000002,6555
2017,2,SERBIA,LY,24251.286,2069
2017,2,SLOVAKIA,LZ,8428.7759999999998,948
2017,2,SLOVENIA,LJ,6518.3329999999996,1088
2017,2,SPAIN,LE,938418.63699999999,46551
2017,2,SWEDEN,ES,241846.019,21349
2017,2,SWITZERLAND,LS,395794.08199999999,19305
2017,2,TÜRKIYE,LT,843357.09199999995,41390
2017,2,UNITED KINGDOM*,EG,2490715.0430000001,87231
2017,3,ALBANIA,LA,8503.7520000000004,871
2017,3,ARMENIA,UD,17331.649000000001,839
2017,3,AUSTRIA,LO,194541.726,14276
2017,3,BELGIUM,EB,333042.37599999999,13638
2017,3,BOSNIA AND HERZEGOVINA,LQ,5698.68,568
2017,3,BULGARIA,LB,41844.093000000001,2768
2017,3,CANARY ISLANDS,GC,342676.04,15879
2017,3,CROATIA,LD,16884.562000000002,3160
2017,3,CYPRUS,LC,55508.951000000001,2338
2017,3,CZECHIA,LK,82313.184999999998,6401
2017,3,DENMARK*,EK,233475.984,15815
2017,3,FINLAND,EF,187107.83199999999,10425
2017,3,FRANCE,LF,1635475.834,78291
2017,3,GEORGIA,UG,25277.792000000001,1290
2017,3,GERMANY,ED,2379769.25,94443
2017,3,GREECE,LG,129071.186,12255
2017,3,HUNGARY,LH,61102.336000000003,4249
2017,3,ICELAND,BI,41632.589999999997,2055
2017,3,IRELAND,EI,202861.234,10785
2017,3,ITALY,LI,957299.68799999997,57329
2017,3,KOSOVO,BK,7279.4129999999996,543
2017,3,LATVIA,EV,28646.562000000002,2759
2017,3,LITHUANIA,EY,23857.038,2279
2017,3,LUXEMBOURG,EL,129711.53200000001,2807
2017,3,MALTA,LM,29703.027999999998,1788
2017,3,"MOLDOVA, REPUBLIC OF",LU,11557.876,908
2017,3,MONACO,LN,16.832000000000001,23
2017,3,MONTENEGRO,LY,4514.8829999999998,561
2017,3,NETHERLANDS,EH,881942.50300000003,25393
2017,3,NORTH MACEDONIA,LW,7547.6689999999999,594
2017,3,NORWAY*,EN,250115.35200000001,32076
2017,3,POLAND,EP,187153.45699999999,15253
2017,3,PORTUGAL*,LP,314532.21299999999,15254
2017,3,ROMANIA,LR,98803.688999999998,7773
2017,3,SERBIA,LY,28531.493999999999,2498
2017,3,SLOVAKIA,LZ,9855.1769999999997,1201
2017,3,SLOVENIA,LJ,7655.3379999999997,1380
2017,3,SPAIN,LE,1127519.1270000001,56453
2017,3,SWEDEN,ES,282322.31,25887
2017,3,SWITZERLAND,LS,448099.91499999998,21953
2017,3,TÜRKIYE,LT,978216.04500000004,47099
2017,3,UNITED KINGDOM*,EG,2838957.7459999998,100130
2017,4,ALBANIA,LA,9244.1560000000009,891
2017,4,ARMENIA,UD,19023.446,879
2017,4,AUSTRIA,LO,204070.83600000001,13803
2017,4,BELGIUM,EB,356237.56800000003,13887
2017,4,BOSNIA AND HERZEGOVINA,LQ,7838.83,726
2017,4,BULGARIA,LB,43304.847999999998,2955
2017,4,CANARY ISLANDS,GC,334523.527,15466
2017,4,CROATIA,LD,32748.437999999998,3606
2017,4,CYPRUS,LC,80478.288,3246
2017,4,CZECHIA,LK,92455.623999999996,6789
2017,4,DENMARK*,EK,231121.905,14920
2017,4,ESTONIA,EE,15023.121999999999,1837
2017,4,FINLAND,EF,175286.88500000001,9735
2017,4,FRANCE,LF,1748476.716,82341
2017,4,GEORGIA,UG,27768.59,1405
2017,4,GERMANY,ED,2451842.4720000001,95496
2017,4,GREECE,LG,214548.68299999999,16255
2017,4,HUNGARY,LH,66051.835000000006,4541
2017,4,ICELAND,BI,44950.63,1869
2017,4,IRELAND,EI,232501.21799999999,11362
2017,4,ITALY,LI,1086155.9909999999,63134
2017,4,KOSOVO,BK,9505.6270000000004,706
2017,4,LATVIA,EV,30713.583999999999,2965
2017,4,LITHUANIA,EY,28854.646000000001,2464
2017,4,LUXEMBOURG,EL,132297.462,2984
2017,4,MALTA,LM,37275.5,2137
2017,4,"MOLDOVA, REPUBLIC OF",LU,14225.003000000001,1041
2017,4,MONACO,LN,18.148,28
2017,4,MONTENEGRO,LY,7191.0259999999998,759
2017,4,NETHERLANDS,EH,934832.28099999996,26823
2017,4,NORTH MACEDONIA,LW,8464.2569999999996,657
2017,4,NORWAY*,EN,235721.32500000001,28388
2017,4,POLAND,EP,191988.69699999999,15519
2017,4,PORTUGAL*,LP,368991.10499999998,18205
2017,4,ROMANIA,LR,107530.444,7988
2017,4,SERBIA,LY,30617.33,2646
2017,4,SLOVAKIA,LZ,10074.338,1084
2017,4,SLOVENIA,LJ,8875.357,1330
2017,4,SPAIN,LE,1341735.773,67082
2017,4,SWEDEN,ES,266985.33199999999,23653
2017,4,SWITZERLAND,LS,450531.95,20914
2017,4,TÜRKIYE,LT,1100718.3859999999,51040
2017,4,UNITED KINGDOM*,EG,2975452.6209999998,102851
2017,5,ALBANIA,LA,9615.6859999999997,920
2017,5,ARMENIA,UD,17927.993999999999,922
2017,5,AUSTRIA,LO,217149.802,15187
2017,5,BELGIUM,EB,386184.962,15510
2017,5,BOSNIA AND HERZEGOVINA,LQ,7397.1980000000003,748
2017,5,BULGARIA,LB,59384.902999999998,3798
2017,5,CANARY ISLANDS,GC,264385.30499999999,13896
2017,5,CROATIA,LD,55795.930999999997,5496
2017,5,CYPRUS,LC,110704.148,3968
2017,5,CZECHIA,LK,101564.24800000001,7646
2017,5,DENMARK*,EK,249805.19699999999,16905
2017,5,ESTONIA,EE,17155.456999999999,2172
2017,5,FINLAND,EF,180175.465,10459
2017,5,FRANCE,LF,1822001.2760000001,90029
2017,5,GEORGIA,UG,29770.170999999998,1592
2017,5,GERMANY,ED,2632541.8689999999,106030
2017,5,GREECE,LG,394687.97499999998,23739
2017,5,HUNGARY,LH,73283.126999999993,4917
2017,5,ICELAND,BI,53246.534,2173
2017,5,IRELAND,EI,267290.57799999998,12625
2017,5,ITALY,LI,1208417.2290000001,71650
2017,5,KOSOVO,BK,8880.7639999999992,652
2017,5,LATVIA,EV,35216.031000000003,3253
2017,5,LITHUANIA,EY,31967.91,2671
2017,5,LUXEMBOURG,EL,130378.57,3231
2017,5,MALTA,LM,42208.141000000003,2404
2017,5,"MOLDOVA, REPUBLIC OF",LU,17103.226999999999,1241
2017,5,MONACO,LN,37.56,64
2017,5,MONTENEGRO,LY,10300.401,977
2017,5,NETHERLANDS,EH,996609.88399999996,29417
2017,5,NORTH MACEDONIA,LW,9186.5470000000005,701
2017,5,NORWAY*,EN,258308.89199999999,32577
2017,5,POLAND,EP,219114.93700000001,17247
2017,5,PORTUGAL*,LP,399603.18699999998,19551
2017,5,ROMANIA,LR,113180.049,8475
2017,5,SERBIA,LY,31881.165000000001,2844
2017,5,SLOVAKIA,LZ,11462.531000000001,1268
2017,5,SLOVENIA,LJ,10097.657999999999,1510
2017,5,SPAIN,LE,1523394.58,76703
2017,5,SWEDEN,ES,288989.71000000002,27056
2017,5,SWITZERLAND,LS,458108.56699999998,22166
2017,5,TÜRKIYE,LT,1253531.923,56454
2017,5,UNITED KINGDOM*,EG,3215892.1910000001,115847
2017,6,ALBANIA,LA,11493.13,1030
2017,6,ARMENIA,UD,18895.752,941
2017,6,AUSTRIA,LO,224402.09099999999,15312
2017,6,BELGIUM,EB,384460.114,15383
2017,6,BOSNIA AND HERZEGOVINA,LQ,8895.4069999999992,802
2017,6,BULGARIA,LB,102685.73299999999,5814
2017,6,CANARY ISLANDS,GC,269498.75799999997,13966
2017,6,CROATIA,LD,77240.366999999998,6645
2017,6,CYPRUS,LC,118216.224,4288
2017,6,CZECHIA,LK,124388.878,8640
2017,6,DENMARK*,EK,265238.21600000001,17235
2017,6,ESTONIA,EE,17191.256000000001,2106
2017,6,FINLAND,EF,187662.51699999999,10216
2017,6,FRANCE,LF,1869443.1129999999,91457
2017,6,GEORGIA,UG,35146.392999999996,1901
2017,6,GERMANY,ED,2656149.0150000001,105651
2017,6,GREECE,LG,530066.81499999994,31591
2017,6,HUNGARY,LH,76940.581000000006,5023
2017,6,ICELAND,BI,74034.429999999993,2621
2017,6,IRELAND,EI,295069.67300000001,13277
2017,6,ITALY,LI,1295320.4939999999,76178
2017,6,KOSOVO,BK,8816.6039999999994,639
2017,6,LATVIA,EV,39876.652000000002,3478
2017,6,LITHUANIA,EY,33085.521999999997,2699
2017,6,LUXEMBOURG,EL,135456.514,3244
2017,6,MALTA,LM,41483.264999999999,2465
2017,6,"MOLDOVA, REPUBLIC OF",LU,19508.311000000002,1422
2017,6,MONACO,LN,42.984999999999999,69
2017,6,MONTENEGRO,LY,21950.434000000001,1622
2017,6,NETHERLANDS,EH,975447.30299999996,28409
2017,6,NORTH MACEDONIA,LW,9474.5010000000002,770
2017,6,NORWAY*,EN,275085.44500000001,32216
2017,6,POLAND,EP,246113.576,18544
2017,6,PORTUGAL*,LP,425181.86499999999,20388
2017,6,ROMANIA,LR,119726.912,8798
2017,6,SERBIA,LY,36491.582000000002,3127
2017,6,SLOVAKIA,LZ,17544.724999999999,1637
2017,6,SLOVENIA,LJ,10898.173000000001,1592
2017,6,SPAIN,LE,1629211.2080000001,81078
2017,6,SWEDEN,ES,298386.65500000003,25502
2017,6,SWITZERLAND,LS,467670.712,22079
2017,6,TÜRKIYE,LT,1350251.635,59614
2017,6,UNITED KINGDOM*,EG,3273946.7540000002,117182
2017,7,ALBANIA,LA,13773.034,1253
2017,7,ARMENIA,UD,22576.045999999998,1117
2017,7,AUSTRIA,LO,238628.614,15774
2017,7,BELGIUM,EB,410627.50799999997,15979
2017,7,BOSNIA AND HERZEGOVINA,LQ,12596.678,942
2017,7,BULGARIA,LB,128944.601,7215
2017,7,CANARY ISLANDS,GC,299474.60399999999,15513
2017,7,CROATIA,LD,101042.139,8522
2017,7,CYPRUS,LC,130961.42,4816
2017,7,CZECHIA,LK,135799.85999999999,8899
2017,7,DENMARK*,EK,288038.533,16239
2017,7,ESTONIA,EE,18928.896000000001,2093
2017,7,FINLAND,EF,193482.25899999999,9098
2017,7,FRANCE,LF,2071557.395,95728
2017,7,GEORGIA,UG,44737.95,2348
2017,7,GERMANY,ED,2815284.267,107919
2017,7,GREECE,LG,632415.22400000005,37779
2017,7,HUNGARY,LH,86756.842999999993,5516
2017,7,ICELAND,BI,78101.824999999997,2762
2017,7,IRELAND,EI,309783.54399999999,13673
2017,7,ITALY,LI,1426670.3870000001,84224
2017,7,KOSOVO,BK,12926.687,925
2017,7,LATVIA,EV,40016.745999999999,3559
2017,7,LITHUANIA,EY,23863.542000000001,2225
2017,7,LUXEMBOURG,EL,147273.57199999999,3182
2017,7,MALTA,LM,44961.879000000001,2689
2017,7,"MOLDOVA, REPUBLIC OF",LU,20578.504000000001,1464
2017,7,MONACO,LN,37.276000000000003,57
2017,7,MONTENEGRO,LY,25709.323,1927
2017,7,NETHERLANDS,EH,1027309.968,29479
2017,7,NORTH MACEDONIA,LW,11996.825000000001,963
2017,7,NORWAY*,EN,289614.967,29197
2017,7,POLAND,EP,268307.05599999998,19358
2017,7,PORTUGAL*,LP,471679.53499999997,22440
2017,7,ROMANIA,LR,132444.965,9465
2017,7,SERBIA,LY,39680.665999999997,3473
2017,7,SLOVAKIA,LZ,24094.823,1974
2017,7,SLOVENIA,LJ,12207.421,1685
2017,7,SPAIN,LE,1803233.182,88391
2017,7,SWEDEN,ES,298418.62,21918
2017,7,SWITZERLAND,LS,501878.34100000001,22865
2017,7,TÜRKIYE,LT,1523329.9350000001,68370
2017,7,UNITED KINGDOM*,EG,3456507.1430000002,120729
2017,8,ALBANIA,LA,14690.821,1330
2017,8,ARMENIA,UD,22998.966,1138
2017,8,AUSTRIA,LO,234879.359,15365
2017,8,BELGIUM,EB,405411.326,15471
2017,8,BOSNIA AND HERZEGOVINA,LQ,13856.428,999
2017,8,BULGARIA,LB,123334.038,7045
2017,8,CANARY ISLANDS,GC,300863.86,15780
2017,8,CROATIA,LD,96929.726999999999,8392
2017,8,CYPRUS,LC,127690.796,4830
2017,8,CZECHIA,LK,136245.07199999999,8824
2017,8,DENMARK*,EK,271072.804,16843
2017,8,ESTONIA,EE,20028.413,2237
2017,8,FINLAND,EF,194347.66800000001,10298
2017,8,FRANCE,LF,2035424.673,87886
2017,8,GEORGIA,UG,47480.445,2463
2017,8,GERMANY,ED,2799347.784,105060
2017,8,GREECE,LG,630182.58700000006,38328
2017,8,HUNGARY,LH,82624.675000000003,5262
2017,8,ICELAND,BI,78485.297000000006,2752
2017,8,IRELAND,EI,307046.68699999998,13477
2017,8,ITALY,LI,1403439.6980000001,81174
2017,8,KOSOVO,BK,13318.424999999999,984
2017,8,LATVIA,EV,38866.025999999998,3641
2017,8,LITHUANIA,EY,24472.357,2301
2017,8,LUXEMBOURG,EL,138328.96599999999,2969
2017,8,MALTA,LM,44893.633999999998,2728
2017,8,"MOLDOVA, REPUBLIC OF",LU,20834.054,1494
2017,8,MONACO,LN,45.2,70
2017,8,MONTENEGRO,LY,25118.571,1866
2017,8,NETHERLANDS,EH,1033224.253,29493
2017,8,NORTH MACEDONIA,LW,13732.751,1061
2017,8,NORWAY*,EN,279416.09399999998,32241
2017,8,POLAND,EP,265565.049,19282
2017,8,PORTUGAL*,LP,476584.723,22563
2017,8,ROMANIA,LR,133611.54800000001,9338
2017,8,SERBIA,LY,40766.057999999997,3463
2017,8,SLOVAKIA,LZ,23864.819,2035
2017,8,SLOVENIA,LJ,12728.788,1730
2017,8,SPAIN,LE,1783921.7309999999,86354
2017,8,SWEDEN,ES,298934.37099999998,24881
2017,8,SWITZERLAND,LS,496847.93699999998,22349
2017,8,TÜRKIYE,LT,1556829.915,69661
2017,8,UNITED KINGDOM*,EG,3448486.9380000001,119876
2017,9,ALBANIA,LA,13235.249,1227
2017,9,ARMENIA,UD,22090.588,1080
2017,9,AUSTRIA,LO,227062.42499999999,15408
2017,9,BELGIUM,EB,392508.93699999998,15432
2017,9,BOSNIA AND HERZEGOVINA,LQ,10212.85,857
2017,9,BULGARIA,LB,93115.235000000001,5532
2017,9,CANARY ISLANDS,GC,279061.72399999999,14997
2017,9,CROATIA,LD,77988.884999999995,6599
2017,9,CYPRUS,LC,120650.42,4409
2017,9,CZECHIA,LK,131601.93599999999,8691
2017,9,DENMARK*,EK,259237.02499999999,17024
2017,9,ESTONIA,EE,18944.776999999998,2259
2017,9,FINLAND,EF,193042.23499999999,10722
2017,9,FRANCE,LF,1880669.645,89864
2017,9,GEORGIA,UG,43059.811000000002,2326
2017,9,GERMANY,ED,2737582.5109999999,108595
2017,9,GREECE,LG,542605.5,32233
2017,9,HUNGARY,LH,78984.240000000005,5114
2017,9,ICELAND,BI,73964.921000000002,2549
2017,9,IRELAND,EI,287985.88900000002,12774
2017,9,ITALY,LI,1320336.0759999999,76376
2017,9,KOSOVO,BK,9931.866,751
2017,9,LATVIA,EV,36852.004000000001,3482
2017,9,LITHUANIA,EY,32264.991999999998,2734
2017,9,LUXEMBOURG,EL,138649.05499999999,3158
2017,9,MALTA,LM,42303.514000000003,2524
2017,9,"MOLDOVA, REPUBLIC OF",LU,17688.663,1304
2017,9,MONACO,LN,34.526000000000003,51
2017,9,MONTENEGRO,LY,20392.028999999999,1490
2017,9,NETHERLANDS,EH,985268.11899999995,28215
2017,9,NORTH MACEDONIA,LW,11647.299000000001,883
2017,9,NORWAY*,EN,267589.34399999998,32470
2017,9,POLAND,EP,263382.99200000003,19425
2017,9,PORTUGAL*,LP,448350.3,21130
2017,9,ROMANIA,LR,126190.567,8996
2017,9,SERBIA,LY,37819.999000000003,3235
2017,9,SLOVAKIA,LZ,19687.348000000002,1784
2017,9,SLOVENIA,LJ,11632.976000000001,1603
2017,9,SPAIN,LE,1659749.7409999999,80341
2017,9,SWEDEN,ES,297538.07799999998,26792
2017,9,SWITZERLAND,LS,479041.826,22479
2017,9,TÜRKIYE,LT,1442804.6780000001,64658
2017,9,UNITED KINGDOM*,EG,3302269.8739999998,117262
2017,10,ALBANIA,LA,10480.825000000001,1030
2017,10,ARMENIA,UD,21126.835999999999,1033
2017,10,AUSTRIA,LO,212957.701,14846
2017,10,BELGIUM,EB,386762.26500000001,15013
2017,10,BOSNIA AND HERZEGOVINA,LQ,7877.3940000000002,756
2017,10,BULGARIA,LB,48487.644,3285
2017,10,CANARY ISLANDS,GC,326513.99699999997,16500
2017,10,CROATIA,LD,53129.976000000002,5015
2017,10,CYPRUS,LC,112095.398,4279
2017,10,CZECHIA,LK,110163.162,7545
2017,10,DENMARK*,EK,258735.66500000001,16889
2017,10,ESTONIA,EE,18507.555,2205
2017,10,FINLAND,EF,202288.63200000001,10802
2017,10,FRANCE,LF,1819468.4410000001,85860
2017,10,GEORGIA,UG,32022.762999999999,1779
2017,10,GERMANY,ED,2681220.9900000002,106623
2017,10,GREECE,LG,379510.27899999998,23174
2017,10,HUNGARY,LH,73698.13,4957
2017,10,ICELAND,BI,57128.83,2266
2017,10,IRELAND,EI,285570.42700000003,12273
2017,10,ITALY,LI,1196497.9990000001,68800
2017,10,KOSOVO,BK,8748.33,676
2017,10,LATVIA,EV,35724.247000000003,3427
2017,10,LITHUANIA,EY,33424.398999999998,2740
2017,10,LUXEMBOURG,EL,142971.38,3211
2017,10,MALTA,LM,42670.849000000002,2502
2017,10,"MOLDOVA, REPUBLIC OF",LU,14432.038,1116
2017,10,MONACO,LN,31.042999999999999,48
2017,10,MONTENEGRO,LY,9410.8989999999994,920
2017,10,NETHERLANDS,EH,985704.15899999999,28292
2017,10,NORTH MACEDONIA,LW,10444.842000000001,792
2017,10,NORWAY*,EN,268220.59700000001,33308
2017,10,POLAND,EP,235788.68100000001,18129
2017,10,PORTUGAL*,LP,408916.91700000002,19475
2017,10,ROMANIA,LR,117482.783,8591
2017,10,SERBIA,LY,33867.891000000003,2915
2017,10,SLOVAKIA,LZ,12985.95,1475
2017,10,SLOVENIA,LJ,10670.995000000001,1623
2017,10,SPAIN,LE,1538968.7409999999,74252
2017,10,SWEDEN,ES,295243.96000000002,26753
2017,10,SWITZERLAND,LS,477351.60700000002,21868
2017,10,TÜRKIYE,LT,1315491.702,58888
2017,10,UNITED KINGDOM*,EG,3218476.0040000002,112548
2017,11,ALBANIA,LA,9633.4840000000004,941
2017,11,ARMENIA,UD,18211.188999999998,910
2017,11,AUSTRIA,LO,181541.79800000001,12700
2017,11,BELGIUM,EB,369701.36300000001,13212
2017,11,BOSNIA AND HERZEGOVINA,LQ,6232.56,601
2017,11,BULGARIA,LB,36960.741999999998,2794
2017,11,CANARY ISLANDS,GC,340891.59499999997,17337
2017,11,CROATIA,LD,20433.108,2464
2017,11,CYPRUS,LC,60789.017999999996,2577
2017,11,CZECHIA,LK,87329.054999999993,6520
2017,11,DENMARK*,EK,219651.505,14846
2017,11,ESTONIA,EE,15312.299000000001,1921
2017,11,FINLAND,EF,191161.75700000001,10580
2017,11,FRANCE,LF,1556885.2849999999,71564
2017,11,GEORGIA,UG,26645.685000000001,1448
2017,11,GERMANY,ED,2313202.023,88166
2017,11,GREECE,LG,141599.856,12080
2017,11,HUNGARY,LH,65641.14,4439
2017,11,ICELAND,BI,44587.550999999999,2018
2017,11,IRELAND,EI,214773.804,10372
2017,11,ITALY,LI,933951.51899999997,54466
2017,11,KOSOVO,BK,6640.2560000000003,537
2017,11,LATVIA,EV,31810.715,3041
2017,11,LITHUANIA,EY,26967.168000000001,2388
2017,11,LUXEMBOURG,EL,152455.18700000001,2902
2017,11,MALTA,LM,31430.149000000001,1941
2017,11,"MOLDOVA, REPUBLIC OF",LU,12621.909,959
2017,11,MONACO,LN,17.052,28
2017,11,MONTENEGRO,LY,4958.1890000000003,596
2017,11,NETHERLANDS,EH,855219.98300000001,23688
2017,11,NORTH MACEDONIA,LW,8865.134,675
2017,11,NORWAY*,EN,239666.476,30734
2017,11,POLAND,EP,204482.75599999999,15564
2017,11,PORTUGAL*,LP,321189.47200000001,15147
2017,11,ROMANIA,LR,98803.111000000004,7563
2017,11,SERBIA,LY,27164.917000000001,2353
2017,11,SLOVAKIA,LZ,11275.174000000001,1269
2017,11,SLOVENIA,LJ,8021.6869999999999,1376
2017,11,SPAIN,LE,1117719.9839999999,54438
2017,11,SWEDEN,ES,271846.86599999998,24424
2017,11,SWITZERLAND,LS,419159.99,18498
2017,11,TÜRKIYE,LT,1026545.849,48440
2017,11,UNITED KINGDOM*,EG,2712157.2570000002,93580
2017,12,ALBANIA,LA,11136.114,1092
2017,12,ARMENIA,UD,18776.737000000001,953
2017,12,AUSTRIA,LO,187696.60500000001,12265
2017,12,BELGIUM,EB,360192.30099999998,12213
2017,12,BOSNIA AND HERZEGOVINA,LQ,6335.7820000000002,570
2017,12,BULGARIA,LB,40295.995000000003,2734
2017,12,CANARY ISLANDS,GC,352892.20699999999,17836
2017,12,CROATIA,LD,18822.138999999999,2159
2017,12,CYPRUS,LC,49449.017,2234
2017,12,CZECHIA,LK,90242.581000000006,6127
2017,12,DENMARK*,EK,216424.37100000001,12791
2017,12,ESTONIA,EE,14509.355,1765
2017,12,FINLAND,EF,211534.595,10599
2017,12,FRANCE,LF,1652813.159,69351
2017,12,GEORGIA,UG,26678.79,1442
2017,12,GERMANY,ED,2217461.747,78898
2017,12,GREECE,LG,134138.30300000001,11747
2017,12,HUNGARY,LH,65993.486999999994,4421
2017,12,ICELAND,BI,42629.258999999998,1884
2017,12,IRELAND,EI,211190.09099999999,10160
2017,12,ITALY,LI,966172.24899999995,54203
2017,12,KOSOVO,BK,8512.6820000000007,658
2017,12,LATVIA,EV,32454.394,3047
2017,12,LITHUANIA,EY,27068.183000000001,2227
2017,12,LUXEMBOURG,EL,146958.03400000001,2738
2017,12,MALTA,LM,30229.816999999999,1854
2017,12,"MOLDOVA, REPUBLIC OF",LU,13683.447,997
2017,12,MONACO,LN,11.523,19
2017,12,MONTENEGRO,LY,5148.1850000000004,599
2017,12,NETHERLANDS,EH,864067.81,22151
2017,12,NORTH MACEDONIA,LW,9214.4159999999993,684
2017,12,NORWAY*,EN,220987.046,26400
2017,12,POLAND,EP,205927.66099999999,14968
2017,12,PORTUGAL*,LP,333026.56,15477
2017,12,ROMANIA,LR,99539.375,7296
2017,12,SERBIA,LY,31008.437000000002,2453
2017,12,SLOVAKIA,LZ,10916.739,1140
2017,12,SLOVENIA,LJ,8186.4650000000001,1247
2017,12,SPAIN,LE,1122746.483,51946
2017,12,SWEDEN,ES,266386.92099999997,21053
2017,12,SWITZERLAND,LS,446661.141,19169
2017,12,TÜRKIYE,LT,1051632.5360000001,48995
2017,12,UNITED KINGDOM*,EG,2783815.0780000002,90557
2018,1,ALBANIA,LA,10624.795,1023
2018,1,ARMENIA,UD,16790.18,875
2018,1,AUSTRIA,LO,185282.88699999999,12581
2018,1,BELGIUM,EB,348121.397,12397
2018,1,BOSNIA AND HERZEGOVINA,LQ,6151.0169999999998,572
2018,1,BULGARIA,LB,42324.813000000002,2753
2018,1,CANARY ISLANDS,GC,329211.43900000001,16897
2018,1,CROATIA,LD,19749.347000000002,2251
2018,1,CYPRUS,LC,43775.981,1987
2018,1,CZECHIA,LK,82409.290999999997,5834
2018,1,DENMARK*,EK,223764.30300000001,13495
2018,1,ESTONIA,EE,14131.86,1813
2018,1,FINLAND,EF,204705.973,10875
2018,1,FRANCE,LF,1615818.4750000001,70230
2018,1,GEORGIA,UG,26979.99,1358
2018,1,GERMANY,ED,2234919.5419999999,82826
2018,1,GREECE,LG,129049.13400000001,11377
2018,1,HUNGARY,LH,66374.489000000001,4415
2018,1,ICELAND,BI,41921.383000000002,1812
2018,1,IRELAND,EI,202897.152,10115
2018,1,ITALY,LI,951849.68599999999,54167
2018,1,KOSOVO,BK,8317.4419999999991,626
2018,1,LATVIA,EV,31399.295999999998,3033
2018,1,LITHUANIA,EY,26721.867999999999,2261
2018,1,LUXEMBOURG,EL,141834.93900000001,2774
2018,1,MALTA,LM,28521.427,1783
2018,1,"MOLDOVA, REPUBLIC OF",LU,13452.114,962
2018,1,MONACO,LN,12.981999999999999,20
2018,1,MONTENEGRO,LY,5036.9650000000001,602
2018,1,NETHERLANDS,EH,863695.28099999996,23367
2018,1,NORTH MACEDONIA,LW,9377.0810000000001,689
2018,1,NORWAY*,EN,229227.269,28176
2018,1,POLAND,EP,212069.97700000001,15533
2018,1,PORTUGAL*,LP,321100.78600000002,15148
2018,1,ROMANIA,LR,100764.32799999999,7389
2018,1,SERBIA,LY,27750.741000000002,2365
2018,1,SLOVAKIA,LZ,9868.2009999999991,1072
2018,1,SLOVENIA,LJ,8017.9920000000002,1271
2018,1,SPAIN,LE,1080461.4950000001,51053
2018,1,SWEDEN,ES,269917.32,21724
2018,1,SWITZERLAND,LS,455931.76899999997,20340
2018,1,TÜRKIYE,LT,1045189.578,49317
2018,1,UNITED KINGDOM*,EG,2745735.4789999998,89923
2018,2,ALBANIA,LA,7922.3220000000001,785
2018,2,ARMENIA,UD,14935.906999999999,744
2018,2,AUSTRIA,LO,173503.43,12110
2018,2,BELGIUM,EB,313810.20699999999,11876
2018,2,BOSNIA AND HERZEGOVINA,LQ,5376.7809999999999,497
2018,2,BULGARIA,LB,38532.502999999997,2470
2018,2,CANARY ISLANDS,GC,304925.63299999997,15588
2018,2,CROATIA,LD,17366.078000000001,2032
2018,2,CYPRUS,LC,43110.862999999998,1939
2018,2,CZECHIA,LK,75623.107999999993,5623
2018,2,DENMARK*,EK,208547.01199999999,13381
2018,2,ESTONIA,EE,12985.66,1754
2018,2,FINLAND,EF,190921.89799999999,10294
2018,2,FRANCE,LF,1455503.0349999999,65664
2018,2,GEORGIA,UG,23197.021000000001,1217
2018,2,GERMANY,ED,2074553.507,81834
2018,2,GREECE,LG,112009.435,10131
2018,2,HUNGARY,LH,59884.94,4018
2018,2,ICELAND,BI,34089.932999999997,1536
2018,2,IRELAND,EI,178881.019,9247
2018,2,ITALY,LI,857372.43299999996,49678
2018,2,KOSOVO,BK,6899.4989999999998,512
2018,2,LATVIA,EV,27955.385999999999,2718
2018,2,LITHUANIA,EY,23650.898000000001,2087
2018,2,LUXEMBOURG,EL,122279.872,2595
2018,2,MALTA,LM,25530.897000000001,1613
2018,2,"MOLDOVA, REPUBLIC OF",LU,11221.842000000001,834
2018,2,MONACO,LN,5.0359999999999996,8
2018,2,MONTENEGRO,LY,4281.8140000000003,513
2018,2,NETHERLANDS,EH,792741.71100000001,22749
2018,2,NORTH MACEDONIA,LW,8191.41,595
2018,2,NORWAY*,EN,220788.47200000001,26796
2018,2,POLAND,EP,193372.52100000001,14582
2018,2,PORTUGAL*,LP,289859.08,13804
2018,2,ROMANIA,LR,88731.744000000006,6764
2018,2,SERBIA,LY,24223.062000000002,2068
2018,2,SLOVAKIA,LZ,9456.5930000000008,1073
2018,2,SLOVENIA,LJ,7684.6220000000003,1150
2018,2,SPAIN,LE,999565.46299999999,49011
2018,2,SWEDEN,ES,252529.56899999999,21482
2018,2,SWITZERLAND,LS,412620.00900000002,19259
2018,2,TÜRKIYE,LT,948256.29099999997,44783
2018,2,UNITED KINGDOM*,EG,2512708.7000000002,85994
2018,3,ALBANIA,LA,9538.6980000000003,901
2018,3,ARMENIA,UD,17177.483,892
2018,3,AUSTRIA,LO,211090.36499999999,14343
2018,3,BELGIUM,EB,370645.10200000001,13693
2018,3,BOSNIA AND HERZEGOVINA,LQ,7345.1859999999997,654
2018,3,BULGARIA,LB,44157.813999999998,2929
2018,3,CANARY ISLANDS,GC,348975.348,17884
2018,3,CROATIA,LD,24067.984,2573
2018,3,CYPRUS,LC,61116.601000000002,2653
2018,3,CZECHIA,LK,92755.441000000006,6718
2018,3,DENMARK*,EK,241559.53700000001,15143
2018,3,ESTONIA,EE,17086.651999999998,1984
2018,3,FINLAND,EF,211244.51199999999,11479
2018,3,FRANCE,LF,1682596.1740000001,77208
2018,3,GEORGIA,UG,31776.921999999999,1704
2018,3,GERMANY,ED,2436365.7000000002,94482
2018,3,GREECE,LG,150650.30499999999,12771
2018,3,HUNGARY,LH,70950.248999999996,4757
2018,3,ICELAND,BI,46411.627,2169
2018,3,IRELAND,EI,218262.45,10558
2018,3,ITALY,LI,1029544.8,58545
2018,3,KOSOVO,BK,8670.0650000000005,629
2018,3,LATVIA,EV,33422.961000000003,3221
2018,3,LIECHTENSTEIN,LS,0.53200000000000003,1
2018,3,LITHUANIA,EY,28674.762999999999,2431
2018,3,LUXEMBOURG,EL,148262.57699999999,3022
2018,3,MALTA,LM,35045.086000000003,2152
2018,3,"MOLDOVA, REPUBLIC OF",LU,12960.384,986
2018,3,MONACO,LN,11.712999999999999,17
2018,3,MONTENEGRO,LY,5552.8559999999998,647
2018,3,NETHERLANDS,EH,895833.55500000005,26058
2018,3,NORTH MACEDONIA,LW,9499.8950000000004,711
2018,3,NORWAY*,EN,248651.46599999999,28902
2018,3,POLAND,EP,220274.90299999999,16681
2018,3,PORTUGAL*,LP,348731.91600000003,16522
2018,3,ROMANIA,LR,104404.995,7811
2018,3,SERBIA,LY,28915.800999999999,2498
2018,3,SLOVAKIA,LZ,10849.075999999999,1223
2018,3,SLOVENIA,LJ,9285.8410000000003,1414
2018,3,SPAIN,LE,1229996.9439999999,59762
2018,3,SWEDEN,ES,294287.73499999999,24787
2018,3,SWITZERLAND,LS,466533.17499999999,21421
2018,3,TÜRKIYE,LT,1105694.1270000001,51973
2018,3,UNITED KINGDOM*,EG,2876143.324,97246
2018,4,ALBANIA,LA,10718.944,996
2018,4,ARMENIA,UD,19852.297999999999,1003
2018,4,AUSTRIA,LO,219987.049,14359
2018,4,BELGIUM,EB,388584.90299999999,14587
2018,4,BOSNIA AND HERZEGOVINA,LQ,8522.0249999999996,743
2018,4,BULGARIA,LB,49022.529000000002,3275
2018,4,CANARY ISLANDS,GC,302096.48700000002,16833
2018,4,CROATIA,LD,40042.088000000003,3787
2018,4,CYPRUS,LC,84550.476999999999,3473
2018,4,CZECHIA,LK,100312.796,7290
2018,4,DENMARK*,EK,243909.44200000001,15954
2018,4,ESTONIA,EE,17648.512999999999,2067
2018,4,FINLAND,EF,195797.628,11045
2018,4,FRANCE,LF,1724810.923,81366
2018,4,GEORGIA,UG,34508.788,1843
2018,4,GERMANY,ED,2481399.014,99330
2018,4,GREECE,LG,242328.15400000001,17574
2018,4,HUNGARY,LH,78574.909,5176
2018,4,ICELAND,BI,47323.347999999998,2114
2018,4,IRELAND,EI,261551.11600000001,12042
2018,4,ITALY,LI,1164916.497,65611
2018,4,KOSOVO,BK,10007.554,716
2018,4,LATVIA,EV,36332.752999999997,3468
2018,4,LITHUANIA,EY,33175.023999999998,2640
2018,4,LUXEMBOURG,EL,142772.603,3231
2018,4,MALTA,LM,43016.870999999999,2597
2018,4,"MOLDOVA, REPUBLIC OF",LU,15076.115,1113
2018,4,MONACO,LN,15.991,26
2018,4,MONTENEGRO,LY,8061.5550000000003,819
2018,4,NETHERLANDS,EH,932999.60100000002,27698
2018,4,NORTH MACEDONIA,LW,10367.684999999999,754
2018,4,NORWAY*,EN,251340.897,30954
2018,4,POLAND,EP,233036.96799999999,17725
2018,4,PORTUGAL*,LP,401950.03899999999,19176
2018,4,ROMANIA,LR,113994.946,8373
2018,4,SERBIA,LY,32545.775000000001,2737
2018,4,SLOVAKIA,LZ,12624.811,1337
2018,4,SLOVENIA,LJ,10932.913,1604
2018,4,SPAIN,LE,1436794.311,70018
2018,4,SWEDEN,ES,276132.12300000002,25113
2018,4,SWITZERLAND,LS,470289.48200000002,21332
2018,4,TÜRKIYE,LT,1203288.416,55147
2018,4,UNITED KINGDOM*,EG,3010543.7209999999,103775
2018,5,ALBANIA,LA,11194.048000000001,1022
2018,5,ARMENIA,UD,20349.749,1011
2018,5,AUSTRIA,LO,235070.18299999999,15251
2018,5,BELGIUM,EB,406920.28700000001,15262
2018,5,BOSNIA AND HERZEGOVINA,LQ,7657.8549999999996,738
2018,5,BULGARIA,LB,67360.976999999999,4226
2018,5,CANARY ISLANDS,GC,257020.40700000001,15849
2018,5,CROATIA,LD,69209.202999999994,5919
2018,5,CYPRUS,LC,112792.26700000001,4265
2018,5,CZECHIA,LK,115998.622,7702
2018,5,DENMARK*,EK,266660.23800000001,17346
2018,5,ESTONIA,EE,20686.135999999999,2554
2018,5,FINLAND,EF,209687.894,11575
2018,5,FRANCE,LF,1867808.8219999999,87169
2018,5,GEORGIA,UG,38552.74,1977
2018,5,GERMANY,ED,2693266.6549999998,107020
2018,5,GREECE,LG,465195.41100000002,27180
2018,5,HUNGARY,LH,89966.264999999999,5490
2018,5,ICELAND,BI,67860.850000000006,2455
2018,5,IRELAND,EI,296811.44300000003,13370
2018,5,ITALY,LI,1265411.2390000001,71988
2018,5,KOSOVO,BK,9757.7939999999999,708
2018,5,LATVIA,EV,41778.516000000003,3835
2018,5,LITHUANIA,EY,37236.463000000003,3057
2018,5,LUXEMBOURG,EL,144095.28599999999,3378
2018,5,MALTA,LM,46922.36,2851
2018,5,"MOLDOVA, REPUBLIC OF",LU,16599.511999999999,1252
2018,5,MONACO,LN,23.855,39
2018,5,MONTENEGRO,LY,12425.544,1126
2018,5,NETHERLANDS,EH,1006598.676,29566
2018,5,NORTH MACEDONIA,LW,10664.734,779
2018,5,NORWAY*,EN,263745.30599999998,30902
2018,5,POLAND,EP,267694.01500000001,19548
2018,5,PORTUGAL*,LP,433757.42200000002,20689
2018,5,ROMANIA,LR,119069.72,8868
2018,5,SERBIA,LY,34513.406000000003,2949
2018,5,SLOVAKIA,LZ,13544.671,1473
2018,5,SLOVENIA,LJ,11442.210999999999,1651
2018,5,SPAIN,LE,1601844.365,79178
2018,5,SWEDEN,ES,286821.04599999997,25963
2018,5,SWITZERLAND,LS,473108.64600000001,22013
2018,5,TÜRKIYE,LT,1374150.148,59873
2018,5,UNITED KINGDOM*,EG,3276214.159,114620
2018,6,ALBANIA,LA,13670.33,1157
2018,6,ARMENIA,UD,20914.59,1031
2018,6,AUSTRIA,LO,249031.36799999999,15961
2018,6,BELGIUM,EB,407400.81099999999,15326
2018,6,BOSNIA AND HERZEGOVINA,LQ,10641.092000000001,830
2018,6,BULGARIA,LB,112055.33,6421
2018,6,CANARY ISLANDS,GC,263088.62,15943
2018,6,CROATIA,LD,89148.993000000002,7320
2018,6,CYPRUS,LC,122561.363,4603
2018,6,CZECHIA,LK,143742.37100000001,9214
2018,6,DENMARK*,EK,283484.87800000003,17554
2018,6,ESTONIA,EE,19951.323,2401
2018,6,FINLAND,EF,209088.242,10870
2018,6,FRANCE,LF,1934246.206,91269
2018,6,GEORGIA,UG,45052.76,2343
2018,6,GERMANY,ED,2696329.0329999998,108536
2018,6,GREECE,LG,597067.89899999998,34953
2018,6,HUNGARY,LH,93381.271999999997,5636
2018,6,ICELAND,BI,91130.232000000004,2882
2018,6,IRELAND,EI,321497.21999999997,13898
2018,6,ITALY,LI,1358650.943,77120
2018,6,KOSOVO,BK,10583.007,754
2018,6,LATVIA,EV,44757.563999999998,3863
2018,6,LITHUANIA,EY,38063.680999999997,3003
2018,6,LUXEMBOURG,EL,142145.07999999999,3411
2018,6,MALTA,LM,46781.175999999999,2876
2018,6,"MOLDOVA, REPUBLIC OF",LU,19728.583999999999,1448
2018,6,MONACO,LN,44.415999999999997,68
2018,6,MONTENEGRO,LY,22355.920999999998,1712
2018,6,NETHERLANDS,EH,985005.89199999999,28849
2018,6,NORTH MACEDONIA,LW,12162.704,893
2018,6,NORWAY*,EN,283221.63199999998,31425
2018,6,POLAND,EP,295275.93900000001,21151
2018,6,PORTUGAL*,LP,470129.43400000001,21421
2018,6,ROMANIA,LR,127223.49,9165
2018,6,SERBIA,LY,38464.421000000002,3254
2018,6,SLOVAKIA,LZ,21312.030999999999,1889
2018,6,SLOVENIA,LJ,12183.819,1655
2018,6,SPAIN,LE,1728399.41,84017
2018,6,SWEDEN,ES,289926.91600000003,23667
2018,6,SWITZERLAND,LS,487119.09600000002,22579
2018,6,TÜRKIYE,LT,1483262.145,65110
2018,6,UNITED KINGDOM*,EG,3323213.92,116264
2018,7,ALBANIA,LA,16518.245999999999,1377
2018,7,ARMENIA,UD,25209.236000000001,1229
2018,7,AUSTRIA,LO,262270.03100000002,16307
2018,7,BELGIUM,EB,448035.902,16322
2018,7,BOSNIA AND HERZEGOVINA,LQ,15889.263000000001,1043
2018,7,BULGARIA,LB,130963.629,7663
2018,7,CANARY ISLANDS,GC,289434.734,17147
2018,7,CROATIA,LD,113491.639,9282
2018,7,CYPRUS,LC,129982.678,4926
2018,7,CZECHIA,LK,156769.58600000001,9335
2018,7,DENMARK*,EK,303352.65000000002,16568
2018,7,ESTONIA,EE,20049.579000000002,2375
2018,7,FINLAND,EF,214014.46,10284
2018,7,FRANCE,LF,2132486.1290000002,96938
2018,7,GEORGIA,UG,53849.934999999998,2723
2018,7,GERMANY,ED,2835892.4219999998,111330
2018,7,GREECE,LG,691738.54,41304
2018,7,HUNGARY,LH,100990.13800000001,6085
2018,7,ICELAND,BI,96404.108999999997,3129
2018,7,IRELAND,EI,332935.06,14262
2018,7,ITALY,LI,1476013.6,85194
2018,7,KOSOVO,BK,14223.53,978
2018,7,LATVIA,EV,44274.894,3899
2018,7,LITHUANIA,EY,36160.756000000001,2996
2018,7,LUXEMBOURG,EL,143430.024,3287
2018,7,MALTA,LM,49448.112999999998,3044
2018,7,"MOLDOVA, REPUBLIC OF",LU,21069.332999999999,1528
2018,7,MONACO,LN,52.655000000000001,83
2018,7,MONTENEGRO,LY,26385.092000000001,2041
2018,7,NETHERLANDS,EH,1043044.562,29976
2018,7,NORTH MACEDONIA,LW,14420.487999999999,1052
2018,7,NORWAY*,EN,296430.03499999997,29242
2018,7,POLAND,EP,316375.36099999998,21683
2018,7,PORTUGAL*,LP,506120.038,22944
2018,7,ROMANIA,LR,142827.429,10109
2018,7,SERBIA,LY,46082.942000000003,3655
2018,7,SLOVAKIA,LZ,26605.886999999999,2153
2018,7,SLOVENIA,LJ,13319.008,1752
2018,7,SPAIN,LE,1868976.9240000001,90289
2018,7,SWEDEN,ES,296011.17099999997,21692
2018,7,SWITZERLAND,LS,523718.35600000003,23184
2018,7,TÜRKIYE,LT,1624956.635,71204
2018,7,UNITED KINGDOM*,EG,3503164.5839999998,120480
2018,8,ALBANIA,LA,17471.914000000001,1440
2018,8,ARMENIA,UD,26424.401000000002,1271
2018,8,AUSTRIA,LO,265128.43800000002,16282
2018,8,BELGIUM,EB,445181.85499999998,15827
2018,8,BOSNIA AND HERZEGOVINA,LQ,16570.185000000001,1056
2018,8,BULGARIA,LB,127418.117,7498
2018,8,CANARY ISLANDS,GC,293409.70600000001,17604
2018,8,CROATIA,LD,107789.06,9005
2018,8,CYPRUS,LC,129677.644,4991
2018,8,CZECHIA,LK,157886.82199999999,9377
2018,8,DENMARK*,EK,289818.41700000002,17193
2018,8,ESTONIA,EE,19678.128000000001,2306
2018,8,FINLAND,EF,213699.372,11337
2018,8,FRANCE,LF,2106004.8670000001,89382
2018,8,GEORGIA,UG,55160.447,2744
2018,8,GERMANY,ED,2836180.0980000002,109667
2018,8,GREECE,LG,690712.22900000005,41762
2018,8,HUNGARY,LH,104064.985,6029
2018,8,ICELAND,BI,96091.986999999994,3175
2018,8,IRELAND,EI,326396.92700000003,13921
2018,8,ITALY,LI,1478662.662,83043
2018,8,KOSOVO,BK,15180.992,1055
2018,8,LATVIA,EV,44742.646000000001,3999
2018,8,LITHUANIA,EY,36080.491999999998,2956
2018,8,LUXEMBOURG,EL,143020.25700000001,3134
2018,8,MALTA,LM,48869.144999999997,2962
2018,8,"MOLDOVA, REPUBLIC OF",LU,21228.826000000001,1523
2018,8,MONACO,LN,57.029000000000003,83
2018,8,MONTENEGRO,LY,27052.824000000001,2105
2018,8,NETHERLANDS,EH,1048448.853,29512
2018,8,NORTH MACEDONIA,LW,14757.634,1056
2018,8,NORWAY*,EN,288819.67200000002,31942
2018,8,POLAND,EP,320713.12900000002,21710
2018,8,PORTUGAL*,LP,504867.85,23128
2018,8,ROMANIA,LR,143783.87700000001,10137
2018,8,SERBIA,LY,46326.925000000003,3676
2018,8,SLOVAKIA,LZ,26129.896000000001,2119
2018,8,SLOVENIA,LJ,13216.672,1787
2018,8,SPAIN,LE,1849485.72,88203
2018,8,SWEDEN,ES,293925.59000000003,23653
2018,8,SWITZERLAND,LS,523083.45600000001,22567
2018,8,TÜRKIYE,LT,1623924.088,71157
2018,8,UNITED KINGDOM*,EG,3503786.8670000001,119061
2018,9,ALBANIA,LA,14805.191999999999,1214
2018,9,ARMENIA,UD,21717.646000000001,1082
2018,9,AUSTRIA,LO,254578.05300000001,16176
2018,9,BELGIUM,EB,426885.967,15320
2018,9,BOSNIA AND HERZEGOVINA,LQ,9897.6470000000008,836
2018,9,BULGARIA,LB,96174.153000000006,5799
2018,9,CANARY ISLANDS,GC,271256.40299999999,16365
2018,9,CROATIA,LD,89693.956999999995,7323
2018,9,CYPRUS,LC,122455.00900000001,4626
2018,9,CZECHIA,LK,151067.60699999999,9181
2018,9,DENMARK*,EK,273745.84899999999,17093
2018,9,ESTONIA,EE,19112.353999999999,2272
2018,9,FINLAND,EF,209521.71400000001,11907
2018,9,FRANCE,LF,1953725.818,91232
2018,9,GEORGIA,UG,46283.737999999998,2374
2018,9,GERMANY,ED,2775447.2140000002,111533
2018,9,GREECE,LG,596746.78500000003,35231
2018,9,HUNGARY,LH,97934.142000000007,5752
2018,9,ICELAND,BI,84205.313999999998,2613
2018,9,IRELAND,EI,316818.853,13489
2018,9,ITALY,LI,1384327.845,78621
2018,9,KOSOVO,BK,10672.681,757
2018,9,LATVIA,EV,42649.396999999997,3807
2018,9,LITHUANIA,EY,35546.561000000002,2814
2018,9,LUXEMBOURG,EL,146423.24100000001,3333
2018,9,MALTA,LM,46973.593000000001,2814
2018,9,"MOLDOVA, REPUBLIC OF",LU,18723.993999999999,1363
2018,9,MONACO,LN,38.871000000000002,57
2018,9,MONTENEGRO,LY,21513.735000000001,1631
2018,9,NETHERLANDS,EH,995645.47400000005,28930
2018,9,NORTH MACEDONIA,LW,13405.447,962
2018,9,NORWAY*,EN,270763.18099999998,31432
2018,9,POLAND,EP,300041.45400000003,21175
2018,9,PORTUGAL*,LP,477835.33,21626
2018,9,ROMANIA,LR,135268.23199999999,9598
2018,9,SERBIA,LY,40456.921999999999,3320
2018,9,SLOVAKIA,LZ,21773.412,1925
2018,9,SLOVENIA,LJ,12139.106,1625
2018,9,SPAIN,LE,1744963.6839999999,83824
2018,9,SWEDEN,ES,287376.54100000003,25382
2018,9,SWITZERLAND,LS,496593.99099999998,22251
2018,9,TÜRKIYE,LT,1499138.8189999999,65211
2018,9,UNITED KINGDOM*,EG,3329222.1880000001,115014
2018,10,ALBANIA,LA,10587.33,956
2018,10,ARMENIA,UD,20932.491999999998,1070
2018,10,AUSTRIA,LO,249767.67600000001,16021
2018,10,BELGIUM,EB,417046.82299999997,14839
2018,10,BOSNIA AND HERZEGOVINA,LQ,7344.2129999999997,733
2018,10,BULGARIA,LB,51921.247000000003,3495
2018,10,CANARY ISLANDS,GC,318535.10800000001,17565
2018,10,CROATIA,LD,61343.324000000001,5177
2018,10,CYPRUS,LC,110918.442,4238
2018,10,CZECHIA,LK,120060.22,7748
2018,10,DENMARK*,EK,271738.69900000002,17069
2018,10,ESTONIA,EE,19532.055,2324
2018,10,FINLAND,EF,216269.31400000001,11764
2018,10,FRANCE,LF,1909668.0630000001,87865
2018,10,GEORGIA,UG,40735.472000000002,2058
2018,10,GERMANY,ED,2807945.4350000001,113586
2018,10,GREECE,LG,411717.88500000001,25290
2018,10,HUNGARY,LH,93539.673999999999,5560
2018,10,ICELAND,BI,69600.505999999994,2482
2018,10,IRELAND,EI,303928.011,13053
2018,10,ITALY,LI,1279218.1189999999,71981
2018,10,KOSOVO,BK,9688.9060000000009,702
2018,10,LATVIA,EV,42188.875999999997,3768
2018,10,LITHUANIA,EY,35750.275999999998,2836
2018,10,LUXEMBOURG,EL,148561.06400000001,3365
2018,10,MALTA,LM,45951.79,2726
2018,10,"MOLDOVA, REPUBLIC OF",LU,15332.522000000001,1175
2018,10,MONACO,LN,19.364999999999998,32
2018,10,MONTENEGRO,LY,9349.3040000000001,953
2018,10,NETHERLANDS,EH,1003050.8639999999,29411
2018,10,NORTH MACEDONIA,LW,10709.201999999999,786
2018,10,NORWAY*,EN,286372.44900000002,33273
2018,10,POLAND,EP,261921.842,19399
2018,10,PORTUGAL*,LP,445057.86200000002,20543
2018,10,ROMANIA,LR,123414.899,9080
2018,10,SERBIA,LY,35370.764999999999,2995
2018,10,SLOVAKIA,LZ,13636.829,1507
2018,10,SLOVENIA,LJ,10878.664000000001,1580
2018,10,SPAIN,LE,1652746.04,78854
2018,10,SWEDEN,ES,284688.21600000001,25968
2018,10,SWITZERLAND,LS,507498.57500000001,22131
2018,10,TÜRKIYE,LT,1403950.466,60629
2018,10,UNITED KINGDOM*,EG,3275204.96,113007
2018,11,ALBANIA,LA,9841.8700000000008,884
2018,11,ARMENIA,UD,18138.541000000001,954
2018,11,AUSTRIA,LO,213997.48499999999,14312
2018,11,BELGIUM,EB,393658.12,13370
2018,11,BOSNIA AND HERZEGOVINA,LQ,5580.7150000000001,600
2018,11,BULGARIA,LB,39683.868999999999,2743
2018,11,CANARY ISLANDS,GC,339775.54200000002,17813
2018,11,CROATIA,LD,22081.893,2526
2018,11,CYPRUS,LC,62707.273000000001,2552
2018,11,CZECHIA,LK,92550.495999999999,6447
2018,11,DENMARK*,EK,231765.60500000001,14968
2018,11,ESTONIA,EE,16580.906999999999,2046
2018,11,FINLAND,EF,205090.80900000001,11305
2018,11,FRANCE,LF,1658453.34,73352
2018,11,GEORGIA,UG,36117.110999999997,1790
2018,11,GERMANY,ED,2436494.3420000002,96869
2018,11,GREECE,LG,155343.111,13626
2018,11,HUNGARY,LH,76855.081000000006,4886
2018,11,ICELAND,BI,48107.74,1955
2018,11,IRELAND,EI,237609.22200000001,10840
2018,11,ITALY,LI,1033092.872,58283
2018,11,KOSOVO,BK,8678.9230000000007,645
2018,11,LATVIA,EV,35032.58,3187
2018,11,LITHUANIA,EY,28899.769,2420
2018,11,LUXEMBOURG,EL,162563.16399999999,3027
2018,11,MALTA,LM,33932.459000000003,2105
2018,11,"MOLDOVA, REPUBLIC OF",LU,12388.146000000001,977
2018,11,MONACO,LN,13.477,20
2018,11,MONTENEGRO,LY,5230.5749999999998,613
2018,11,NETHERLANDS,EH,861615.56499999994,24416
2018,11,NORTH MACEDONIA,LW,8589.6980000000003,645
2018,11,NORWAY*,EN,260308.03899999999,30741
2018,11,POLAND,EP,226197.25599999999,16627
2018,11,PORTUGAL*,LP,348713.08100000001,16140
2018,11,ROMANIA,LR,105529.21400000001,7939
2018,11,SERBIA,LY,28942.172999999999,2501
2018,11,SLOVAKIA,LZ,11418.647999999999,1289
2018,11,SLOVENIA,LJ,8034.6080000000002,1275
2018,11,SPAIN,LE,1212080.095,57964
2018,11,SWEDEN,ES,256464.79800000001,23472
2018,11,SWITZERLAND,LS,436715.58299999998,18630
2018,11,TÜRKIYE,LT,1063273.72,47392
2018,11,UNITED KINGDOM*,EG,2772753.4679999999,92889
2018,12,ALBANIA,LA,10977.57,989
2018,12,ARMENIA,UD,20026.108,1042
2018,12,AUSTRIA,LO,222340.726,14073
2018,12,BELGIUM,EB,384556.27799999999,12652
2018,12,BOSNIA AND HERZEGOVINA,LQ,6042.5969999999998,596
2018,12,BULGARIA,LB,43686.593999999997,2828
2018,12,CANARY ISLANDS,GC,357263.46,18308
2018,12,CROATIA,LD,18897.736000000001,2270
2018,12,CYPRUS,LC,49859.413,2154
2018,12,CZECHIA,LK,92495.282000000007,6210
2018,12,DENMARK*,EK,226448.66500000001,13093
2018,12,ESTONIA,EE,15621.663,1838
2018,12,FINLAND,EF,230067.22099999999,11293
2018,12,FRANCE,LF,1722219.645,72342
2018,12,GEORGIA,UG,34627.279999999999,1748
2018,12,GERMANY,ED,2369153.3330000001,88042
2018,12,GREECE,LG,145895.076,13058
2018,12,HUNGARY,LH,76367.479000000007,4797
2018,12,ICELAND,BI,41848.464999999997,1774
2018,12,IRELAND,EI,234396.408,10724
2018,12,ITALY,LI,1060084.182,58285
2018,12,KOSOVO,BK,9965.66,736
2018,12,LATVIA,EV,35197.756999999998,3182
2018,12,LIECHTENSTEIN,LS,0.51,1
2018,12,LITHUANIA,EY,28596.937000000002,2310
2018,12,LUXEMBOURG,EL,153451.78,2830
2018,12,MALTA,LM,32145.967000000001,2061
2018,12,"MOLDOVA, REPUBLIC OF",LU,13018.441000000001,966
2018,12,MONACO,LN,11.724,20
2018,12,MONTENEGRO,LY,5270.299,630
2018,12,NETHERLANDS,EH,876671.21900000004,23404
2018,12,NORTH MACEDONIA,LW,9399.9040000000005,700
2018,12,NORWAY*,EN,230043.88099999999,26296
2018,12,POLAND,EP,225082.78099999999,16173
2018,12,PORTUGAL*,LP,359009.26299999998,16454
2018,12,ROMANIA,LR,107609.47199999999,7675
2018,12,SERBIA,LY,31594.503000000001,2563
2018,12,SLOVAKIA,LZ,11333.273999999999,1159
2018,12,SLOVENIA,LJ,8423.6479999999992,1249
2018,12,SPAIN,LE,1233630.3030000001,56535
2018,12,SWEDEN,ES,258929.897,20272
2018,12,SWITZERLAND,LS,469141.924,19909
2018,12,TÜRKIYE,LT,1061085.132,46967
2018,12,UNITED KINGDOM*,EG,2864753.909,91881
2019,1,ALBANIA,LA,10895.620999999999,987
2019,1,ARMENIA,UD,18597.137999999999,979
2019,1,AUSTRIA,LO,219501.06400000001,13748
2019,1,BELGIUM,EB,370106.99699999997,12627
2019,1,BOSNIA AND HERZEGOVINA,LQ,5776.5060000000003,583
2019,1,BULGARIA,LB,43230.834000000003,2795
2019,1,CANARY ISLANDS,GC,339365.96600000001,17644
2019,1,CROATIA,LD,18135.72,2331
2019,1,CYPRUS,LC,46901.067000000003,2039
2019,1,CZECHIA,LK,84870.842999999993,5688
2019,1,DENMARK*,EK,236863.74299999999,13594
2019,1,ESTONIA,EE,15412.013000000001,1895
2019,1,FINLAND,EF,219417.59599999999,11253
2019,1,FRANCE,LF,1683623.7009999999,70305
2019,1,GEORGIA,UG,34488.036999999997,1716
2019,1,GERMANY,ED,2351235.1770000001,87147
2019,1,GREECE,LG,136161.84,12209
2019,1,HUNGARY,LH,72386.129000000001,4636
2019,1,ICELAND,BI,36940.648999999998,1764
2019,1,IRELAND,EI,219823.46,10493
2019,1,ITALY,LI,1021526.39,56499
2019,1,KOSOVO,BK,9717.4959999999992,725
2019,1,LATVIA,EV,34493.75,3139
2019,1,LITHUANIA,EY,28709.419000000002,2389
2019,1,LUXEMBOURG,EL,136674.79699999999,2729
2019,1,MALTA,LM,30665.519,1886
2019,1,"MOLDOVA, REPUBLIC OF",LU,13654.737999999999,977
2019,1,MONACO,LN,11.74,17
2019,1,MONTENEGRO,LY,5158.74,603
2019,1,NETHERLANDS,EH,861054.277,23187
2019,1,NORTH MACEDONIA,LW,9164.31,680
2019,1,NORWAY*,EN,241299.21100000001,28185
2019,1,POLAND,EP,227349.83300000001,16303
2019,1,PORTUGAL*,LP,352422.61900000001,15856
2019,1,ROMANIA,LR,108472.64,7654
2019,1,SERBIA,LY,28261.288,2475
2019,1,SLOVAKIA,LZ,10726.651,1065
2019,1,SLOVENIA,LJ,8334.2469999999994,1263
2019,1,SPAIN,LE,1203517.4920000001,55461
2019,1,SWEDEN,ES,264669.54200000002,20936
2019,1,SWITZERLAND,LS,472737.08100000001,20612
2019,1,TÜRKIYE,LT,1083572.6159999999,47825
2019,1,UNITED KINGDOM*,EG,2833445.281,90031
2019,2,ALBANIA,LA,9184.6110000000008,841
2019,2,ARMENIA,UD,14635.82,784
2019,2,AUSTRIA,LO,206375.774,13581
2019,2,BELGIUM,EB,321350.52299999999,11328
2019,2,BOSNIA AND HERZEGOVINA,LQ,5220.0690000000004,529
2019,2,BULGARIA,LB,39473.855000000003,2602
2019,2,CANARY ISLANDS,GC,297888.36099999998,15862
2019,2,CROATIA,LD,17070.608,2227
2019,2,CYPRUS,LC,44807.413,1923
2019,2,CZECHIA,LK,77135.466,5409
2019,2,DENMARK*,EK,219906.49400000001,13183
2019,2,ESTONIA,EE,14138.037,1710
2019,2,FINLAND,EF,200931.88099999999,10662
2019,2,FRANCE,LF,1531815.247,67395
2019,2,GEORGIA,UG,30610.156999999999,1505
2019,2,GERMANY,ED,2151930.929,85854
2019,2,GREECE,LG,123364.266,10964
2019,2,HUNGARY,LH,66164.191000000006,4305
2019,2,ICELAND,BI,29928.376,1625
2019,2,IRELAND,EI,194519.41200000001,9820
2019,2,ITALY,LI,926249.55799999996,53250
2019,2,KOSOVO,BK,7539.1480000000001,590
2019,2,LATVIA,EV,30301.811000000002,2780
2019,2,LITHUANIA,EY,25707.144,2198
2019,2,LUXEMBOURG,EL,125203.216,2621
2019,2,MALTA,LM,28093.056,1756
2019,2,"MOLDOVA, REPUBLIC OF",LU,11424.835999999999,866
2019,2,MONACO,LN,15.669,24
2019,2,MONTENEGRO,LY,4520.0200000000004,550
2019,2,NETHERLANDS,EH,781641.64,22518
2019,2,NORTH MACEDONIA,LW,7922.08,593
2019,2,NORWAY*,EN,224406.965,26614
2019,2,POLAND,EP,210743.22700000001,15382
2019,2,PORTUGAL*,LP,311700.799,14380
2019,2,ROMANIA,LR,95121.437000000005,7074
2019,2,SERBIA,LY,24998.494999999999,2250
2019,2,SLOVAKIA,LZ,10384.592000000001,1080
2019,2,SLOVENIA,LJ,7824.1610000000001,1233
2019,2,SPAIN,LE,1109504.145,52793
2019,2,SWEDEN,ES,243842.43799999999,20228
2019,2,SWITZERLAND,LS,426740.05300000001,19546
2019,2,TÜRKIYE,LT,981700.50800000003,43200
2019,2,UNITED KINGDOM*,EG,2586421.4210000001,86622
2019,3,ALBANIA,LA,10184.112999999999,925
2019,3,ARMENIA,UD,16968.047999999999,916
2019,3,AUSTRIA,LO,257129.45800000001,15809
2019,3,BELGIUM,EB,392326.136,13189
2019,3,BOSNIA AND HERZEGOVINA,LQ,6179.1,638
2019,3,BULGARIA,LB,44049.93,2839
2019,3,CANARY ISLANDS,GC,347973.24,18389
2019,3,CROATIA,LD,21392.877,2677
2019,3,CYPRUS,LC,58219.129000000001,2430
2019,3,CZECHIA,LK,93554.445000000007,6453
2019,3,DENMARK*,EK,259038.74900000001,15539
2019,3,ESTONIA,EE,16022.745000000001,1917
2019,3,FINLAND,EF,226857.08799999999,12068
2019,3,FRANCE,LF,1760003.67,78057
2019,3,GEORGIA,UG,38081.741000000002,1855
2019,3,GERMANY,ED,2529401.1579999998,95876
2019,3,GREECE,LG,146762.60800000001,13005
2019,3,HUNGARY,LH,79551.856,5000
2019,3,ICELAND,BI,38639.574999999997,1773
2019,3,IRELAND,EI,237558.59700000001,11251
2019,3,ITALY,LI,1085810.8689999999,60620
2019,3,KOSOVO,BK,8665.5949999999993,679
2019,3,LATVIA,EV,35659.303999999996,3191
2019,3,LITHUANIA,EY,27950.63,2407
2019,3,LUXEMBOURG,EL,151311.671,3001
2019,3,MALTA,LM,34319.010999999999,2129
2019,3,"MOLDOVA, REPUBLIC OF",LU,13143.454,991
2019,3,MONACO,LN,30.425000000000001,44
2019,3,MONTENEGRO,LY,5532.0910000000003,653
2019,3,NETHERLANDS,EH,899493.13800000004,25531
2019,3,NORTH MACEDONIA,LW,9200.9179999999997,695
2019,3,NORWAY*,EN,261215.74600000001,30027
2019,3,POLAND,EP,234769.22,17207
2019,3,PORTUGAL*,LP,365707.97,16818
2019,3,ROMANIA,LR,104632.607,7855
2019,3,SERBIA,LY,28353.148000000001,2525
2019,3,SLOVAKIA,LZ,11509.787,1272
2019,3,SLOVENIA,LJ,8762.2199999999993,1373
2019,3,SPAIN,LE,1290444.5560000001,61457
2019,3,SWEDEN,ES,284791.09700000001,23537
2019,3,SWITZERLAND,LS,484734.86599999998,21679
2019,3,TÜRKIYE,LT,1134566.6869999999,48966
2019,3,UNITED KINGDOM*,EG,2938482.0269999998,97719
2019,4,ALBANIA,LA,12340.132,1088
2019,4,ARMENIA,UD,17168.766,882
2019,4,AUSTRIA,LO,273207.29300000001,15677
2019,4,BELGIUM,EB,407587.49800000002,14450
2019,4,BOSNIA AND HERZEGOVINA,LQ,9074.4369999999999,822
2019,4,BULGARIA,LB,47262.182999999997,3074
2019,4,CANARY ISLANDS,GC,299940.72100000002,16902
2019,4,CROATIA,LD,48856.58,4533
2019,4,CYPRUS,LC,82772.983999999997,3376
2019,4,CZECHIA,LK,102343.033,6833
2019,4,DENMARK*,EK,244553.27600000001,15242
2019,4,ESTONIA,EE,17328.218000000001,2082
2019,4,FINLAND,EF,215423.514,11103
2019,4,FRANCE,LF,1880074.202,85776
2019,4,GEORGIA,UG,40488.345999999998,2014
2019,4,GERMANY,ED,2579118.639,101193
2019,4,GREECE,LG,265522.424,18856
2019,4,HUNGARY,LH,89338.448000000004,5445
2019,4,ICELAND,BI,34026.999000000003,1639
2019,4,IRELAND,EI,272100.41800000001,12444
2019,4,ITALY,LI,1240918.024,68277
2019,4,KOSOVO,BK,10600.583000000001,759
2019,4,LATVIA,EV,41129.618999999999,3722
2019,4,LIECHTENSTEIN,LS,0.58299999999999996,1
2019,4,LITHUANIA,EY,33634.536999999997,2687
2019,4,LUXEMBOURG,EL,144072.429,3272
2019,4,MALTA,LM,45542.211000000003,2597
2019,4,"MOLDOVA, REPUBLIC OF",LU,14638.442999999999,1041
2019,4,MONACO,LN,23.762,33
2019,4,MONTENEGRO,LY,8579.3179999999993,880
2019,4,NETHERLANDS,EH,942079.58700000006,28019
2019,4,NORTH MACEDONIA,LW,11694.82,854
2019,4,NORWAY*,EN,239328.66399999999,27562
2019,4,POLAND,EP,248416.10800000001,18406
2019,4,PORTUGAL*,LP,432007.79499999998,20138
2019,4,ROMANIA,LR,119852.8,8392
2019,4,SERBIA,LY,33600.775000000001,2872
2019,4,SLOVAKIA,LZ,12227.357,1237
2019,4,SLOVENIA,LJ,10217.601000000001,1470
2019,4,SPAIN,LE,1533634.2450000001,73429
2019,4,SWEDEN,ES,257046.18900000001,22134
2019,4,SWITZERLAND,LS,478092.43800000002,20895
2019,4,TÜRKIYE,LT,1241143.291,50631
2019,4,UNITED KINGDOM*,EG,3072182.577,103987
2019,5,ALBANIA,LA,13342.071,1198
2019,5,ARMENIA,UD,19223.614000000001,977
2019,5,AUSTRIA,LO,279786.79200000002,16110
2019,5,BELGIUM,EB,414610.25,15281
2019,5,BOSNIA AND HERZEGOVINA,LQ,7971.75,808
2019,5,BULGARIA,LB,62505.991999999998,3905
2019,5,CANARY ISLANDS,GC,244837.12400000001,15696
2019,5,CROATIA,LD,72248.437999999995,6278
2019,5,CYPRUS,LC,107420.038,4046
2019,5,CZECHIA,LK,123164.554,7611
2019,5,DENMARK*,EK,263719.25900000002,17002
2019,5,ESTONIA,EE,18627.841,2255
2019,5,FINLAND,EF,230426.61199999999,12027
2019,5,FRANCE,LF,1935593.442,89632
2019,5,GEORGIA,UG,43463.506000000001,2129
2019,5,GERMANY,ED,2712589.64,108408
2019,5,GREECE,LG,463810.94900000002,27379
2019,5,HUNGARY,LH,96450.475999999995,5804
2019,5,ICELAND,BI,43833.438999999998,2065
2019,5,IRELAND,EI,307477.52299999999,13707
2019,5,ITALY,LI,1341888.7350000001,74695
2019,5,KOSOVO,BK,10412.472,768
2019,5,LATVIA,EV,46377.084000000003,4041
2019,5,LITHUANIA,EY,37230.254000000001,3070
2019,5,LUXEMBOURG,EL,150164.552,3463
2019,5,MALTA,LM,48384.237000000001,2829
2019,5,"MOLDOVA, REPUBLIC OF",LU,17440.258000000002,1274
2019,5,MONACO,LN,37.387,60
2019,5,MONTENEGRO,LY,14167.348,1239
2019,5,NETHERLANDS,EH,994175.51,29885
2019,5,NORTH MACEDONIA,LW,12496.879000000001,923
2019,5,NORWAY*,EN,261809.342,30959
2019,5,POLAND,EP,281020.64600000001,20337
2019,5,PORTUGAL*,LP,461937.47399999999,21315
2019,5,ROMANIA,LR,128054.079,9056
2019,5,SERBIA,LY,35693.125999999997,3111
2019,5,SLOVAKIA,LZ,14005.299000000001,1432
2019,5,SLOVENIA,LJ,11958.508,1568
2019,5,SPAIN,LE,1688726.916,81525
2019,5,SWEDEN,ES,277975.321,24237
2019,5,SWITZERLAND,LS,489782.90700000001,21696
2019,5,TÜRKIYE,LT,1459615.8540000001,57498
2019,5,UNITED KINGDOM*,EG,3294115.8820000002,114895
2019,6,ALBANIA,LA,15562.883,1306
2019,6,ARMENIA,UD,22782.595000000001,1190
2019,6,AUSTRIA,LO,283119.52899999998,17209
2019,6,BELGIUM,EB,422406.28,15211
2019,6,BOSNIA AND HERZEGOVINA,LQ,13019.859,976
2019,6,BULGARIA,LB,102021.205,5846
2019,6,CANARY ISLANDS,GC,249428.128,15655
2019,6,CROATIA,LD,98922.383000000002,7882
2019,6,CYPRUS,LC,118347.357,4444
2019,6,CZECHIA,LK,152952.679,8862
2019,6,DENMARK*,EK,286724.46999999997,17276
2019,6,ESTONIA,EE,19459.919999999998,2330
2019,6,FINLAND,EF,223145.89600000001,11126
2019,6,FRANCE,LF,2021080.243,94274
2019,6,GEORGIA,UG,51727.692999999999,2563
2019,6,GERMANY,ED,2758337.9550000001,107055
2019,6,GREECE,LG,601481.152,35592
2019,6,HUNGARY,LH,103442.747,5973
2019,6,ICELAND,BI,59718.942000000003,2265
2019,6,IRELAND,EI,324625.11200000002,13909
2019,6,ITALY,LI,1458744.2180000001,80705
2019,6,KOSOVO,BK,11868.397000000001,837
2019,6,LATVIA,EV,47213.502,4060
2019,6,LITHUANIA,EY,35000.423000000003,2955
2019,6,LUXEMBOURG,EL,145924.30499999999,3402
2019,6,MALTA,LM,50555.076000000001,2943
2019,6,"MOLDOVA, REPUBLIC OF",LU,20103.807000000001,1416
2019,6,MONACO,LN,61.603000000000002,89
2019,6,MONTENEGRO,LY,23414.720000000001,1789
2019,6,NETHERLANDS,EH,967957.897,28906
2019,6,NORTH MACEDONIA,LW,14420.293,1025
2019,6,NORWAY*,EN,282944.446,30649
2019,6,POLAND,EP,312125.49699999997,21391
2019,6,PORTUGAL*,LP,495563.022,21901
2019,6,ROMANIA,LR,138493.02299999999,9425
2019,6,SERBIA,LY,42439.635000000002,3539
2019,6,SLOVAKIA,LZ,21771.725999999999,1827
2019,6,SLOVENIA,LJ,12651.816000000001,1690
2019,6,SPAIN,LE,1804738.6329999999,87275
2019,6,SWEDEN,ES,295049.91899999999,23019
2019,6,SWITZERLAND,LS,505408.12,22061
2019,6,TÜRKIYE,LT,1616382.5330000001,65483
2019,6,UNITED KINGDOM*,EG,3371187.1779999998,115378
2019,7,ALBANIA,LA,19237.772000000001,1557
2019,7,ARMENIA,UD,28885.97,1520
2019,7,AUSTRIA,LO,294988.07799999998,17614
2019,7,BELGIUM,EB,452012.4,16298
2019,7,BOSNIA AND HERZEGOVINA,LQ,18874.853999999999,1169
2019,7,BULGARIA,LB,117979.83500000001,6938
2019,7,CANARY ISLANDS,GC,268091.82400000002,17046
2019,7,CROATIA,LD,119632.702,9478
2019,7,CYPRUS,LC,124881.598,4669
2019,7,CZECHIA,LK,163325.68400000001,9128
2019,7,DENMARK*,EK,307812.61900000001,16528
2019,7,ESTONIA,EE,19350.763999999999,2306
2019,7,FINLAND,EF,230758.86600000001,10531
2019,7,FRANCE,LF,2185029.517,98539
2019,7,GEORGIA,UG,48789.339,2411
2019,7,GERMANY,ED,2872928.6310000001,110589
2019,7,GREECE,LG,686736.53099999996,41029
2019,7,HUNGARY,LH,108817.679,6270
2019,7,ICELAND,BI,64346.834000000003,2516
2019,7,IRELAND,EI,345404.62800000003,14492
2019,7,ITALY,LI,1567594.2150000001,87562
2019,7,KOSOVO,BK,16401.048999999999,1121
2019,7,LATVIA,EV,48568.858999999997,4265
2019,7,LITHUANIA,EY,34438.231,3000
2019,7,LUXEMBOURG,EL,147343.32999999999,3402
2019,7,MALTA,LM,53371.747000000003,3099
2019,7,"MOLDOVA, REPUBLIC OF",LU,20813.258000000002,1465
2019,7,MONACO,LN,51.802,76
2019,7,MONTENEGRO,LY,27062.222000000002,2055
2019,7,NETHERLANDS,EH,1019366.127,29777
2019,7,NORTH MACEDONIA,LW,15875.044,1192
2019,7,NORWAY*,EN,299670.38099999999,29414
2019,7,POLAND,EP,328619.51699999999,22273
2019,7,PORTUGAL*,LP,544224.67200000002,23766
2019,7,ROMANIA,LR,147861.495,10125
2019,7,SERBIA,LY,49260.055999999997,4040
2019,7,SLOVAKIA,LZ,26723.077000000001,2126
2019,7,SLOVENIA,LJ,12876.924999999999,1759
2019,7,SPAIN,LE,1945326.577,92477
2019,7,SWEDEN,ES,290904.41899999999,20799
2019,7,SWITZERLAND,LS,538260.67500000005,22945
2019,7,TÜRKIYE,LT,1753215.4080000001,69891
2019,7,UNITED KINGDOM*,EG,3545285.8459999999,119959
2019,8,ALBANIA,LA,19970.8,1579
2019,8,ARMENIA,UD,30294.758999999998,1626
2019,8,AUSTRIA,LO,289426.64,17478
2019,8,BELGIUM,EB,440190.99800000002,15689
2019,8,BOSNIA AND HERZEGOVINA,LQ,19986.009999999998,1201
2019,8,BULGARIA,LB,118270.871,6928
2019,8,CANARY ISLANDS,GC,273198.141,17303
2019,8,CROATIA,LD,116131.162,9326
2019,8,CYPRUS,LC,124436.473,4740
2019,8,CZECHIA,LK,164450.231,9101
2019,8,DENMARK*,EK,297659.36900000001,16951
2019,8,ESTONIA,EE,19049.257000000001,2332
2019,8,FINLAND,EF,230505.84700000001,11486
2019,8,FRANCE,LF,2168108.3960000002,90382
2019,8,GEORGIA,UG,47606.404999999999,2389
2019,8,GERMANY,ED,2839860.6940000001,106868
2019,8,GREECE,LG,694691.772,41593
2019,8,HUNGARY,LH,108190.855,6243
2019,8,ICELAND,BI,61948.065999999999,2472
2019,8,IRELAND,EI,343275.43099999998,14372
2019,8,ITALY,LI,1557787.412,84666
2019,8,KOSOVO,BK,16765.146000000001,1195
2019,8,LATVIA,EV,48471.067999999999,4265
2019,8,LITHUANIA,EY,35114.953999999998,3076
2019,8,LUXEMBOURG,EL,149755.014,3153
2019,8,MALTA,LM,52948.027000000002,3119
2019,8,"MOLDOVA, REPUBLIC OF",LU,21570.53,1510
2019,8,MONACO,LN,53.838000000000001,80
2019,8,MONTENEGRO,LY,27289.228999999999,2098
2019,8,NETHERLANDS,EH,1025059.673,29569
2019,8,NORTH MACEDONIA,LW,16974.781999999999,1235
2019,8,NORWAY*,EN,285537.71999999997,31162
2019,8,POLAND,EP,329873.61800000002,22084
2019,8,PORTUGAL*,LP,540846.28799999994,23720
2019,8,ROMANIA,LR,149883.50899999999,10119
2019,8,SERBIA,LY,50279.408000000003,4093
2019,8,SLOVAKIA,LZ,26346.058000000001,2088
2019,8,SLOVENIA,LJ,13150.824000000001,1687
2019,8,SPAIN,LE,1927772.077,89825
2019,8,SWEDEN,ES,283074.17700000003,22512
2019,8,SWITZERLAND,LS,530219.84600000002,22117
2019,8,TÜRKIYE,LT,1789426.8230000001,71208
2019,8,UNITED KINGDOM*,EG,3530817.4739999999,118587
2019,9,ALBANIA,LA,16560.083999999999,1366
2019,9,ARMENIA,UD,25949.932000000001,1389
2019,9,AUSTRIA,LO,276152.01799999998,17166
2019,9,BELGIUM,EB,425195.62599999999,15565
2019,9,BOSNIA AND HERZEGOVINA,LQ,10839.421,893
2019,9,BULGARIA,LB,89273.433999999994,5421
2019,9,CANARY ISLANDS,GC,253833.61300000001,16067
2019,9,CROATIA,LD,92826.061000000002,7315
2019,9,CYPRUS,LC,118117.024,4455
2019,9,CZECHIA,LK,155922.92300000001,8977
2019,9,DENMARK*,EK,272725.54700000002,17361
2019,9,ESTONIA,EE,19349.846000000001,2278
2019,9,FINLAND,EF,223163.36900000001,11918
2019,9,FRANCE,LF,1978809.5190000001,91337
2019,9,GEORGIA,UG,43017.034,2111
2019,9,GERMANY,ED,2790355.9569999999,110615
2019,9,GREECE,LG,600210.21799999999,34954
2019,9,HUNGARY,LH,103818.764,6125
2019,9,ICELAND,BI,50244.341999999997,2069
2019,9,IRELAND,EI,325301.81,13754
2019,9,ITALY,LI,1452932.89,79132
2019,9,KOSOVO,BK,11108.09,817
2019,9,LATVIA,EV,45369.635000000002,4015
2019,9,LIECHTENSTEIN,LS,0.67100000000000004,1
2019,9,LITHUANIA,EY,36035.249000000003,2949
2019,9,LUXEMBOURG,EL,145660.02900000001,3432
2019,9,MALTA,LM,51079.902999999998,2946
2019,9,"MOLDOVA, REPUBLIC OF",LU,18500.562999999998,1344
2019,9,MONACO,LN,46.326000000000001,70
2019,9,MONTENEGRO,LY,22673.927,1708
2019,9,NETHERLANDS,EH,989153.63100000005,29051
2019,9,NORTH MACEDONIA,LW,14449.313,1053
2019,9,NORWAY*,EN,273752.94300000003,32249
2019,9,POLAND,EP,318389.62900000002,21627
2019,9,PORTUGAL*,LP,512383.89399999997,22164
2019,9,ROMANIA,LR,137226.33300000001,9588
2019,9,SERBIA,LY,45166.845999999998,3711
2019,9,SLOVAKIA,LZ,22477.358,1849
2019,9,SLOVENIA,LJ,11339.189,1474
2019,9,SPAIN,LE,1813359.507,84977
2019,9,SWEDEN,ES,278314.96799999999,24367
2019,9,SWITZERLAND,LS,498352.29700000002,21901
2019,9,TÜRKIYE,LT,1634043.702,64498
2019,9,UNITED KINGDOM*,EG,3304289.9,113989
2019,10,ALBANIA,LA,13197.194,1177
2019,10,ARMENIA,UD,25696.51,1272
2019,10,AUSTRIA,LO,268457.72700000001,16708
2019,10,BELGIUM,EB,431240.14799999999,15195
2019,10,BOSNIA AND HERZEGOVINA,LQ,8605.2459999999992,804
2019,10,BULGARIA,LB,50355.112999999998,3317
2019,10,CANARY ISLANDS,GC,289857.78200000001,16808
2019,10,CROATIA,LD,64746.661,5531
2019,10,CYPRUS,LC,108508.43799999999,4211
2019,10,CZECHIA,LK,129710.307,7889
2019,10,DENMARK*,EK,269968.95799999998,17212
2019,10,ESTONIA,EE,20267.09,2242
2019,10,FINLAND,EF,227528.81200000001,11760
2019,10,FRANCE,LF,1913288.696,87306
2019,10,GEORGIA,UG,37637.038,1838
2019,10,GERMANY,ED,2830029.9389999998,110361
2019,10,GREECE,LG,409149.228,25112
2019,10,HUNGARY,LH,100680.26,5952
2019,10,ICELAND,BI,40590.273999999998,1823
2019,10,IRELAND,EI,297167.01500000001,13079
2019,10,ITALY,LI,1326741.4779999999,71352
2019,10,KOSOVO,BK,9575.9169999999995,702
2019,10,LATVIA,EV,44444.553999999996,3934
2019,10,LITHUANIA,EY,38676.591999999997,3055
2019,10,LUXEMBOURG,EL,152652.41,3456
2019,10,MALTA,LM,50314.517,2864
2019,10,"MOLDOVA, REPUBLIC OF",LU,14439.962,1105
2019,10,MONACO,LN,27.838000000000001,46
2019,10,MONTENEGRO,LY,11173.995000000001,1055
2019,10,NETHERLANDS,EH,977842.07900000003,29106
2019,10,NORTH MACEDONIA,LW,12401.119000000001,896
2019,10,NORWAY*,EN,271243.00199999998,32628
2019,10,POLAND,EP,280349.07,20177
2019,10,PORTUGAL*,LP,477040.00199999998,20685
2019,10,ROMANIA,LR,125156.13,8919
2019,10,SERBIA,LY,40224.608999999997,3367
2019,10,SLOVAKIA,LZ,13009.699000000001,1383
2019,10,SLOVENIA,LJ,7046.1239999999998,1035
2019,10,SPAIN,LE,1690853.537,79047
2019,10,SWEDEN,ES,271983.64,24076
2019,10,SWITZERLAND,LS,501234.09299999999,21200
2019,10,TÜRKIYE,LT,1549744.39,60645
2019,10,UNITED KINGDOM*,EG,3228652.2719999999,110600
2019,11,ALBANIA,LA,11907.78,1062
2019,11,ARMENIA,UD,19822.488000000001,1048
2019,11,AUSTRIA,LO,227721.092,14253
2019,11,BELGIUM,EB,405099.15899999999,13122
2019,11,BOSNIA AND HERZEGOVINA,LQ,6510.4189999999999,626
2019,11,BULGARIA,LB,40769.038999999997,2795
2019,11,CANARY ISLANDS,GC,309423.19099999999,16913
2019,11,CROATIA,LD,20836.664000000001,2587
2019,11,CYPRUS,LC,63409.408000000003,2678
2019,11,CZECHIA,LK,95386.68,6448
2019,11,DENMARK*,EK,221736.095,14674
2019,11,ESTONIA,EE,15657.460999999999,1845
2019,11,FINLAND,EF,208037.85200000001,10548
2019,11,FRANCE,LF,1634112.3959999999,71542
2019,11,GEORGIA,UG,31479.219000000001,1528
2019,11,GERMANY,ED,2364377.81,89594
2019,11,GREECE,LG,155125.52600000001,13118
2019,11,HUNGARY,LH,85275.816000000006,5334
2019,11,ICELAND,BI,30337.628000000001,1677
2019,11,IRELAND,EI,219894.27299999999,10418
2019,11,ITALY,LI,1048278.6360000001,58390
2019,11,KOSOVO,BK,8045.79,594
2019,11,LATVIA,EV,35285.72,3204
2019,11,LITHUANIA,EY,30830.833999999999,2536
2019,11,LUXEMBOURG,EL,170133.85,3154
2019,11,MALTA,LM,36725.353000000003,2189
2019,11,"MOLDOVA, REPUBLIC OF",LU,11209.054,864
2019,11,MONACO,LN,13.95,21
2019,11,MONTENEGRO,LY,5734.576,630
2019,11,NETHERLANDS,EH,837370.62,24116
2019,11,NORTH MACEDONIA,LW,10101.777,734
2019,11,NORWAY*,EN,242552.65700000001,29612
2019,11,POLAND,EP,245145.736,17680
2019,11,PORTUGAL*,LP,372697.23,16241
2019,11,ROMANIA,LR,107604.738,7878
2019,11,SERBIA,LY,30828.123,2748
2019,11,SLOVAKIA,LZ,10174.263999999999,1133
2019,11,SLOVENIA,LJ,5965.0929999999998,885
2019,11,SPAIN,LE,1250907.541,58526
2019,11,SWEDEN,ES,238486.29699999999,20710
2019,11,SWITZERLAND,LS,432853.80800000002,17457
2019,11,TÜRKIYE,LT,1174780.1510000001,47795
2019,11,UNITED KINGDOM*,EG,2738086.5079999999,89877
2019,12,ALBANIA,LA,13335.642,1165
2019,12,ARMENIA,UD,21462.116999999998,1117
2019,12,AUSTRIA,LO,239107.128,14654
2019,12,BELGIUM,EB,397692.66800000001,12943
2019,12,BOSNIA AND HERZEGOVINA,LQ,6766.1480000000001,646
2019,12,BULGARIA,LB,44747.055,2834
2019,12,CANARY ISLANDS,GC,322232.56,17533
2019,12,CROATIA,LD,18789.489000000001,2402
2019,12,CYPRUS,LC,53675.24,2350
2019,12,CZECHIA,LK,96654.804999999993,6502
2019,12,DENMARK*,EK,220051.76,13516
2019,12,ESTONIA,EE,15363.993,1809
2019,12,FINLAND,EF,239136.97399999999,11306
2019,12,FRANCE,LF,1710513.01,70092
2019,12,GEORGIA,UG,32089.383999999998,1541
2019,12,GERMANY,ED,2309267.3790000002,84619
2019,12,GREECE,LG,147007.88699999999,12662
2019,12,HUNGARY,LH,88264.706999999995,5331
2019,12,ICELAND,BI,26045.41,1339
2019,12,IRELAND,EI,217764.77799999999,10581
2019,12,ITALY,LI,1078449.0530000001,59542
2019,12,KOSOVO,BK,9978.5390000000007,731
2019,12,LATVIA,EV,36942.646999999997,3356
2019,12,LIECHTENSTEIN,LS,0.51300000000000001,1
2019,12,LITHUANIA,EY,30252.23,2469
2019,12,LUXEMBOURG,EL,154063.674,2998
2019,12,MALTA,LM,36277.008999999998,2129
2019,12,"MOLDOVA, REPUBLIC OF",LU,12754.27,940
2019,12,MONACO,LN,12.077999999999999,20
2019,12,MONTENEGRO,LY,6095.8969999999999,652
2019,12,NETHERLANDS,EH,849091.12,23724
2019,12,NORTH MACEDONIA,LW,11201.119000000001,788
2019,12,NORWAY*,EN,229420.86799999999,25908
2019,12,POLAND,EP,250170.39799999999,17847
2019,12,PORTUGAL*,LP,390076.77600000001,16515
2019,12,ROMANIA,LR,112183.06200000001,7980
2019,12,SERBIA,LY,32006.931,2855
2019,12,SLOVAKIA,LZ,10983.424000000001,1122
2019,12,SLOVENIA,LJ,6487.223,933
2019,12,SPAIN,LE,1281668.3060000001,57356
2019,12,SWEDEN,ES,248087.652,18694
2019,12,SWITZERLAND,LS,464945.89399999997,19110
2019,12,TÜRKIYE,LT,1134879.959,45600
2019,12,UNITED KINGDOM*,EG,2856167.82,91456
2020,1,ALBANIA,LA,11834.425999999999,1034
2020,1,ARMENIA,UD,20693.241000000002,1100
2020,1,AUSTRIA,LO,233968.943,14661
2020,1,BELGIUM,EB,368320.59700000001,12580
2020,1,BOSNIA AND HERZEGOVINA,LQ,6149.9650000000001,581
2020,1,BULGARIA,LB,45409.442000000003,2856
2020,1,CANARY ISLANDS,GC,299916.64600000001,16401
2020,1,CROATIA,LD,16911.848999999998,2315
2020,1,CYPRUS,LC,53602.196000000004,2396
2020,1,CZECHIA,LK,87490.317999999999,5926
2020,1,DENMARK*,EK,227337.59,14104
2020,1,ESTONIA,EE,14654.966,1772
2020,1,FINLAND,EF,229513.49100000001,11161
2020,1,FRANCE,LF,1671341.01,71659
2020,1,GEORGIA,UG,30250.36,1490
2020,1,GERMANY,ED,2304072.733,85527
2020,1,GREECE,LG,140902.79699999999,12079
2020,1,HUNGARY,LH,85346.074999999997,5079
2020,1,ICELAND,BI,20962.894,1212
2020,1,IRELAND,EI,207331.81099999999,10185
2020,1,ITALY,LI,1007158.603,56924
2020,1,KOSOVO,BK,9995.7839999999997,722
2020,1,LATVIA,EV,35963.402000000002,3290
2020,1,LITHUANIA,EY,29319.046999999999,2466
2020,1,LUXEMBOURG,EL,127532.766,2875
2020,1,MALTA,LM,33819.194000000003,2063
2020,1,"MOLDOVA, REPUBLIC OF",LU,12769.194,937
2020,1,MONACO,LN,16.663,26
2020,1,MONTENEGRO,LY,5811.0829999999996,616
2020,1,NETHERLANDS,EH,817635.4,23334
2020,1,NORTH MACEDONIA,LW,10462.922,757
2020,1,NORWAY*,EN,234018.62400000001,28329
2020,1,POLAND,EP,251641.75399999999,17860
2020,1,PORTUGAL*,LP,373186.36499999999,15831
2020,1,ROMANIA,LR,108893.537,7811
2020,1,SERBIA,LY,31231.850999999999,2704
2020,1,SLOVAKIA,LZ,9986.6749999999993,1062
2020,1,SLOVENIA,LJ,5720.4750000000004,926
2020,1,SPAIN,LE,1215132.7290000001,54921
2020,1,SWEDEN,ES,242394.50599999999,19318
2020,1,SWITZERLAND,LS,469900.451,20226
2020,1,TÜRKIYE,LT,1127832.2849999999,46416
2020,1,UNITED KINGDOM*,EG,2748923.227,87146
2020,2,ALBANIA,LA,10022.228999999999,876
2020,2,ARMENIA,UD,17186.817999999999,911
2020,2,AUSTRIA,LO,216859.36,14469
2020,2,BELGIUM,EB,346746.15500000003,12123
2020,2,BOSNIA AND HERZEGOVINA,LQ,5623.3320000000003,563
2020,2,BULGARIA,LB,43588.945,2718
2020,2,CANARY ISLANDS,GC,292907.75300000003,15600
2020,2,CROATIA,LD,16920.919000000002,2245
2020,2,CYPRUS,LC,48894.946000000004,2238
2020,2,CZECHIA,LK,76450.346000000005,5400
2020,2,DENMARK*,EK,213132.72899999999,13551
2020,2,ESTONIA,EE,14273.423000000001,1712
2020,2,FINLAND,EF,203022.06299999999,10777
2020,2,FRANCE,LF,1528325.0789999999,68763
2020,2,GEORGIA,UG,27196.387999999999,1316
2020,2,GERMANY,ED,2124498.2289999998,82778
2020,2,GREECE,LG,127227.41,11220
2020,2,HUNGARY,LH,75328.535000000003,4835
2020,2,ICELAND,BI,23270.080999999998,1278
2020,2,IRELAND,EI,193503.079,9781
2020,2,ITALY,LI,898612.39800000004,53974
2020,2,KOSOVO,BK,8593.0779999999995,619
2020,2,LATVIA,EV,31831.246999999999,3025
2020,2,LITHUANIA,EY,28202.808000000001,2400
2020,2,LUXEMBOURG,EL,122864.45,2746
2020,2,MALTA,LM,31851.55,1983
2020,2,"MOLDOVA, REPUBLIC OF",LU,10919.029,826
2020,2,MONACO,LN,17.983000000000001,28
2020,2,MONTENEGRO,LY,5114.3109999999997,585
2020,2,NETHERLANDS,EH,755743.38699999999,22232
2020,2,NORTH MACEDONIA,LW,9306.0439999999999,692
2020,2,NORWAY*,EN,230803.75099999999,26871
2020,2,POLAND,EP,230098.5,16819
2020,2,PORTUGAL*,LP,353277.69099999999,15257
2020,2,ROMANIA,LR,99684.294999999998,7288
2020,2,SERBIA,LY,28059.403999999999,2595
2020,2,SLOVAKIA,LZ,9770.7389999999996,1059
2020,2,SLOVENIA,LJ,5607.4030000000002,822
2020,2,SPAIN,LE,1143082.845,54553
2020,2,SWEDEN,ES,229326.005,19401
2020,2,SWITZERLAND,LS,429986.96500000003,19244
2020,2,TÜRKIYE,LT,1013160.6360000001,42391
2020,2,UNITED KINGDOM*,EG,2545390.3149999999,85049
2020,3,ALBANIA,LA,5048.1490000000003,461
2020,3,ARMENIA,UD,12642.022000000001,668
2020,3,AUSTRIA,LO,131019.67,8078
2020,3,BELGIUM,EB,316130.75300000003,8623
2020,3,BOSNIA AND HERZEGOVINA,LQ,3456.5889999999999,374
2020,3,BULGARIA,LB,33671.292999999998,1972
2020,3,CANARY ISLANDS,GC,214939.29699999999,10926
2020,3,CROATIA,LD,13443.352999999999,1692
2020,3,CYPRUS,LC,38310.186999999998,1628
2020,3,CZECHIA,LK,50430.226000000002,3476
2020,3,DENMARK*,EK,140560.89799999999,8746
2020,3,ESTONIA,EE,10160.924999999999,1150
2020,3,FINLAND,EF,138913.98699999999,7532
2020,3,FRANCE,LF,1073810.574,44699
2020,3,GEORGIA,UG,17540.507000000001,812
2020,3,GERMANY,ED,1603265.0519999999,56276
2020,3,GREECE,LG,92932.342999999993,8852
2020,3,HUNGARY,LH,51149.222999999998,3307
2020,3,ICELAND,BI,17215.746999999999,1124
2020,3,IRELAND,EI,167860.69500000001,8092
2020,3,ITALY,LI,382373.43199999997,21782
2020,3,KOSOVO,BK,5209.4830000000002,364
2020,3,LATVIA,EV,20916.806,1900
2020,3,LITHUANIA,EY,19147.038,1654
2020,3,LUXEMBOURG,EL,132038.63699999999,1934
2020,3,MALTA,LM,20439.329000000002,1160
2020,3,"MOLDOVA, REPUBLIC OF",LU,5961.6109999999999,465
2020,3,MONACO,LN,9.0229999999999997,12
2020,3,MONTENEGRO,LY,3200.4969999999998,326
2020,3,NETHERLANDS,EH,611988.47699999996,17050
2020,3,NORTH MACEDONIA,LW,5562.9459999999999,436
2020,3,NORWAY*,EN,171517.70300000001,21049
2020,3,POLAND,EP,131765.601,9697
2020,3,PORTUGAL*,LP,249096.92499999999,10659
2020,3,ROMANIA,LR,70212.122000000003,4988
2020,3,SERBIA,LY,18280.172999999999,1586
2020,3,SLOVAKIA,LZ,5335.51,602
2020,3,SLOVENIA,LJ,3668.9450000000002,580
2020,3,SPAIN,LE,770116.16700000002,35240
2020,3,SWEDEN,ES,171656.41,14854
2020,3,SWITZERLAND,LS,276729.77600000001,11930
2020,3,TÜRKIYE,LT,692664.57799999998,30163
2020,3,UNITED KINGDOM*,EG,1978777.2690000001,60949
2020,4,ALBANIA,LA,507.42599999999999,76
2020,4,ARMENIA,UD,2517.7130000000002,110
2020,4,AUSTRIA,LO,23987.722000000002,1126
2020,4,BELGIUM,EB,204807.484,2499
2020,4,BOSNIA AND HERZEGOVINA,LQ,856.12300000000005,111
2020,4,BULGARIA,LB,13302.732,644
2020,4,CANARY ISLANDS,GC,10229.267,1228
2020,4,CROATIA,LD,3333.1840000000002,235
2020,4,CYPRUS,LC,10533.37,314
2020,4,CZECHIA,LK,16169.572,1038
2020,4,DENMARK*,EK,17671.312000000002,1671
2020,4,ESTONIA,EE,1988.0889999999999,240
2020,4,FINLAND,EF,25884.528999999999,1353
2020,4,FRANCE,LF,236997.772,7462
2020,4,GEORGIA,UG,7734.52,175
2020,4,GERMANY,ED,671846.34499999997,15219
2020,4,GREECE,LG,20812.928,2928
2020,4,HUNGARY,LH,13141.887000000001,736
2020,4,ICELAND,BI,3655.9229999999998,548
2020,4,IRELAND,EI,40032.245000000003,1322
2020,4,ITALY,LI,112198.25599999999,7226
2020,4,KOSOVO,BK,1080.271,118
2020,4,LATVIA,EV,2069.8240000000001,178
2020,4,LITHUANIA,EY,7784.45,502
2020,4,LUXEMBOURG,EL,104748.42600000001,557
2020,4,MALTA,LM,3960.951,256
2020,4,"MOLDOVA, REPUBLIC OF",LU,1202.7449999999999,94
2020,4,MONACO,LN,0.432,1
2020,4,MONTENEGRO,LY,367.54899999999998,36
2020,4,NETHERLANDS,EH,255241.29399999999,4234
2020,4,NORTH MACEDONIA,LW,535.32100000000003,78
2020,4,NORWAY*,EN,49819.928,9885
2020,4,POLAND,EP,17653.363000000001,1916
2020,4,PORTUGAL*,LP,26484.332999999999,1354
2020,4,ROMANIA,LR,17551.543000000001,1049
2020,4,SERBIA,LY,7272.6570000000002,294
2020,4,SLOVAKIA,LZ,2263.855,241
2020,4,SLOVENIA,LJ,2788.971,275
2020,4,SPAIN,LE,131956.43599999999,4899
2020,4,SWEDEN,ES,23197.342000000001,3596
2020,4,SWITZERLAND,LS,46882.671000000002,1859
2020,4,TÜRKIYE,LT,130628.402,2529
2020,4,UNITED KINGDOM*,EG,410791.44500000001,9986
2020,5,ALBANIA,LA,1106.5989999999999,111
2020,5,ARMENIA,UD,2311.5430000000001,109
2020,5,AUSTRIA,LO,28699.167000000001,1870
2020,5,BELGIUM,EB,238593.524,3104
2020,5,BOSNIA AND HERZEGOVINA,LQ,623.19299999999998,102
2020,5,BULGARIA,LB,21893.919999999998,969
2020,5,CANARY ISLANDS,GC,11006.263999999999,1643
2020,5,CROATIA,LD,2615.799,570
2020,5,CYPRUS,LC,12745.25,379
2020,5,CZECHIA,LK,12039.268,1120
2020,5,DENMARK*,EK,26386.7,2112
2020,5,ESTONIA,EE,2293.0439999999999,507
2020,5,FINLAND,EF,37935.332999999999,1573
2020,5,FRANCE,LF,346089.68,12271
2020,5,GEORGIA,UG,12899.04,239
2020,5,GERMANY,ED,753883.13800000004,20863
2020,5,GREECE,LG,25525.136999999999,3686
2020,5,HUNGARY,LH,15938.994000000001,851
2020,5,ICELAND,BI,6471.1880000000001,850
2020,5,IRELAND,EI,59902.453999999998,1472
2020,5,ITALY,LI,142651.63,8833
2020,5,KOSOVO,BK,1325.1020000000001,114
2020,5,LATVIA,EV,3136.297,331
2020,5,LITHUANIA,EY,6204.1459999999997,549
2020,5,LUXEMBOURG,EL,118697.697,693
2020,5,MALTA,LM,4429.17,293
2020,5,"MOLDOVA, REPUBLIC OF",LU,1123.846,97
2020,5,MONACO,LN,15.026,22
2020,5,MONTENEGRO,LY,361.09,42
2020,5,NETHERLANDS,EH,357214.29599999997,6205
2020,5,NORTH MACEDONIA,LW,403.22300000000001,67
2020,5,NORWAY*,EN,61506.94,10147
2020,5,POLAND,EP,22742.151999999998,2289
2020,5,PORTUGAL*,LP,36865.631000000001,1866
2020,5,ROMANIA,LR,13048.146000000001,1172
2020,5,SERBIA,LY,6498.5720000000001,433
2020,5,SLOVAKIA,LZ,1790.2370000000001,268
2020,5,SLOVENIA,LJ,1509.9849999999999,262
2020,5,SPAIN,LE,176904.16500000001,6384
2020,5,SWEDEN,ES,27037.764999999999,3828
2020,5,SWITZERLAND,LS,72826.771999999997,3131
2020,5,TÜRKIYE,LT,187085.61499999999,3316
2020,5,UNITED KINGDOM*,EG,562576.56000000006,12072
2020,6,ALBANIA,LA,2204.7330000000002,230
2020,6,ARMENIA,UD,3497.915,156
2020,6,AUSTRIA,LO,28924.839,3601
2020,6,BELGIUM,EB,223893.79300000001,4197
2020,6,BOSNIA AND HERZEGOVINA,LQ,2887.1010000000001,307
2020,6,BULGARIA,LB,30081.067999999999,1517
2020,6,CANARY ISLANDS,GC,18642.723999999998,3245
2020,6,CROATIA,LD,8099.9920000000002,1833
2020,6,CYPRUS,LC,16697.61,702
2020,6,CZECHIA,LK,10483.736999999999,1750
2020,6,DENMARK*,EK,33436.910000000003,3379
2020,6,ESTONIA,EE,3894.08,794
2020,6,FINLAND,EF,36835.078999999998,2275
2020,6,FRANCE,LF,443925.26199999999,24660
2020,6,GEORGIA,UG,11939.916999999999,275
2020,6,GERMANY,ED,759489.68500000006,29648
2020,6,GREECE,LG,42507.478000000003,7108
2020,6,HUNGARY,LH,19585.248,1421
2020,6,ICELAND,BI,7957.8490000000002,1100
2020,6,IRELAND,EI,58256.391000000003,1759
2020,6,ITALY,LI,200924.446,15588
2020,6,KOSOVO,BK,1445.7750000000001,125
2020,6,LATVIA,EV,7637.0950000000003,759
2020,6,LITHUANIA,EY,7842.9309999999996,908
2020,6,LUXEMBOURG,EL,111321.895,1087
2020,6,MALTA,LM,5167.3599999999997,298
2020,6,"MOLDOVA, REPUBLIC OF",LU,3396.9859999999999,231
2020,6,MONACO,LN,35.618000000000002,55
2020,6,MONTENEGRO,LY,1063.856,219
2020,6,NETHERLANDS,EH,413140.12800000003,8440
2020,6,NORTH MACEDONIA,LW,218.024,63
2020,6,NORWAY*,EN,77888.148000000001,13298
2020,6,POLAND,EP,33237.247000000003,3967
2020,6,PORTUGAL*,LP,54179.675000000003,3263
2020,6,ROMANIA,LR,19044.188999999998,2023
2020,6,SERBIA,LY,10533.096,1115
2020,6,SLOVAKIA,LZ,1942.769,474
2020,6,SLOVENIA,LJ,1628.799,556
2020,6,SPAIN,LE,170971.139,10506
2020,6,SWEDEN,ES,31782.323,4872
2020,6,SWITZERLAND,LS,84598.335999999996,5525
2020,6,TÜRKIYE,LT,348689.30300000001,15360
2020,6,UNITED KINGDOM*,EG,614938.93900000001,15910
2020,7,ALBANIA,LA,11300.977000000001,963
2020,7,ARMENIA,UD,3860.7069999999999,156
2020,7,AUSTRIA,LO,73845.038,7366
2020,7,BELGIUM,EB,279485.20899999997,7687
2020,7,BOSNIA AND HERZEGOVINA,LQ,4152.6469999999999,438
2020,7,BULGARIA,LB,51415.285000000003,2885
2020,7,CANARY ISLANDS,GC,111492.22500000001,9466
2020,7,CROATIA,LD,31727.992999999999,4347
2020,7,CYPRUS,LC,36787.004999999997,1692
2020,7,CZECHIA,LK,28189.761999999999,3344
2020,7,DENMARK*,EK,72243.641000000003,6287
2020,7,ESTONIA,EE,7705.0379999999996,1067
2020,7,FINLAND,EF,44223.398999999998,3063
2020,7,FRANCE,LF,747906.28099999996,48342
2020,7,GEORGIA,UG,12555.508,316
2020,7,GERMANY,ED,1044906.52,48034
2020,7,GREECE,LG,222363.875,18635
2020,7,HUNGARY,LH,33859.476999999999,2716
2020,7,ICELAND,BI,9185.9590000000007,1250
2020,7,IRELAND,EI,92354.567999999999,4340
2020,7,ITALY,LI,444780.576,37618
2020,7,KOSOVO,BK,7094.47,506
2020,7,LATVIA,EV,19210.563999999998,1651
2020,7,LITHUANIA,EY,17297.043000000001,1549
2020,7,LUXEMBOURG,EL,123339.681,1861
2020,7,MALTA,LM,16417.11,1211
2020,7,"MOLDOVA, REPUBLIC OF",LU,6730.7849999999999,544
2020,7,MONACO,LN,46.390999999999998,74
2020,7,MONTENEGRO,LY,5045.8010000000004,668
2020,7,NETHERLANDS,EH,540834.174,14145
2020,7,NORTH MACEDONIA,LW,6760.683,479
2020,7,NORWAY*,EN,115798.27,18334
2020,7,POLAND,EP,115454.76,10031
2020,7,PORTUGAL*,LP,146169.73300000001,9385
2020,7,ROMANIA,LR,60120.027000000002,4515
2020,7,SERBIA,LY,19170.553,1871
2020,7,SLOVAKIA,LZ,3649.7640000000001,744
2020,7,SLOVENIA,LJ,2643.556,658
2020,7,SPAIN,LE,528440.86499999999,37933
2020,7,SWEDEN,ES,57295.578999999998,6661
2020,7,SWITZERLAND,LS,151964.74400000001,10265
2020,7,TÜRKIYE,LT,566549.87800000003,29094
2020,7,UNITED KINGDOM*,EG,862076.43900000001,35111
2020,8,ALBANIA,LA,13321.763000000001,1139
2020,8,ARMENIA,UD,5453.3440000000001,237
2020,8,AUSTRIA,LO,92872.198000000004,8721
2020,8,BELGIUM,EB,299467.902,8154
2020,8,BOSNIA AND HERZEGOVINA,LQ,4976.1530000000002,468
2020,8,BULGARIA,LB,51674.557000000001,3047
2020,8,CANARY ISLANDS,GC,146331.78899999999,12314
2020,8,CROATIA,LD,48020.277000000002,5761
2020,8,CYPRUS,LC,47652.798000000003,2108
2020,8,CZECHIA,LK,36128.396999999997,3560
2020,8,DENMARK*,EK,81983.198999999993,7291
2020,8,ESTONIA,EE,7164.817,1092
2020,8,FINLAND,EF,54742.04,4027
2020,8,FRANCE,LF,899694.495,54131
2020,8,GEORGIA,UG,12116.23,363
2020,8,GERMANY,ED,1166238.76,51785
2020,8,GREECE,LG,343637.81300000002,24958
2020,8,HUNGARY,LH,38761.451000000001,2946
2020,8,ICELAND,BI,6465.652,1085
2020,8,IRELAND,EI,107746.41800000001,5298
2020,8,ITALY,LI,565994.72900000005,47952
2020,8,KOSOVO,BK,7706.1559999999999,548
2020,8,LATVIA,EV,18877.170999999998,1826
2020,8,LITHUANIA,EY,20690.324000000001,1795
2020,8,LUXEMBOURG,EL,126847.9,1867
2020,8,MALTA,LM,25703.553,1782
2020,8,"MOLDOVA, REPUBLIC OF",LU,7015.3320000000003,508
2020,8,MONACO,LN,53.1,71
2020,8,MONTENEGRO,LY,6931.1130000000003,851
2020,8,NETHERLANDS,EH,597465.50399999996,17663
2020,8,NORTH MACEDONIA,LW,6358.9089999999997,471
2020,8,NORWAY*,EN,122660.633,19093
2020,8,POLAND,EP,150067.85,12290
2020,8,PORTUGAL*,LP,215196.39799999999,12978
2020,8,ROMANIA,LR,71399.436000000002,4977
2020,8,SERBIA,LY,20911.401000000002,1933
2020,8,SLOVAKIA,LZ,6526.433,921
2020,8,SLOVENIA,LJ,3042.0349999999999,742
2020,8,SPAIN,LE,697484.94,47945
2020,8,SWEDEN,ES,71864.009000000005,7915
2020,8,SWITZERLAND,LS,170027.83300000001,11445
2020,8,TÜRKIYE,LT,782320.81900000002,38147
2020,8,UNITED KINGDOM*,EG,1121783.7590000001,49247
2020,9,ALBANIA,LA,9504.5290000000005,848
2020,9,ARMENIA,UD,6850.9110000000001,311
2020,9,AUSTRIA,LO,82021.285000000003,8289
2020,9,BELGIUM,EB,274356.15999999997,6965
2020,9,BOSNIA AND HERZEGOVINA,LQ,3694.9470000000001,380
2020,9,BULGARIA,LB,43248.678999999996,2546
2020,9,CANARY ISLANDS,GC,96737.236000000004,9371
2020,9,CROATIA,LD,26265.29,3288
2020,9,CYPRUS,LC,50121.309000000001,1978
2020,9,CZECHIA,LK,33912.546000000002,3410
2020,9,DENMARK*,EK,84722.966,7574
2020,9,ESTONIA,EE,6371.0209999999997,1061
2020,9,FINLAND,EF,46261.673999999999,3465
2020,9,FRANCE,LF,811380.45400000003,50306
2020,9,GEORGIA,UG,14142.960999999999,404
2020,9,GERMANY,ED,1118639.8959999999,52277
2020,9,GREECE,LG,264198.495,18867
2020,9,HUNGARY,LH,23898.877,1776
2020,9,ICELAND,BI,6590.549,1016
2020,9,IRELAND,EI,95634.41,4431
2020,9,ITALY,LI,480895.80499999999,40378
2020,9,KOSOVO,BK,5325.5110000000004,404
2020,9,LATVIA,EV,18650.332999999999,1706
2020,9,LIECHTENSTEIN,LS,0.46300000000000002,1
2020,9,LITHUANIA,EY,17205.774000000001,1552
2020,9,LUXEMBOURG,EL,131788.655,1812
2020,9,MALTA,LM,20986.667000000001,1392
2020,9,"MOLDOVA, REPUBLIC OF",LU,6822.5910000000003,493
2020,9,MONACO,LN,43.984999999999999,67
2020,9,MONTENEGRO,LY,5877.3620000000001,740
2020,9,NETHERLANDS,EH,555527.38399999996,16722
2020,9,NORTH MACEDONIA,LW,4607.8310000000001,398
2020,9,NORWAY*,EN,126828.22100000001,20158
2020,9,POLAND,EP,120897.606,11071
2020,9,PORTUGAL*,LP,197315.90100000001,11309
2020,9,ROMANIA,LR,61760.951999999997,4658
2020,9,SERBIA,LY,18698.699000000001,1843
2020,9,SLOVAKIA,LZ,4980.2950000000001,788
2020,9,SLOVENIA,LJ,2551.0920000000001,713
2020,9,SPAIN,LE,531274.39599999995,34567
2020,9,SWEDEN,ES,72320.198999999993,8708
2020,9,SWITZERLAND,LS,152346.33100000001,9811
2020,9,TÜRKIYE,LT,798283.88399999996,37256
2020,9,UNITED KINGDOM*,EG,1129589.139,46940
2020,10,ALBANIA,LA,7139.0739999999996,751
2020,10,ARMENIA,UD,8890.0010000000002,402
2020,10,AUSTRIA,LO,67225.114000000001,6617
2020,10,BELGIUM,EB,276659.77500000002,6581
2020,10,BOSNIA AND HERZEGOVINA,LQ,3348.1880000000001,369
2020,10,BULGARIA,LB,36996.368999999999,2065
2020,10,CANARY ISLANDS,GC,87720.069000000003,8519
2020,10,CROATIA,LD,11063.441999999999,1964
2020,10,CYPRUS,LC,46176.036999999997,1885
2020,10,CZECHIA,LK,25083.705000000002,2623
2020,10,DENMARK*,EK,81050.881999999998,6739
2020,10,ESTONIA,EE,5001.9170000000004,922
2020,10,FINLAND,EF,48975.718999999997,3306
2020,10,FRANCE,LF,818984.97100000002,44980
2020,10,GEORGIA,UG,11518.800999999999,342
2020,10,GERMANY,ED,1133479.743,48261
2020,10,GREECE,LG,192694.709,13827
2020,10,HUNGARY,LH,20807.386999999999,1473
2020,10,ICELAND,BI,9985.5879999999997,1073
2020,10,IRELAND,EI,83686.274000000005,3562
2020,10,ITALY,LI,437887.234,34308
2020,10,KOSOVO,BK,8929.527,612
2020,10,LATVIA,EV,14669.58,1324
2020,10,LITHUANIA,EY,12676.209000000001,1196
2020,10,LUXEMBOURG,EL,147863.07999999999,1772
2020,10,MALTA,LM,16829.994999999999,1190
2020,10,"MOLDOVA, REPUBLIC OF",LU,5939.3549999999996,444
2020,10,MONACO,LN,34.741,53
2020,10,MONTENEGRO,LY,3245.7550000000001,466
2020,10,NETHERLANDS,EH,566254.24100000004,14345
2020,10,NORTH MACEDONIA,LW,3751.46,349
2020,10,NORWAY*,EN,120315.319,19885
2020,10,POLAND,EP,102652.65700000001,9331
2020,10,PORTUGAL*,LP,186161.38800000001,10198
2020,10,ROMANIA,LR,50265.127,4202
2020,10,SERBIA,LY,20655.044000000002,1863
2020,10,SLOVAKIA,LZ,4171.9449999999997,603
2020,10,SLOVENIA,LJ,1886.7570000000001,535
2020,10,SPAIN,LE,474725.27100000001,28655
2020,10,SWEDEN,ES,75748.442999999999,8888
2020,10,SWITZERLAND,LS,151512.64499999999,8464
2020,10,TÜRKIYE,LT,790929.32,35601
2020,10,UNITED KINGDOM*,EG,1114117.173,41206
2020,11,ALBANIA,LA,5085.9589999999998,623
2020,11,ARMENIA,UD,15813.745999999999,667
2020,11,AUSTRIA,LO,47057.576999999997,4032
2020,11,BELGIUM,EB,283908.87,5374
2020,11,BOSNIA AND HERZEGOVINA,LQ,2752.335,316
2020,11,BULGARIA,LB,25196.974999999999,1384
2020,11,CANARY ISLANDS,GC,83692.191999999995,8044
2020,11,CROATIA,LD,6343.0559999999996,1385
2020,11,CYPRUS,LC,22302.695,1000
2020,11,CZECHIA,LK,17836.031999999999,1959
2020,11,DENMARK*,EK,66152.154999999999,4993
2020,11,ESTONIA,EE,6092.4750000000004,853
2020,11,FINLAND,EF,53351.006000000001,3182
2020,11,FRANCE,LF,629814.16700000002,27999
2020,11,GEORGIA,UG,17927.753000000001,389
2020,11,GERMANY,ED,1014304.012,32715
2020,11,GREECE,LG,55257.597000000002,5945
2020,11,HUNGARY,LH,18296.909,1182
2020,11,ICELAND,BI,8903.4650000000001,817
2020,11,IRELAND,EI,59747.9,2384
2020,11,ITALY,LI,327427.48599999998,21683
2020,11,KOSOVO,BK,6115.4009999999998,453
2020,11,LATVIA,EV,10057.071,995
2020,11,LITHUANIA,EY,8163.8890000000001,872
2020,11,LUXEMBOURG,EL,148623.033,1442
2020,11,MALTA,LM,10596.523999999999,818
2020,11,"MOLDOVA, REPUBLIC OF",LU,3448.41,389
2020,11,MONACO,LN,28.452999999999999,37
2020,11,MONTENEGRO,LY,1730.4349999999999,301
2020,11,NETHERLANDS,EH,535224.41099999996,11427
2020,11,NORTH MACEDONIA,LW,3211.663,320
2020,11,NORWAY*,EN,102402.86,17916
2020,11,POLAND,EP,63039.266000000003,6046
2020,11,PORTUGAL*,LP,126477.88099999999,6714
2020,11,ROMANIA,LR,26500.456999999999,2768
2020,11,SERBIA,LY,18206.789000000001,1386
2020,11,SLOVAKIA,LZ,2752.3090000000002,395
2020,11,SLOVENIA,LJ,1467.202,360
2020,11,SPAIN,LE,360402.88299999997,19687
2020,11,SWEDEN,ES,60309.648000000001,7482
2020,11,SWITZERLAND,LS,120885.5,6039
2020,11,TÜRKIYE,LT,623061.37699999998,27901
2020,11,UNITED KINGDOM*,EG,898437.853,24788
2020,12,ALBANIA,LA,5212.2669999999998,527
2020,12,ARMENIA,UD,11982.561,547
2020,12,AUSTRIA,LO,49183.794000000002,3943
2020,12,BELGIUM,EB,299450.82299999997,6129
2020,12,BOSNIA AND HERZEGOVINA,LQ,2871.6570000000002,301
2020,12,BULGARIA,LB,29601.816999999999,1606
2020,12,CANARY ISLANDS,GC,113055.124,9134
2020,12,CROATIA,LD,5467.3389999999999,1143
2020,12,CYPRUS,LC,20501.706999999999,943
2020,12,CZECHIA,LK,20160.752,2044
2020,12,DENMARK*,EK,64139.796000000002,4558
2020,12,ESTONIA,EE,5106.9750000000004,845
2020,12,FINLAND,EF,53122.944000000003,3076
2020,12,FRANCE,LF,784089.20900000003,33728
2020,12,GEORGIA,UG,18986.653999999999,397
2020,12,GERMANY,ED,1045537.608,30490
2020,12,GREECE,LG,49227.652000000002,5668
2020,12,HUNGARY,LH,18319.010999999999,1246
2020,12,ICELAND,BI,8000.2250000000004,927
2020,12,IRELAND,EI,63751.107000000004,2550
2020,12,ITALY,LI,316471.353,21236
2020,12,KOSOVO,BK,8423.7710000000006,610
2020,12,LATVIA,EV,11638.822,1078
2020,12,LITHUANIA,EY,8471.1460000000006,852
2020,12,LUXEMBOURG,EL,150866.035,1480
2020,12,MALTA,LM,8949.1219999999994,771
2020,12,"MOLDOVA, REPUBLIC OF",LU,5398.9859999999999,366
2020,12,MONACO,LN,21.635999999999999,28
2020,12,MONTENEGRO,LY,1733.992,273
2020,12,NETHERLANDS,EH,547247.82799999998,10802
2020,12,NORTH MACEDONIA,LW,3492.203,330
2020,12,NORWAY*,EN,99562.534,16236
2020,12,POLAND,EP,71581.251000000004,5914
2020,12,PORTUGAL*,LP,142125.15599999999,7228
2020,12,ROMANIA,LR,36546.533000000003,3061
2020,12,SERBIA,LY,15187.261,1273
2020,12,SLOVAKIA,LZ,3170.4520000000002,488
2020,12,SLOVENIA,LJ,1771.604,363
2020,12,SPAIN,LE,424140.78600000002,22273
2020,12,SWEDEN,ES,59163.822999999997,6452
2020,12,SWITZERLAND,LS,139410.89199999999,7158
2020,12,TÜRKIYE,LT,591315.10499999998,23176
2020,12,UNITED KINGDOM*,EG,996281.59499999997,28444
2021,1,ALBANIA,LA,4879.1484,519
2021,1,ARMENIA,UD,8157.9137499999997,371
2021,1,AUSTRIA,LO,46703.998299999999,3479
2021,1,BELGIUM,EB,274233.83305000002,5191
2021,1,BOSNIA AND HERZEGOVINA,LQ,2594.60025,284
2021,1,BULGARIA,LB,26254.604050000002,1305
2021,1,CANARY ISLANDS,GC,73770.089200000002,6367
2021,1,CROATIA,LD,5109.5839999999998,1114
2021,1,CYPRUS,LC,16613.399949999999,734
2021,1,CZECHIA,LK,17720.06955,1684
2021,1,DENMARK*,EK,54200.89675,3395
2021,1,ESTONIA,EE,3872.3184000000001,719
2021,1,FINLAND,EF,46255.116300000002,2912
2021,1,FRANCE,LF,757434.31275000004,33522
2021,1,GEORGIA,UG,11761.721600000001,299
2021,1,GERMANY,ED,981455.62564999994,26556
2021,1,GREECE,LG,46167.906199999998,5760
2021,1,HUNGARY,LH,17433.413700000001,1134
2021,1,ICELAND,BI,8301.7376999999997,920
2021,1,IRELAND,EI,61861.218699999998,2462
2021,1,ITALY,LI,277629.0698,18185
2021,1,KOSOVO,BK,8809.1262000000006,633
2021,1,LATVIA,EV,9488.6756999999998,837
2021,1,LITHUANIA,EY,7663.2300999999998,778
2021,1,LUXEMBOURG,EL,138462.12145000001,1307
2021,1,MALTA,LM,7450.6671999999999,696
2021,1,"MOLDOVA, REPUBLIC OF",LU,4923.0997500000003,325
2021,1,MONACO,LN,26.154450000000001,37
2021,1,MONTENEGRO,LY,1167.7876000000001,195
2021,1,NETHERLANDS,EH,521065.81235000002,9982
2021,1,NORTH MACEDONIA,LW,3828.33835,349
2021,1,NORWAY*,EN,89911.836500000005,15594
2021,1,POLAND,EP,63352.4159,5059
2021,1,PORTUGAL*,LP,116613.09765,6207
2021,1,ROMANIA,LR,37356.233500000002,3070
2021,1,SERBIA,LY,13359.6139,1112
2021,1,SLOVAKIA,LZ,3034.3035500000001,346
2021,1,SLOVENIA,LJ,1698.4476999999999,390
2021,1,SPAIN,LE,366865.77840000001,18643
2021,1,SWEDEN,ES,53419.438349999997,5627
2021,1,SWITZERLAND,LS,129998.99175,6430
2021,1,TÜRKIYE,LT,594242.66295000003,23480
2021,1,UNITED KINGDOM*,EG,765614.32204999996,20024
2021,2,ALBANIA,LA,3954.4657000000002,486
2021,2,ARMENIA,UD,10419.365,499
2021,2,AUSTRIA,LO,38915.908100000001,3473
2021,2,BELGIUM,EB,250095.94959999999,4481
2021,2,BOSNIA AND HERZEGOVINA,LQ,1921.3059000000001,228
2021,2,BULGARIA,LB,21079.172900000001,1124
2021,2,CANARY ISLANDS,GC,45352.410049999999,4880
2021,2,CROATIA,LD,4900.7707499999997,1068
2021,2,CYPRUS,LC,15307.43295,717
2021,2,CZECHIA,LK,17286.568149999999,1669
2021,2,DENMARK*,EK,49549.055500000002,2658
2021,2,ESTONIA,EE,3524.8267000000001,648
2021,2,FINLAND,EF,44910.917249999999,2911
2021,2,FRANCE,LF,625913.26729999995,30460
2021,2,GEORGIA,UG,11635.15185,368
2021,2,GERMANY,ED,868484.09875,25871
2021,2,GREECE,LG,37451.249799999998,5145
2021,2,HUNGARY,LH,14881.1427,1063
2021,2,ICELAND,BI,7315.37925,985
2021,2,IRELAND,EI,48573.022100000002,1715
2021,2,ITALY,LI,251985.31705000001,15703
2021,2,KOSOVO,BK,5895.25965,445
2021,2,LATVIA,EV,4966.5401000000002,560
2021,2,LITHUANIA,EY,6349.4947499999998,726
2021,2,LUXEMBOURG,EL,129428.1268,1093
2021,2,MALTA,LM,6134.48315,644
2021,2,"MOLDOVA, REPUBLIC OF",LU,3733.6086500000001,265
2021,2,MONACO,LN,26.280449999999998,39
2021,2,MONTENEGRO,LY,1075.21525,201
2021,2,NETHERLANDS,EH,443251.96519999998,7810
2021,2,NORTH MACEDONIA,LW,2940.9258500000001,296
2021,2,NORWAY*,EN,72982.199850000005,13294
2021,2,POLAND,EP,45438.400549999998,3996
2021,2,PORTUGAL*,LP,64533.500749999999,3726
2021,2,ROMANIA,LR,27388.760450000002,2714
2021,2,SERBIA,LY,15742.6119,1078
2021,2,SLOVAKIA,LZ,2640.2191499999999,385
2021,2,SLOVENIA,LJ,2120.1368499999999,419
2021,2,SPAIN,LE,310537.34259999997,16211
2021,2,SWEDEN,ES,44104.873399999997,5352
2021,2,SWITZERLAND,LS,117622.45974999999,5850
2021,2,TÜRKIYE,LT,542824.81165000005,22728
2021,2,UNITED KINGDOM*,EG,632903.32195000001,15700
2021,3,ALBANIA,LA,5118.9390000000003,564
2021,3,ARMENIA,UD,13334.032149999999,669
2021,3,AUSTRIA,LO,49806.616000000002,4328
2021,3,BELGIUM,EB,286795.26045,4960
2021,3,BOSNIA AND HERZEGOVINA,LQ,2976.0716000000002,330
2021,3,BULGARIA,LB,24323.053199999998,1343
2021,3,CANARY ISLANDS,GC,55110.565600000002,6625
2021,3,CROATIA,LD,5991.5641999999998,1467
2021,3,CYPRUS,LC,17777.400399999999,915
2021,3,CZECHIA,LK,21326.592349999999,2051
2021,3,DENMARK*,EK,64147.046750000001,3666
2021,3,ESTONIA,EE,5446.8676500000001,812
2021,3,FINLAND,EF,54772.702449999997,3111
2021,3,FRANCE,LF,682901.93539999996,34440
2021,3,GEORGIA,UG,19596.340749999999,580
2021,3,GERMANY,ED,1032631.5658,33089
2021,3,GREECE,LG,47502.745699999999,6150
2021,3,HUNGARY,LH,19789.210299999999,1284
2021,3,ICELAND,BI,9183.4372500000009,1115
2021,3,IRELAND,EI,57586.721149999998,1999
2021,3,ITALY,LI,295790.53649999999,19548
2021,3,KOSOVO,BK,6762.9681,482
2021,3,LATVIA,EV,7229.3459499999999,761
2021,3,LITHUANIA,EY,8351.9195500000005,903
2021,3,LUXEMBOURG,EL,149338.56169999999,1266
2021,3,MALTA,LM,7282.2220500000003,653
2021,3,"MOLDOVA, REPUBLIC OF",LU,4679.0033999999996,336
2021,3,MONACO,LN,24.043949999999999,37
2021,3,MONTENEGRO,LY,1447.1194499999999,266
2021,3,NETHERLANDS,EH,499707.33860000002,10942
2021,3,NORTH MACEDONIA,LW,3790.3962000000001,386
2021,3,NORWAY*,EN,85557.344400000002,15502
2021,3,POLAND,EP,63049.686900000001,5652
2021,3,PORTUGAL*,LP,82058.534100000004,4538
2021,3,ROMANIA,LR,33456.224600000001,3196
2021,3,SERBIA,LY,14523.502500000001,1347
2021,3,SLOVAKIA,LZ,2694.3312500000002,409
2021,3,SLOVENIA,LJ,1922.85815,520
2021,3,SPAIN,LE,370811.85814999999,21115
2021,3,SWEDEN,ES,51049.816299999999,6434
2021,3,SWITZERLAND,LS,131296.52775000001,6613
2021,3,TÜRKIYE,LT,685150.43405000004,29083
2021,3,UNITED KINGDOM*,EG,762743.23419999995,19639
2021,4,ALBANIA,LA,6162.0016500000002,603
2021,4,ARMENIA,UD,13184.450999999999,670
2021,4,AUSTRIA,LO,67376.240699999995,4941
2021,4,BELGIUM,EB,304259.87719999999,5522
2021,4,BOSNIA AND HERZEGOVINA,LQ,3412.7383500000001,377
2021,4,BULGARIA,LB,30643.205750000001,1514
2021,4,CANARY ISLANDS,GC,69403.548550000007,7284
2021,4,CROATIA,LD,8368.2842500000006,1734
2021,4,CYPRUS,LC,23173.622800000001,1188
2021,4,CZECHIA,LK,26194.219949999999,2168
2021,4,DENMARK*,EK,63757.953650000003,4015
2021,4,ESTONIA,EE,6127.4937499999996,854
2021,4,FINLAND,EF,51851.157899999998,2802
2021,4,FRANCE,LF,660645.34865000006,32885
2021,4,GEORGIA,UG,23452.625700000001,746
2021,4,GERMANY,ED,1099622.885,36012
2021,4,GREECE,LG,56961.43475,7253
2021,4,HUNGARY,LH,20723.277050000001,1300
2021,4,ICELAND,BI,8598.0475499999993,1053
2021,4,IRELAND,EI,58546.325949999999,2049
2021,4,ITALY,LI,339775.43794999999,22586
2021,4,KOSOVO,BK,5934.0078000000003,433
2021,4,LATVIA,EV,9698.5535500000005,902
2021,4,LITHUANIA,EY,10196.241400000001,1021
2021,4,LUXEMBOURG,EL,145353.39374999999,1447
2021,4,MALTA,LM,8237.0599000000002,724
2021,4,"MOLDOVA, REPUBLIC OF",LU,5583.3843500000003,389
2021,4,MONACO,LN,32.841900000000003,47
2021,4,MONTENEGRO,LY,1789.9565,305
2021,4,NETHERLANDS,EH,504894.87790000002,11932
2021,4,NORTH MACEDONIA,LW,4163.1313499999997,408
2021,4,NORWAY*,EN,81410.582500000004,14892
2021,4,POLAND,EP,74013.096449999997,5731
2021,4,PORTUGAL*,LP,116913.70355000001,6853
2021,4,ROMANIA,LR,47992.520299999996,4031
2021,4,SERBIA,LY,19078.99785,1542
2021,4,SLOVAKIA,LZ,1539.1181999999999,338
2021,4,SLOVENIA,LJ,2049.0765500000002,464
2021,4,SPAIN,LE,424739.32034999999,24092
2021,4,SWEDEN,ES,52730.404549999999,6578
2021,4,SWITZERLAND,LS,147338.80374999999,7291
2021,4,TÜRKIYE,LT,711918.89205000002,28740
2021,4,UNITED KINGDOM*,EG,754365.93224999995,21253
2021,5,ALBANIA,LA,9509.9528499999997,806
2021,5,ARMENIA,UD,16450.906500000001,792
2021,5,AUSTRIA,LO,73847.95435,5722
2021,5,BELGIUM,EB,333961.09025000001,6597
2021,5,BOSNIA AND HERZEGOVINA,LQ,5362.1280999999999,474
2021,5,BULGARIA,LB,31108.3649,1722
2021,5,CANARY ISLANDS,GC,80312.412349999999,8683
2021,5,CROATIA,LD,12525.0821,2371
2021,5,CYPRUS,LC,39524.869299999998,1818
2021,5,CZECHIA,LK,29799.6538,2694
2021,5,DENMARK*,EK,74267.841050000003,4696
2021,5,ESTONIA,EE,8602.8894999999993,991
2021,5,FINLAND,EF,48857.174599999998,3138
2021,5,FRANCE,LF,725945.12710000004,40787
2021,5,GEORGIA,UG,29230.447049999999,1064
2021,5,GERMANY,ED,1203683.7250999999,39845
2021,5,GREECE,LG,106491.3325,11105
2021,5,HUNGARY,LH,26661.71225,1641
2021,5,ICELAND,BI,14590.280650000001,1359
2021,5,IRELAND,EI,63710.609850000001,2258
2021,5,ITALY,LI,378946.32990000001,27086
2021,5,KOSOVO,BK,8179.3404,577
2021,5,LATVIA,EV,12629.75855,1158
2021,5,LITHUANIA,EY,12264.142250000001,1148
2021,5,LUXEMBOURG,EL,152270.67574999999,1673
2021,5,MALTA,LM,10256.66245,1001
2021,5,"MOLDOVA, REPUBLIC OF",LU,8226.0011500000001,582
2021,5,MONACO,LN,47.243699999999997,69
2021,5,MONTENEGRO,LY,3384.0489499999999,536
2021,5,NETHERLANDS,EH,532131.73100000003,13015
2021,5,NORTH MACEDONIA,LW,5081.5768500000004,527
2021,5,NORWAY*,EN,83303.716849999997,15470
2021,5,POLAND,EP,88113.957399999999,7045
2021,5,PORTUGAL*,LP,164770.3118,9373
2021,5,ROMANIA,LR,59700.647550000002,4864
2021,5,SERBIA,LY,24927.574850000001,1865
2021,5,SLOVAKIA,LZ,2539.7399500000001,535
2021,5,SLOVENIA,LJ,2882.5940999999998,670
2021,5,SPAIN,LE,519106.04824999999,32076
2021,5,SWEDEN,ES,59098.537349999999,7400
2021,5,SWITZERLAND,LS,158794.69454999999,8259
2021,5,TÜRKIYE,LT,677552.58145000006,25564
2021,5,UNITED KINGDOM*,EG,811337.78654999996,27083
2021,6,ALBANIA,LA,14561.34425,1191
2021,6,ARMENIA,UD,18210.886900000001,872
2021,6,AUSTRIA,LO,92673.803100000005,7838
2021,6,BELGIUM,EB,360738.31034999999,8808
2021,6,BOSNIA AND HERZEGOVINA,LQ,9852.6398000000008,764
2021,6,BULGARIA,LB,39625.732400000001,2557
2021,6,CANARY ISLANDS,GC,108490.17819999999,10147
2021,6,CROATIA,LD,28110.13435,3863
2021,6,CYPRUS,LC,54117.991499999996,2500
2021,6,CZECHIA,LK,44306.635000000002,3890
2021,6,DENMARK*,EK,96873.0334,6579
2021,6,ESTONIA,EE,9677.9195,1166
2021,6,FINLAND,EF,55218.5962,3947
2021,6,FRANCE,LF,898656.60305000003,53627
2021,6,GEORGIA,UG,34631.975599999998,1420
2021,6,GERMANY,ED,1307934.7691500001,49897
2021,6,GREECE,LG,284140.30349999998,21773
2021,6,HUNGARY,LH,38739.567649999997,2596
2021,6,ICELAND,BI,25148.694599999999,1730
2021,6,IRELAND,EI,81890.700200000007,3375
2021,6,ITALY,LI,558937.53410000005,43684
2021,6,KOSOVO,BK,11016.6651,737
2021,6,LATVIA,EV,18712.55975,1536
2021,6,LITHUANIA,EY,19345.10715,1508
2021,6,LUXEMBOURG,EL,139513.55184999999,1952
2021,6,MALTA,LM,20970.39025,1568
2021,6,"MOLDOVA, REPUBLIC OF",LU,13209.07,904
2021,6,MONACO,LN,61.355699999999999,93
2021,6,MONTENEGRO,LY,8491.0968499999999,938
2021,6,NETHERLANDS,EH,561712.47320000001,15897
2021,6,NORTH MACEDONIA,LW,7864.5926499999996,677
2021,6,NORWAY*,EN,100849.86195000001,17943
2021,6,POLAND,EP,160669.40210000001,11340
2021,6,PORTUGAL*,LP,219333.83965000001,12740
2021,6,ROMANIA,LR,83625.306750000003,6574
2021,6,SERBIA,LY,29810.33455,2604
2021,6,SLOVAKIA,LZ,5877.3708999999999,841
2021,6,SLOVENIA,LJ,4091.4309499999999,851
2021,6,SPAIN,LE,725418.25890000002,45046
2021,6,SWEDEN,ES,83698.435200000007,9350
2021,6,SWITZERLAND,LS,171800.32324999999,10478
2021,6,TÜRKIYE,LT,933401.16630000004,42216
2021,6,UNITED KINGDOM*,EG,945559.5098,37391
2021,7,ALBANIA,LA,22277.523399999998,1665
2021,7,ARMENIA,UD,26326.126700000001,1239
2021,7,AUSTRIA,LO,148385.90805,11113
2021,7,BELGIUM,EB,416539.69945000001,11834
2021,7,BOSNIA AND HERZEGOVINA,LQ,16515.9712,1086
2021,7,BULGARIA,LB,70476.311449999994,4233
2021,7,CANARY ISLANDS,GC,182184.12820000001,13576
2021,7,CROATIA,LD,64132.977500000001,6952
2021,7,CYPRUS,LC,78007.076749999993,3529
2021,7,CZECHIA,LK,59913.631300000001,4851
2021,7,DENMARK*,EK,155521.12640000001,9815
2021,7,ESTONIA,EE,12108.195400000001,1326
2021,7,FINLAND,EF,67258.383300000001,4163
2021,7,FRANCE,LF,1306158.2774,72005
2021,7,GEORGIA,UG,42955.514300000003,2006
2021,7,GERMANY,ED,1634121.4584999999,66602
2021,7,GREECE,LG,527528.11600000004,35136
2021,7,HUNGARY,LH,50186.18965,3594
2021,7,ICELAND,BI,38101.032700000003,2196
2021,7,IRELAND,EI,120340.35395,5213
2021,7,ITALY,LI,807773.16625000001,62677
2021,7,KOSOVO,BK,22306.031999999999,1441
2021,7,LATVIA,EV,26708.123899999999,2166
2021,7,LITHUANIA,EY,26272.00965,1976
2021,7,LUXEMBOURG,EL,151010.94185,2369
2021,7,MALTA,LM,34505.145250000001,2234
2021,7,"MOLDOVA, REPUBLIC OF",LU,18151.047900000001,1157
2021,7,MONACO,LN,83.644099999999995,136
2021,7,MONTENEGRO,LY,15436.179700000001,1644
2021,7,NETHERLANDS,EH,692696.70105000003,21631
2021,7,NORTH MACEDONIA,LW,12827.7767,943
2021,7,NORWAY*,EN,142439.89444999999,21045
2021,7,POLAND,EP,221104.20665000001,14728
2021,7,PORTUGAL*,LP,294957.31150000001,16148
2021,7,ROMANIA,LR,108260.29489999999,8069
2021,7,SERBIA,LY,44026.806449999996,3497
2021,7,SLOVAKIA,LZ,9736.6912499999999,1153
2021,7,SLOVENIA,LJ,6316.7456000000002,1095
2021,7,SPAIN,LE,1102728.06125,66183
2021,7,SWEDEN,ES,120637.3621,11287
2021,7,SWITZERLAND,LS,263080.45335000003,15237
2021,7,TÜRKIYE,LT,1364611.3265500001,60213
2021,7,UNITED KINGDOM*,EG,1146295.85525,50192
2021,8,ALBANIA,LA,28739.379000000001,2053
2021,8,ARMENIA,UD,30188.021850000001,1410
2021,8,AUSTRIA,LO,158752.66475,12008
2021,8,BELGIUM,EB,425673.63319999998,12143
2021,8,BOSNIA AND HERZEGOVINA,LQ,15834.505999999999,1074
2021,8,BULGARIA,LB,84183.928050000002,4914
2021,8,CANARY ISLANDS,GC,214327.99660000001,14755
2021,8,CROATIA,LD,78876.104500000001,7886
2021,8,CYPRUS,LC,91576.199600000007,3702
2021,8,CZECHIA,LK,61805.608500000002,5043
2021,8,DENMARK*,EK,158510.31284999999,10722
2021,8,ESTONIA,EE,12367.0784,1412
2021,8,FINLAND,EF,77378.708100000003,5182
2021,8,FRANCE,LF,1347153.92245,71272
2021,8,GEORGIA,UG,46243.05025,2027
2021,8,GERMANY,ED,1736626.5082,69694
2021,8,GREECE,LG,621012.46860000002,38475
2021,8,HUNGARY,LH,56385.375999999997,3833
2021,8,ICELAND,BI,38865.914550000001,1961
2021,8,IRELAND,EI,152234.46844999999,6858
2021,8,ITALY,LI,896059.07235000003,69028
2021,8,KOSOVO,BK,24502.126950000002,1597
2021,8,LATVIA,EV,30224.826400000002,2424
2021,8,LITHUANIA,EY,27472.913400000001,2011
2021,8,LUXEMBOURG,EL,153574.92629999999,2435
2021,8,MALTA,LM,37467.823149999997,2421
2021,8,"MOLDOVA, REPUBLIC OF",LU,19471.5157,1195
2021,8,MONACO,LN,58.057650000000002,84
2021,8,MONTENEGRO,LY,17125.3904,1763
2021,8,NETHERLANDS,EH,727656.90379999997,23565
2021,8,NORTH MACEDONIA,LW,13479.322550000001,971
2021,8,NORWAY*,EN,152636.73684999999,23026
2021,8,POLAND,EP,236449.66680000001,15731
2021,8,PORTUGAL*,LP,333882.35434999998,18024
2021,8,ROMANIA,LR,117018.71249999999,8494
2021,8,SERBIA,LY,44326.639799999997,3547
2021,8,SLOVAKIA,LZ,11166.513499999999,1187
2021,8,SLOVENIA,LJ,6101.8112000000001,1104
2021,8,SPAIN,LE,1172436.1714000001,69248
2021,8,SWEDEN,ES,124475.4984,12341
2021,8,SWITZERLAND,LS,280959.5796,16139
2021,8,TÜRKIYE,LT,1414516.8598499999,61558
2021,8,UNITED KINGDOM*,EG,1401767.6351999999,60857
2021,9,ALBANIA,LA,23539.507450000001,1699
2021,9,ARMENIA,UD,24413.94585,1149
2021,9,AUSTRIA,LO,150117.23314999999,11822
2021,9,BELGIUM,EB,408588.87845000002,12056
2021,9,BOSNIA AND HERZEGOVINA,LQ,10664.95485,873
2021,9,BULGARIA,LB,64868.177799999998,3823
2021,9,CANARY ISLANDS,GC,207295.58624999999,13620
2021,9,CROATIA,LD,64908.635150000002,6338
2021,9,CYPRUS,LC,88812.832899999994,3545
2021,9,CZECHIA,LK,62242.835400000004,5232
2021,9,DENMARK*,EK,158420.71635,11452
2021,9,ESTONIA,EE,15383.384550000001,1526
2021,9,FINLAND,EF,92186.5481,5664
2021,9,FRANCE,LF,1169885.13965,67715
2021,9,GEORGIA,UG,38171.498800000001,1663
2021,9,GERMANY,ED,1725800.0676500001,72672
2021,9,GREECE,LG,511752.63915,31111
2021,9,HUNGARY,LH,54193.89675,3859
2021,9,ICELAND,BI,37547.379849999998,1870
2021,9,IRELAND,EI,152725.5478,7330
2021,9,ITALY,LI,821724.62069999997,60928
2021,9,KOSOVO,BK,12961.4121,916
2021,9,LATVIA,EV,30422.8367,2360
2021,9,LITHUANIA,EY,27033.731250000001,1960
2021,9,LUXEMBOURG,EL,155977.75385000001,2599
2021,9,MALTA,LM,34455.3361,2178
2021,9,"MOLDOVA, REPUBLIC OF",LU,16413.682799999999,1037
2021,9,MONACO,LN,42.250950000000003,65
2021,9,MONTENEGRO,LY,12333.1181,1218
2021,9,NETHERLANDS,EH,699733.39769999997,23019
2021,9,NORTH MACEDONIA,LW,10605.403050000001,839
2021,9,NORWAY*,EN,161499.78769999999,25313
2021,9,POLAND,EP,224665.92785000001,15611
2021,9,PORTUGAL*,LP,314462.7463,16508
2021,9,ROMANIA,LR,108739.91065000001,8211
2021,9,SERBIA,LY,35470.92035,2964
2021,9,SLOVAKIA,LZ,8996.3496500000001,1113
2021,9,SLOVENIA,LJ,5793.9900500000003,1070
2021,9,SPAIN,LE,1098939.08635,62930
2021,9,SWEDEN,ES,127622.84084999999,13718
2021,9,SWITZERLAND,LS,262637.07644999999,15771
2021,9,TÜRKIYE,LT,1300808.2109999999,55867
2021,9,UNITED KINGDOM*,EG,1519090.0545000001,64508
2021,10,ALBANIA,LA,18178.42065,1310
2021,10,ARMENIA,UD,22406.141250000001,1064
2021,10,AUSTRIA,LO,155965.15015,11322
2021,10,BELGIUM,EB,421983.4,11911
2021,10,BOSNIA AND HERZEGOVINA,LQ,8921.1200499999995,779
2021,10,BULGARIA,LB,46787.904450000002,2821
2021,10,CANARY ISLANDS,GC,268475.88299999997,14764
2021,10,CROATIA,LD,43281.923450000002,4638
2021,10,CYPRUS,LC,98114.867599999998,3903
2021,10,CZECHIA,LK,56090.415050000003,4730
2021,10,DENMARK*,EK,170545.15125,11930
2021,10,ESTONIA,EE,20600.450850000001,1519
2021,10,FINLAND,EF,109218.8952,6132
2021,10,FRANCE,LF,1220841.8552000001,66386
2021,10,GEORGIA,UG,40800.799899999998,1558
2021,10,GERMANY,ED,1835025.1124,76200
2021,10,GREECE,LG,410560.8946,24490
2021,10,HUNGARY,LH,56961.250950000001,3913
2021,10,ICELAND,BI,29347.1744,1709
2021,10,IRELAND,EI,157881.16725,7563
2021,10,ITALY,LI,770106.2145,55003
2021,10,KOSOVO,BK,11927.755349999999,827
2021,10,LATVIA,EV,33374.074399999998,2429
2021,10,LITHUANIA,EY,29593.2896,2058
2021,10,LUXEMBOURG,EL,168954.8487,2687
2021,10,MALTA,LM,34347.004099999998,2117
2021,10,"MOLDOVA, REPUBLIC OF",LU,14709.999599999999,1060
2021,10,MONACO,LN,22.689450000000001,35
2021,10,MONTENEGRO,LY,5835.6647000000003,713
2021,10,NETHERLANDS,EH,737220.68914999999,22916
2021,10,NORTH MACEDONIA,LW,9103.0669999999991,653
2021,10,NORWAY*,EN,175838.21054999999,26153
2021,10,POLAND,EP,196656.31555,14554
2021,10,PORTUGAL*,LP,329857.5993,16734
2021,10,ROMANIA,LR,95440.225900000005,7221
2021,10,SERBIA,LY,31898.556550000001,2567
2021,10,SLOVAKIA,LZ,7795.0547500000002,913
2021,10,SLOVENIA,LJ,5834.45525,912
2021,10,SPAIN,LE,1112773.8791499999,61605
2021,10,SWEDEN,ES,136986.55319999999,14158
2021,10,SWITZERLAND,LS,293218.15155000001,16159
2021,10,TÜRKIYE,LT,1333306.70995,55484
2021,10,UNITED KINGDOM*,EG,1690009.0282000001,67269
2021,11,ALBANIA,LA,13669.324199999999,1061
2021,11,ARMENIA,UD,20179.035449999999,959
2021,11,AUSTRIA,LO,139611.86655000001,9521
2021,11,BELGIUM,EB,405151.95640000002,11052
2021,11,BOSNIA AND HERZEGOVINA,LQ,7113.2503999999999,673
2021,11,BULGARIA,LB,35212.909149999999,2194
2021,11,CANARY ISLANDS,GC,294622.09045000002,15219
2021,11,CROATIA,LD,14912.575500000001,2185
2021,11,CYPRUS,LC,55861.990149999998,2511
2021,11,CZECHIA,LK,52780.206599999998,4211
2021,11,DENMARK*,EK,155037.30835000001,11176
2021,11,ESTONIA,EE,24449.186600000001,1567
2021,11,FINLAND,EF,119063.56634999999,6712
2021,11,FRANCE,LF,1207195.9706999999,58203
2021,11,GEORGIA,UG,36401.390549999996,1284
2021,11,GERMANY,ED,1697786.88035,64719
2021,11,GREECE,LG,140441.27804999999,12696
2021,11,HUNGARY,LH,58930.481050000002,3787
2021,11,ICELAND,BI,23182.627799999998,1593
2021,11,IRELAND,EI,136579.68090000001,7423
2021,11,ITALY,LI,681058.92264999996,48153
2021,11,KOSOVO,BK,8817.5367000000006,625
2021,11,LATVIA,EV,31831.5942,2241
2021,11,LITHUANIA,EY,27160.371800000001,1941
2021,11,LUXEMBOURG,EL,163845.74755,2450
2021,11,MALTA,LM,26065.0736,1750
2021,11,"MOLDOVA, REPUBLIC OF",LU,11480.34585,725
2021,11,MONACO,LN,15.2271,25
2021,11,MONTENEGRO,LY,3668.3795,519
2021,11,NETHERLANDS,EH,672158.68574999995,19836
2021,11,NORTH MACEDONIA,LW,6887.7071999999998,540
2021,11,NORWAY*,EN,175590.8278,26766
2021,11,POLAND,EP,176718.55825,13845
2021,11,PORTUGAL*,LP,283562.03175000002,14108
2021,11,ROMANIA,LR,73569.263600000006,5797
2021,11,SERBIA,LY,26069.835149999999,2256
2021,11,SLOVAKIA,LZ,6432.7946499999998,757
2021,11,SLOVENIA,LJ,4520.5322999999999,728
2021,11,SPAIN,LE,895154.61225000001,46859
2021,11,SWEDEN,ES,142967.60264999999,13954
2021,11,SWITZERLAND,LS,258231.39180000001,13024
2021,11,TÜRKIYE,LT,978565.15260000003,41005
2021,11,UNITED KINGDOM*,EG,1603625.9964000001,60200
2021,12,ALBANIA,LA,15910.760249999999,1204
2021,12,ARMENIA,UD,20720.636999999999,986
2021,12,AUSTRIA,LO,143288.07490000001,8883
2021,12,BELGIUM,EB,409152.25219999999,10874
2021,12,BOSNIA AND HERZEGOVINA,LQ,9338.9486500000003,787
2021,12,BULGARIA,LB,40378.763899999998,2372
2021,12,CANARY ISLANDS,GC,320029.02500000002,16545
2021,12,CROATIA,LD,16574.46315,2287
2021,12,CYPRUS,LC,44703.010799999996,2169
2021,12,CZECHIA,LK,54394.543899999997,3992
2021,12,DENMARK*,EK,162200.69680000001,10413
2021,12,ESTONIA,EE,25198.780149999999,1561
2021,12,FINLAND,EF,156743.09294999999,8021
2021,12,FRANCE,LF,1306203.3140499999,58483
2021,12,GEORGIA,UG,39393.345249999998,1394
2021,12,GERMANY,ED,1752942.8107499999,60015
2021,12,GREECE,LG,126132.02625,11991
2021,12,HUNGARY,LH,64988.705650000004,3913
2021,12,ICELAND,BI,23081.130450000001,1580
2021,12,IRELAND,EI,161477.93609999999,8271
2021,12,ITALY,LI,731763.00159999996,49401
2021,12,KOSOVO,BK,12761.4123,894
2021,12,LATVIA,EV,32191.271649999999,2332
2021,12,LITHUANIA,EY,26567.579300000001,1972
2021,12,LUXEMBOURG,EL,168814.58915000001,2530
2021,12,MALTA,LM,26489.248899999999,1702
2021,12,"MOLDOVA, REPUBLIC OF",LU,13223.217049999999,806
2021,12,MONACO,LN,20.100950000000001,34
2021,12,MONTENEGRO,LY,3461.4908999999998,507
2021,12,NETHERLANDS,EH,695455.64850000001,19854
2021,12,NORTH MACEDONIA,LW,8872.1923499999994,645
2021,12,NORWAY*,EN,175797.01175000001,25173
2021,12,POLAND,EP,192472.31774999999,13819
2021,12,PORTUGAL*,LP,297896.01360000001,14377
2021,12,ROMANIA,LR,88630.313299999994,6403
2021,12,SERBIA,LY,27084.398450000001,2301
2021,12,SLOVAKIA,LZ,7504.518,809
2021,12,SLOVENIA,LJ,4957.6266500000002,703
2021,12,SPAIN,LE,967817.87190000003,47780
2021,12,SWEDEN,ES,161412.91385000001,13618
2021,12,SWITZERLAND,LS,291367.47739999997,14426
2021,12,TÜRKIYE,LT,960885.06374999997,38709
2021,12,UNITED KINGDOM*,EG,1803535.60705,61652
2022,1,ALBANIA,LA,14642.8632,1121
2022,1,ARMENIA,UD,18198.381600000001,877
2022,1,AUSTRIA,LO,135688.76149999999,8619
2022,1,BELGIUM,EB,366212.18294999999,9223
2022,1,BOSNIA AND HERZEGOVINA,LQ,6383.0436,564
2022,1,BULGARIA,LB,39532.486550000001,2164
2022,1,CANARY ISLANDS,GC,277123.75339999999,14688
2022,1,CROATIA,LD,14489.95405,2015
2022,1,CYPRUS,LC,35841.953600000001,1745
2022,1,CZECHIA,LK,44020.739750000001,3254
2022,1,DENMARK*,EK,145972.67619999999,8809
2022,1,ESTONIA,EE,19244.744900000002,1404
2022,1,FINLAND,EF,139348.1354,6943
2022,1,FRANCE,LF,1162921.6024499999,50976
2022,1,GEORGIA,UG,36190.090349999999,1276
2022,1,GERMANY,ED,1572543.9062999999,51607
2022,1,GREECE,LG,101265.0367,9864
2022,1,HUNGARY,LH,57618.778050000001,3317
2022,1,ICELAND,BI,15563.27845,1108
2022,1,IRELAND,EI,140955.89765,6746
2022,1,ITALY,LI,622622.39780000004,41617
2022,1,KOSOVO,BK,12140.63235,843
2022,1,LATVIA,EV,25355.074499999999,1938
2022,1,LITHUANIA,EY,22201.102599999998,1690
2022,1,LUXEMBOURG,EL,163220.8579,1960
2022,1,MALTA,LM,17349.65235,1176
2022,1,"MOLDOVA, REPUBLIC OF",LU,11920.1409,741
2022,1,MONACO,LN,18.00855,27
2022,1,MONTENEGRO,LY,2850.7076499999998,424
2022,1,NETHERLANDS,EH,656754.4547,17904
2022,1,NORTH MACEDONIA,LW,7442.7884999999997,536
2022,1,NORWAY*,EN,144708.41620000001,20783
2022,1,POLAND,EP,163158.74189999999,11461
2022,1,PORTUGAL*,LP,262083.29874999999,12533
2022,1,ROMANIA,LR,74725.558149999997,5617
2022,1,SERBIA,LY,24852.686600000001,2197
2022,1,SLOVAKIA,LZ,5180.6469999999999,602
2022,1,SLOVENIA,LJ,4526.4443499999998,677
2022,1,SPAIN,LE,839824.47750000004,42079
2022,1,SWEDEN,ES,144162.20555000001,11430
2022,1,SWITZERLAND,LS,286948.28855,14234
2022,1,TÜRKIYE,LT,888403.89624999999,35838
2022,1,UNITED KINGDOM*,EG,1597470.2128000001,49533
2022,2,ALBANIA,LA,11565.54,908
2022,2,ARMENIA,UD,13796.34735,691
2022,2,AUSTRIA,LO,115089.5303,8183
2022,2,BELGIUM,EB,340018.32124999998,9107
2022,2,BOSNIA AND HERZEGOVINA,LQ,4210.2924499999999,418
2022,2,BULGARIA,LB,31700.12385,1964
2022,2,CANARY ISLANDS,GC,254354.12220000001,14026
2022,2,CROATIA,LD,13096.48985,1948
2022,2,CYPRUS,LC,34838.735549999998,1732
2022,2,CZECHIA,LK,41196.860549999998,3376
2022,2,DENMARK*,EK,134224.26029999999,8714
2022,2,ESTONIA,EE,12124.92655,1255
2022,2,FINLAND,EF,124760.3576,6329
2022,2,FRANCE,LF,1088758.3015000001,52663
2022,2,GEORGIA,UG,28534.391950000001,1112
2022,2,GERMANY,ED,1431052.5588499999,50702
2022,2,GREECE,LG,91189.914399999994,9415
2022,2,HUNGARY,LH,53157.792099999999,3216
2022,2,ICELAND,BI,17377.532650000001,1310
2022,2,IRELAND,EI,136012.7844,7083
2022,2,ITALY,LI,565797.14599999995,40230
2022,2,KOSOVO,BK,8543.4866999999995,595
2022,2,LATVIA,EV,22282.48705,1679
2022,2,LITHUANIA,EY,20650.2405,1681
2022,2,LUXEMBOURG,EL,136354.37625,2069
2022,2,MALTA,LM,17136.965349999999,1208
2022,2,"MOLDOVA, REPUBLIC OF",LU,6886.00425,482
2022,2,MONACO,LN,18.537749999999999,30
2022,2,MONTENEGRO,LY,2738.7123999999999,412
2022,2,NETHERLANDS,EH,594833.90775000001,17377
2022,2,NORTH MACEDONIA,LW,5133.2942499999999,409
2022,2,NORWAY*,EN,135981.58244999999,19664
2022,2,POLAND,EP,151247.39485000001,10587
2022,2,PORTUGAL*,LP,240494.0912,12175
2022,2,ROMANIA,LR,62362.939599999998,5085
2022,2,SERBIA,LY,21147.232349999998,1836
2022,2,SLOVAKIA,LZ,5661.4264000000003,669
2022,2,SLOVENIA,LJ,4103.1454999999996,645
2022,2,SPAIN,LE,796887.38274999999,41505
2022,2,SWEDEN,ES,122309.82004999999,10785
2022,2,SWITZERLAND,LS,262448.98369999998,14218
2022,2,TÜRKIYE,LT,826540.97199999995,33874
2022,2,UNITED KINGDOM*,EG,1522647.4604499999,53708
2022,3,ALBANIA,LA,15527.984850000001,1163
2022,3,ARMENIA,UD,21144.32775,1036
2022,3,AUSTRIA,LO,147017.16810000001,10503
2022,3,BELGIUM,EB,414306.50189999997,11480
2022,3,BOSNIA AND HERZEGOVINA,LQ,6741.6577500000003,674
2022,3,BULGARIA,LB,36997.987399999998,2360
2022,3,CANARY ISLANDS,GC,302121.12195,16860
2022,3,CROATIA,LD,18436.222949999999,2518
2022,3,CYPRUS,LC,46783.585449999999,2274
2022,3,CZECHIA,LK,52816.845600000001,4275
2022,3,DENMARK*,EK,161188.08609999999,11210
2022,3,ESTONIA,EE,14640.014950000001,1585
2022,3,FINLAND,EF,130950.24619999999,7262
2022,3,FRANCE,LF,1317730.4459500001,65057
2022,3,GEORGIA,UG,39138.8508,1447
2022,3,GERMANY,ED,1777866.48465,66714
2022,3,GREECE,LG,123529.84269999999,11617
2022,3,HUNGARY,LH,67861.365349999993,4004
2022,3,ICELAND,BI,20531.820100000001,1608
2022,3,IRELAND,EI,192638.1495,9582
2022,3,ITALY,LI,736034.79945000005,51040
2022,3,KOSOVO,BK,10504.4877,730
2022,3,LATVIA,EV,24732.89745,1982
2022,3,LITHUANIA,EY,26990.12975,2083
2022,3,LUXEMBOURG,EL,168238.3775,2599
2022,3,MALTA,LM,25687.894250000001,1730
2022,3,"MOLDOVA, REPUBLIC OF",LU,1955.7054499999999,152
2022,3,MONACO,LN,20.90025,31
2022,3,MONTENEGRO,LY,3694.0585500000002,523
2022,3,NETHERLANDS,EH,693722.57889999996,22753
2022,3,NORTH MACEDONIA,LW,7536.0183999999999,543
2022,3,NORWAY*,EN,178345.99789999999,25848
2022,3,POLAND,EP,212703.99595000001,14245
2022,3,PORTUGAL*,LP,309347.93150000001,15509
2022,3,ROMANIA,LR,100716.47255000001,7191
2022,3,SERBIA,LY,25248.363700000002,2296
2022,3,SLOVAKIA,LZ,8563.1025000000009,993
2022,3,SLOVENIA,LJ,4855.1750499999998,844
2022,3,SPAIN,LE,997051.86444999999,52267
2022,3,SWEDEN,ES,149572.86885,13777
2022,3,SWITZERLAND,LS,316122.2769,16912
2022,3,TÜRKIYE,LT,960530.39624999999,37240
2022,3,UNITED KINGDOM*,EG,1907745.14325,70169
2022,4,ALBANIA,LA,20676.048750000002,1483
2022,4,ARMENIA,UD,22778.122500000001,1145
2022,4,AUSTRIA,LO,172253.71299999999,11052
2022,4,BELGIUM,EB,410584.26525,11962
2022,4,BOSNIA AND HERZEGOVINA,LQ,10154.88725,871
2022,4,BULGARIA,LB,49321.075049999999,2935
2022,4,CANARY ISLANDS,GC,300140.65045000002,16815
2022,4,CROATIA,LD,36792.246299999999,3948
2022,4,CYPRUS,LC,70666.726550000007,3175
2022,4,CZECHIA,LK,60788.151599999997,4719
2022,4,DENMARK*,EK,191508.66740000001,12800
2022,4,ESTONIA,EE,16077.18175,1711
2022,4,FINLAND,EF,135830.22344999999,7264
2022,4,FRANCE,LF,1439376.0708999999,69927
2022,4,GEORGIA,UG,36787.297050000001,1381
2022,4,GERMANY,ED,2010330.5025500001,77213
2022,4,GREECE,LG,247239.4301,17950
2022,4,HUNGARY,LH,72078.116850000006,4473
2022,4,ICELAND,BI,23769.622500000001,1655
2022,4,IRELAND,EI,233048.87160000001,11511
2022,4,ITALY,LI,914800.29229999997,62795
2022,4,KOSOVO,BK,14896.23345,1026
2022,4,LATVIA,EV,29205.1718,2351
2022,4,LITHUANIA,EY,32404.546549999999,2468
2022,4,LUXEMBOURG,EL,155406.37245,2974
2022,4,MALTA,LM,34941.227299999999,2314
2022,4,"MOLDOVA, REPUBLIC OF",LU,6557.7491,446
2022,4,MONACO,LN,31.1724,49
2022,4,MONTENEGRO,LY,6055.7106000000003,718
2022,4,NETHERLANDS,EH,739553.82504999998,24482
2022,4,NORTH MACEDONIA,LW,9976.0167000000001,699
2022,4,NORWAY*,EN,201573.55110000001,26766
2022,4,POLAND,EP,224160.32334999999,15405
2022,4,PORTUGAL*,LP,401342.32569999999,19440
2022,4,ROMANIA,LR,119579.33705,8513
2022,4,SERBIA,LY,31073.826150000001,2581
2022,4,SLOVAKIA,LZ,9009.0043999999998,1008
2022,4,SLOVENIA,LJ,6675.7280499999997,853
2022,4,SPAIN,LE,1280068.4321000001,68284
2022,4,SWEDEN,ES,177028.61110000001,15901
2022,4,SWITZERLAND,LS,340661.54599999997,17499
2022,4,TÜRKIYE,LT,1110895.73985,43148
2022,4,UNITED KINGDOM*,EG,2194887.88845,83092
2022,5,ALBANIA,LA,24439.48605,1794
2022,5,ARMENIA,UD,25343.840499999998,1337
2022,5,AUSTRIA,LO,187732.07800000001,12960
2022,5,BELGIUM,EB,423484.71730000002,13213
2022,5,BOSNIA AND HERZEGOVINA,LQ,12956.8997,1050
2022,5,BULGARIA,LB,53968.149599999997,3398
2022,5,CANARY ISLANDS,GC,244777.54310000001,15451
2022,5,CROATIA,LD,54960.04335,5356
2022,5,CYPRUS,LC,84176.638850000003,3653
2022,5,CZECHIA,LK,68388.36795,5403
2022,5,DENMARK*,EK,201598.20509999999,14671
2022,5,ESTONIA,EE,19106.022349999999,2035
2022,5,FINLAND,EF,144164.37609999999,8490
2022,5,FRANCE,LF,1566278.5292,80160
2022,5,GEORGIA,UG,41583.890249999997,1664
2022,5,GERMANY,ED,2173755.29165,87544
2022,5,GREECE,LG,440764.32339999999,26864
2022,5,HUNGARY,LH,78625.878700000001,4925
2022,5,ICELAND,BI,39082.4977,2101
2022,5,IRELAND,EI,268555.42700000003,12650
2022,5,ITALY,LI,1043925.1536,70889
2022,5,KOSOVO,BK,13636.605149999999,947
2022,5,LATVIA,EV,32550.519400000001,2649
2022,5,LITHUANIA,EY,36559.887199999997,2728
2022,5,LUXEMBOURG,EL,161966.70735000001,3368
2022,5,MALTA,LM,35857.616650000004,2398
2022,5,"MOLDOVA, REPUBLIC OF",LU,9058.7332499999993,620
2022,5,MONACO,LN,57.878100000000003,92
2022,5,MONTENEGRO,LY,8311.3757000000005,929
2022,5,NETHERLANDS,EH,815569.89035,27646
2022,5,NORTH MACEDONIA,LW,11532.1968,781
2022,5,NORWAY*,EN,222515.67895,30674
2022,5,POLAND,EP,256162.61869999999,18441
2022,5,PORTUGAL*,LP,430260.58350000001,20970
2022,5,ROMANIA,LR,121795.40495,8938
2022,5,SERBIA,LY,34235.297500000001,3028
2022,5,SLOVAKIA,LZ,11661.703649999999,1267
2022,5,SLOVENIA,LJ,7065.4517999999998,1043
2022,5,SPAIN,LE,1416573.6566999999,77078
2022,5,SWEDEN,ES,190469.00930000001,18174
2022,5,SWITZERLAND,LS,354063.69734999997,19250
2022,5,TÜRKIYE,LT,1358784.20135,54922
2022,5,UNITED KINGDOM*,EG,2512196.5581999999,95420
2022,6,ALBANIA,LA,25751.337149999999,1866
2022,6,ARMENIA,UD,31891.226849999999,1617
2022,6,AUSTRIA,LO,195813.9627,13676
2022,6,BELGIUM,EB,420862.81939999998,13019
2022,6,BOSNIA AND HERZEGOVINA,LQ,15229.3992,1154
2022,6,BULGARIA,LB,67716.266499999998,4190
2022,6,CANARY ISLANDS,GC,240594.84695000001,15364
2022,6,CROATIA,LD,75448.727899999998,6950
2022,6,CYPRUS,LC,87614.965750000003,3776
2022,6,CZECHIA,LK,90301.434850000005,6509
2022,6,DENMARK*,EK,211796.69870000001,15106
2022,6,ESTONIA,EE,17948.0308,1885
2022,6,FINLAND,EF,143873.94944999999,8050
2022,6,FRANCE,LF,1611057.1753,82467
2022,6,GEORGIA,UG,38456.872649999998,1725
2022,6,GERMANY,ED,2231956.86675,87574
2022,6,GREECE,LG,594419.2219,35804
2022,6,HUNGARY,LH,81049.004499999995,5284
2022,6,ICELAND,BI,48555.612549999998,2180
2022,6,IRELAND,EI,270951.21860000002,12721
2022,6,ITALY,LI,1135449.48645,75957
2022,6,KOSOVO,BK,14785.7976,1023
2022,6,LATVIA,EV,32593.804,2639
2022,6,LIECHTENSTEIN,LS,0.57330000000000003,1
2022,6,LITHUANIA,EY,35762.556199999999,2687
2022,6,LUXEMBOURG,EL,159544.2095,3407
2022,6,MALTA,LM,37184.926549999996,2524
2022,6,"MOLDOVA, REPUBLIC OF",LU,13380.079949999999,975
2022,6,MONACO,LN,42.821100000000001,67
2022,6,MONTENEGRO,LY,12228.426949999999,1228
2022,6,NETHERLANDS,EH,809547.74029999995,27281
2022,6,NORTH MACEDONIA,LW,13865.18715,1001
2022,6,NORWAY*,EN,238278.59245,29565
2022,6,POLAND,EP,287627.22269999998,19872
2022,6,PORTUGAL*,LP,449976.67245000001,21753
2022,6,ROMANIA,LR,125177.79919999999,9354
2022,6,SERBIA,LY,39388.461199999998,3542
2022,6,SLOVAKIA,LZ,16570.883150000001,1587
2022,6,SLOVENIA,LJ,7950.7586000000001,1158
2022,6,SPAIN,LE,1469733.55675,80047
2022,6,SWEDEN,ES,204560.15419999999,18225
2022,6,SWITZERLAND,LS,369678.51165,19171
2022,6,TÜRKIYE,LT,1536933.5566499999,60452
2022,6,UNITED KINGDOM*,EG,2613827.4591000001,97506
2022,7,ALBANIA,LA,30960.72135,2214
2022,7,ARMENIA,UD,40028.631300000001,2001
2022,7,AUSTRIA,LO,223286.07545,14661
2022,7,BELGIUM,EB,463789.48989999999,14496
2022,7,BOSNIA AND HERZEGOVINA,LQ,20827.957549999999,1381
2022,7,BULGARIA,LB,85793.50675,5199
2022,7,CANARY ISLANDS,GC,268802.0931,17497
2022,7,CROATIA,LD,98059.207649999997,8763
2022,7,CYPRUS,LC,96166.998000000007,4079
2022,7,CZECHIA,LK,100805.57505,6944
2022,7,DENMARK*,EK,218523.87789999999,14529
2022,7,ESTONIA,EE,16897.509900000001,1888
2022,7,FINLAND,EF,151638.42095,7620
2022,7,FRANCE,LF,1809414.7257999999,86960
2022,7,GEORGIA,UG,48437.731399999997,2256
2022,7,GERMANY,ED,2317421.8619499998,86106
2022,7,GREECE,LG,720033.20169999998,43297
2022,7,HUNGARY,LH,84709.870550000007,5452
2022,7,ICELAND,BI,54838.3298,2578
2022,7,IRELAND,EI,297254.24780000001,13031
2022,7,ITALY,LI,1237915.1973999999,82993
2022,7,KOSOVO,BK,20577.463199999998,1381
2022,7,LATVIA,EV,32374.797600000002,2647
2022,7,LITHUANIA,EY,34634.90135,2633
2022,7,LUXEMBOURG,EL,167065.24715000001,3342
2022,7,MALTA,LM,41918.49495,2772
2022,7,"MOLDOVA, REPUBLIC OF",LU,15746.8724,1028
2022,7,MONACO,LN,48.4407,77
2022,7,MONTENEGRO,LY,15799.85205,1606
2022,7,NETHERLANDS,EH,855825.58935000002,27311
2022,7,NORTH MACEDONIA,LW,15310.27485,1102
2022,7,NORWAY*,EN,237505.1911,26576
2022,7,POLAND,EP,310318.76455000002,20448
2022,7,PORTUGAL*,LP,485849.17534999998,23678
2022,7,ROMANIA,LR,134083.05970000001,9925
2022,7,SERBIA,LY,46086.591500000002,4150
2022,7,SLOVAKIA,LZ,20619.0942,1815
2022,7,SLOVENIA,LJ,9188.0395000000008,1132
2022,7,SPAIN,LE,1606806.3154,86521
2022,7,SWEDEN,ES,198358.81925,15898
2022,7,SWITZERLAND,LS,431166.30455,20625
2022,7,TÜRKIYE,LT,1734162.0605500001,67862
2022,7,UNITED KINGDOM*,EG,2753082.8554500001,101040
2022,8,ALBANIA,LA,33039.655449999998,2363
2022,8,ARMENIA,UD,41507.131050000004,2084
2022,8,AUSTRIA,LO,220582.93539999999,14449
2022,8,BELGIUM,EB,466200.34944999998,14097
2022,8,BOSNIA AND HERZEGOVINA,LQ,19554.080750000001,1323
2022,8,BULGARIA,LB,85641.035499999998,5184
2022,8,CANARY ISLANDS,GC,269886.88439999998,17466
2022,8,CROATIA,LD,97737.981400000004,8784
2022,8,CYPRUS,LC,99351.400649999996,4209
2022,8,CZECHIA,LK,99806.359700000001,6907
2022,8,DENMARK*,EK,228751.30064999999,15180
2022,8,ESTONIA,EE,16950.712449999999,1896
2022,8,FINLAND,EF,148779.58335,7854
2022,8,FRANCE,LF,1804205.8542500001,81212
2022,8,GEORGIA,UG,51748.74495,2386
2022,8,GERMANY,ED,2355466.7008500001,87743
2022,8,GREECE,LG,719453.50520000001,43057
2022,8,HUNGARY,LH,86754.571150000003,5295
2022,8,ICELAND,BI,54410.438950000003,2603
2022,8,IRELAND,EI,292038.76685000001,12847
2022,8,ITALY,LI,1231337.44365,80663
2022,8,KOSOVO,BK,20076.386399999999,1350
2022,8,LATVIA,EV,32490.912550000001,2632
2022,8,LITHUANIA,EY,34373.98285,2696
2022,8,LUXEMBOURG,EL,159185.23285,3168
2022,8,MALTA,LM,41231.444199999998,2634
2022,8,"MOLDOVA, REPUBLIC OF",LU,17330.691699999999,1127
2022,8,MONACO,LN,50.800049999999999,79
2022,8,MONTENEGRO,LY,15734.164349999999,1574
2022,8,NETHERLANDS,EH,855917.31134999997,27833
2022,8,NORTH MACEDONIA,LW,15152.841899999999,1062
2022,8,NORWAY*,EN,253478.6648,30645
2022,8,POLAND,EP,314463.48444999999,20692
2022,8,PORTUGAL*,LP,491014.96364999999,23675
2022,8,ROMANIA,LR,136350.99460000001,9994
2022,8,SERBIA,LY,46477.370199999998,4082
2022,8,SLOVAKIA,LZ,20718.969850000001,1820
2022,8,SLOVENIA,LJ,8659.5264999999999,1094
2022,8,SPAIN,LE,1598567.7768999999,84209
2022,8,SWEDEN,ES,207718.27369999999,17953
2022,8,SWITZERLAND,LS,422649.0894,20178
2022,8,TÜRKIYE,LT,1764258.7767,68040
2022,8,UNITED KINGDOM*,EG,2744034.3903999999,99169
2022,9,ALBANIA,LA,27968.405299999999,1990
2022,9,ARMENIA,UD,37583.998200000002,1870
2022,9,AUSTRIA,LO,210119.61069999999,14352
2022,9,BELGIUM,EB,427797.7966,13532
2022,9,BOSNIA AND HERZEGOVINA,LQ,13353.4923,1112
2022,9,BULGARIA,LB,72110.724000000002,4277
2022,9,CANARY ISLANDS,GC,250443.10250000001,15935
2022,9,CROATIA,LD,77103.5193,7038
2022,9,CYPRUS,LC,91839.690499999997,3907
2022,9,CZECHIA,LK,88125.828599999993,6694
2022,9,DENMARK*,EK,214174.44440000001,15039
2022,9,ESTONIA,EE,18159.633849999998,1888
2022,9,FINLAND,EF,148963.34400000001,7821
2022,9,FRANCE,LF,1605731.0304,78754
2022,9,GEORGIA,UG,45449.198550000001,2083
2022,9,GERMANY,ED,2255848.8853500001,86782
2022,9,GREECE,LG,601404.29570000002,35801
2022,9,HUNGARY,LH,78799.451849999998,5241
2022,9,ICELAND,BI,44792.229200000002,2094
2022,9,IRELAND,EI,281449.46769999998,12483
2022,9,ITALY,LI,1182122.7649000001,77079
2022,9,KOSOVO,BK,13826.487800000001,979
2022,9,LATVIA,EV,32626.444899999999,2610
2022,9,LITHUANIA,EY,34099.341350000002,2601
2022,9,LUXEMBOURG,EL,155076.43244999999,3298
2022,9,MALTA,LM,38731.74525,2536
2022,9,"MOLDOVA, REPUBLIC OF",LU,19468.087599999999,1251
2022,9,MONACO,LN,36.555750000000003,61
2022,9,MONTENEGRO,LY,11715.245199999999,1190
2022,9,NETHERLANDS,EH,823072.57799999998,26882
2022,9,NORTH MACEDONIA,LW,13645.033799999999,979
2022,9,NORWAY*,EN,238713.92110000001,31348
2022,9,POLAND,EP,293244.79444999999,20303
2022,9,PORTUGAL*,LP,462209.01010000001,22198
2022,9,ROMANIA,LR,116746.45845000001,8859
2022,9,SERBIA,LY,42159.521849999997,3745
2022,9,SLOVAKIA,LZ,16163.817150000001,1527
2022,9,SLOVENIA,LJ,8518.5949999999993,1109
2022,9,SPAIN,LE,1481432.3193000001,78630
2022,9,SWEDEN,ES,202571.91810000001,18702
2022,9,SWITZERLAND,LS,396244.90620000003,19600
2022,9,TÜRKIYE,LT,1611744.4304500001,61497
2022,9,UNITED KINGDOM*,EG,2642458.3254499999,96196
2022,10,ALBANIA,LA,23093.566650000001,1704
2022,10,ARMENIA,UD,37762.514999999999,1821
2022,10,AUSTRIA,LO,202552.20655,13586
2022,10,BELGIUM,EB,429182.73979999998,12920
2022,10,BOSNIA AND HERZEGOVINA,LQ,9382.2415000000001,904
2022,10,BULGARIA,LB,57271.125,3282
2022,10,CANARY ISLANDS,GC,300879.56154999998,17737
2022,10,CROATIA,LD,54883.1947,5292
2022,10,CYPRUS,LC,91345.238949999999,3966
2022,10,CZECHIA,LK,73320.607600000003,5604
2022,10,DENMARK*,EK,217974.06495,14829
2022,10,ESTONIA,EE,18692.644349999999,1931
2022,10,FINLAND,EF,157167.00279999999,7837
2022,10,FRANCE,LF,1628915.439,77367
2022,10,GEORGIA,UG,43461.535949999998,1787
2022,10,GERMANY,ED,2306295.2256,86443
2022,10,GREECE,LG,437892.18705000001,26554
2022,10,HUNGARY,LH,77283.0481,4918
2022,10,ICELAND,BI,40640.474399999999,2156
2022,10,IRELAND,EI,268610.25325000001,12308
2022,10,ITALY,LI,1097312.2018500001,69619
2022,10,KOSOVO,BK,12568.36455,867
2022,10,LATVIA,EV,33066.172200000001,2603
2022,10,LITHUANIA,EY,35210.617850000002,2548
2022,10,LUXEMBOURG,EL,163210.36215,3201
2022,10,MALTA,LM,37057.656000000003,2464
2022,10,"MOLDOVA, REPUBLIC OF",LU,18013.088650000002,1213
2022,10,MONACO,LN,30.52665,46
2022,10,MONTENEGRO,LY,7720.4269000000004,823
2022,10,NETHERLANDS,EH,827319.59450000001,26221
2022,10,NORTH MACEDONIA,LW,11365.05975,858
2022,10,NORWAY*,EN,236259.9791,30546
2022,10,POLAND,EP,280769.45319999999,18842
2022,10,PORTUGAL*,LP,454070.28895000002,21349
2022,10,ROMANIA,LR,110513.89395,8383
2022,10,SERBIA,LY,36869.041449999997,3338
2022,10,SLOVAKIA,LZ,10177.4967,1199
2022,10,SLOVENIA,LJ,6841.4458500000001,1027
2022,10,SPAIN,LE,1450504.9201,76401
2022,10,SWEDEN,ES,197113.37950000001,18006
2022,10,SWITZERLAND,LS,410705.75215000001,19257
2022,10,TÜRKIYE,LT,1513771.6816499999,57265
2022,10,UNITED KINGDOM*,EG,2613494.2922,94608
2022,11,ALBANIA,LA,18679.404849999999,1413
2022,11,ARMENIA,UD,31794.3927,1540
2022,11,AUSTRIA,LO,165542.89924999999,11069
2022,11,BELGIUM,EB,393261.50565000001,11015
2022,11,BOSNIA AND HERZEGOVINA,LQ,7385.8074500000002,738
2022,11,BULGARIA,LB,39701.582249999999,2695
2022,11,CANARY ISLANDS,GC,326730.8469,18115
2022,11,CROATIA,LD,19682.612300000001,2583
2022,11,CYPRUS,LC,51936.81265,2529
2022,11,CZECHIA,LK,55413.320299999999,4317
2022,11,DENMARK*,EK,172954.69344999999,12485
2022,11,ESTONIA,EE,13950.28355,1525
2022,11,FINLAND,EF,149883.35740000001,7419
2022,11,FRANCE,LF,1425185.9992,62565
2022,11,GEORGIA,UG,40535.994550000003,1582
2022,11,GERMANY,ED,1938143.1188000001,70915
2022,11,GREECE,LG,140384.3131,12961
2022,11,HUNGARY,LH,71644.734800000006,4264
2022,11,ICELAND,BI,30572.200199999999,1812
2022,11,IRELAND,EI,212013.37705000001,10506
2022,11,ITALY,LI,809661.54394999996,52158
2022,11,KOSOVO,BK,10396.300950000001,707
2022,11,LATVIA,EV,27299.60585,2215
2022,11,LITHUANIA,EY,26280.88135,2017
2022,11,LUXEMBOURG,EL,157707.88709999999,2741
2022,11,MALTA,LM,27987.8927,1923
2022,11,"MOLDOVA, REPUBLIC OF",LU,16574.905599999998,1116
2022,11,MONACO,LN,19.183499999999999,32
2022,11,MONTENEGRO,LY,4102.0088500000002,574
2022,11,NETHERLANDS,EH,716391.92749999999,21157
2022,11,NORTH MACEDONIA,LW,8285.7757500000007,676
2022,11,NORWAY*,EN,195894.19140000001,27902
2022,11,POLAND,EP,220868.77585000001,14839
2022,11,PORTUGAL*,LP,350714.31290000002,16382
2022,11,ROMANIA,LR,95786.184899999993,7553
2022,11,SERBIA,LY,30551.514650000001,2856
2022,11,SLOVAKIA,LZ,7381.8984,890
2022,11,SLOVENIA,LJ,5201.0011999999997,834
2022,11,SPAIN,LE,1092038.9885,54557
2022,11,SWEDEN,ES,170953.4852,16471
2022,11,SWITZERLAND,LS,356460.59169999999,15766
2022,11,TÜRKIYE,LT,1180965.2596499999,45520
2022,11,UNITED KINGDOM*,EG,2230459.7662,75213
2022,12,ALBANIA,LA,19383.2919,1511
2022,12,ARMENIA,UD,35903.089200000002,1687
2022,12,AUSTRIA,LO,178166.1715,11438
2022,12,BELGIUM,EB,394912.04454999999,10941
2022,12,BOSNIA AND HERZEGOVINA,LQ,7984.4530999999997,733
2022,12,BULGARIA,LB,43850.761400000003,2737
2022,12,CANARY ISLANDS,GC,353576.58370000002,19064
2022,12,CROATIA,LD,18464.028600000001,2404
2022,12,CYPRUS,LC,45543.65,2330
2022,12,CZECHIA,LK,56872.466500000002,4261
2022,12,DENMARK*,EK,171440.79180000001,11092
2022,12,ESTONIA,EE,13348.340249999999,1395
2022,12,FINLAND,EF,186378.05484999999,8716
2022,12,FRANCE,LF,1548330.3979499999,63784
2022,12,GEORGIA,UG,40950.45405,1733
2022,12,GERMANY,ED,1916872.6747999999,62720
2022,12,GREECE,LG,130525.57799999999,12599
2022,12,HUNGARY,LH,72447.542400000006,4312
2022,12,ICELAND,BI,28369.683000000001,1682
2022,12,IRELAND,EI,213713.65030000001,10351
2022,12,ITALY,LI,854267.71074999997,53719
2022,12,KOSOVO,BK,12982.3218,902
2022,12,LATVIA,EV,28764.849750000001,2306
2022,12,LITHUANIA,EY,25217.98965,1919
2022,12,LUXEMBOURG,EL,153342.97260000001,2725
2022,12,MALTA,LM,27945.426049999998,1904
2022,12,"MOLDOVA, REPUBLIC OF",LU,15812.858850000001,965
2022,12,MONACO,LN,5.8495499999999998,10
2022,12,MONTENEGRO,LY,4094.9998500000002,578
2022,12,NETHERLANDS,EH,724998.48239999998,20281
2022,12,NORTH MACEDONIA,LW,9315.2471499999992,732
2022,12,NORWAY*,EN,185561.41135000001,24899
2022,12,POLAND,EP,236068.25599999999,14898
2022,12,PORTUGAL*,LP,363785.26895,16923
2022,12,ROMANIA,LR,102548.39035,7530
2022,12,SERBIA,LY,35616.626049999999,2978
2022,12,SLOVAKIA,LZ,7260.2965000000004,764
2022,12,SLOVENIA,LJ,5218.3271999999997,766
2022,12,SPAIN,LE,1124261.42435,54192
2022,12,SWEDEN,ES,175298.48499999999,15117
2022,12,SWITZERLAND,LS,389283.56229999999,17730
2022,12,TÜRKIYE,LT,1156248.15625,44726
2022,12,UNITED KINGDOM*,EG,2350722.8467000001,76688
2023,1,ALBANIA,LA,18498.330750000001,1440
2023,1,ARMENIA,UD,35729.756999999998,1702
2023,1,AUSTRIA,LO,178321.12065,11355
2023,1,BELGIUM,EB,366972.22529999999,10419
2023,1,BOSNIA AND HERZEGOVINA,LQ,8112.6310000000003,744
2023,1,BULGARIA,LB,46070.073400000001,2786
2023,1,CANARY ISLANDS,GC,324823.5405,17508
2023,1,CROATIA,LD,16108.94845,2332
2023,1,CYPRUS,LC,43107.740700000002,2153
2023,1,CZECHIA,LK,50201.5818,3854
2023,1,DENMARK*,EK,169975.49484999999,11293
2023,1,ESTONIA,EE,13156.9761,1435
2023,1,FINLAND,EF,175245.61840000001,8143
2023,1,FRANCE,LF,1453244.1536000001,60291
2023,1,GEORGIA,UG,35157.357900000003,1589
2023,1,GERMANY,ED,1861083.1478500001,61229
2023,1,GREECE,LG,120729.80409999999,11994
2023,1,HUNGARY,LH,67845.895950000006,3981
2023,1,ICELAND,BI,22298.906650000001,1427
2023,1,IRELAND,EI,204806.45285,10301
2023,1,ITALY,LI,818818.24694999994,51640
2023,1,KOSOVO,BK,12863.957399999999,881
2023,1,LATVIA,EV,27629.46185,2176
2023,1,LITHUANIA,EY,25930.555899999999,1952
2023,1,LUXEMBOURG,EL,127278.80009999999,2421
2023,1,MALTA,LM,27694.494549999999,1737
2023,1,"MOLDOVA, REPUBLIC OF",LU,15557.796,941
2023,1,MONACO,LN,10.376099999999999,18
2023,1,MONTENEGRO,LY,4178.8971000000001,568
2023,1,NETHERLANDS,EH,718001.87485000002,20635
2023,1,NORTH MACEDONIA,LW,8601.1695,692
2023,1,NORWAY*,EN,180003.66680000001,25129
2023,1,POLAND,EP,231581.4927,14698
2023,1,PORTUGAL*,LP,358801.96515,16560
2023,1,ROMANIA,LR,103308.13425,7477
2023,1,SERBIA,LY,33659.767449999999,2870
2023,1,SLOVAKIA,LZ,6894.6800999999996,753
2023,1,SLOVENIA,LJ,5099.9748499999996,754
2023,1,SPAIN,LE,1064361.4982,52345
2023,1,SWEDEN,ES,169259.16759999999,15079
2023,1,SWITZERLAND,LS,383834.40265,17594
2023,1,TÜRKIYE,LT,1201990.6519500001,46596
2023,1,UNITED KINGDOM*,EG,2312903.952,74778
2023,2,ALBANIA,LA,15561.069299999999,1233
2023,2,ARMENIA,UD,28850.081399999999,1403
2023,2,AUSTRIA,LO,163179.9172,10985
2023,2,BELGIUM,EB,353570.18109999999,10091
2023,2,BOSNIA AND HERZEGOVINA,LQ,6884.2631499999998,642
2023,2,BULGARIA,LB,39638.828650000003,2519
2023,2,CANARY ISLANDS,GC,301526.92375000002,16551
2023,2,CROATIA,LD,14569.75985,2166
2023,2,CYPRUS,LC,42524.4565,2121
2023,2,CZECHIA,LK,48825.984450000004,3811
2023,2,DENMARK*,EK,156888.35264999999,11031
2023,2,ESTONIA,EE,12265.13665,1342
2023,2,FINLAND,EF,160508.43995,7583
2023,2,FRANCE,LF,1357747.2985499999,59672
2023,2,GEORGIA,UG,30048.213350000002,1402
2023,2,GERMANY,ED,1714023.63815,60513
2023,2,GREECE,LG,107936.75135000001,11002
2023,2,HUNGARY,LH,60965.289250000002,3707
2023,2,ICELAND,BI,18015.776600000001,1174
2023,2,IRELAND,EI,182118.92874999999,9321
2023,2,ITALY,LI,753543.45290000003,48556
2023,2,KOSOVO,BK,9464.5403999999999,659
2023,2,LATVIA,EV,24252.136399999999,1911
2023,2,LITHUANIA,EY,24028.996449999999,1860
2023,2,LUXEMBOURG,EL,133687.5901,2437
2023,2,MALTA,LM,25298.793849999998,1728
2023,2,"MOLDOVA, REPUBLIC OF",LU,12556.169550000001,797
2023,2,MONACO,LN,12.64095,20
2023,2,MONTENEGRO,LY,3735.3361500000001,507
2023,2,NETHERLANDS,EH,666509.22085000004,20074
2023,2,NORTH MACEDONIA,LW,7425.2335499999999,598
2023,2,NORWAY*,EN,168644.42374999999,23090
2023,2,POLAND,EP,211488.48965,13928
2023,2,PORTUGAL*,LP,330785.22584999999,15678
2023,2,ROMANIA,LR,90395.657550000004,6877
2023,2,SERBIA,LY,29570.373299999999,2574
2023,2,SLOVAKIA,LZ,6959.8374999999996,830
2023,2,SLOVENIA,LJ,5013.5383000000002,776
2023,2,SPAIN,LE,994919.04119999998,50651
2023,2,SWEDEN,ES,158374.17559999999,14852
2023,2,SWITZERLAND,LS,354361.95860000001,17298
2023,2,TÜRKIYE,LT,1138500.0026,45241
2023,2,UNITED KINGDOM*,EG,2160982.8232499999,72501
2023,3,ALBANIA,LA,18147.477599999998,1518
2023,3,ARMENIA,UD,33799.383450000001,1659
2023,3,AUSTRIA,LO,194489.49225000001,12786
2023,3,BELGIUM,EB,401812.88825000002,11694
2023,3,BOSNIA AND HERZEGOVINA,LQ,8177.2767000000003,777
2023,3,BULGARIA,LB,46195.494250000003,2989
2023,3,CANARY ISLANDS,GC,331632.59655000002,18764
2023,3,CROATIA,LD,20969.498299999999,2850
2023,3,CYPRUS,LC,55679.845950000003,2634
2023,3,CZECHIA,LK,62655.355150000003,4819
2023,3,DENMARK*,EK,188802.3578,13364
2023,3,ESTONIA,EE,15355.4002,1641
2023,3,FINLAND,EF,175721.07769999999,8551
2023,3,FRANCE,LF,1493871.5617,64359
2023,3,GEORGIA,UG,36672.025300000001,1691
2023,3,GERMANY,ED,2002771.5630999999,71593
2023,3,GREECE,LG,139700.79295,13401
2023,3,HUNGARY,LH,72676.096149999998,4478
2023,3,ICELAND,BI,26577.03845,1711
2023,3,IRELAND,EI,234171.51879999999,11354
2023,3,ITALY,LI,909986.87620000006,57048
2023,3,KOSOVO,BK,11141.991,795
2023,3,LATVIA,EV,29304.162199999999,2321
2023,3,LITHUANIA,EY,27927.205099999999,2159
2023,3,LUXEMBOURG,EL,152097.47975,2874
2023,3,MALTA,LM,31918.70145,2160
2023,3,"MOLDOVA, REPUBLIC OF",LU,11450.7912,794
2023,3,MONACO,LN,18.134550000000001,30
2023,3,MONTENEGRO,LY,4753.9170999999997,600
2023,3,NETHERLANDS,EH,766701.25450000004,23466
2023,3,NORTH MACEDONIA,LW,9392.2708999999995,740
2023,3,NORWAY*,EN,205223.49979999999,28125
2023,3,POLAND,EP,261849.16990000001,16427
2023,3,PORTUGAL*,LP,390776.41434999998,18459
2023,3,ROMANIA,LR,104714.24860000001,7885
2023,3,SERBIA,LY,33761.766300000003,3002
2023,3,SLOVAKIA,LZ,8705.3702499999999,1075
2023,3,SLOVENIA,LJ,6417.7211500000003,938
2023,3,SPAIN,LE,1204218.3503,61176
2023,3,SWEDEN,ES,184494.22745000001,17603
2023,3,SWITZERLAND,LS,404369.50719999999,19110
2023,3,TÜRKIYE,LT,1265389.6410999999,47983
2023,3,UNITED KINGDOM*,EG,2496524.50985,83857
2023,4,ALBANIA,LA,23235.7104,1833
2023,4,ARMENIA,UD,36762.361599999997,1747
2023,4,AUSTRIA,LO,209848.07055,12967
2023,4,BELGIUM,EB,413200.30385000003,12474
2023,4,BOSNIA AND HERZEGOVINA,LQ,10354.0561,904
2023,4,BULGARIA,LB,50053.616199999997,3119
2023,4,CANARY ISLANDS,GC,297474.42969999998,17463
2023,4,CROATIA,LD,39684.529799999997,4259
2023,4,CYPRUS,LC,87704.286250000005,3817
2023,4,CZECHIA,LK,74711.732950000005,5341
2023,4,DENMARK*,EK,210530.45014999999,13847
2023,4,ESTONIA,EE,14733.775149999999,1568
2023,4,FINLAND,EF,162704.48435000001,7584
2023,4,FRANCE,LF,1599475.3666000001,72417
2023,4,GEORGIA,UG,34068.869449999998,1830
2023,4,GERMANY,ED,2191623.9427499999,79944
2023,4,GREECE,LG,270144.02925000002,19447
2023,4,HUNGARY,LH,78525.926250000004,4778
2023,4,ICELAND,BI,30549.257249999999,1664
2023,4,IRELAND,EI,264044.04269999999,12602
2023,4,ITALY,LI,1095322.9240000001,66600
2023,4,KOSOVO,BK,15129.824850000001,1035
2023,4,LATVIA,EV,32304.365450000001,2523
2023,4,LITHUANIA,EY,32464.960950000001,2363
2023,4,LUXEMBOURG,EL,142349.8455,3024
2023,4,MALTA,LM,41642.690999999999,2735
2023,4,"MOLDOVA, REPUBLIC OF",LU,11625.69195,785
2023,4,MONACO,LN,25.058250000000001,41
2023,4,MONTENEGRO,LY,6960.4368000000004,776
2023,4,NETHERLANDS,EH,823635.12525000004,25609
2023,4,NORTH MACEDONIA,LW,12626.17,896
2023,4,NORWAY*,EN,202801.29029999999,26489
2023,4,POLAND,EP,307855.80979999999,18056
2023,4,PORTUGAL*,LP,447444.36804999999,21127
2023,4,ROMANIA,LR,116283.38864999999,8455
2023,4,SERBIA,LY,39470.429250000001,3262
2023,4,SLOVAKIA,LZ,9863.9887500000004,1034
2023,4,SLOVENIA,LJ,7166.18685,928
2023,4,SPAIN,LE,1405576.6322000001,73370
2023,4,SWEDEN,ES,189068.27275,16748
2023,4,SWITZERLAND,LS,424398.80080000003,18931
2023,4,TÜRKIYE,LT,1394461.9733,54170
2023,4,UNITED KINGDOM*,EG,2664162.3804000001,90604
2023,5,ALBANIA,LA,25894.080450000001,2043
2023,5,ARMENIA,UD,41141.239650000003,1854
2023,5,AUSTRIA,LO,227422.1011,14469
2023,5,BELGIUM,EB,428360.58575000003,13670
2023,5,BOSNIA AND HERZEGOVINA,LQ,11300.811250000001,976
2023,5,BULGARIA,LB,55508.825599999996,3597
2023,5,CANARY ISLANDS,GC,247006.57745000001,16546
2023,5,CROATIA,LD,59551.249750000003,5779
2023,5,CYPRUS,LC,96404.054999999993,4168
2023,5,CZECHIA,LK,83774.656950000004,6036
2023,5,DENMARK*,EK,226857.68964999999,15496
2023,5,ESTONIA,EE,17480.336599999999,1896
2023,5,FINLAND,EF,175720.22,8540
2023,5,FRANCE,LF,1739476.87625,81380
2023,5,GEORGIA,UG,35669.558949999999,1859
2023,5,GERMANY,ED,2326734.0023500002,87848
2023,5,GREECE,LG,469420.60759999999,28792
2023,5,HUNGARY,LH,86317.156600000002,5215
2023,5,ICELAND,BI,44826.318950000001,1960
2023,5,IRELAND,EI,299305.81805,13898
2023,5,ITALY,LI,1215562.5416000001,73990
2023,5,KOSOVO,BK,15082.713449999999,1026
2023,5,LATVIA,EV,37269.644099999998,2888
2023,5,LITHUANIA,EY,36659.087099999997,2707
2023,5,LUXEMBOURG,EL,144013.99355000001,3227
2023,5,MALTA,LM,44658.46,2925
2023,5,"MOLDOVA, REPUBLIC OF",LU,11841.25015,888
2023,5,MONACO,LN,32.911200000000001,54
2023,5,MONTENEGRO,LY,10536.9069,1057
2023,5,NETHERLANDS,EH,875201.19055000006,27684
2023,5,NORTH MACEDONIA,LW,14512.535099999999,1002
2023,5,NORWAY*,EN,225700.19435000001,29290
2023,5,POLAND,EP,303996.19994999998,20025
2023,5,PORTUGAL*,LP,473365.24644999998,22541
2023,5,ROMANIA,LR,119088.7711,9106
2023,5,SERBIA,LY,45193.370999999999,3678
2023,5,SLOVAKIA,LZ,10711.30255,1243
2023,5,SLOVENIA,LJ,8303.3769499999999,1107
2023,5,SPAIN,LE,1541674.03015,80321
2023,5,SWEDEN,ES,206780.18700000001,18861
2023,5,SWITZERLAND,LS,438068.11664999998,20116
2023,5,TÜRKIYE,LT,1595832.5300499999,63009
2023,5,UNITED KINGDOM*,EG,2953474.7636500001,101206
2023,6,ALBANIA,LA,30565.043750000001,2358
2023,6,ARMENIA,UD,44456.661899999999,2038
2023,6,AUSTRIA,LO,237222.94615,14838
2023,6,BELGIUM,EB,422579.97454999998,13686
2023,6,BOSNIA AND HERZEGOVINA,LQ,14528.10685,1080
2023,6,BULGARIA,LB,76068.173550000007,4880
2023,6,CANARY ISLANDS,GC,240820.82709999999,16038
2023,6,CROATIA,LD,82456.565199999997,7475
2023,6,CYPRUS,LC,101382.90519999999,4454
2023,6,CZECHIA,LK,110421.35655,7447
2023,6,DENMARK*,EK,234770.04579999999,15834
2023,6,ESTONIA,EE,17160.054700000001,1800
2023,6,FINLAND,EF,172560.07315000001,8501
2023,6,FRANCE,LF,1815086.7217000001,84771
2023,6,GEORGIA,UG,45491.487300000001,2345
2023,6,GERMANY,ED,2390267.9866499999,90375
2023,6,GREECE,LG,625137.95250000001,38314
2023,6,HUNGARY,LH,94067.69425,5530
2023,6,ICELAND,BI,60127.15395,2444
2023,6,IRELAND,EI,307906.11349999998,13901
2023,6,ITALY,LI,1310844.8737000001,79691
2023,6,KOSOVO,BK,15859.6137,1063
2023,6,LATVIA,EV,38006.953500000003,2932
2023,6,LITHUANIA,EY,35785.15825,2724
2023,6,LUXEMBOURG,EL,142961.9394,3358
2023,6,MALTA,LM,43588.767999999996,2987
2023,6,"MOLDOVA, REPUBLIC OF",LU,15378.497649999999,1127
2023,6,MONACO,LN,31.380299999999998,52
2023,6,MONTENEGRO,LY,15985.79335,1478
2023,6,NETHERLANDS,EH,860209.31464999996,27569
2023,6,NORTH MACEDONIA,LW,15524.851549999999,1075
2023,6,NORWAY*,EN,245388.43515,30316
2023,6,POLAND,EP,339979.10954999999,21590
2023,6,PORTUGAL*,LP,493430.99400000001,23520
2023,6,ROMANIA,LR,127178.06600000001,9690
2023,6,SERBIA,LY,53160.001550000001,4185
2023,6,SLOVAKIA,LZ,18642.498299999999,1725
2023,6,SLOVENIA,LJ,8691.4770499999995,1137
2023,6,SPAIN,LE,1594579.3958999999,82650
2023,6,SWEDEN,ES,214653.42290000001,18590
2023,6,SWITZERLAND,LS,438935.04904999997,20489
2023,6,TÜRKIYE,LT,1758402.8568,69499
2023,6,UNITED KINGDOM*,EG,3024489.0789000001,103782
2023,7,ALBANIA,LA,37181.222249999999,2815
2023,7,ARMENIA,UD,50405.395949999998,2310
2023,7,AUSTRIA,LO,252967.56909999999,15339
2023,7,BELGIUM,EB,454438.86385000002,14456
2023,7,BOSNIA AND HERZEGOVINA,LQ,19738.160599999999,1263
2023,7,BULGARIA,LB,91386.488800000006,5673
2023,7,CANARY ISLANDS,GC,269911.44429999997,18195
2023,7,CROATIA,LD,107127.34209999999,9545
2023,7,CYPRUS,LC,111521.9019,4955
2023,7,CZECHIA,LK,122650.54895,7965
2023,7,DENMARK*,EK,257834.60339999999,15272
2023,7,ESTONIA,EE,16466.514800000001,1760
2023,7,FINLAND,EF,175403.68544999999,7702
2023,7,FRANCE,LF,2001290.6855500001,88382
2023,7,GEORGIA,UG,54932.317649999997,2710
2023,7,GERMANY,ED,2516007.3524000002,91072
2023,7,GREECE,LG,736662.64749999996,45399
2023,7,HUNGARY,LH,100064.58895,5812
2023,7,ICELAND,BI,60938.803399999997,2627
2023,7,IRELAND,EI,323238.5123,14427
2023,7,ITALY,LI,1425670.1357,86772
2023,7,KOSOVO,BK,21049.78255,1413
2023,7,LATVIA,EV,39255.632100000003,2965
2023,7,LIECHTENSTEIN,LS,0.4914,1
2023,7,LITHUANIA,EY,39143.298150000002,2725
2023,7,LUXEMBOURG,EL,148780.10385000001,3308
2023,7,MALTA,LM,46855.48315,3198
2023,7,"MOLDOVA, REPUBLIC OF",LU,17977.331849999999,1225
2023,7,MONACO,LN,39.428550000000001,64
2023,7,MONTENEGRO,LY,20041.916300000001,1837
2023,7,NETHERLANDS,EH,908256.98144999996,28385
2023,7,NORTH MACEDONIA,LW,16879.881249999999,1217
2023,7,NORWAY*,EN,260772.83025,27828
2023,7,POLAND,EP,380564.02545000002,22437
2023,7,PORTUGAL*,LP,541288.40899999999,25436
2023,7,ROMANIA,LR,134142.9455,9977
2023,7,SERBIA,LY,58379.4611,4731
2023,7,SLOVAKIA,LZ,22953.28155,1909
2023,7,SLOVENIA,LJ,9703.4910999999993,1222
2023,7,SPAIN,LE,1770941.9849,91092
2023,7,SWEDEN,ES,216690.18015,16667
2023,7,SWITZERLAND,LS,490834.04544999998,21729
2023,7,TÜRKIYE,LT,1911435.7734999999,74849
2023,7,UNITED KINGDOM*,EG,3213563.6753500002,108446
2023,8,ALBANIA,LA,38011.009850000002,2869
2023,8,ARMENIA,UD,52651.220950000003,2365
2023,8,AUSTRIA,LO,250278.98915000001,14996
2023,8,BELGIUM,EB,459001.65490000002,14040
2023,8,BOSNIA AND HERZEGOVINA,LQ,20800.816599999998,1379
2023,8,BULGARIA,LB,89001.376050000006,5635
2023,8,CANARY ISLANDS,GC,267693.74619999999,18476
2023,8,CROATIA,LD,103840.5175,9268
2023,8,CYPRUS,LC,110720.7046,5029
2023,8,CZECHIA,LK,122430.02945,7761
2023,8,DENMARK*,EK,243990.34729999999,15696
2023,8,ESTONIA,EE,16728.463250000001,1878
2023,8,FINLAND,EF,172519.44519999999,8208
2023,8,FRANCE,LF,1996583.4375499999,83146
2023,8,GEORGIA,UG,55111.719949999999,2832
2023,8,GERMANY,ED,2517992.0112999999,90468
2023,8,GREECE,LG,731000.39654999995,44779
2023,8,HUNGARY,LH,97198.111350000006,5517
2023,8,ICELAND,BI,60914.947749999999,2617
2023,8,IRELAND,EI,327212.32734999998,14413
2023,8,ITALY,LI,1427864.8497500001,84347
2023,8,KOSOVO,BK,20980.779750000002,1431
2023,8,LATVIA,EV,39115.386899999998,3015
2023,8,LITHUANIA,EY,37299.656349999997,2705
2023,8,LUXEMBOURG,EL,143924.19829999999,3144
2023,8,MALTA,LM,47166.037349999999,3118
2023,8,"MOLDOVA, REPUBLIC OF",LU,19366.277699999999,1320
2023,8,MONACO,LN,42.323399999999999,70
2023,8,MONTENEGRO,LY,19815.340499999998,1793
2023,8,NETHERLANDS,EH,908894.70990000002,28832
2023,8,NORTH MACEDONIA,LW,16800.666799999999,1218
2023,8,NORWAY*,EN,252321.29285,29428
2023,8,POLAND,EP,366182.81795,22260
2023,8,PORTUGAL*,LP,545810.21534999995,25609
2023,8,ROMANIA,LR,134847.95374999999,10071
2023,8,SERBIA,LY,59755.130799999999,4767
2023,8,SLOVAKIA,LZ,23460.296750000001,1942
2023,8,SLOVENIA,LJ,9877.6628500000006,1211
2023,8,SPAIN,LE,1774313.5607499999,88775
2023,8,SWEDEN,ES,219018.95264999999,17966
2023,8,SWITZERLAND,LS,482763.61774999998,21112
2023,8,TÜRKIYE,LT,1933927.8792999999,75846
2023,8,UNITED KINGDOM*,EG,3211213.93835,106630
2023,9,ALBANIA,LA,32205.959800000001,2490
2023,9,ARMENIA,UD,46260.270499999999,2131
2023,9,AUSTRIA,LO,237923.65734999999,14823
2023,9,BELGIUM,EB,437492.90529999998,13667
2023,9,BOSNIA AND HERZEGOVINA,LQ,12220.915199999999,974
2023,9,BULGARIA,LB,74220.659050000002,4785
2023,9,CANARY ISLANDS,GC,257790.44475,17346
2023,9,CROATIA,LD,83118.757750000004,7510
2023,9,CYPRUS,LC,105176.3333,4679
2023,9,CZECHIA,LK,116026.3159,7613
2023,9,DENMARK*,EK,238230.77955000001,15881
2023,9,ESTONIA,EE,17481.374749999999,1796
2023,9,FINLAND,EF,167097.75714999999,8189
2023,9,FRANCE,LF,1835203.49385,83684
2023,9,GEORGIA,UG,49502.4012,2544
2023,9,GERMANY,ED,2465216.68665,91734
2023,9,GREECE,LG,633293.73849999998,38511
2023,9,HUNGARY,LH,95962.85325,5449
2023,9,ICELAND,BI,52056.279000000002,2171
2023,9,IRELAND,EI,311973.06524999999,13953
2023,9,ITALY,LI,1350935.6195499999,79772
2023,9,KOSOVO,BK,15184.949850000001,1064
2023,9,LATVIA,EV,36976.287199999999,2849
2023,9,LITHUANIA,EY,37627.815399999999,2744
2023,9,LUXEMBOURG,EL,144486.9143,3310
2023,9,MALTA,LM,44343.981749999999,2990
2023,9,"MOLDOVA, REPUBLIC OF",LU,20835.533149999999,1367
2023,9,MONACO,LN,34.322400000000002,57
2023,9,MONTENEGRO,LY,15236.429749999999,1456
2023,9,NETHERLANDS,EH,872787.03619999997,28172
2023,9,NORTH MACEDONIA,LW,14965.16245,1120
2023,9,NORWAY*,EN,237183.13565000001,29588
2023,9,POLAND,EP,352356.68109999999,22363
2023,9,PORTUGAL*,LP,518554.40934999997,24260
2023,9,ROMANIA,LR,128910.33164999999,9767
2023,9,SERBIA,LY,55587.463799999998,4501
2023,9,SLOVAKIA,LZ,18734.359499999999,1730
2023,9,SLOVENIA,LJ,9131.2210500000001,1184
2023,9,SPAIN,LE,1671119.0351499999,84212
2023,9,SWEDEN,ES,209304.50109999999,18759
2023,9,SWITZERLAND,LS,465660.46675000002,21047
2023,9,TÜRKIYE,LT,1770647.1486500001,69035
2023,9,UNITED KINGDOM*,EG,3106885.7906999998,104436
2023,10,ALBANIA,LA,27865.8148,2201
2023,10,ARMENIA,UD,41989.9948,1910
2023,10,AUSTRIA,LO,229255.22949999999,14111
2023,10,BELGIUM,EB,433526.24345000001,13512
2023,10,BOSNIA AND HERZEGOVINA,LQ,8974.0656500000005,834
2023,10,BULGARIA,LB,56848.424950000001,3521
2023,10,CANARY ISLANDS,GC,310857.39510000002,18739
2023,10,CROATIA,LD,54727.354899999998,5369
2023,10,CYPRUS,LC,114063.03935000001,4768
2023,10,CZECHIA,LK,95291.444449999995,6460
2023,10,DENMARK*,EK,244016.30755,16016
2023,10,ESTONIA,EE,18032.3842,1773
2023,10,FINLAND,EF,175712.1611,8138
2023,10,FRANCE,LF,1823644.1898000001,80618
2023,10,GEORGIA,UG,48299.436049999997,2364
2023,10,GERMANY,ED,2542812.4351499998,92013
2023,10,GREECE,LG,472990.84960000002,28970
2023,10,HUNGARY,LH,97560.827850000001,5396
2023,10,ICELAND,BI,42500.321150000003,1975
2023,10,IRELAND,EI,300897.72360000003,13780
2023,10,ITALY,LI,1297352.1605,75982
2023,10,KOSOVO,BK,13955.19615,975
2023,10,LATVIA,EV,38492.701200000003,2846
2023,10,LITHUANIA,EY,38669.819100000001,2728
2023,10,LUXEMBOURG,EL,159391.67874999999,3339
2023,10,MALTA,LM,45519.045899999997,3113
2023,10,"MOLDOVA, REPUBLIC OF",LU,16685.623350000002,1153
2023,10,MONACO,LN,21.986999999999998,36
2023,10,MONTENEGRO,LY,9677.58655,982
2023,10,NETHERLANDS,EH,890948.79095000005,27778
2023,10,NORTH MACEDONIA,LW,14116.4292,1084
2023,10,NORWAY*,EN,235866.52265,29860
2023,10,POLAND,EP,313917.40360000002,20967
2023,10,PORTUGAL*,LP,504266.13819999999,23089
2023,10,ROMANIA,LR,120463.41205,9019
2023,10,SERBIA,LY,48685.822399999997,4017
2023,10,SLOVAKIA,LZ,11255.723050000001,1209
2023,10,SLOVENIA,LJ,8223.5505499999999,1102
2023,10,SPAIN,LE,1630683.1921999999,81743
2023,10,SWEDEN,ES,206249.11,18603
2023,10,SWITZERLAND,LS,471511.26740000001,20796
2023,10,TÜRKIYE,LT,1703501.1399000001,63965
2023,10,UNITED KINGDOM*,EG,3075440.2223999999,102626
2023,11,ALBANIA,LA,29784.9447,2267
2023,11,ARMENIA,UD,30897.76715,1458
2023,11,AUSTRIA,LO,188587.27665000001,11430
2023,11,BELGIUM,EB,415298.72665000003,11470
2023,11,BOSNIA AND HERZEGOVINA,LQ,5700.1050999999998,626
2023,11,BULGARIA,LB,42421.095150000001,2784
2023,11,CANARY ISLANDS,GC,346031.19545,19122
2023,11,CROATIA,LD,21060.687000000002,2736
2023,11,CYPRUS,LC,74097.282600000006,3118
2023,11,CZECHIA,LK,78729.228099999993,5166
2023,11,DENMARK*,EK,190403.41399999999,12478
2023,11,ESTONIA,EE,14872.32315,1661
2023,11,FINLAND,EF,169263.7556,7974
2023,11,FRANCE,LF,1592075.807,64489
2023,11,GEORGIA,UG,44247.428899999999,2026
2023,11,GERMANY,ED,2172219.0500500002,73356
2023,11,GREECE,LG,171514.59275000001,14421
2023,11,HUNGARY,LH,90485.300499999998,4744
2023,11,ICELAND,BI,33652.355949999997,1881
2023,11,IRELAND,EI,218408.22154999999,10561
2023,11,ITALY,LI,984339.03529999999,57024
2023,11,KOSOVO,BK,10774.14975,783
2023,11,LATVIA,EV,30277.122749999999,2342
2023,11,LITHUANIA,EY,29463.503250000002,2173
2023,11,LUXEMBOURG,EL,172661.88135000001,2747
2023,11,MALTA,LM,33264.37945,2187
2023,11,"MOLDOVA, REPUBLIC OF",LU,13795.051649999999,942
2023,11,MONACO,LN,13.034700000000001,21
2023,11,MONTENEGRO,LY,4691.6413000000002,616
2023,11,NETHERLANDS,EH,771811.01139999996,22973
2023,11,NORTH MACEDONIA,LW,12539.45695,990
2023,11,NORWAY*,EN,197111.24585000001,26481
2023,11,POLAND,EP,266694.40315000003,16743
2023,11,PORTUGAL*,LP,392310.3358,17326
2023,11,ROMANIA,LR,107499.4618,8086
2023,11,SERBIA,LY,44493.891049999998,3578
2023,11,SLOVAKIA,LZ,8613.6525000000001,969
2023,11,SLOVENIA,LJ,6565.6720500000001,943
2023,11,SPAIN,LE,1262564.0451,59404
2023,11,SWEDEN,ES,170983.38704999999,15846
2023,11,SWITZERLAND,LS,396065.21130000002,16389
2023,11,TÜRKIYE,LT,1309356.8288,49088
2023,11,UNITED KINGDOM*,EG,2591943.0803,81941
2023,12,ALBANIA,LA,32440.73155,2450
2023,12,ARMENIA,UD,33370.28155,1542
2023,12,AUSTRIA,LO,199132.40979999999,11877
2023,12,BELGIUM,EB,397445.55635000003,11386
2023,12,BOSNIA AND HERZEGOVINA,LQ,6087.4600499999997,620
2023,12,BULGARIA,LB,47906.92295,2986
2023,12,CANARY ISLANDS,GC,368916.54300000001,19718
2023,12,CROATIA,LD,20232.360400000001,2516
2023,12,CYPRUS,LC,63446.766750000003,2952
2023,12,CZECHIA,LK,79760.659100000004,5059
2023,12,DENMARK*,EK,193957.81510000001,11387
2023,12,ESTONIA,EE,14485.661550000001,1535
2023,12,FINLAND,EF,202775.10334999999,9105
2023,12,FRANCE,LF,1697118.2008499999,66461
2023,12,GEORGIA,UG,50700.184450000001,2244
2023,12,GERMANY,ED,2060718.9598999999,64525
2023,12,GREECE,LG,152718.24345000001,13808
2023,12,HUNGARY,LH,91719.749049999999,4771
2023,12,ICELAND,BI,33764.810449999997,1566
2023,12,IRELAND,EI,224514.78279999999,10914
2023,12,ITALY,LI,1038260.2022000001,58902
2023,12,KOSOVO,BK,14598.5805,1015
2023,12,LATVIA,EV,30472.183850000001,2388
2023,12,LITHUANIA,EY,28218.869500000001,2175
2023,12,LUXEMBOURG,EL,167603.36420000001,2707
2023,12,MALTA,LM,35962.512900000002,2227
2023,12,"MOLDOVA, REPUBLIC OF",LU,14561.41145,947
2023,12,MONACO,LN,11.988899999999999,18
2023,12,MONTENEGRO,LY,4800.8396499999999,637
2023,12,NETHERLANDS,EH,810467.96065000002,22621
2023,12,NORTH MACEDONIA,LW,13685.0805,992
2023,12,NORWAY*,EN,185366.89869999999,23251
2023,12,POLAND,EP,274623.10294999997,16640
2023,12,PORTUGAL*,LP,415136.97145000001,17891
2023,12,ROMANIA,LR,114634.25575,8002
2023,12,SERBIA,LY,48083.043850000002,3693
2023,12,SLOVAKIA,LZ,9207.9882500000003,895
2023,12,SLOVENIA,LJ,6320.7969000000003,837
2023,12,SPAIN,LE,1311217.0395,60117
2023,12,SWEDEN,ES,169041.2487,14277
2023,12,SWITZERLAND,LS,437781.91105,18610
2023,12,TÜRKIYE,LT,1340704.63005,49497
2023,12,UNITED KINGDOM*,EG,2715358.87475,84315
2024,1,ALBANIA,LA,31744.033220000001,2361
2024,1,ARMENIA,UD,32008.70176,1483
2024,1,AUSTRIA,LO,192993.48835999999,11713
2024,1,BELGIUM,EB,386029.27672000002,10863
2024,1,BOSNIA AND HERZEGOVINA,LQ,6328.20712,647
2024,1,BULGARIA,LB,49526.462319999999,3000
2024,1,CANARY ISLANDS,GC,348086.50958000001,18282
2024,1,CROATIA,LD,19201.49466,2527
2024,1,CYPRUS,LC,54589.772040000003,2590
2024,1,CZECHIA,LK,74129.34186,4545
2024,1,DENMARK*,EK,188800.85167999999,11033
2024,1,ESTONIA,EE,13379.29976,1475
2024,1,FINLAND,EF,185809.33447999999,8414
2024,1,FRANCE,LF,1514482.0668599999,58706
2024,1,GEORGIA,UG,46037.297400000003,2110
2024,1,GERMANY,ED,1968543.1828999999,63889
2024,1,GREECE,LG,134655.1985,12911
2024,1,HUNGARY,LH,87409.094580000004,4605
2024,1,ICELAND,BI,27129.991760000001,1529
2024,1,IRELAND,EI,199839.33544,10282
2024,1,ITALY,LI,985180.15845999995,55830
2024,1,KOSOVO,BK,15550.830840000001,1068
2024,1,LATVIA,EV,26472.747960000001,2105
2024,1,LITHUANIA,EY,26801.497960000001,2089
2024,1,LUXEMBOURG,EL,140705.42337999999,2409
2024,1,MALTA,LM,32780.043440000001,2139
2024,1,"MOLDOVA, REPUBLIC OF",LU,14109.181979999999,921
2024,1,MONACO,LN,9.4957999999999991,15
2024,1,MONTENEGRO,LY,4627.0850399999999,594
2024,1,NETHERLANDS,EH,798788.04461999994,23090
2024,1,NORTH MACEDONIA,LW,13275.33316,958
2024,1,NORWAY*,EN,184846.74265999999,23686
2024,1,POLAND,EP,268384.99930000002,16464
2024,1,PORTUGAL*,LP,384067.13643999997,16329
2024,1,ROMANIA,LR,109089.19581999999,7753
2024,1,SERBIA,LY,44560.329420000002,3448
2024,1,SLOVAKIA,LZ,8084.5393000000004,870
2024,1,SLOVENIA,LJ,5867.2132799999999,809
2024,1,SPAIN,LE,1227166.5302599999,56417
2024,1,SWEDEN,ES,165836.26926,14289
2024,1,SWITZERLAND,LS,423966.86495999998,18717
2024,1,TÜRKIYE,LT,1345851.91432,49354
2024,1,UNITED KINGDOM*,EG,2592513.67686,77122
2024,2,ALBANIA,LA,28444.99912,2052
2024,2,ARMENIA,UD,25651.066159999998,1180
2024,2,AUSTRIA,LO,187394.62789999999,11876
2024,2,BELGIUM,EB,363976.15789999999,10817
2024,2,BOSNIA AND HERZEGOVINA,LQ,5690.9321,586
2024,2,BULGARIA,LB,41621.883240000003,2749
2024,2,CANARY ISLANDS,GC,343839.22963999998,18402
2024,2,CROATIA,LD,17821.45566,2350
2024,2,CYPRUS,LC,51495.094319999997,2433
2024,2,CZECHIA,LK,74782.837199999994,4785
2024,2,DENMARK*,EK,184095.58360000001,11623
2024,2,ESTONIA,EE,12642.325140000001,1404
2024,2,FINLAND,EF,170135.60871999999,7889
2024,2,FRANCE,LF,1460575.2796400001,60357
2024,2,GEORGIA,UG,39189.425719999999,1858
2024,2,GERMANY,ED,1869935.93826,65455
2024,2,GREECE,LG,128791.36954,12344
2024,2,HUNGARY,LH,84876.582320000001,4345
2024,2,ICELAND,BI,23639.856540000001,1502
2024,2,IRELAND,EI,189473.7732,10018
2024,2,ITALY,LI,919990.03408000001,52863
2024,2,KOSOVO,BK,12503.35528,867
2024,2,LATVIA,EV,24318.17974,1936
2024,2,LITHUANIA,EY,24452.9041,1919
2024,2,LUXEMBOURG,EL,122167.90474,2349
2024,2,MALTA,LM,29552.689579999998,1999
2024,2,"MOLDOVA, REPUBLIC OF",LU,12835.38594,869
2024,2,MONACO,LN,15.25332,28
2024,2,MONTENEGRO,LY,4347.0304400000005,559
2024,2,NETHERLANDS,EH,767687.72875999997,22944
2024,2,NORTH MACEDONIA,LW,9686.0509600000005,779
2024,2,NORWAY*,EN,188694.95540000001,24113
2024,2,POLAND,EP,250665.58317999999,16103
2024,2,PORTUGAL*,LP,371425.74446000002,16152
2024,2,ROMANIA,LR,97274.064320000005,7299
2024,2,SERBIA,LY,36738.935440000001,2902
2024,2,SLOVAKIA,LZ,7652.0025800000003,924
2024,2,SLOVENIA,LJ,6475.3909199999998,894
2024,2,SPAIN,LE,1180365.6313199999,56441
2024,2,SWEDEN,ES,164915.12727999999,14945
2024,2,SWITZERLAND,LS,411937.01633999997,18911
2024,2,TÜRKIYE,LT,1250317.15038,47120
2024,2,UNITED KINGDOM*,EG,2478330.0779200001,78999
2024,3,ALBANIA,LA,31670.45536,2259
2024,3,ARMENIA,UD,29186.067439999999,1374
2024,3,AUSTRIA,LO,212595.05856,12941
2024,3,BELGIUM,EB,415651.88549999997,11981
2024,3,BOSNIA AND HERZEGOVINA,LQ,5826.1649200000002,616
2024,3,BULGARIA,LB,51016.920960000003,3112
2024,3,CANARY ISLANDS,GC,386063.20150000002,21016
2024,3,CROATIA,LD,23284.77288,2836
2024,3,CYPRUS,LC,64066.911180000003,3034
2024,3,CZECHIA,LK,87902.700540000005,5736
2024,3,DENMARK*,EK,212645.4639,13100
2024,3,ESTONIA,EE,15432.655919999999,1623
2024,3,FINLAND,EF,175898.44156000001,8592
2024,3,FRANCE,LF,1642072.98092,69723
2024,3,GEORGIA,UG,44795.98676,2098
2024,3,GERMANY,ED,2123962.9655399998,75281
2024,3,GREECE,LG,163670.39910000001,14632
2024,3,HUNGARY,LH,99940.045880000005,5112
2024,3,ICELAND,BI,31965.24768,1716
2024,3,IRELAND,EI,247019.80914,11746
2024,3,ITALY,LI,1088560.7586000001,61392
2024,3,KOSOVO,BK,13732.49416,957
2024,3,LATVIA,EV,32347.439880000002,2451
2024,3,LITHUANIA,EY,29808.022379999999,2355
2024,3,LUXEMBOURG,EL,158166.41021999999,2845
2024,3,MALTA,LM,37335.771719999997,2433
2024,3,"MOLDOVA, REPUBLIC OF",LU,14586.575140000001,999
2024,3,MONACO,LN,13.78392,26
2024,3,MONTENEGRO,LY,5146.8879200000001,650
2024,3,NETHERLANDS,EH,832050.69258000003,25816
2024,3,NORTH MACEDONIA,LW,10734.963460000001,842
2024,3,NORWAY*,EN,213436.02489999999,26045
2024,3,POLAND,EP,292275.31328,18145
2024,3,PORTUGAL*,LP,432194.25923999998,18865
2024,3,ROMANIA,LR,108844.00112,8132
2024,3,SERBIA,LY,40131.115279999998,3257
2024,3,SLOVAKIA,LZ,9038.9746400000004,984
2024,3,SLOVENIA,LJ,7091.6337400000002,924
2024,3,SPAIN,LE,1355904.59008,65436
2024,3,SWEDEN,ES,190800.42236,16602
2024,3,SWITZERLAND,LS,452608.98031999997,20267
2024,3,TÜRKIYE,LT,1375960.89362,50059
2024,3,UNITED KINGDOM*,EG,2765833.7477799999,88520
2024,4,ALBANIA,LA,38595.399440000001,2785
2024,4,ARMENIA,UD,31137.843680000002,1452
2024,4,AUSTRIA,LO,220846.61136000001,13400
2024,4,BELGIUM,EB,451132.67002000002,13048
2024,4,BOSNIA AND HERZEGOVINA,LQ,9424.7952800000003,845
2024,4,BULGARIA,LB,50832.317539999996,3294
2024,4,CANARY ISLANDS,GC,310733.07799999998,18710
2024,4,CROATIA,LD,51299.11146,5041
2024,4,CYPRUS,LC,90742.011759999994,4132
2024,4,CZECHIA,LK,89085.764840000003,6129
2024,4,DENMARK*,EK,230005.55207999999,14999
2024,4,ESTONIA,EE,19155.342059999999,1896
2024,4,FINLAND,EF,170296.60728,8097
2024,4,FRANCE,LF,1735141.2043399999,74980
2024,4,GEORGIA,UG,50579.184020000001,2308
2024,4,GERMANY,ED,2305124.25984,84030
2024,4,GREECE,LG,317859.81851999997,21603
2024,4,HUNGARY,LH,106779.64102,5556
2024,4,ICELAND,BI,36176.294900000001,1800
2024,4,IRELAND,EI,270131.68656,12695
2024,4,ITALY,LI,1304783.6145800001,74096
2024,4,KOSOVO,BK,14969.36556,1049
2024,4,LATVIA,EV,33715.586000000003,2695
2024,4,LITHUANIA,EY,35225.270400000001,2635
2024,4,LUXEMBOURG,EL,152605.02108000001,3111
2024,4,MALTA,LM,45824.279320000001,2988
2024,4,"MOLDOVA, REPUBLIC OF",LU,15991.549800000001,1081
2024,4,MONACO,LN,30.772079999999999,51
2024,4,MONTENEGRO,LY,9678.6270800000002,1004
2024,4,NETHERLANDS,EH,851788.64682000002,26613
2024,4,NORTH MACEDONIA,LW,13086.8583,1021
2024,4,NORWAY*,EN,221898.73254,28567
2024,4,POLAND,EP,293668.58230000001,20159
2024,4,PORTUGAL*,LP,475135.72596000001,21365
2024,4,ROMANIA,LR,116665.42423999999,8575
2024,4,SERBIA,LY,43760.245560000003,3420
2024,4,SLOVAKIA,LZ,10684.77968,1209
2024,4,SLOVENIA,LJ,7820.4174199999998,1092
2024,4,SPAIN,LE,1598538.5714400001,79542
2024,4,SWEDEN,ES,185916.95026000001,17018
2024,4,SWITZERLAND,LS,463150.16142000002,19950
2024,4,TÜRKIYE,LT,1521365.1164200001,57596
2024,4,UNITED KINGDOM*,EG,2893305.9287999999,94490
2024,5,ALBANIA,LA,43135.94068,3090
2024,5,ARMENIA,UD,35956.335720000003,1649
2024,5,AUSTRIA,LO,243854.36507999999,14884
2024,5,BELGIUM,EB,473849.82324,14267
2024,5,BOSNIA AND HERZEGOVINA,LQ,10330.1913,969
2024,5,BULGARIA,LB,61263.687100000003,3766
2024,5,CANARY ISLANDS,GC,267598.93083999999,17998
2024,5,CROATIA,LD,78030.120880000002,6923
2024,5,CYPRUS,LC,102490.26128000001,4539
2024,5,CZECHIA,LK,106318.82133999999,7075
2024,5,DENMARK*,EK,251018.51035999999,16107
2024,5,ESTONIA,EE,21710.92022,2121
2024,5,FINLAND,EF,184844.65528000001,8751
2024,5,FRANCE,LF,1880070.0475000001,84004
2024,5,GEORGIA,UG,57857.121200000001,2588
2024,5,GERMANY,ED,2480021.6045400002,91601
2024,5,GREECE,LG,547342.83187999995,31991
2024,5,HUNGARY,LH,113172.33689999999,5944
2024,5,ICELAND,BI,49110.462319999999,2172
2024,5,IRELAND,EI,309874.91216000001,14324
2024,5,ITALY,LI,1441733.33922,81393
2024,5,KOSOVO,BK,15310.877,1076
2024,5,LATVIA,EV,38033.618020000002,3043
2024,5,LITHUANIA,EY,41841.756759999997,3156
2024,5,LUXEMBOURG,EL,165446.05324000001,3424
2024,5,MALTA,LM,50231.137179999998,3377
2024,5,"MOLDOVA, REPUBLIC OF",LU,22616.852859999999,1472
2024,5,MONACO,LN,35.09496,61
2024,5,MONTENEGRO,LY,12912.66452,1280
2024,5,NETHERLANDS,EH,910073.75678000005,28997
2024,5,NORTH MACEDONIA,LW,14225.74656,1082
2024,5,NORWAY*,EN,234857.70490000001,28819
2024,5,POLAND,EP,359717.52484000003,23019
2024,5,PORTUGAL*,LP,507925.34866000002,23166
2024,5,ROMANIA,LR,127608.13106,9093
2024,5,SERBIA,LY,48568.418559999998,3842
2024,5,SLOVAKIA,LZ,12023.17476,1249
2024,5,SLOVENIA,LJ,8989.0605400000004,1186
2024,5,SPAIN,LE,1767822.17182,87577
2024,5,SWEDEN,ES,203759.25930000001,18624
2024,5,SWITZERLAND,LS,492049.19286000001,21518
2024,5,TÜRKIYE,LT,1742220.9876600001,65007
2024,5,UNITED KINGDOM*,EG,3179855.12684,106124
2024,6,ALBANIA,LA,47658.56366,3425
2024,6,ARMENIA,UD,39200.251880000003,1816
2024,6,AUSTRIA,LO,254850.31192000001,15363
2024,6,BELGIUM,EB,461578.86495999998,13976
2024,6,BOSNIA AND HERZEGOVINA,LQ,17335.035240000001,1169
2024,6,BULGARIA,LB,78309.655280000006,4841
2024,6,CANARY ISLANDS,GC,267223.67742000002,17721
2024,6,CROATIA,LD,99198.516199999998,8628
2024,6,CYPRUS,LC,109265.49348,4892
2024,6,CZECHIA,LK,128514.31759999999,8503
2024,6,DENMARK*,EK,263471.29165999999,16363
2024,6,ESTONIA,EE,19048.766739999999,1974
2024,6,FINLAND,EF,184845.80812,8474
2024,6,FRANCE,LF,1933653.11032,86997
2024,6,GEORGIA,UG,67898.634439999994,2947
2024,6,GERMANY,ED,2479777.9828599999,92336
2024,6,GREECE,LG,686819.53353999997,40871
2024,6,HUNGARY,LH,116207.16323999999,6142
2024,6,ICELAND,BI,64591.11952,2395
2024,6,IRELAND,EI,319384.30348,14094
2024,6,ITALY,LI,1528332.6527199999,85781
2024,6,KOSOVO,BK,17022.806240000002,1140
2024,6,LATVIA,EV,39152.46976,3016
2024,6,LIECHTENSTEIN,LS,0.99856,2
2024,6,LITHUANIA,EY,39934.182220000002,2993
2024,6,LUXEMBOURG,EL,161586.69330000001,3321
2024,6,MALTA,LM,49799.855020000003,3397
2024,6,"MOLDOVA, REPUBLIC OF",LU,26730.99454,1715
2024,6,MONACO,LN,28.247240000000001,46
2024,6,MONTENEGRO,LY,18151.593140000001,1627
2024,6,NETHERLANDS,EH,889428.88468000002,28620
2024,6,NORTH MACEDONIA,LW,14558.319079999999,1092
2024,6,NORWAY*,EN,257048.89162000001,29005
2024,6,POLAND,EP,377253.83637999999,24181
2024,6,PORTUGAL*,LP,532932.90668000001,24273
2024,6,ROMANIA,LR,141066.89663999999,9896
2024,6,SERBIA,LY,52713.131860000001,4193
2024,6,SLOVAKIA,LZ,22169.853080000001,1961
2024,6,SLOVENIA,LJ,9765.7639799999997,1236
2024,6,SPAIN,LE,1832872.0495800001,89730
2024,6,SWEDEN,ES,211615.50899999999,17925
2024,6,SWITZERLAND,LS,495778.50115999999,21552
2024,6,TÜRKIYE,LT,1896435.3407399999,71702
2024,6,UNITED KINGDOM*,EG,3226701.4316599998,106752
2024,7,ALBANIA,LA,50913.969559999998,3662
2024,7,ARMENIA,UD,46046.050600000002,2025
2024,7,AUSTRIA,LO,273517.46006000001,15880
2024,7,BELGIUM,EB,502906.22412000003,15151
2024,7,BOSNIA AND HERZEGOVINA,LQ,21874.458139999999,1376
2024,7,BULGARIA,LB,88615.217180000007,5788
2024,7,CANARY ISLANDS,GC,289458.74378000002,19086
2024,7,CROATIA,LD,118113.71334,10125
2024,7,CYPRUS,LC,117203.23796,5308
2024,7,CZECHIA,LK,139143.65604,8684
2024,7,DENMARK*,EK,291642.71179999999,16208
2024,7,ESTONIA,EE,18421.088960000001,2040
2024,7,FINLAND,EF,186343.73438000001,8076
2024,7,FRANCE,LF,2098349.93928,90565
2024,7,GEORGIA,UG,71704.498519999994,3280
2024,7,GERMANY,ED,2579204.6497,93363
2024,7,GREECE,LG,786008.76066000003,47405
2024,7,HUNGARY,LH,125743.65158000001,6593
2024,7,ICELAND,BI,69354.215400000001,2606
2024,7,IRELAND,EI,332088.77956,14575
2024,7,ITALY,LI,1632746.68854,92755
2024,7,KOSOVO,BK,22388.644240000001,1517
2024,7,LATVIA,EV,39226.158759999998,3219
2024,7,LIECHTENSTEIN,LS,0.45188,1
2024,7,LITHUANIA,EY,38739.649380000003,2921
2024,7,LUXEMBOURG,EL,161026.14191999999,3317
2024,7,MALTA,LM,53143.361620000003,3637
2024,7,"MOLDOVA, REPUBLIC OF",LU,27942.492139999998,1778
2024,7,MONACO,LN,39.613759999999999,64
2024,7,MONTENEGRO,LY,23433.91188,2094
2024,7,NETHERLANDS,EH,940174.18954000005,29412
2024,7,NORTH MACEDONIA,LW,16599.20824,1300
2024,7,NORWAY*,EN,279288.20004000003,27396
2024,7,POLAND,EP,399013.53778000001,25251
2024,7,PORTUGAL*,LP,569417.28732,25905
2024,7,ROMANIA,LR,150752.59075999999,10610
2024,7,SERBIA,LY,58065.457399999999,4677
2024,7,SLOVAKIA,LZ,27065.225439999998,2157
2024,7,SLOVENIA,LJ,10266.760759999999,1347
2024,7,SPAIN,LE,1966393.8085,96574
2024,7,SWEDEN,ES,214600.23706000001,16141
2024,7,SWITZERLAND,LS,525804.77339999995,22684
2024,7,TÜRKIYE,LT,2019499.2086199999,75720
2024,7,UNITED KINGDOM*,EG,3354506.3321799999,111222
2024,8,ALBANIA,LA,52124.624300000003,3690
2024,8,ARMENIA,UD,47615.780599999998,2109
2024,8,AUSTRIA,LO,273866.40688000002,15830
2024,8,BELGIUM,EB,491585.67102000001,14584
2024,8,BOSNIA AND HERZEGOVINA,LQ,21950.88998,1415
2024,8,BULGARIA,LB,87989.981880000007,5728
2024,8,CANARY ISLANDS,GC,291281.02851999999,19446
2024,8,CROATIA,LD,116248.95724,10142
2024,8,CYPRUS,LC,125491.63918,5889
2024,8,CZECHIA,LK,137550.21230000001,8587
2024,8,DENMARK*,EK,280139.57214,16245
2024,8,ESTONIA,EE,18565.806820000002,2031
2024,8,FINLAND,EF,189023.44404,8651
2024,8,FRANCE,LF,2125033.6675200001,84835
2024,8,GEORGIA,UG,73546.67164,3377
2024,8,GERMANY,ED,2592316.0775199998,91691
2024,8,GREECE,LG,788311.05781999999,47345
2024,8,HUNGARY,LH,129552.7107,6402
2024,8,ICELAND,BI,69163.790819999995,2525
2024,8,IRELAND,EI,337682.39516000001,14746
2024,8,ITALY,LI,1623103.3370999999,90398
2024,8,KOSOVO,BK,23028.588479999999,1564
2024,8,LATVIA,EV,38418.663460000003,3139
2024,8,LIECHTENSTEIN,LS,0.45188,1
2024,8,LITHUANIA,EY,37386.009819999999,2770
2024,8,LUXEMBOURG,EL,161946.65640000001,3214
2024,8,MALTA,LM,53504.324679999998,3537
2024,8,"MOLDOVA, REPUBLIC OF",LU,28879.637220000001,1848
2024,8,MONACO,LN,35.354080000000003,56
2024,8,MONTENEGRO,LY,23298.276760000001,2091
2024,8,NETHERLANDS,EH,954334.33401999995,29581
2024,8,NORTH MACEDONIA,LW,16063.888440000001,1258
2024,8,NORWAY*,EN,267597.71243999997,28876
2024,8,POLAND,EP,407927.90895999997,25486
2024,8,PORTUGAL*,LP,571040.18374000001,25877
2024,8,ROMANIA,LR,150918.26699999999,10366
2024,8,SERBIA,LY,58884.198900000003,4640
2024,8,SLOVAKIA,LZ,25686.893820000001,2129
2024,8,SLOVENIA,LJ,10282.42956,1287
2024,8,SPAIN,LE,1964397.9557,93979
2024,8,SWEDEN,ES,214131.85638000001,17794
2024,8,SWITZERLAND,LS,520741.21006000001,21987
2024,8,TÜRKIYE,LT,2027835.36198,76013
2024,8,UNITED KINGDOM*,EG,3380683.6875,110008
2024,9,ALBANIA,LA,48017.001579999996,3436
2024,9,ARMENIA,UD,42049.098859999998,1876
2024,9,AUSTRIA,LO,262360.19199999998,15105
2024,9,BELGIUM,EB,476490.57871999999,14141
2024,9,BOSNIA AND HERZEGOVINA,LQ,14102.13478,1108
2024,9,BULGARIA,LB,74698.245580000003,4910
2024,9,CANARY ISLANDS,GC,276749.09921999997,18325
2024,9,CROATIA,LD,95995.74424,8156
2024,9,CYPRUS,LC,118551.11332,5282
2024,9,CZECHIA,LK,131898.99518,8292
2024,9,DENMARK*,EK,267691.23869999999,16204
2024,9,ESTONIA,EE,19879.42626,2040
2024,9,FINLAND,EF,180369.00236000001,8661
2024,9,FRANCE,LF,1886025.2389799999,83944
2024,9,GEORGIA,UG,65536.428880000007,2947
2024,9,GERMANY,ED,2499418.9026600001,92618
2024,9,GREECE,LG,675687.43946000002,40697
2024,9,HUNGARY,LH,132557.86254,6531
2024,9,ICELAND,BI,58652.057840000001,2285
2024,9,IRELAND,EI,321849.22678000003,14234
2024,9,ITALY,LI,1530471.39274,85093
2024,9,KOSOVO,BK,17314.057120000001,1187
2024,9,LATVIA,EV,38162.423219999997,2956
2024,9,LITHUANIA,EY,38701.780939999997,2822
2024,9,LUXEMBOURG,EL,154736.18395999999,3249
2024,9,MALTA,LM,49709.24338,3288
2024,9,"MOLDOVA, REPUBLIC OF",LU,24908.92856,1626
2024,9,MONACO,LN,26.376519999999999,47
2024,9,MONTENEGRO,LY,18053.845560000002,1621
2024,9,NETHERLANDS,EH,914133.06261999998,28185
2024,9,NORTH MACEDONIA,LW,14727.98286,1164
2024,9,NORWAY*,EN,248435.85105999999,30034
2024,9,POLAND,EP,386638.72684000002,24860
2024,9,PORTUGAL*,LP,543717.54018000001,24406
2024,9,ROMANIA,LR,146000.02600000001,10177
2024,9,SERBIA,LY,55766.672380000004,4405
2024,9,SLOVAKIA,LZ,20219.777880000001,1838
2024,9,SLOVENIA,LJ,9577.6324999999997,1204
2024,9,SPAIN,LE,1861285.5681,89424
2024,9,SWEDEN,ES,206103.99758,18628
2024,9,SWITZERLAND,LS,491510.95309999998,21815
2024,9,TÜRKIYE,LT,1871018.8565,68605
2024,9,UNITED KINGDOM*,EG,3248846.7097200002,107034
2024,10,ALBANIA,LA,41375.320959999997,2969
2024,10,ARMENIA,UD,39818.758679999999,1686
2024,10,AUSTRIA,LO,255517.25459999999,14726
2024,10,BELGIUM,EB,503179.93647999997,14085
2024,10,BOSNIA AND HERZEGOVINA,LQ,9714.8362400000005,959
2024,10,BULGARIA,LB,59551.165939999999,3723
2024,10,CANARY ISLANDS,GC,331038.60081999999,19646
2024,10,CROATIA,LD,65077.228819999997,5905
2024,10,CYPRUS,LC,122219.5533,5404
2024,10,CZECHIA,LK,110375.42,7133
2024,10,DENMARK*,EK,265797.12348000001,15965
2024,10,ESTONIA,EE,20824.219720000001,2100
2024,10,FINLAND,EF,187808.32258000001,8716
2024,10,FRANCE,LF,1867973.8617400001,80772
2024,10,GEORGIA,UG,70167.762539999996,2843
2024,10,GERMANY,ED,2571116.51774,93245
2024,10,GREECE,LG,513419.10201999999,31162
2024,10,HUNGARY,LH,134354.23035999999,6420
2024,10,ICELAND,BI,46941.12874,2210
2024,10,IRELAND,EI,297484.00332000002,13328
2024,10,ITALY,LI,1441332.96266,79396
2024,10,KOSOVO,BK,17058.2821,1174
2024,10,LATVIA,EV,39405.643459999999,3026
2024,10,LIECHTENSTEIN,LS,0.73943999999999999,1
2024,10,LITHUANIA,EY,40566.614880000001,2912
2024,10,LUXEMBOURG,EL,169887.83379999999,3260
2024,10,MALTA,LM,49769.412680000001,3251
2024,10,"MOLDOVA, REPUBLIC OF",LU,24265.92252,1574
2024,10,MONACO,LN,15.04792,24
2024,10,MONTENEGRO,LY,12168.22394,1153
2024,10,NETHERLANDS,EH,923779.46773999999,28380
2024,10,NORTH MACEDONIA,LW,13479.172479999999,1073
2024,10,NORWAY*,EN,243771.06304000001,29829
2024,10,POLAND,EP,354035.45244000002,23248
2024,10,PORTUGAL*,LP,524980.00835999998,22969
2024,10,ROMANIA,LR,139239.28876,9767
2024,10,SERBIA,LY,53766.974520000003,4004
2024,10,SLOVAKIA,LZ,12655.109619999999,1314
2024,10,SLOVENIA,LJ,8651.0673800000004,1220
2024,10,SPAIN,LE,1780333.1845199999,85424
2024,10,SWEDEN,ES,201808.81064000001,18151
2024,10,SWITZERLAND,LS,501009.39792000002,21358
2024,10,TÜRKIYE,LT,1810513.9066000001,64566
2024,10,UNITED KINGDOM*,EG,3209665.5068399999,104096
2024,11,ALBANIA,LA,30601.972460000001,2236
2024,11,ARMENIA,UD,32216.936399999999,1483
2024,11,AUSTRIA,LO,202364.4411,11907
2024,11,BELGIUM,EB,485075.99547999998,12290
2024,11,BOSNIA AND HERZEGOVINA,LQ,8182.4536200000002,828
2024,11,BULGARIA,LB,52262.37844,2929
2024,11,CANARY ISLANDS,GC,386308.74031999998,21003
2024,11,CROATIA,LD,23931.691800000001,2940
2024,11,CYPRUS,LC,69116.506099999999,3304
2024,11,CZECHIA,LK,90157.903439999995,5698
2024,11,DENMARK*,EK,214254.27028,12710
2024,11,ESTONIA,EE,14706.943219999999,1568
2024,11,FINLAND,EF,178238.81226000001,8479
2024,11,FRANCE,LF,1574486.8388799999,63570
2024,11,GEORGIA,UG,66803.441120000003,2623
2024,11,GERMANY,ED,2185792.7051400002,74468
2024,11,GREECE,LG,195425.90083999999,15916
2024,11,HUNGARY,LH,130167.93257999999,5581
2024,11,ICELAND,BI,33312.870779999997,1553
2024,11,IRELAND,EI,219425.65666000001,10569
2024,11,ITALY,LI,1073800.8297600001,59806
2024,11,KOSOVO,BK,15422.14932,1059
2024,11,LATVIA,EV,33558.80384,2567
2024,11,LIECHTENSTEIN,LS,0.47399999999999998,1
2024,11,LITHUANIA,EY,31251.77016,2287
2024,11,LUXEMBOURG,EL,168206.33648,2722
2024,11,MALTA,LM,39464.954440000001,2629
2024,11,"MOLDOVA, REPUBLIC OF",LU,20516.37946,1297
2024,11,MONACO,LN,12.66212,20
2024,11,MONTENEGRO,LY,5007.2393000000002,644
2024,11,NETHERLANDS,EH,814795.71388000005,23651
2024,11,NORTH MACEDONIA,LW,10944.29976,908
2024,11,NORWAY*,EN,210957.88198000001,26262
2024,11,POLAND,EP,289465.39198000001,17999
2024,11,PORTUGAL*,LP,413407.09026000003,17489
2024,11,ROMANIA,LR,117785.75874,8300
2024,11,SERBIA,LY,45044.214220000002,3449
2024,11,SLOVAKIA,LZ,11916.163860000001,1066
2024,11,SLOVENIA,LJ,6040.4885000000004,922
2024,11,SPAIN,LE,1412015.2927000001,64463
2024,11,SWEDEN,ES,164210.56685999999,14695
2024,11,SWITZERLAND,LS,417476.75,17200
2024,11,TÜRKIYE,LT,1432862.58892,52450
2024,11,UNITED KINGDOM*,EG,2670146.95242,83112
2024,12,ALBANIA,LA,31722.538479999999,2331
2024,12,ARMENIA,UD,37398.678999999996,1697
2024,12,AUSTRIA,LO,218134.13631999999,12464
2024,12,BELGIUM,EB,478385.70815999998,12360
2024,12,BOSNIA AND HERZEGOVINA,LQ,8229.6030800000008,809
2024,12,BULGARIA,LB,51228.204120000002,3137
2024,12,CANARY ISLANDS,GC,397849.34311999998,21316
2024,12,CROATIA,LD,22560.88982,2716
2024,12,CYPRUS,LC,58569.388279999999,2901
2024,12,CZECHIA,LK,97142.94558,5878
2024,12,DENMARK*,EK,218387.28469999999,11886
2024,12,ESTONIA,EE,15224.81704,1580
2024,12,FINLAND,EF,205805.12478000001,9349
2024,12,FRANCE,LF,1716795.1343,66405
2024,12,GEORGIA,UG,64030.60284,2615
2024,12,GERMANY,ED,2148256.6929600001,68664
2024,12,GREECE,LG,172175.40724,15135
2024,12,HUNGARY,LH,130761.00341999999,5638
2024,12,ICELAND,BI,31762.105319999999,1532
2024,12,IRELAND,EI,219923.96348000001,10633
2024,12,ITALY,LI,1125718.54978,62135
2024,12,KOSOVO,BK,18414.517639999998,1273
2024,12,LATVIA,EV,34113.738279999998,2559
2024,12,LITHUANIA,EY,30571.253479999999,2360
2024,12,LUXEMBOURG,EL,165071.783,2713
2024,12,MALTA,LM,38621.59562,2484
2024,12,"MOLDOVA, REPUBLIC OF",LU,21925.720560000002,1315
2024,12,MONACO,LN,13.05396,22
2024,12,MONTENEGRO,LY,4666.5837199999996,627
2024,12,NETHERLANDS,EH,837732.23737999995,23411
2024,12,NORTH MACEDONIA,LW,11806.575699999999,939
2024,12,NORWAY*,EN,201706.94521999999,23901
2024,12,POLAND,EP,318970.40766000003,18043
2024,12,PORTUGAL*,LP,428375.2513,18107
2024,12,ROMANIA,LR,124038.53836000001,8377
2024,12,SERBIA,LY,46188.804920000002,3428
2024,12,SLOVAKIA,LZ,12701.88192,1049
2024,12,SLOVENIA,LJ,6625.0066399999996,883
2024,12,SPAIN,LE,1417271.55996,63689
2024,12,SWEDEN,ES,166624.86895999999,13492
2024,12,SWITZERLAND,LS,457555.73920000001,19192
2024,12,TÜRKIYE,LT,1410531.3755999999,52186
2024,12,UNITED KINGDOM*,EG,2779166.8215399999,85776
2025,1,ALBANIA,LA,30703.839820000001,2269
2025,1,ARMENIA,UD,34212.184719999997,1573
2025,1,AUSTRIA,LO,210320.09268,12021
2025,1,BELGIUM,EB,436256.45084,11454
2025,1,BOSNIA AND HERZEGOVINA,LQ,8146.3171400000001,818
2025,1,BULGARIA,LB,46529.503320000003,3064
2025,1,CANARY ISLANDS,GC,375463.65097999998,19725
2025,1,CROATIA,LD,21290.527740000001,2593
2025,1,CYPRUS,LC,50713.269059999999,2671
2025,1,CZECHIA,LK,82466.592279999997,4944
2025,1,DENMARK*,EK,219148.30186000001,11664
2025,1,ESTONIA,EE,13996.099679999999,1547
2025,1,FINLAND,EF,196444.41652,8899
2025,1,FRANCE,LF,1619035.36944,62703
2025,1,GEORGIA,UG,59888.975559999999,2418
2025,1,GERMANY,ED,2012215.05642,65718
2025,1,GREECE,LG,150273.05102000001,13772
2025,1,HUNGARY,LH,131072.28834,5243
2025,1,ICELAND,BI,27962.1358,1552
2025,1,IRELAND,EI,194977.44200000001,10093
2025,1,ITALY,LI,1042222.68198,57685
2025,1,KOSOVO,BK,17619.00028,1213
2025,1,LATVIA,EV,28845.65308,2281
2025,1,LIECHTENSTEIN,LS,1.0807199999999999,2
2025,1,LITHUANIA,EY,30198.2376,2274
2025,1,LUXEMBOURG,EL,145211.11809999999,2368
2025,1,MALTA,LM,35963.443760000002,2408
2025,1,"MOLDOVA, REPUBLIC OF",LU,21648.1005,1307
2025,1,MONACO,LN,11.95744,17
2025,1,MONTENEGRO,LY,4776.2137199999997,631
2025,1,NETHERLANDS,EH,818256.82594000001,23017
2025,1,NORTH MACEDONIA,LW,11295.78656,913
2025,1,NORWAY*,EN,199780.67752,24739
2025,1,POLAND,EP,322259.09232,17869
2025,1,PORTUGAL*,LP,399784.29238,16725
2025,1,ROMANIA,LR,119427.95987999999,8038
2025,1,SERBIA,LY,45830.7929,3335
2025,1,SLOVAKIA,LZ,11419.37134,937
2025,1,SLOVENIA,LJ,5779.3583600000002,816
2025,1,SPAIN,LE,1313643.7096800001,58786
2025,1,SWEDEN,ES,158406.17284000001,12769
2025,1,SWITZERLAND,LS,448669.18478000001,19426
2025,1,TÜRKIYE,LT,1419807.0892,52986
2025,1,UNITED KINGDOM*,EG,2659284.3373599998,78842
2025,2,ALBANIA,LA,26993.227459999998,2034
2025,2,ARMENIA,UD,25633.689320000001,1181
2025,2,AUSTRIA,LO,197047.40932000001,11822
2025,2,BELGIUM,EB,402711.90924000001,10989
2025,2,BOSNIA AND HERZEGOVINA,LQ,7138.7805200000003,743
2025,2,BULGARIA,LB,43534.888279999999,2880
2025,2,CANARY ISLANDS,GC,357230.0049,18714
2025,2,CROATIA,LD,18773.048699999999,2411
2025,2,CYPRUS,LC,47209.382740000001,2353
2025,2,CZECHIA,LK,81099.730599999995,5079
2025,2,DENMARK*,EK,205114.84779999999,11424
2025,2,ESTONIA,EE,13760.04486,1488
2025,2,FINLAND,EF,183227.24340000001,8539
2025,2,FRANCE,LF,1497042.6730800001,62032
2025,2,GEORGIA,UG,53289.799800000001,2108
2025,2,GERMANY,ED,1844622.89534,64621
2025,2,GREECE,LG,138194.05134000001,12808
2025,2,HUNGARY,LH,119825.05952,4916
2025,2,ICELAND,BI,22888.81524,1384
2025,2,IRELAND,EI,182984.83515999999,9737
2025,2,ITALY,LI,974328.66038000002,55829
2025,2,KOSOVO,BK,14448.578600000001,1003
2025,2,LATVIA,EV,26615.555759999999,2075
2025,2,LITHUANIA,EY,28648.605899999999,2144
2025,2,LUXEMBOURG,EL,127496.2527,2344
2025,2,MALTA,LM,36131.737079999999,2324
2025,2,"MOLDOVA, REPUBLIC OF",LU,18341.85022,1124
2025,2,MONACO,LN,14.46332,21
2025,2,MONTENEGRO,LY,3886.6849400000001,535
2025,2,NETHERLANDS,EH,762025.21782000002,22773
2025,2,NORTH MACEDONIA,LW,9154.3619999999992,728
2025,2,NORWAY*,EN,195537.47649999999,23881
2025,2,POLAND,EP,289866.13864000002,17226
2025,2,PORTUGAL*,LP,372770.05430000002,16312
2025,2,ROMANIA,LR,105955.56578,7430
2025,2,SERBIA,LY,38316.921320000001,2912
2025,2,SLOVAKIA,LZ,10623.96528,975
2025,2,SLOVENIA,LJ,5555.3343199999999,761
2025,2,SPAIN,LE,1247288.9392599999,59237
2025,2,SWEDEN,ES,153769.25442000001,13241
2025,2,SWITZERLAND,LS,420768.59675999999,19297
2025,2,TÜRKIYE,LT,1222029.2471,45098
2025,2,UNITED KINGDOM*,EG,2478438.4655200001,79447
2025,3,ALBANIA,LA,31655.639579999999,2355
2025,3,ARMENIA,UD,31069.445479999998,1406
2025,3,AUSTRIA,LO,227058.64827999999,13587
2025,3,BELGIUM,EB,479386.06910000002,12825
2025,3,BOSNIA AND HERZEGOVINA,LQ,8282.1413400000001,826
2025,3,BULGARIA,LB,49203.198299999996,3269
2025,3,CANARY ISLANDS,GC,411580.61547999998,21894
2025,3,CROATIA,LD,25124.5903,3025
2025,3,CYPRUS,LC,61703.682739999997,2945
2025,3,CZECHIA,LK,96088.188160000005,6099
2025,3,DENMARK*,EK,237850.47881999999,13497
2025,3,ESTONIA,EE,16772.664000000001,1765
2025,3,FINLAND,EF,197514.61282000001,9455
2025,3,FRANCE,LF,1713150.4149799999,71999
2025,3,GEORGIA,UG,65747.777520000003,2507
2025,3,GERMANY,ED,2217135.3026399999,76722
2025,3,GREECE,LG,185162.24684000001,15701
2025,3,HUNGARY,LH,145544.46474,5758
2025,3,ICELAND,BI,30554.427339999998,1669
2025,3,IRELAND,EI,240750.64076000001,11766
2025,3,ITALY,LI,1179393.59448,65269
2025,3,KOSOVO,BK,16470.697359999998,1129
2025,3,LATVIA,EV,34883.25,2663
2025,3,LIECHTENSTEIN,LS,0.50244,1
2025,3,LITHUANIA,EY,33764.836239999997,2522
2025,3,LUXEMBOURG,EL,158231.12948,2826
2025,3,MALTA,LM,44714.003680000002,2857
2025,3,"MOLDOVA, REPUBLIC OF",LU,21971.247920000002,1377
2025,3,MONACO,LN,17.72128,28
2025,3,MONTENEGRO,LY,4900.09602,647
2025,3,NETHERLANDS,EH,863906.51491999999,26918
2025,3,NORTH MACEDONIA,LW,11648.011119999999,936
2025,3,NORWAY*,EN,230097.84419999999,27931
2025,3,POLAND,EP,316695.01418,19792
2025,3,PORTUGAL*,LP,448344.95299999998,19399
2025,3,ROMANIA,LR,121559.47558,8680
2025,3,SERBIA,LY,43594.439120000003,3347
2025,3,SLOVAKIA,LZ,11881.561079999999,1084
2025,3,SLOVENIA,LJ,6531.9934400000002,995
2025,3,SPAIN,LE,1474058.0815600001,69372
2025,3,SWEDEN,ES,178110.30945999999,15703
2025,3,SWITZERLAND,LS,473597.37693999999,20979
2025,3,TÜRKIYE,LT,1378827.9055399999,51065
2025,3,UNITED KINGDOM*,EG,2754591.8965599998,89968
2025,4,ALBANIA,LA,37631.311880000001,2720
2025,4,ARMENIA,UD,34763.76672,1614
2025,4,AUSTRIA,LO,252020.31928,13908
2025,4,BELGIUM,EB,508722.18362000003,13729
2025,4,BOSNIA AND HERZEGOVINA,LQ,12176.380139999999,1073
2025,4,BULGARIA,LB,55816.962399999997,3852
2025,4,CANARY ISLANDS,GC,340295.80489999999,19709
2025,4,CROATIA,LD,53193.237659999999,5211
2025,4,CYPRUS,LC,94740.528860000006,4368
2025,4,CZECHIA,LK,102635.49178,6612
2025,4,DENMARK*,EK,257503.8922,14953
2025,4,ESTONIA,EE,17078.708979999999,1859
2025,4,FINLAND,EF,188853.18883999999,8587
2025,4,FRANCE,LF,1841619.97924,79461
2025,4,GEORGIA,UG,71546.907340000005,2836
2025,4,GERMANY,ED,2418809.9919799999,87268
2025,4,GREECE,LG,334011.73414000002,22898
2025,4,HUNGARY,LH,148615.72036000001,6168
2025,4,ICELAND,BI,39453.425020000002,1792
2025,4,IRELAND,EI,300964.31001999998,13908
2025,4,ITALY,LI,1402141.4745199999,77063
2025,4,KOSOVO,BK,18510.35412,1241
2025,4,LATVIA,EV,34391.344340000003,2659
2025,4,LITHUANIA,EY,38541.441420000003,2774
2025,4,LUXEMBOURG,EL,156561.57222,3094
2025,4,MALTA,LM,53273.628960000002,3483
2025,4,"MOLDOVA, REPUBLIC OF",LU,24708.15136,1539
2025,4,MONACO,LN,26.278559999999999,36
2025,4,MONTENEGRO,LY,10967.63996,1074
2025,4,NETHERLANDS,EH,880582.48187999998,27945
2025,4,NORTH MACEDONIA,LW,13478.0952,1056
2025,4,NORWAY*,EN,229870.82269999999,27449
2025,4,POLAND,EP,341281.92823999998,22346
2025,4,PORTUGAL*,LP,512493.70886000001,22762
2025,4,ROMANIA,LR,137219.11718,9648
2025,4,SERBIA,LY,50019.411619999999,3701
2025,4,SLOVAKIA,LZ,12793.46336,1277
2025,4,SLOVENIA,LJ,8131.6568799999995,1109
2025,4,SPAIN,LE,1685671.85268,81650
2025,4,SWEDEN,ES,181429.65814000001,15935
2025,4,SWITZERLAND,LS,479769.65636000002,20392
2025,4,TÜRKIYE,LT,1605043.9534400001,60031
2025,4,UNITED KINGDOM*,EG,3004514.7271199999,96729
2025,5,ALBANIA,LA,41878.93088,3087
2025,5,ARMENIA,UD,39311.736680000002,1786
2025,5,AUSTRIA,LO,287372.91936,15113
2025,5,BELGIUM,EB,527500.02127999999,14783
2025,5,BOSNIA AND HERZEGOVINA,LQ,13537.40178,1186
2025,5,BULGARIA,LB,61669.274259999998,4403
2025,5,CANARY ISLANDS,GC,285881.35882000002,18619
2025,5,CROATIA,LD,82240.604179999995,7099
2025,5,CYPRUS,LC,110736.59471999999,4765
2025,5,CZECHIA,LK,117848.40949999999,7509
2025,5,DENMARK*,EK,272301.31462000002,16154
2025,5,ESTONIA,EE,19187.22928,1995
2025,5,FINLAND,EF,204611.07638000001,8930
2025,5,FRANCE,LF,1938570.97832,83808
2025,5,GEORGIA,UG,75162.211660000001,3085
2025,5,GERMANY,ED,2551989.5510999998,93815
2025,5,GREECE,LG,571680.52798000001,32974
2025,5,HUNGARY,LH,158255.93143999999,6529
2025,5,ICELAND,BI,51779.255140000001,2147
2025,5,IRELAND,EI,336558.15928000002,15214
2025,5,ITALY,LI,1523421.9347600001,84731
2025,5,KOSOVO,BK,19095.03312,1236
2025,5,LATVIA,EV,38025.409500000002,2904
2025,5,LIECHTENSTEIN,LS,1.5262800000000001,3
2025,5,LITHUANIA,EY,42031.034240000001,2979
2025,5,LUXEMBOURG,EL,157378.86682,3237
2025,5,MALTA,LM,56713.398139999998,3676
2025,5,"MOLDOVA, REPUBLIC OF",LU,30806.894039999999,1947
2025,5,MONACO,LN,47.994079999999997,73
2025,5,MONTENEGRO,LY,15298.8634,1410
2025,5,NETHERLANDS,EH,926454.62959999999,29444
2025,5,NORTH MACEDONIA,LW,14663.01648,1148
2025,5,NORWAY*,EN,240301.81004000001,29099
2025,5,POLAND,EP,377252.88591999997,24507
2025,5,PORTUGAL*,LP,545770.63775999995,24257
2025,5,ROMANIA,LR,139912.17887999999,9926
2025,5,SERBIA,LY,56040.442060000001,4079
2025,5,SLOVAKIA,LZ,14381.55544,1439
2025,5,SLOVENIA,LJ,9582.6950799999995,1311
2025,5,SPAIN,LE,1870672.14744,90971
2025,5,SWEDEN,ES,194202.72777999999,16978
2025,5,SWITZERLAND,LS,498426.22009999998,21462
2025,5,TÜRKIYE,LT,1801061.00676,67309
2025,5,UNITED KINGDOM*,EG,3262663.6547599998,107396
2025,6,ALBANIA,LA,47510.443079999997,3425
2025,6,ARMENIA,UD,45985.012840000003,1948
2025,6,AUSTRIA,LO,276038.92577999999,15494
2025,6,BELGIUM,EB,529323.56307999999,14448
2025,6,BOSNIA AND HERZEGOVINA,LQ,19248.61952,1386
2025,6,BULGARIA,LB,76177.508619999993,5296
2025,6,CANARY ISLANDS,GC,282333.47013999999,18311
2025,6,CROATIA,LD,105243.75139999999,9034
2025,6,CYPRUS,LC,123745.63404,5279
2025,6,CZECHIA,LK,146164.53644,8899
2025,6,DENMARK*,EK,287035.03441999998,16570
2025,6,ESTONIA,EE,19495.657039999998,1927
2025,6,FINLAND,EF,192905.30976,8603
2025,6,FRANCE,LF,1979331.69,88199
2025,6,GEORGIA,UG,86258.115120000002,3377
2025,6,GERMANY,ED,2517713.3575400002,93371
2025,6,GREECE,LG,707926.95802000002,41717
2025,6,HUNGARY,LH,156559.21541999999,6505
2025,6,ICELAND,BI,60951.389479999998,2358
2025,6,IRELAND,EI,342450.0637,15252
2025,6,ITALY,LI,1612169.3532799999,88778
2025,6,KOSOVO,BK,19868.876039999999,1299
2025,6,LATVIA,EV,38541.679600000003,2874
2025,6,LITHUANIA,EY,38806.832499999997,2902
2025,6,LUXEMBOURG,EL,156957.78838000001,3230
2025,6,MALTA,LM,55550.750619999999,3624
2025,6,"MOLDOVA, REPUBLIC OF",LU,34963.774160000001,2261
2025,6,MONACO,LN,36.065080000000002,56
2025,6,MONTENEGRO,LY,19900.925660000001,1746
2025,6,NETHERLANDS,EH,907665.89624000003,28350
2025,6,NORTH MACEDONIA,LW,15940.642959999999,1243
2025,6,NORWAY*,EN,255424.36517999999,29393
2025,6,POLAND,EP,410258.13510000001,26050
2025,6,PORTUGAL*,LP,563941.25598000002,25218
2025,6,ROMANIA,LR,149628.43226,10722
2025,6,SERBIA,LY,62730.225919999997,4581
2025,6,SLOVAKIA,LZ,24941.90568,2060
2025,6,SLOVENIA,LJ,10338.802540000001,1461
2025,6,SPAIN,LE,1927971.70062,93071
2025,6,SWEDEN,ES,211495.92679999999,17524
2025,6,SWITZERLAND,LS,499809.80443999998,21947
2025,6,TÜRKIYE,LT,1960337.2405000001,74149
2025,6,UNITED KINGDOM*,EG,3269238.3574399999,107604
2025,7,ALBANIA,LA,54441.819920000002,3866
2025,7,ARMENIA,UD,52057.798920000001,2254
2025,7,AUSTRIA,LO,285864.01818000001,15983
2025,7,BELGIUM,EB,564918.03810000001,15686
2025,7,BOSNIA AND HERZEGOVINA,LQ,23822.752059999999,1608
2025,7,BULGARIA,LB,91631.903059999997,6026
2025,7,CANARY ISLANDS,GC,309189.65483999997,19902
2025,7,CROATIA,LD,125890.07178,10727
2025,7,CYPRUS,LC,126968.26072000001,5733
2025,7,CZECHIA,LK,154918.68885999999,9247
2025,7,DENMARK*,EK,306120.38575999998,16099
2025,7,ESTONIA,EE,17921.70854,1919
2025,7,FINLAND,EF,199592.4705,8258
2025,7,FRANCE,LF,2146388.4489000002,89768
2025,7,GEORGIA,UG,92705.466679999998,3836
2025,7,GERMANY,ED,2646504.0926000001,96205
2025,7,GREECE,LG,819165.87991999998,48654
2025,7,HUNGARY,LH,161982.71914,6801
2025,7,ICELAND,BI,66261.361720000001,2651
2025,7,IRELAND,EI,359211.50682000001,15678
2025,7,ITALY,LI,1709568.3850400001,94744
2025,7,KOSOVO,BK,24633.444820000001,1638
2025,7,LATVIA,EV,38374.679580000004,3022
2025,7,LITHUANIA,EY,38396.135999999999,2856
2025,7,LUXEMBOURG,EL,165312.78758,3297
2025,7,MALTA,LM,58429.746679999997,3785
2025,7,"MOLDOVA, REPUBLIC OF",LU,39394.344360000003,2449
2025,7,MONACO,LN,64.473479999999995,98
2025,7,MONTENEGRO,LY,25105.622800000001,2149
2025,7,NETHERLANDS,EH,962253.66154,29703
2025,7,NORTH MACEDONIA,LW,17503.3105,1359
2025,7,NORWAY*,EN,275721.90831999999,28451
2025,7,POLAND,EP,441655.77461999998,27479
2025,7,PORTUGAL*,LP,602410.25907999999,27032
2025,7,ROMANIA,LR,162618.82887999999,11393
2025,7,SERBIA,LY,67466.251940000002,4943
2025,7,SLOVAKIA,LZ,27724.802479999998,2208
2025,7,SLOVENIA,LJ,11342.389300000001,1363
2025,7,SPAIN,LE,2079749.9583000001,98688
2025,7,SWEDEN,ES,215335.26388000001,15681
2025,7,SWITZERLAND,LS,543219.21796000004,22973
2025,7,TÜRKIYE,LT,2117207.8180800001,80952
2025,7,UNITED KINGDOM*,EG,3425373.6698400001,112497
2025,8,ALBANIA,LA,56819.585679999997,4072
2025,8,ARMENIA,UD,53084.432959999998,2365
2025,8,AUSTRIA,LO,294030.22383999999,16216
2025,8,BELGIUM,EB,558376.79987999995,15145
2025,8,BOSNIA AND HERZEGOVINA,LQ,24575.50506,1637
2025,8,BULGARIA,LB,89174.238039999997,5953
2025,8,CANARY ISLANDS,GC,306606.91314000002,19837
2025,8,CROATIA,LD,122953.00702,10502
2025,8,CYPRUS,LC,130700.173,6051
2025,8,CZECHIA,LK,151543.67533999999,9040
2025,8,DENMARK*,EK,299665.32643999998,16524
2025,8,ESTONIA,EE,19038.344819999998,1984
2025,8,FINLAND,EF,207292.29762,8965
2025,8,FRANCE,LF,2150310.6553199999,86045
2025,8,GEORGIA,UG,96252.221260000006,4063
2025,8,GERMANY,ED,2644273.6526000001,94796
2025,8,GREECE,LG,824090.58106,48705
2025,8,HUNGARY,LH,161178.33796,6765
2025,8,ICELAND,BI,67841.65552,2812
2025,8,IRELAND,EI,357275.57412,15720
2025,8,ITALY,LI,1709588.5685000001,92584
2025,8,KOSOVO,BK,25356.5036,1703
2025,8,LATVIA,EV,38024.752039999999,2977
2025,8,LIECHTENSTEIN,LS,0.50875999999999999,1
2025,8,LITHUANIA,EY,39190.534879999999,3000
2025,8,LUXEMBOURG,EL,161971.96917999999,3212
2025,8,MALTA,LM,57527.714740000003,3773
2025,8,"MOLDOVA, REPUBLIC OF",LU,41540.966160000004,2568
2025,8,MONACO,LN,38.35924,58
2025,8,MONTENEGRO,LY,25591.739320000001,2192
2025,8,NETHERLANDS,EH,968247.50034000003,29723
2025,8,NORTH MACEDONIA,LW,17202.490000000002,1347
2025,8,NORWAY*,EN,266531.74092000001,29864
2025,8,POLAND,EP,447527.23862000002,27595
2025,8,PORTUGAL*,LP,600899.55969999998,26812
2025,8,ROMANIA,LR,165765.06531999999,11555
2025,8,SERBIA,LY,66222.296780000004,4968
2025,8,SLOVAKIA,LZ,27253.58166,2162
2025,8,SLOVENIA,LJ,11305.5298,1380
2025,8,SPAIN,LE,2082074.8062799999,96962
2025,8,SWEDEN,ES,215999.74796000001,17176
2025,8,SWITZERLAND,LS,542964.72782000003,22738
2025,8,TÜRKIYE,LT,2143473.1151999999,82760
2025,8,UNITED KINGDOM*,EG,3429065.8577200002,110795
2025,9,ALBANIA,LA,48815.311520000003,3531
2025,9,ARMENIA,UD,45141.043440000001,1990
2025,9,AUSTRIA,LO,277012.25964,15644
2025,9,BELGIUM,EB,546095.23614000005,14883
2025,9,BOSNIA AND HERZEGOVINA,LQ,15781.15058,1356
2025,9,BULGARIA,LB,76662.644679999998,5043
2025,9,CANARY ISLANDS,GC,289472.48765999998,18815
2025,9,CROATIA,LD,100959.42935999999,8555
2025,9,CYPRUS,LC,119914.33891999999,5448
2025,9,CZECHIA,LK,148891.33214000001,8812
2025,9,DENMARK*,EK,278797.19162,16298
2025,9,ESTONIA,EE,21357.172839999999,2077
2025,9,FINLAND,EF,188801.92937999999,8887
2025,9,FRANCE,LF,1933248.63592,84287
2025,9,GEORGIA,UG,85219.672879999998,3555
2025,9,GERMANY,ED,2572915.2105200002,95913
2025,9,GREECE,LG,703051.87639999995,41682
2025,9,HUNGARY,LH,162052.26358,6668
2025,9,ICELAND,BI,53760.11404,2197
2025,9,IRELAND,EI,343103.42787999997,15119
2025,9,ITALY,LI,1600253.15888,87397
2025,9,KOSOVO,BK,18912.666359999999,1281
2025,9,LATVIA,EV,39076.63048,2909
2025,9,LITHUANIA,EY,42034.96716,3073
2025,9,LUXEMBOURG,EL,167859.25088000001,3289
2025,9,MALTA,LM,55575.118439999998,3545
2025,9,"MOLDOVA, REPUBLIC OF",LU,36225.208579999999,2330
2025,9,MONACO,LN,39.686439999999997,58
2025,9,MONTENEGRO,LY,19877.7255,1702
2025,9,NETHERLANDS,EH,918859.57434000005,27858
2025,9,NORTH MACEDONIA,LW,15066.41864,1193
2025,9,NORWAY*,EN,250282.91988,30897
2025,9,POLAND,EP,425199.07692000002,26747
2025,9,PORTUGAL*,LP,571478.53104000003,25386
2025,9,ROMANIA,LR,161342.69211999999,11125
2025,9,SERBIA,LY,62549.690840000003,4540
2025,9,SLOVAKIA,LZ,22471.220720000001,1855
2025,9,SLOVENIA,LJ,10774.921619999999,1320
2025,9,SPAIN,LE,1941667.1789800001,91493
2025,9,SWEDEN,ES,201157.14882,17520
2025,9,SWITZERLAND,LS,506247.10110000003,22044
2025,9,TÜRKIYE,LT,1981085.9853399999,75932
2025,9,UNITED KINGDOM*,EG,3288975.27746,107242
2025,10,ALBANIA,LA,42273.604480000002,3091
2025,10,ARMENIA,UD,43649.595079999999,1931
2025,10,AUSTRIA,LO,273520.17258000001,15209
2025,10,BELGIUM,EB,556589.04260000004,14597
2025,10,BOSNIA AND HERZEGOVINA,LQ,12065.24452,1140
2025,10,BULGARIA,LB,61250.97982,4008
2025,10,CANARY ISLANDS,GC,333372.00738000002,19918
2025,10,CROATIA,LD,72046.550600000002,6359
2025,10,CYPRUS,LC,115235.68322000001,5291
2025,10,CZECHIA,LK,128413.78026,7664
2025,10,DENMARK*,EK,283310.30125999998,16553
2025,10,ESTONIA,EE,23913.456620000001,2167
2025,10,FINLAND,EF,189082.87727999999,8982
2025,10,FRANCE,LF,1937512.76162,82294
2025,10,GEORGIA,UG,82010.460760000002,3223
2025,10,GERMANY,ED,2635272.35562,97065
2025,10,GREECE,LG,541413.09387999994,32364
2025,10,HUNGARY,LH,165771.73621999999,6623
2025,10,ICELAND,BI,41318.65006,1867
2025,10,IRELAND,EI,327146.56887999998,14698
2025,10,ITALY,LI,1517213.5254800001,81842
2025,10,KOSOVO,BK,18455.076239999999,1249
2025,10,LATVIA,EV,39667.59706,2891
2025,10,LIECHTENSTEIN,LS,0.4582,1
2025,10,LITHUANIA,EY,43577.897799999999,3116
2025,10,LUXEMBOURG,EL,172307.61868000001,3308
2025,10,MALTA,LM,58883.00692,3799
2025,10,"MOLDOVA, REPUBLIC OF",LU,34446.498780000002,2129
2025,10,MONACO,LN,24.06024,36
2025,10,MONTENEGRO,LY,13705.471460000001,1222
2025,10,NETHERLANDS,EH,935757.96059999999,27869
2025,10,NORTH MACEDONIA,LW,14674.25812,1147
2025,10,NORWAY*,EN,243341.6379,30196
2025,10,POLAND,EP,382198.61414000002,24859
2025,10,PORTUGAL*,LP,545810.77806000004,23844
2025,10,ROMANIA,LR,155378.61648,10743
2025,10,SERBIA,LY,55062.684699999998,4135
2025,10,SLOVAKIA,LZ,14505.724620000001,1402
2025,10,SLOVENIA,LJ,9930.0340199999991,1310
2025,10,SPAIN,LE,1895597.8157200001,89738
2025,10,SWEDEN,ES,197261.85028000001,17057
2025,10,SWITZERLAND,LS,521604.82798,21816
2025,10,TÜRKIYE,LT,1955516.60546,73011
2025,10,UNITED KINGDOM*,EG,3242200.8154600002,105026
2025,11,ALBANIA,LA,29363.813399999999,2249
2025,11,ARMENIA,UD,35865.927320000003,1618
2025,11,AUSTRIA,LO,222247.30442,12177
2025,11,BELGIUM,EB,516442.08802000002,12454
2025,11,BOSNIA AND HERZEGOVINA,LQ,8644.5367999999999,858
2025,11,BULGARIA,LB,42661.731919999998,3119
2025,11,CANARY ISLANDS,GC,372984.40476,20738
2025,11,CROATIA,LD,24887.123179999999,3017
2025,11,CYPRUS,LC,73312.097819999995,3555
2025,11,CZECHIA,LK,107226.8413,6304
2025,11,DENMARK*,EK,234793.69222,13594
2025,11,ESTONIA,EE,17865.48402,1737
2025,11,FINLAND,EF,182449.49314000001,8743
2025,11,FRANCE,LF,1650796.8570399999,65593
2025,11,GEORGIA,UG,80072.404739999998,2921
2025,11,GERMANY,ED,2229333.1422600001,75849
2025,11,GREECE,LG,210897.30186000001,17165
2025,11,HUNGARY,LH,155113.32235999999,5827
2025,11,ICELAND,BI,30602.509399999999,1669
2025,11,IRELAND,EI,252972.61900000001,11952
2025,11,ITALY,LI,1142107.73392,62036
2025,11,KOSOVO,BK,16113.20024,1133
2025,11,LATVIA,EV,33566.4951,2441
2025,11,LIECHTENSTEIN,LS,0.50875999999999999,1
2025,11,LITHUANIA,EY,34434.657619999998,2489
2025,11,LUXEMBOURG,EL,174519.97949999999,2835
2025,11,MALTA,LM,47043.496400000004,2964
2025,11,"MOLDOVA, REPUBLIC OF",LU,28790.977080000001,1732
2025,11,MONACO,LN,11.84052,18
2025,11,MONTENEGRO,LY,4979.8914000000004,617
2025,11,NETHERLANDS,EH,835311.91345999995,23786
2025,11,NORTH MACEDONIA,LW,12655.11744,996
2025,11,NORWAY*,EN,207711.46273999999,26080
2025,11,POLAND,EP,312216.86108,18423
2025,11,PORTUGAL*,LP,442441.95701999997,18321
2025,11,ROMANIA,LR,137773.83716,9368
2025,11,SERBIA,LY,47185.17108,3492
2025,11,SLOVAKIA,LZ,13194.00798,1199
2025,11,SLOVENIA,LJ,6647.9478600000002,1004
2025,11,SPAIN,LE,1487846.66762,66396
2025,11,SWEDEN,ES,166545.44013999999,14576
2025,11,SWITZERLAND,LS,433987.57358000003,17510
2025,11,TÜRKIYE,LT,1525456.1425999999,56831
2025,11,UNITED KINGDOM*,EG,2754589.6865400001,84456
2025,12,ALBANIA,LA,31784.586640000001,2358
2025,12,ARMENIA,UD,37714.041839999998,1713
2025,12,AUSTRIA,LO,241437.27228,12735
2025,12,BELGIUM,EB,515441.12436000002,12929
2025,12,BOSNIA AND HERZEGOVINA,LQ,9605.6668800000007,884
2025,12,BULGARIA,LB,47487.094899999996,3334
2025,12,CANARY ISLANDS,GC,384083.66304000001,21159
2025,12,CROATIA,LD,23051.094819999998,2780
2025,12,CYPRUS,LC,62866.742080000004,3231
2025,12,CZECHIA,LK,114669.57974,6478
2025,12,DENMARK*,EK,230097.5551,13134
2025,12,ESTONIA,EE,17721.047979999999,1783
2025,12,FINLAND,EF,222097.0257,10182
2025,12,FRANCE,LF,1804436.1636000001,68985
2025,12,GEORGIA,UG,79380.980599999995,2977
2025,12,GERMANY,ED,2195055.5984,71245
2025,12,GREECE,LG,183691.03390000001,16553
2025,12,HUNGARY,LH,153533.92506000001,6006
2025,12,ICELAND,BI,29624.920239999999,1572
2025,12,IRELAND,EI,260542.08197999999,12239
2025,12,ITALY,LI,1187271.8251799999,64446
2025,12,KOSOVO,BK,19065.032080000001,1291
2025,12,LATVIA,EV,34980.777459999998,2532
2025,12,LITHUANIA,EY,33785.485840000001,2436
2025,12,LUXEMBOURG,EL,167975.19988,2822
2025,12,MALTA,LM,46079.570059999998,2983
2025,12,"MOLDOVA, REPUBLIC OF",LU,30767.475559999999,1811
2025,12,MONACO,LN,9.7865199999999994,14
2025,12,MONTENEGRO,LY,4650.3299399999996,619
2025,12,NETHERLANDS,EH,865592.15827999997,24157
2025,12,NORTH MACEDONIA,LW,13393.27132,1009
2025,12,NORWAY*,EN,208694.18283999999,25139
2025,12,POLAND,EP,347815.51809999999,20410
2025,12,PORTUGAL*,LP,442284.24332000001,18324
2025,12,ROMANIA,LR,148492.95668,9672
2025,12,SERBIA,LY,49677.534480000002,3608
2025,12,SLOVAKIA,LZ,16445.469799999999,1321
2025,12,SLOVENIA,LJ,7182.2192999999997,898
2025,12,SPAIN,LE,1518926.7433800001,66112
2025,12,SWEDEN,ES,174826.14996000001,13925
2025,12,SWITZERLAND,LS,478886.01272,20191
2025,12,TÜRKIYE,LT,1509617.9225000001,55947
2025,12,UNITED KINGDOM*,EG,2871574.0068399999,88320
2026,1,ALBANIA,LA,28740.939439999998,2158
2026,1,ARMENIA,UD,36583.426220000001,1636
2026,1,AUSTRIA,LO,233255.24306000001,11606
2026,1,BELGIUM,EB,477215.16853999998,11720
2026,1,BOSNIA AND HERZEGOVINA,LQ,9013.2047999999995,834
2026,1,BULGARIA,LB,47802.577859999998,3429
2026,1,CANARY ISLANDS,GC,368112.24333999999,19825
2026,1,CROATIA,LD,21656.403600000001,2621
2026,1,CYPRUS,LC,55421.08498,2851
2026,1,CZECHIA,LK,102879.63402,5360
2026,1,DENMARK,EK,228724.92264,12352
2026,1,ESTONIA,EE,14694.771360000001,1649
2026,1,FINLAND,EF,204718.72450000001,9350
2026,1,FRANCE,LF,1685190.5202800001,62850
2026,1,GEORGIA,UG,73243.952560000005,2781
2026,1,GERMANY,ED,2025309.4818599999,64158
2026,1,GREECE,LG,160646.59828000001,14887
2026,1,HUNGARY,LH,137491.19588000001,5172
2026,1,ICELAND,BI,26558.826300000001,1501
2026,1,IRELAND,EI,230956.21333999999,11525
2026,1,ITALY,LI,1083415.27052,58295
2026,1,KOSOVO,BK,18234.486120000001,1230
2026,1,LATVIA,EV,29255.826819999998,2191
2026,1,LITHUANIA,EY,30502.9336,2260
2026,1,LUXEMBOURG,EL,153075.79856,2359
2026,1,MALTA,LM,40817.226779999997,2623
2026,1,"MOLDOVA, REPUBLIC OF",LU,28680.354759999998,1685
2026,1,MONACO,LN,8.1654400000000003,12
2026,1,MONTENEGRO,LY,4366.5485399999998,579
2026,1,NETHERLANDS,EH,801349.52682000003,20436
2026,1,NORTH MACEDONIA,LW,12886.418820000001,1003
2026,1,NORWAY,EN,202819.36324000001,24858
2026,1,POLAND,EP,333973.37401999999,19037
2026,1,PORTUGAL,LP,418190.60827999999,17262
2026,1,ROMANIA,LR,134558.11155999999,8791
2026,1,SERBIA,LY,46292.580099999999,3483
2026,1,SLOVAKIA,LZ,16125.173280000001,1288
2026,1,SLOVENIA,LJ,6255.3865000000005,818
2026,1,SPAIN,LE,1387892.51406,59460
2026,1,SWEDEN,ES,165645.65486000001,13056
2026,1,SWITZERLAND,LS,469828.66934000002,19753
2026,1,TÃœRKIYE,LT,1514348.3079599999,55621
2026,1,UNITED KINGDOM,EG,2711686.2681,77848
2026,2,ALBANIA,LA,24701.599920000001,1889
2026,2,ARMENIA,UD,30780.151140000002,1311
2026,2,AUSTRIA,LO,217305.87354,11502
2026,2,BELGIUM,EB,461566.89182000002,11731
2026,2,BOSNIA AND HERZEGOVINA,LQ,7813.0921799999996,745
2026,2,BULGARIA,LB,44838.118880000002,3093
2026,2,CANARY ISLANDS,GC,344987.3726,19012
2026,2,CROATIA,LD,19159.42812,2420
2026,2,CYPRUS,LC,54790.001940000002,2675
2026,2,CZECHIA,LK,98144.048999999999,5300
2026,2,DENMARK,EK,212939.18377999999,12113
2026,2,ESTONIA,EE,14581.650439999999,1596
2026,2,FINLAND,EF,190347.24387999999,8872
2026,2,FRANCE,LF,1531631.6716,60986
2026,2,GEORGIA,UG,60843.429360000002,2281
2026,2,GERMANY,ED,1905966.1955200001,63795
2026,2,GREECE,LG,157870.50803999999,14230
2026,2,HUNGARY,LH,129668.95848,5001
2026,2,ICELAND,BI,22646.64446,1472
2026,2,IRELAND,EI,210650.44151999999,10823
2026,2,ITALY,LI,1030719.12954,58152
2026,2,KOSOVO,BK,15033.873800000001,1022
2026,2,LATVIA,EV,28255.533520000001,2078
2026,2,LITHUANIA,EY,29611.217219999999,2186
2026,2,LUXEMBOURG,EL,128528.39582000001,2397
2026,2,MALTA,LM,41008.19644,2645
2026,2,"MOLDOVA, REPUBLIC OF",LU,22660.58368,1371
2026,2,MONACO,LN,12.463039999999999,21
2026,2,MONTENEGRO,LY,3936.64246,529
2026,2,NETHERLANDS,EH,776201.55694000004,21390
2026,2,NORTH MACEDONIA,LW,11382.32746,871
2026,2,NORWAY,EN,191960.10029999999,23408
2026,2,POLAND,EP,314677.62844,18715
2026,2,PORTUGAL,LP,391953.8407,16388
2026,2,ROMANIA,LR,119595.0958,8018
2026,2,SERBIA,LY,41576.472699999998,3113
2026,2,SLOVAKIA,LZ,16283.42654,1298
2026,2,SLOVENIA,LJ,6430.3159000000005,844
2026,2,SPAIN,LE,1309510.2137800001,59196
2026,2,SWEDEN,ES,160934.02979999999,13717
2026,2,SWITZERLAND,LS,428026.44705999998,19307
2026,2,TÃœRKIYE,LT,1290871.2240800001,48110
2026,2,UNITED KINGDOM,EG,2500588.0586999999,78612
2026,3,ALBANIA,LA,32381.319479999998,2402
2026,3,ARMENIA,UD,33841.021439999997,1430
2026,3,AUSTRIA,LO,232336.99084000001,13298
2026,3,BELGIUM,EB,513051.49897999997,12989
2026,3,BOSNIA AND HERZEGOVINA,LQ,9358.9276599999994,926
2026,3,BULGARIA,LB,58534.666879999997,3403
2026,3,CANARY ISLANDS,GC,386821.00062000001,21406
2026,3,CROATIA,LD,24270.686839999998,3046
2026,3,CYPRUS,LC,71947.409480000002,3027
2026,3,CZECHIA,LK,105094.8354,6575
2026,3,DENMARK,EK,240880.22576,14714
2026,3,ESTONIA,EE,17573.509760000001,1877
2026,3,FINLAND,EF,196397.27638,9536
2026,3,FRANCE,LF,1716207.7930399999,71941
2026,3,GEORGIA,UG,69083.957920000001,2368
2026,3,GERMANY,ED,2353223.6974800001,78395
2026,3,GREECE,LG,223942.37588000001,17738
2026,3,HUNGARY,LH,144733.97122000001,5762
2026,3,ICELAND,BI,29450.662900000003,1596
2026,3,IRELAND,EI,260523.40882000001,12920
2026,3,ITALY,LI,1210976.7430799999,68976
2026,3,KOSOVO,BK,17100.368439999998,1160
2026,3,LATVIA,EV,34245.12414,2632
2026,3,LITHUANIA,EY,34140.295539999999,2655
2026,3,LUXEMBOURG,EL,182248.92189999999,3073
2026,3,MALTA,LM,48249.900459999997,3108
2026,3,"MOLDOVA, REPUBLIC OF",LU,25257.167600000001,1567
2026,3,MONACO,LN,19.36448,27
2026,3,MONTENEGRO,LY,5111.0337399999999,653
2026,3,NETHERLANDS,EH,872826.62775999994,26269
2026,3,NORTH MACEDONIA,LW,13272.78616,1012
2026,3,NORWAY,EN,217645.49645999999,27441
2026,3,POLAND,EP,330735.45033999998,21685
2026,3,PORTUGAL,LP,479164.10898000002,20243
2026,3,ROMANIA,LR,134784.85795999999,9195
2026,3,SERBIA,LY,44501.633979999999,3442
2026,3,SLOVAKIA,LZ,20705.009239999999,1717
2026,3,SLOVENIA,LJ,7196.01476,1033
2026,3,SPAIN,LE,1541334.3119000001,72322
2026,3,SWEDEN,ES,179750.77134000001,15808
2026,3,SWITZERLAND,LS,452600.28820000001,21211
2026,3,TÃœRKIYE,LT,1486992.4016199999,54135
2026,3,UNITED KINGDOM,EG,2784576.6949800001,91730
2026,4,ALBANIA,LA,47788.046300000002,3456
2026,4,ARMENIA,UD,37297.452720000001,1624
2026,4,AUSTRIA,LO,236565.85222,13227
2026,4,BELGIUM,EB,533895.647,14329
2026,4,BOSNIA AND HERZEGOVINA,LQ,12175.2269,1178
2026,4,BULGARIA,LB,51063.68374,3512
2026,4,CANARY ISLANDS,GC,313904.239,19644
2026,4,CROATIA,LD,49981.037599999996,5022
2026,4,CYPRUS,LC,98965.035499999998,4037
2026,4,CZECHIA,LK,107950.88178,6960
2026,4,DENMARK,EK,250801.19331999999,15504
2026,4,ESTONIA,EE,18328.67366,1916
2026,4,FINLAND,EF,189991.93374000001,8874
2026,4,FRANCE,LF,1801058.91656,76932
2026,4,GEORGIA,UG,71129.594800000006,2549
2026,4,GERMANY,ED,2358844.3630400002,81742
2026,4,GREECE,LG,353977.28513999999,24138
2026,4,HUNGARY,LH,145171.85681999999,6142
2026,4,ICELAND,BI,35291.487480000003,1715
2026,4,IRELAND,EI,299582.60264,14002
2026,4,ITALY,LI,1436518.0305000001,78538
2026,4,KOSOVO,BK,17570.57012,1191
2026,4,LATVIA,EV,36003.8508,2851
2026,4,LITHUANIA,EY,38330.60168,2920
2026,4,LUXEMBOURG,EL,177115.85378,3153
2026,4,MALTA,LM,58159.389040000002,3878
2026,4,"MOLDOVA, REPUBLIC OF",LU,27047.345720000001,1656
2026,4,MONACO,LN,34.810559999999995,48
2026,4,MONTENEGRO,LY,11199.8915,1130
2026,4,NETHERLANDS,EH,912357.34349999996,27605
2026,4,NORTH MACEDONIA,LW,14801.07568,1140
2026,4,NORWAY,EN,215729.4417,27452
2026,4,POLAND,EP,351996.48005999997,23439
2026,4,PORTUGAL,LP,520412.0515,22935
2026,4,ROMANIA,LR,148369.65932000001,9791
2026,4,SERBIA,LY,47717.715479999999,3740
2026,4,SLOVAKIA,LZ,21430.510020000002,1915
2026,4,SLOVENIA,LJ,8517.6755599999997,1127
2026,4,SPAIN,LE,1777318.0615000001,85896
2026,4,SWEDEN,ES,184653.31213999999,16000
2026,4,SWITZERLAND,LS,463940.72282000002,20688
2026,4,TÃœRKIYE,LT,1603269.7781199999,59472
2026,4,UNITED KINGDOM,EG,2977325.0861200001,97345
2026,5,ALBANIA,LA,52953.444040000002,3781
2026,6,ALBANIA,LA,61430.274680000002,4371
2026,5,ARMENIA,UD,44787.088060000002,1932
2026,6,ARMENIA,UD,51246.797559999999,2232
2026,5,AUSTRIA,LO,255831.3585,14221
2026,6,AUSTRIA,LO,259158.14786,14923
2026,5,BELGIUM,EB,548440.93168000004,15025
2026,6,BELGIUM,EB,538195.58614000003,14811
2026,5,BOSNIA AND HERZEGOVINA,LQ,13011.30982,1194
2026,6,BOSNIA AND HERZEGOVINA,LQ,15536.89948,1280
2026,5,BULGARIA,LB,62464.034460000003,4237
2026,6,BULGARIA,LB,80559.214659999998,5428
2026,5,CANARY ISLANDS,GC,278644.56630000001,19002
2026,6,CANARY ISLANDS,GC,276179.88481999998,18773
2026,5,CROATIA,LD,82765.43806,7184
2026,6,CROATIA,LD,102713.21414,8767
2026,5,CYPRUS,LC,105770.50568,4730
2026,6,CYPRUS,LC,107867.91267999999,5058
2026,5,CZECHIA,LK,123514.06826,7732
2026,6,CZECHIA,LK,146702.50278000001,8903
2026,5,DENMARK,EK,274903.38157999999,16861
2026,6,DENMARK,EK,299968.90386000002,17192
2026,5,ESTONIA,EE,21086.426520000001,2180
2026,6,ESTONIA,EE,21401.81868,2098
2026,5,FINLAND,EF,200690.48426,9246
2026,6,FINLAND,EF,205652.57819999999,8987
2026,5,FRANCE,LF,1892479.7900799999,81427
2026,6,FRANCE,LF,1964090.1371200001,89166
2026,5,GEORGIA,UG,81371.412519999998,3061
2026,6,GEORGIA,UG,91075.036240000001,3510
2026,5,GERMANY,ED,2532036.3020600001,90205
2026,6,GERMANY,ED,2477717.4011400002,89540
2026,5,GREECE,LG,603468.13930000004,34974
2026,6,GREECE,LG,740544.50841999997,43842
2026,5,HUNGARY,LH,160923.60370000001,7187
2026,6,HUNGARY,LH,159861.96546000001,6857
2026,5,ICELAND,BI,44858.358160000003,2124
2026,6,ICELAND,BI,56220.142959999997,2297
2026,5,IRELAND,EI,350761.62927999999,15494
2026,6,IRELAND,EI,358860.93751999998,15679
2026,5,ITALY,LI,1616130.9982400001,88025
2026,6,ITALY,LI,1692126.8716,93639
2026,5,KOSOVO,BK,17232.75664,1157
2026,6,KOSOVO,BK,17808.138920000001,1210
2026,5,LATVIA,EV,36947.378819999998,2947
2026,6,LATVIA,EV,39022.272080000002,2984
2026,5,LITHUANIA,EY,43209.075599999996,3229
2026,6,LITHUANIA,EY,42424.812740000001,3180
2026,5,LUXEMBOURG,EL,180121.33257999999,3361
2026,6,LUXEMBOURG,EL,177410.93325999999,3474
2026,5,MALTA,LM,62536.17742,4062
2026,6,MALTA,LM,62562.229800000001,4093
2026,5,"MOLDOVA, REPUBLIC OF",LU,28078.65208,1817
2026,6,"MOLDOVA, REPUBLIC OF",LU,36671.732940000002,2286
2026,5,MONACO,LN,25.340039999999998,39
2026,6,MONACO,LN,64.046880000000002,98
2026,5,MONTENEGRO,LY,17439.008140000002,1573
2026,6,MONTENEGRO,LY,25169.969860000001,2062
2026,5,NETHERLANDS,EH,963403.95984000002,28772
2026,6,NETHERLANDS,EH,924925.41911999998,27686
2026,5,NORTH MACEDONIA,LW,15556.850640000001,1195
2026,6,NORTH MACEDONIA,LW,15874.17482,1256
2026,5,NORWAY,EN,237204.34005999999,29363
2026,6,NORWAY,EN,255291.38383999999,29604
2026,5,POLAND,EP,407854.06724,26317
2026,6,POLAND,EP,456067.50991999998,28142
2026,5,PORTUGAL,LP,561273.05486000003,24625
2026,6,PORTUGAL,LP,570226.00068000006,25162
2026,5,ROMANIA,LR,145965.33335999999,10063
2026,6,ROMANIA,LR,157307.40786000001,10719
2026,5,SERBIA,LY,55159.417139999998,4218
2026,6,SERBIA,LY,62545.895960000002,4623
2026,5,SLOVAKIA,LZ,23021.94342,2142
2026,6,SLOVAKIA,LZ,32467.947500000002,2733
2026,5,SLOVENIA,LJ,9753.4963399999997,1298
2026,6,SLOVENIA,LJ,10869.168460000001,1378
2026,5,SPAIN,LE,1973231.2124399999,95241
2026,6,SPAIN,LE,2010891.8114199999,98242
2026,5,SWEDEN,ES,193852.68763999999,17137
2026,6,SWEDEN,ES,209771.75812000001,17439
2026,5,SWITZERLAND,LS,491696.60038000002,21845
2026,6,SWITZERLAND,LS,492614.44667999999,21916
2026,5,TÃœRKIYE,LT,1785152.6742199999,67148
2026,6,TÃœRKIYE,LT,1855977.2659199999,70957
2026,5,UNITED KINGDOM,EG,3252414.7919600001,107991
2026,6,UNITED KINGDOM,EG,3195448.9930799999,108394
2026,7,ALBANIA,LA,69266.555359999998,4849
2026,7,ARMENIA,UD,58463.88996,2510
2026,7,AUSTRIA,LO,282865.45741999999,15608
2026,7,BELGIUM,EB,551754.12613999995,15941
2026,7,BOSNIA AND HERZEGOVINA,LQ,22409.488799999999,1590
2026,7,BULGARIA,LB,88426.527239999996,6085
2026,7,CANARY ISLANDS,GC,304760.89711999998,20583
2026,7,CROATIA,LD,123893.64225999999,10470
2026,7,CYPRUS,LC,118758.88462,5627
2026,7,CZECHIA,LK,158342.79048,9260
2026,7,DENMARK,EK,318255.63627999998,16473
2026,7,ESTONIA,EE,20112.36808,2172
2026,7,FINLAND,EF,207759.74322,8544
2026,7,FRANCE,LF,2161530.4186,91197
2026,7,GEORGIA,UG,96053.850059999997,4121
2026,7,GERMANY,ED,2681778.4568400001,93938
2026,7,GREECE,LG,845187.09476000001,50768
2026,7,HUNGARY,LH,153787.20554,7357
2026,7,ICELAND,BI,63835.043420000002,2630
2026,7,IRELAND,EI,370960.67547999998,16089
2026,7,ITALY,LI,1797575.18866,100442
2026,7,KOSOVO,BK,25068.046160000002,1695
2026,7,LATVIA,EV,39377.665419999998,3174
2026,7,LITHUANIA,EY,41552.926240000001,3171
2026,7,LUXEMBOURG,EL,178409.77525999999,3449
2026,7,MALTA,LM,66381.168799999999,4217
2026,7,"MOLDOVA, REPUBLIC OF",LU,42721.263400000003,2655
2026,7,MONACO,LN,54.984000000000002,81
2026,7,MONTENEGRO,LY,30456.103139999999,2561
2026,7,NETHERLANDS,EH,980475.33276000002,29009
2026,7,NORTH MACEDONIA,LW,19608.941220000001,1540
2026,7,NORWAY,EN,271373.55391999998,27985
2026,7,POLAND,EP,485596.15250000003,29373
2026,7,PORTUGAL,LP,617525.24988000002,27327
2026,7,ROMANIA,LR,169281.05398,11510
2026,7,SERBIA,LY,67091.115160000001,5075
2026,7,SLOVAKIA,LZ,37799.399619999997,2963
2026,7,SLOVENIA,LJ,11881.289860000001,1472
2026,7,SPAIN,LE,2169312.7578400001,104776
2026,7,SWEDEN,ES,217474.01568000001,15195
2026,7,SWITZERLAND,LS,546998.06108000001,23754
2026,7,TÃœRKIYE,LT,2108336.0004400001,82407
2026,7,UNITED KINGDOM,EG,3418863.2102199998,114146
