country,year,month,airfare_index,source
BE,2010,1,94.43,"Eurostat prc_hicp_midx (CP093, unit I15, Index 2015=100)"
BE,2010,2,97.72,"Eurostat prc_hicp_midx (CP093, unit I15, Index 2015=100)"
BE,2010,3,95.25,"Eurostat prc_hicp_midx (CP093, unit I15, Index 2015=100)"
BE,2010,4,94.02,"Eurostat prc_hicp_midx (CP093, unit I15, Index 2015=100)"
BE,2010,5,96.7,"Eurostat prc_hicp_midx (CP093, unit I15, Index 2015=100)"
BE,2010,6,94.07,"Eurostat prc_hicp_midx (CP093, unit I15, Index 2015=100)"
BE,2010,7,92.68,"Eurostat prc_hicp_midx (CP093, unit I15, Index 2015=100)"
BE,2010,8,93.65,"Eurostat prc_hicp_midx (CP093, unit I15, Index 2015=100)"
BE,2010,9,94.88,"Eurostat prc_hicp_midx (CP093, unit I15, Index 2015=100)"
BE,2010,10,94.69,"Eurostat prc_hicp_midx (CP093, unit I15, Index 2015=100)"
BE,2010,11,95.19,"Eurostat prc_hicp_midx (CP093, unit I15, Index 2015=100)"
BE,2010,12,95.36,"Eurostat prc_hicp_midx (CP093, unit I15, Index 2015=100)"
BE,2011,1,95.3,"Eurostat prc_hicp_midx (CP093, unit I15, Index 2015=100)"
BE,2011,2,99.47,"Eurostat prc_hicp_midx (CP093, unit I15, Index 2015=100)"
BE,2011,3,96.36,"Eurostat prc_hicp_midx (CP093, unit I15, Index 2015=100)"
BE,2011,4,94.46,"Eurostat prc_hicp_midx (CP093, unit I15, Index 2015=100)"
BE,2011,5,96.48,"Eurostat prc_hicp_midx (CP093, unit I15, Index 2015=100)"
BE,2011,6,95.02,"Eurostat prc_hicp_midx (CP093, unit I15, Index 2015=100)"
BE,2011,7,94.92,"Eurostat prc_hicp_midx (CP093, unit I15, Index 2015=100)"
BE,2011,8,94.88,"Eurostat prc_hicp_midx (CP093, unit I15, Index 2015=100)"
BE,2011,9,95.16,"Eurostat prc_hicp_midx (CP093, unit I15, Index 2015=100)"
BE,2011,10,95.14,"Eurostat prc_hicp_midx (CP093, unit I15, Index 2015=100)"
BE,2011,11,96.06,"Eurostat prc_hicp_midx (CP093, unit I15, Index 2015=100)"
BE,2011,12,96.72,"Eurostat prc_hicp_midx (CP093, unit I15, Index 2015=100)"
BE,2012,1,97.22,"Eurostat prc_hicp_midx (CP093, unit I15, Index 2015=100)"
BE,2012,2,101.68,"Eurostat prc_hicp_midx (CP093, unit I15, Index 2015=100)"
BE,2012,3,98.35,"Eurostat prc_hicp_midx (CP093, unit I15, Index 2015=100)"
BE,2012,4,97.53,"Eurostat prc_hicp_midx (CP093, unit I15, Index 2015=100)"
BE,2012,5,99.23,"Eurostat prc_hicp_midx (CP093, unit I15, Index 2015=100)"
BE,2012,6,97.45,"Eurostat prc_hicp_midx (CP093, unit I15, Index 2015=100)"
BE,2012,7,96.8,"Eurostat prc_hicp_midx (CP093, unit I15, Index 2015=100)"
BE,2012,8,96.47,"Eurostat prc_hicp_midx (CP093, unit I15, Index 2015=100)"
BE,2012,9,97.11,"Eurostat prc_hicp_midx (CP093, unit I15, Index 2015=100)"
BE,2012,10,97.58,"Eurostat prc_hicp_midx (CP093, unit I15, Index 2015=100)"
BE,2012,11,97.64,"Eurostat prc_hicp_midx (CP093, unit I15, Index 2015=100)"
BE,2012,12,98.31,"Eurostat prc_hicp_midx (CP093, unit I15, Index 2015=100)"
BE,2013,1,98.38,"Eurostat prc_hicp_midx (CP093, unit I15, Index 2015=100)"
BE,2013,2,99.88,"Eurostat prc_hicp_midx (CP093, unit I15, Index 2015=100)"
BE,2013,3,99.28,"Eurostat prc_hicp_midx (CP093, unit I15, Index 2015=100)"
BE,2013,4,98.15,"Eurostat prc_hicp_midx (CP093, unit I15, Index 2015=100)"
BE,2013,5,98.66,"Eurostat prc_hicp_midx (CP093, unit I15, Index 2015=100)"
BE,2013,6,98.15,"Eurostat prc_hicp_midx (CP093, unit I15, Index 2015=100)"
BE,2013,7,97.43,"Eurostat prc_hicp_midx (CP093, unit I15, Index 2015=100)"
BE,2013,8,96.67,"Eurostat prc_hicp_midx (CP093, unit I15, Index 2015=100)"
BE,2013,9,97.54,"Eurostat prc_hicp_midx (CP093, unit I15, Index 2015=100)"
BE,2013,10,98.13,"Eurostat prc_hicp_midx (CP093, unit I15, Index 2015=100)"
BE,2013,11,98.48,"Eurostat prc_hicp_midx (CP093, unit I15, Index 2015=100)"
BE,2013,12,98.88,"Eurostat prc_hicp_midx (CP093, unit I15, Index 2015=100)"
BE,2014,1,99.4,"Eurostat prc_hicp_midx (CP093, unit I15, Index 2015=100)"
BE,2014,2,100.65,"Eurostat prc_hicp_midx (CP093, unit I15, Index 2015=100)"
BE,2014,3,99.3,"Eurostat prc_hicp_midx (CP093, unit I15, Index 2015=100)"
BE,2014,4,98.55,"Eurostat prc_hicp_midx (CP093, unit I15, Index 2015=100)"
BE,2014,5,100.07,"Eurostat prc_hicp_midx (CP093, unit I15, Index 2015=100)"
BE,2014,6,98.79,"Eurostat prc_hicp_midx (CP093, unit I15, Index 2015=100)"
BE,2014,7,98.59,"Eurostat prc_hicp_midx (CP093, unit I15, Index 2015=100)"
BE,2014,8,98.25,"Eurostat prc_hicp_midx (CP093, unit I15, Index 2015=100)"
BE,2014,9,99.1,"Eurostat prc_hicp_midx (CP093, unit I15, Index 2015=100)"
BE,2014,10,99.03,"Eurostat prc_hicp_midx (CP093, unit I15, Index 2015=100)"
BE,2014,11,99.43,"Eurostat prc_hicp_midx (CP093, unit I15, Index 2015=100)"
BE,2014,12,99.93,"Eurostat prc_hicp_midx (CP093, unit I15, Index 2015=100)"
BE,2015,1,99.73,"Eurostat prc_hicp_midx (CP093, unit I15, Index 2015=100)"
BE,2015,2,101.32,"Eurostat prc_hicp_midx (CP093, unit I15, Index 2015=100)"
BE,2015,3,100.11,"Eurostat prc_hicp_midx (CP093, unit I15, Index 2015=100)"
BE,2015,4,99.76,"Eurostat prc_hicp_midx (CP093, unit I15, Index 2015=100)"
BE,2015,5,101.12,"Eurostat prc_hicp_midx (CP093, unit I15, Index 2015=100)"
BE,2015,6,99.7,"Eurostat prc_hicp_midx (CP093, unit I15, Index 2015=100)"
BE,2015,7,99.05,"Eurostat prc_hicp_midx (CP093, unit I15, Index 2015=100)"
BE,2015,8,99.07,"Eurostat prc_hicp_midx (CP093, unit I15, Index 2015=100)"
BE,2015,9,99.47,"Eurostat prc_hicp_midx (CP093, unit I15, Index 2015=100)"
BE,2015,10,99.97,"Eurostat prc_hicp_midx (CP093, unit I15, Index 2015=100)"
BE,2015,11,100.12,"Eurostat prc_hicp_midx (CP093, unit I15, Index 2015=100)"
BE,2015,12,100.58,"Eurostat prc_hicp_midx (CP093, unit I15, Index 2015=100)"
BE,2016,1,100.69,"Eurostat prc_hicp_midx (CP093, unit I15, Index 2015=100)"
BE,2016,2,102.2,"Eurostat prc_hicp_midx (CP093, unit I15, Index 2015=100)"
BE,2016,3,101.66,"Eurostat prc_hicp_midx (CP093, unit I15, Index 2015=100)"
BE,2016,4,100.61,"Eurostat prc_hicp_midx (CP093, unit I15, Index 2015=100)"
BE,2016,5,101.4,"Eurostat prc_hicp_midx (CP093, unit I15, Index 2015=100)"
BE,2016,6,100.59,"Eurostat prc_hicp_midx (CP093, unit I15, Index 2015=100)"
BE,2016,7,101.0,"Eurostat prc_hicp_midx (CP093, unit I15, Index 2015=100)"
BE,2016,8,100.58,"Eurostat prc_hicp_midx (CP093, unit I15, Index 2015=100)"
BE,2016,9,100.17,"Eurostat prc_hicp_midx (CP093, unit I15, Index 2015=100)"
BE,2016,10,101.07,"Eurostat prc_hicp_midx (CP093, unit I15, Index 2015=100)"
BE,2016,11,101.37,"Eurostat prc_hicp_midx (CP093, unit I15, Index 2015=100)"
BE,2016,12,101.52,"Eurostat prc_hicp_midx (CP093, unit I15, Index 2015=100)"
BE,2017,1,101.63,"Eurostat prc_hicp_midx (CP093, unit I15, Index 2015=100)"
BE,2017,2,103.22,"Eurostat prc_hicp_midx (CP093, unit I15, Index 2015=100)"
BE,2017,3,102.74,"Eurostat prc_hicp_midx (CP093, unit I15, Index 2015=100)"
BE,2017,4,101.68,"Eurostat prc_hicp_midx (CP093, unit I15, Index 2015=100)"
BE,2017,5,102.64,"Eurostat prc_hicp_midx (CP093, unit I15, Index 2015=100)"
BE,2017,6,100.55,"Eurostat prc_hicp_midx (CP093, unit I15, Index 2015=100)"
BE,2017,7,101.03,"Eurostat prc_hicp_midx (CP093, unit I15, Index 2015=100)"
BE,2017,8,100.98,"Eurostat prc_hicp_midx (CP093, unit I15, Index 2015=100)"
BE,2017,9,101.01,"Eurostat prc_hicp_midx (CP093, unit I15, Index 2015=100)"
BE,2017,10,101.71,"Eurostat prc_hicp_midx (CP093, unit I15, Index 2015=100)"
BE,2017,11,101.8,"Eurostat prc_hicp_midx (CP093, unit I15, Index 2015=100)"
BE,2017,12,102.75,"Eurostat prc_hicp_midx (CP093, unit I15, Index 2015=100)"
BE,2018,1,102.53,"Eurostat prc_hicp_midx (CP093, unit I15, Index 2015=100)"
BE,2018,2,104.66,"Eurostat prc_hicp_midx (CP093, unit I15, Index 2015=100)"
BE,2018,3,103.89,"Eurostat prc_hicp_midx (CP093, unit I15, Index 2015=100)"
BE,2018,4,102.59,"Eurostat prc_hicp_midx (CP093, unit I15, Index 2015=100)"
BE,2018,5,103.46,"Eurostat prc_hicp_midx (CP093, unit I15, Index 2015=100)"
BE,2018,6,101.53,"Eurostat prc_hicp_midx (CP093, unit I15, Index 2015=100)"
BE,2018,7,101.76,"Eurostat prc_hicp_midx (CP093, unit I15, Index 2015=100)"
BE,2018,8,101.51,"Eurostat prc_hicp_midx (CP093, unit I15, Index 2015=100)"
BE,2018,9,102.56,"Eurostat prc_hicp_midx (CP093, unit I15, Index 2015=100)"
BE,2018,10,102.04,"Eurostat prc_hicp_midx (CP093, unit I15, Index 2015=100)"
BE,2018,11,102.8,"Eurostat prc_hicp_midx (CP093, unit I15, Index 2015=100)"
BE,2018,12,103.94,"Eurostat prc_hicp_midx (CP093, unit I15, Index 2015=100)"
BE,2019,1,103.56,"Eurostat prc_hicp_midx (CP093, unit I15, Index 2015=100)"
BE,2019,2,105.37,"Eurostat prc_hicp_midx (CP093, unit I15, Index 2015=100)"
BE,2019,3,104.5,"Eurostat prc_hicp_midx (CP093, unit I15, Index 2015=100)"
BE,2019,4,103.46,"Eurostat prc_hicp_midx (CP093, unit I15, Index 2015=100)"
BE,2019,5,105.15,"Eurostat prc_hicp_midx (CP093, unit I15, Index 2015=100)"
BE,2019,6,103.93,"Eurostat prc_hicp_midx (CP093, unit I15, Index 2015=100)"
BE,2019,7,102.75,"Eurostat prc_hicp_midx (CP093, unit I15, Index 2015=100)"
BE,2019,8,103.26,"Eurostat prc_hicp_midx (CP093, unit I15, Index 2015=100)"
BE,2019,9,103.8,"Eurostat prc_hicp_midx (CP093, unit I15, Index 2015=100)"
BE,2019,10,104.39,"Eurostat prc_hicp_midx (CP093, unit I15, Index 2015=100)"
BE,2019,11,104.09,"Eurostat prc_hicp_midx (CP093, unit I15, Index 2015=100)"
BE,2019,12,105.13,"Eurostat prc_hicp_midx (CP093, unit I15, Index 2015=100)"
BE,2020,1,104.98,"Eurostat prc_hicp_midx (CP093, unit I15, Index 2015=100)"
BE,2020,2,107.84,"Eurostat prc_hicp_midx (CP093, unit I15, Index 2015=100)"
BE,2020,3,106.07,"Eurostat prc_hicp_midx (CP093, unit I15, Index 2015=100)"
BE,2020,4,105.11,"Eurostat prc_hicp_midx (CP093, unit I15, Index 2015=100)"
BE,2020,5,107.0,"Eurostat prc_hicp_midx (CP093, unit I15, Index 2015=100)"
BE,2020,6,106.08,"Eurostat prc_hicp_midx (CP093, unit I15, Index 2015=100)"
BE,2020,7,106.38,"Eurostat prc_hicp_midx (CP093, unit I15, Index 2015=100)"
BE,2020,8,105.55,"Eurostat prc_hicp_midx (CP093, unit I15, Index 2015=100)"
BE,2020,9,106.47,"Eurostat prc_hicp_midx (CP093, unit I15, Index 2015=100)"
BE,2020,10,106.74,"Eurostat prc_hicp_midx (CP093, unit I15, Index 2015=100)"
BE,2020,11,107.11,"Eurostat prc_hicp_midx (CP093, unit I15, Index 2015=100)"
BE,2020,12,107.79,"Eurostat prc_hicp_midx (CP093, unit I15, Index 2015=100)"
BE,2021,1,107.54,"Eurostat prc_hicp_midx (CP093, unit I15, Index 2015=100)"
BE,2021,2,110.25,"Eurostat prc_hicp_midx (CP093, unit I15, Index 2015=100)"
BE,2021,3,108.42,"Eurostat prc_hicp_midx (CP093, unit I15, Index 2015=100)"
BE,2021,4,107.7,"Eurostat prc_hicp_midx (CP093, unit I15, Index 2015=100)"
BE,2021,5,109.1,"Eurostat prc_hicp_midx (CP093, unit I15, Index 2015=100)"
BE,2021,6,107.5,"Eurostat prc_hicp_midx (CP093, unit I15, Index 2015=100)"
BE,2021,7,107.45,"Eurostat prc_hicp_midx (CP093, unit I15, Index 2015=100)"
BE,2021,8,107.88,"Eurostat prc_hicp_midx (CP093, unit I15, Index 2015=100)"
BE,2021,9,108.66,"Eurostat prc_hicp_midx (CP093, unit I15, Index 2015=100)"
BE,2021,10,109.86,"Eurostat prc_hicp_midx (CP093, unit I15, Index 2015=100)"
BE,2021,11,110.57,"Eurostat prc_hicp_midx (CP093, unit I15, Index 2015=100)"
BE,2021,12,111.34,"Eurostat prc_hicp_midx (CP093, unit I15, Index 2015=100)"
BE,2022,1,111.59,"Eurostat prc_hicp_midx (CP093, unit I15, Index 2015=100)"
BE,2022,2,114.91,"Eurostat prc_hicp_midx (CP093, unit I15, Index 2015=100)"
BE,2022,3,113.55,"Eurostat prc_hicp_midx (CP093, unit I15, Index 2015=100)"
BE,2022,4,113.19,"Eurostat prc_hicp_midx (CP093, unit I15, Index 2015=100)"
BE,2022,5,114.93,"Eurostat prc_hicp_midx (CP093, unit I15, Index 2015=100)"
BE,2022,6,113.54,"Eurostat prc_hicp_midx (CP093, unit I15, Index 2015=100)"
BE,2022,7,113.39,"Eurostat prc_hicp_midx (CP093, unit I15, Index 2015=100)"
BE,2022,8,113.54,"Eurostat prc_hicp_midx (CP093, unit I15, Index 2015=100)"
BE,2022,9,115.19,"Eurostat prc_hicp_midx (CP093, unit I15, Index 2015=100)"
BE,2022,10,117.58,"Eurostat prc_hicp_midx (CP093, unit I15, Index 2015=100)"
BE,2022,11,117.84,"Eurostat prc_hicp_midx (CP093, unit I15, Index 2015=100)"
BE,2022,12,119.45,"Eurostat prc_hicp_midx (CP093, unit I15, Index 2015=100)"
BE,2023,1,121.27,"Eurostat prc_hicp_midx (CP093, unit I15, Index 2015=100)"
BE,2023,2,125.43,"Eurostat prc_hicp_midx (CP093, unit I15, Index 2015=100)"
BE,2023,3,124.0,"Eurostat prc_hicp_midx (CP093, unit I15, Index 2015=100)"
BE,2023,4,121.88,"Eurostat prc_hicp_midx (CP093, unit I15, Index 2015=100)"
BE,2023,5,124.34,"Eurostat prc_hicp_midx (CP093, unit I15, Index 2015=100)"
BE,2023,6,123.21,"Eurostat prc_hicp_midx (CP093, unit I15, Index 2015=100)"
BE,2023,7,122.71,"Eurostat prc_hicp_midx (CP093, unit I15, Index 2015=100)"
BE,2023,8,122.64,"Eurostat prc_hicp_midx (CP093, unit I15, Index 2015=100)"
BE,2023,9,122.52,"Eurostat prc_hicp_midx (CP093, unit I15, Index 2015=100)"
BE,2023,10,123.69,"Eurostat prc_hicp_midx (CP093, unit I15, Index 2015=100)"
BE,2023,11,124.76,"Eurostat prc_hicp_midx (CP093, unit I15, Index 2015=100)"
BE,2023,12,125.93,"Eurostat prc_hicp_midx (CP093, unit I15, Index 2015=100)"
BE,2024,1,127.95,"Eurostat prc_hicp_midx (CP093, unit I15, Index 2015=100)"
BE,2024,2,128.78,"Eurostat prc_hicp_midx (CP093, unit I15, Index 2015=100)"
BE,2024,3,128.42,"Eurostat prc_hicp_midx (CP093, unit I15, Index 2015=100)"
BE,2024,4,125.69,"Eurostat prc_hicp_midx (CP093, unit I15, Index 2015=100)"
BE,2024,5,127.41,"Eurostat prc_hicp_midx (CP093, unit I15, Index 2015=100)"
BE,2024,6,126.29,"Eurostat prc_hicp_midx (CP093, unit I15, Index 2015=100)"
BE,2024,7,127.78,"Eurostat prc_hicp_midx (CP093, unit I15, Index 2015=100)"
BE,2024,8,126.39,"Eurostat prc_hicp_midx (CP093, unit I15, Index 2015=100)"
BE,2024,9,126.54,"Eurostat prc_hicp_midx (CP093, unit I15, Index 2015=100)"
BE,2024,10,127.55,"Eurostat prc_hicp_midx (CP093, unit I15, Index 2015=100)"
BE,2024,11,126.86,"Eurostat prc_hicp_midx (CP093, unit I15, Index 2015=100)"
BE,2024,12,127.69,"Eurostat prc_hicp_midx (CP093, unit I15, Index 2015=100)"
BG,2010,1,98.2,"Eurostat prc_hicp_midx (CP093, unit I15, Index 2015=100)"
BG,2010,2,98.98,"Eurostat prc_hicp_midx (CP093, unit I15, Index 2015=100)"
BG,2010,3,99.98,"Eurostat prc_hicp_midx (CP093, unit I15, Index 2015=100)"
BG,2010,4,98.19,"Eurostat prc_hicp_midx (CP093, unit I15, Index 2015=100)"
BG,2010,5,98.51,"Eurostat prc_hicp_midx (CP093, unit I15, Index 2015=100)"
BG,2010,6,97.38,"Eurostat prc_hicp_midx (CP093, unit I15, Index 2015=100)"
BG,2010,7,97.07,"Eurostat prc_hicp_midx (CP093, unit I15, Index 2015=100)"
BG,2010,8,97.08,"Eurostat prc_hicp_midx (CP093, unit I15, Index 2015=100)"
BG,2010,9,97.39,"Eurostat prc_hicp_midx (CP093, unit I15, Index 2015=100)"
BG,2010,10,98.15,"Eurostat prc_hicp_midx (CP093, unit I15, Index 2015=100)"
BG,2010,11,98.83,"Eurostat prc_hicp_midx (CP093, unit I15, Index 2015=100)"
BG,2010,12,99.76,"Eurostat prc_hicp_midx (CP093, unit I15, Index 2015=100)"
BG,2011,1,100.02,"Eurostat prc_hicp_midx (CP093, unit I15, Index 2015=100)"
BG,2011,2,101.04,"Eurostat prc_hicp_midx (CP093, unit I15, Index 2015=100)"
BG,2011,3,101.3,"Eurostat prc_hicp_midx (CP093, unit I15, Index 2015=100)"
BG,2011,4,99.56,"Eurostat prc_hicp_midx (CP093, unit I15, Index 2015=100)"
BG,2011,5,99.62,"Eurostat prc_hicp_midx (CP093, unit I15, Index 2015=100)"
BG,2011,6,98.19,"Eurostat prc_hicp_midx (CP093, unit I15, Index 2015=100)"
BG,2011,7,97.66,"Eurostat prc_hicp_midx (CP093, unit I15, Index 2015=100)"
BG,2011,8,98.02,"Eurostat prc_hicp_midx (CP093, unit I15, Index 2015=100)"
BG,2011,9,99.46,"Eurostat prc_hicp_midx (CP093, unit I15, Index 2015=100)"
BG,2011,10,99.79,"Eurostat prc_hicp_midx (CP093, unit I15, Index 2015=100)"
BG,2011,11,100.51,"Eurostat prc_hicp_midx (CP093, unit I15, Index 2015=100)"
BG,2011,12,101.34,"Eurostat prc_hicp_midx (CP093, unit I15, Index 2015=100)"
BG,2012,1,102.23,"Eurostat prc_hicp_midx (CP093, unit I15, Index 2015=100)"
BG,2012,2,102.53,"Eurostat prc_hicp_midx (CP093, unit I15, Index 2015=100)"
BG,2012,3,103.04,"Eurostat prc_hicp_midx (CP093, unit I15, Index 2015=100)"
BG,2012,4,101.26,"Eurostat prc_hicp_midx (CP093, unit I15, Index 2015=100)"
BG,2012,5,100.49,"Eurostat prc_hicp_midx (CP093, unit I15, Index 2015=100)"
BG,2012,6,99.62,"Eurostat prc_hicp_midx (CP093, unit I15, Index 2015=100)"
BG,2012,7,99.11,"Eurostat prc_hicp_midx (CP093, unit I15, Index 2015=100)"
BG,2012,8,98.6,"Eurostat prc_hicp_midx (CP093, unit I15, Index 2015=100)"
BG,2012,9,99.16,"Eurostat prc_hicp_midx (CP093, unit I15, Index 2015=100)"
BG,2012,10,99.77,"Eurostat prc_hicp_midx (CP093, unit I15, Index 2015=100)"
BG,2012,11,99.74,"Eurostat prc_hicp_midx (CP093, unit I15, Index 2015=100)"
BG,2012,12,100.37,"Eurostat prc_hicp_midx (CP093, unit I15, Index 2015=100)"
BG,2013,1,100.47,"Eurostat prc_hicp_midx (CP093, unit I15, Index 2015=100)"
BG,2013,2,101.88,"Eurostat prc_hicp_midx (CP093, unit I15, Index 2015=100)"
BG,2013,3,103.21,"Eurostat prc_hicp_midx (CP093, unit I15, Index 2015=100)"
BG,2013,4,101.3,"Eurostat prc_hicp_midx (CP093, unit I15, Index 2015=100)"
BG,2013,5,100.53,"Eurostat prc_hicp_midx (CP093, unit I15, Index 2015=100)"
BG,2013,6,100.9,"Eurostat prc_hicp_midx (CP093, unit I15, Index 2015=100)"
BG,2013,7,100.83,"Eurostat prc_hicp_midx (CP093, unit I15, Index 2015=100)"
BG,2013,8,100.8,"Eurostat prc_hicp_midx (CP093, unit I15, Index 2015=100)"
BG,2013,9,101.01,"Eurostat prc_hicp_midx (CP093, unit I15, Index 2015=100)"
BG,2013,10,101.47,"Eurostat prc_hicp_midx (CP093, unit I15, Index 2015=100)"
BG,2013,11,101.57,"Eurostat prc_hicp_midx (CP093, unit I15, Index 2015=100)"
BG,2013,12,100.92,"Eurostat prc_hicp_midx (CP093, unit I15, Index 2015=100)"
BG,2014,1,100.91,"Eurostat prc_hicp_midx (CP093, unit I15, Index 2015=100)"
BG,2014,2,100.86,"Eurostat prc_hicp_midx (CP093, unit I15, Index 2015=100)"
BG,2014,3,100.31,"Eurostat prc_hicp_midx (CP093, unit I15, Index 2015=100)"
BG,2014,4,100.05,"Eurostat prc_hicp_midx (CP093, unit I15, Index 2015=100)"
BG,2014,5,99.84,"Eurostat prc_hicp_midx (CP093, unit I15, Index 2015=100)"
BG,2014,6,99.43,"Eurostat prc_hicp_midx (CP093, unit I15, Index 2015=100)"
BG,2014,7,98.97,"Eurostat prc_hicp_midx (CP093, unit I15, Index 2015=100)"
BG,2014,8,98.92,"Eurostat prc_hicp_midx (CP093, unit I15, Index 2015=100)"
BG,2014,9,99.06,"Eurostat prc_hicp_midx (CP093, unit I15, Index 2015=100)"
BG,2014,10,98.8,"Eurostat prc_hicp_midx (CP093, unit I15, Index 2015=100)"
BG,2014,11,99.46,"Eurostat prc_hicp_midx (CP093, unit I15, Index 2015=100)"
BG,2014,12,99.56,"Eurostat prc_hicp_midx (CP093, unit I15, Index 2015=100)"
BG,2015,1,99.59,"Eurostat prc_hicp_midx (CP093, unit I15, Index 2015=100)"
BG,2015,2,100.53,"Eurostat prc_hicp_midx (CP093, unit I15, Index 2015=100)"
BG,2015,3,101.33,"Eurostat prc_hicp_midx (CP093, unit I15, Index 2015=100)"
BG,2015,4,100.77,"Eurostat prc_hicp_midx (CP093, unit I15, Index 2015=100)"
BG,2015,5,100.79,"Eurostat prc_hicp_midx (CP093, unit I15, Index 2015=100)"
BG,2015,6,99.93,"Eurostat prc_hicp_midx (CP093, unit I15, Index 2015=100)"
BG,2015,7,99.69,"Eurostat prc_hicp_midx (CP093, unit I15, Index 2015=100)"
BG,2015,8,98.75,"Eurostat prc_hicp_midx (CP093, unit I15, Index 2015=100)"
BG,2015,9,99.39,"Eurostat prc_hicp_midx (CP093, unit I15, Index 2015=100)"
BG,2015,10,99.54,"Eurostat prc_hicp_midx (CP093, unit I15, Index 2015=100)"
BG,2015,11,99.76,"Eurostat prc_hicp_midx (CP093, unit I15, Index 2015=100)"
BG,2015,12,99.94,"Eurostat prc_hicp_midx (CP093, unit I15, Index 2015=100)"
BG,2016,1,100.15,"Eurostat prc_hicp_midx (CP093, unit I15, Index 2015=100)"
BG,2016,2,100.44,"Eurostat prc_hicp_midx (CP093, unit I15, Index 2015=100)"
BG,2016,3,100.85,"Eurostat prc_hicp_midx (CP093, unit I15, Index 2015=100)"
BG,2016,4,100.12,"Eurostat prc_hicp_midx (CP093, unit I15, Index 2015=100)"
BG,2016,5,99.88,"Eurostat prc_hicp_midx (CP093, unit I15, Index 2015=100)"
BG,2016,6,99.39,"Eurostat prc_hicp_midx (CP093, unit I15, Index 2015=100)"
BG,2016,7,99.85,"Eurostat prc_hicp_midx (CP093, unit I15, Index 2015=100)"
BG,2016,8,100.05,"Eurostat prc_hicp_midx (CP093, unit I15, Index 2015=100)"
BG,2016,9,100.28,"Eurostat prc_hicp_midx (CP093, unit I15, Index 2015=100)"
BG,2016,10,100.38,"Eurostat prc_hicp_midx (CP093, unit I15, Index 2015=100)"
BG,2016,11,100.29,"Eurostat prc_hicp_midx (CP093, unit I15, Index 2015=100)"
BG,2016,12,100.34,"Eurostat prc_hicp_midx (CP093, unit I15, Index 2015=100)"
BG,2017,1,100.59,"Eurostat prc_hicp_midx (CP093, unit I15, Index 2015=100)"
BG,2017,2,101.46,"Eurostat prc_hicp_midx (CP093, unit I15, Index 2015=100)"
BG,2017,3,102.15,"Eurostat prc_hicp_midx (CP093, unit I15, Index 2015=100)"
BG,2017,4,100.67,"Eurostat prc_hicp_midx (CP093, unit I15, Index 2015=100)"
BG,2017,5,100.64,"Eurostat prc_hicp_midx (CP093, unit I15, Index 2015=100)"
BG,2017,6,100.4,"Eurostat prc_hicp_midx (CP093, unit I15, Index 2015=100)"
BG,2017,7,99.73,"Eurostat prc_hicp_midx (CP093, unit I15, Index 2015=100)"
BG,2017,8,100.38,"Eurostat prc_hicp_midx (CP093, unit I15, Index 2015=100)"
BG,2017,9,100.47,"Eurostat prc_hicp_midx (CP093, unit I15, Index 2015=100)"
BG,2017,10,100.83,"Eurostat prc_hicp_midx (CP093, unit I15, Index 2015=100)"
BG,2017,11,100.99,"Eurostat prc_hicp_midx (CP093, unit I15, Index 2015=100)"
BG,2017,12,100.21,"Eurostat prc_hicp_midx (CP093, unit I15, Index 2015=100)"
BG,2018,1,100.73,"Eurostat prc_hicp_midx (CP093, unit I15, Index 2015=100)"
BG,2018,2,102.33,"Eurostat prc_hicp_midx (CP093, unit I15, Index 2015=100)"
BG,2018,3,102.82,"Eurostat prc_hicp_midx (CP093, unit I15, Index 2015=100)"
BG,2018,4,102.75,"Eurostat prc_hicp_midx (CP093, unit I15, Index 2015=100)"
BG,2018,5,103.18,"Eurostat prc_hicp_midx (CP093, unit I15, Index 2015=100)"
BG,2018,6,102.74,"Eurostat prc_hicp_midx (CP093, unit I15, Index 2015=100)"
BG,2018,7,103.27,"Eurostat prc_hicp_midx (CP093, unit I15, Index 2015=100)"
BG,2018,8,102.49,"Eurostat prc_hicp_midx (CP093, unit I15, Index 2015=100)"
BG,2018,9,103.03,"Eurostat prc_hicp_midx (CP093, unit I15, Index 2015=100)"
BG,2018,10,104.05,"Eurostat prc_hicp_midx (CP093, unit I15, Index 2015=100)"
BG,2018,11,104.59,"Eurostat prc_hicp_midx (CP093, unit I15, Index 2015=100)"
BG,2018,12,104.51,"Eurostat prc_hicp_midx (CP093, unit I15, Index 2015=100)"
BG,2019,1,104.46,"Eurostat prc_hicp_midx (CP093, unit I15, Index 2015=100)"
BG,2019,2,105.38,"Eurostat prc_hicp_midx (CP093, unit I15, Index 2015=100)"
BG,2019,3,105.66,"Eurostat prc_hicp_midx (CP093, unit I15, Index 2015=100)"
BG,2019,4,105.42,"Eurostat prc_hicp_midx (CP093, unit I15, Index 2015=100)"
BG,2019,5,105.5,"Eurostat prc_hicp_midx (CP093, unit I15, Index 2015=100)"
BG,2019,6,105.08,"Eurostat prc_hicp_midx (CP093, unit I15, Index 2015=100)"
BG,2019,7,105.65,"Eurostat prc_hicp_midx (CP093, unit I15, Index 2015=100)"
BG,2019,8,105.84,"Eurostat prc_hicp_midx (CP093, unit I15, Index 2015=100)"
BG,2019,9,105.29,"Eurostat prc_hicp_midx (CP093, unit I15, Index 2015=100)"
BG,2019,10,106.26,"Eurostat prc_hicp_midx (CP093, unit I15, Index 2015=100)"
BG,2019,11,106.2,"Eurostat prc_hicp_midx (CP093, unit I15, Index 2015=100)"
BG,2019,12,106.86,"Eurostat prc_hicp_midx (CP093, unit I15, Index 2015=100)"
BG,2020,1,105.34,"Eurostat prc_hicp_midx (CP093, unit I15, Index 2015=100)"
BG,2020,2,107.4,"Eurostat prc_hicp_midx (CP093, unit I15, Index 2015=100)"
BG,2020,3,107.85,"Eurostat prc_hicp_midx (CP093, unit I15, Index 2015=100)"
BG,2020,4,107.73,"Eurostat prc_hicp_midx (CP093, unit I15, Index 2015=100)"
BG,2020,5,106.11,"Eurostat prc_hicp_midx (CP093, unit I15, Index 2015=100)"
BG,2020,6,106.92,"Eurostat prc_hicp_midx (CP093, unit I15, Index 2015=100)"
BG,2020,7,106.68,"Eurostat prc_hicp_midx (CP093, unit I15, Index 2015=100)"
BG,2020,8,106.54,"Eurostat prc_hicp_midx (CP093, unit I15, Index 2015=100)"
BG,2020,9,107.3,"Eurostat prc_hicp_midx (CP093, unit I15, Index 2015=100)"
BG,2020,10,107.61,"Eurostat prc_hicp_midx (CP093, unit I15, Index 2015=100)"
BG,2020,11,107.45,"Eurostat prc_hicp_midx (CP093, unit I15, Index 2015=100)"
BG,2020,12,107.25,"Eurostat prc_hicp_midx (CP093, unit I15, Index 2015=100)"
BG,2021,1,108.31,"Eurostat prc_hicp_midx (CP093, unit I15, Index 2015=100)"
BG,2021,2,108.82,"Eurostat prc_hicp_midx (CP093, unit I15, Index 2015=100)"
BG,2021,3,109.4,"Eurostat prc_hicp_midx (CP093, unit I15, Index 2015=100)"
BG,2021,4,108.82,"Eurostat prc_hicp_midx (CP093, unit I15, Index 2015=100)"
BG,2021,5,109.78,"Eurostat prc_hicp_midx (CP093, unit I15, Index 2015=100)"
BG,2021,6,109.71,"Eurostat prc_hicp_midx (CP093, unit I15, Index 2015=100)"
BG,2021,7,109.11,"Eurostat prc_hicp_midx (CP093, unit I15, Index 2015=100)"
BG,2021,8,109.73,"Eurostat prc_hicp_midx (CP093, unit I15, Index 2015=100)"
BG,2021,9,110.34,"Eurostat prc_hicp_midx (CP093, unit I15, Index 2015=100)"
BG,2021,10,110.46,"Eurostat prc_hicp_midx (CP093, unit I15, Index 2015=100)"
BG,2021,11,112.36,"Eurostat prc_hicp_midx (CP093, unit I15, Index 2015=100)"
BG,2021,12,111.87,"Eurostat prc_hicp_midx (CP093, unit I15, Index 2015=100)"
BG,2022,1,114.0,"Eurostat prc_hicp_midx (CP093, unit I15, Index 2015=100)"
BG,2022,2,116.58,"Eurostat prc_hicp_midx (CP093, unit I15, Index 2015=100)"
BG,2022,3,118.72,"Eurostat prc_hicp_midx (CP093, unit I15, Index 2015=100)"
BG,2022,4,119.48,"Eurostat prc_hicp_midx (CP093, unit I15, Index 2015=100)"
BG,2022,5,120.64,"Eurostat prc_hicp_midx (CP093, unit I15, Index 2015=100)"
BG,2022,6,121.92,"Eurostat prc_hicp_midx (CP093, unit I15, Index 2015=100)"
BG,2022,7,121.55,"Eurostat prc_hicp_midx (CP093, unit I15, Index 2015=100)"
BG,2022,8,123.99,"Eurostat prc_hicp_midx (CP093, unit I15, Index 2015=100)"
BG,2022,9,126.35,"Eurostat prc_hicp_midx (CP093, unit I15, Index 2015=100)"
BG,2022,10,128.22,"Eurostat prc_hicp_midx (CP093, unit I15, Index 2015=100)"
BG,2022,11,129.45,"Eurostat prc_hicp_midx (CP093, unit I15, Index 2015=100)"
BG,2022,12,130.99,"Eurostat prc_hicp_midx (CP093, unit I15, Index 2015=100)"
BG,2023,1,133.31,"Eurostat prc_hicp_midx (CP093, unit I15, Index 2015=100)"
BG,2023,2,136.71,"Eurostat prc_hicp_midx (CP093, unit I15, Index 2015=100)"
BG,2023,3,138.47,"Eurostat prc_hicp_midx (CP093, unit I15, Index 2015=100)"
BG,2023,4,139.72,"Eurostat prc_hicp_midx (CP093, unit I15, Index 2015=100)"
BG,2023,5,141.55,"Eurostat prc_hicp_midx (CP093, unit I15, Index 2015=100)"
BG,2023,6,142.23,"Eurostat prc_hicp_midx (CP093, unit I15, Index 2015=100)"
BG,2023,7,141.79,"Eurostat prc_hicp_midx (CP093, unit I15, Index 2015=100)"
BG,2023,8,141.88,"Eurostat prc_hicp_midx (CP093, unit I15, Index 2015=100)"
BG,2023,9,143.86,"Eurostat prc_hicp_midx (CP093, unit I15, Index 2015=100)"
BG,2023,10,142.8,"Eurostat prc_hicp_midx (CP093, unit I15, Index 2015=100)"
BG,2023,11,144.07,"Eurostat prc_hicp_midx (CP093, unit I15, Index 2015=100)"
BG,2023,12,143.3,"Eurostat prc_hicp_midx (CP093, unit I15, Index 2015=100)"
BG,2024,1,143.97,"Eurostat prc_hicp_midx (CP093, unit I15, Index 2015=100)"
BG,2024,2,145.85,"Eurostat prc_hicp_midx (CP093, unit I15, Index 2015=100)"
BG,2024,3,146.37,"Eurostat prc_hicp_midx (CP093, unit I15, Index 2015=100)"
BG,2024,4,145.6,"Eurostat prc_hicp_midx (CP093, unit I15, Index 2015=100)"
BG,2024,5,146.09,"Eurostat prc_hicp_midx (CP093, unit I15, Index 2015=100)"
BG,2024,6,145.98,"Eurostat prc_hicp_midx (CP093, unit I15, Index 2015=100)"
BG,2024,7,145.15,"Eurostat prc_hicp_midx (CP093, unit I15, Index 2015=100)"
BG,2024,8,145.72,"Eurostat prc_hicp_midx (CP093, unit I15, Index 2015=100)"
BG,2024,9,145.88,"Eurostat prc_hicp_midx (CP093, unit I15, Index 2015=100)"
BG,2024,10,146.0,"Eurostat prc_hicp_midx (CP093, unit I15, Index 2015=100)"
BG,2024,11,144.81,"Eurostat prc_hicp_midx (CP093, unit I15, Index 2015=100)"
BG,2024,12,146.68,"Eurostat prc_hicp_midx (CP093, unit I15, Index 2015=100)"
CZ,2010,1,96.3,"Eurostat prc_hicp_midx (CP093, unit I15, Index 2015=100)"
CZ,2010,2,96.1,"Eurostat prc_hicp_midx (CP093, unit I15, Index 2015=100)"
CZ,2010,3,96.1,"Eurostat prc_hicp_midx (CP093, unit I15, Index 2015=100)"
CZ,2010,4,96.2,"Eurostat prc_hicp_midx (CP093, unit I15, Index 2015=100)"
CZ,2010,5,96.2,"Eurostat prc_hicp_midx (CP093, unit I15, Index 2015=100)"
CZ,2010,6,95.8,"Eurostat prc_hicp_midx (CP093, unit I15, Index 2015=100)"
CZ,2010,7,95.0,"Eurostat prc_hicp_midx (CP093, unit I15, Index 2015=100)"
CZ,2010,8,94.9,"Eurostat prc_hicp_midx (CP093, unit I15, Index 2015=100)"
CZ,2010,9,94.9,"Eurostat prc_hicp_midx (CP093, unit I15, Index 2015=100)"
CZ,2010,10,95.5,"Eurostat prc_hicp_midx (CP093, unit I15, Index 2015=100)"
CZ,2010,11,95.6,"Eurostat prc_hicp_midx (CP093, unit I15, Index 2015=100)"
CZ,2010,12,95.6,"Eurostat prc_hicp_midx (CP093, unit I15, Index 2015=100)"
CZ,2011,1,95.1,"Eurostat prc_hicp_midx (CP093, unit I15, Index 2015=100)"
CZ,2011,2,94.8,"Eurostat prc_hicp_midx (CP093, unit I15, Index 2015=100)"
CZ,2011,3,94.5,"Eurostat prc_hicp_midx (CP093, unit I15, Index 2015=100)"
CZ,2011,4,94.8,"Eurostat prc_hicp_midx (CP093, unit I15, Index 2015=100)"
CZ,2011,5,94.9,"Eurostat prc_hicp_midx (CP093, unit I15, Index 2015=100)"
CZ,2011,6,94.9,"Eurostat prc_hicp_midx (CP093, unit I15, Index 2015=100)"
CZ,2011,7,94.5,"Eurostat prc_hicp_midx (CP093, unit I15, Index 2015=100)"
CZ,2011,8,94.1,"Eurostat prc_hicp_midx (CP093, unit I15, Index 2015=100)"
CZ,2011,9,94.1,"Eurostat prc_hicp_midx (CP093, unit I15, Index 2015=100)"
CZ,2011,10,94.4,"Eurostat prc_hicp_midx (CP093, unit I15, Index 2015=100)"
CZ,2011,11,95.0,"Eurostat prc_hicp_midx (CP093, unit I15, Index 2015=100)"
CZ,2011,12,95.2,"Eurostat prc_hicp_midx (CP093, unit I15, Index 2015=100)"
CZ,2012,1,95.5,"Eurostat prc_hicp_midx (CP093, unit I15, Index 2015=100)"
CZ,2012,2,95.3,"Eurostat prc_hicp_midx (CP093, unit I15, Index 2015=100)"
CZ,2012,3,95.6,"Eurostat prc_hicp_midx (CP093, unit I15, Index 2015=100)"
CZ,2012,4,96.0,"Eurostat prc_hicp_midx (CP093, unit I15, Index 2015=100)"
CZ,2012,5,95.9,"Eurostat prc_hicp_midx (CP093, unit I15, Index 2015=100)"
CZ,2012,6,95.8,"Eurostat prc_hicp_midx (CP093, unit I15, Index 2015=100)"
CZ,2012,7,94.8,"Eurostat prc_hicp_midx (CP093, unit I15, Index 2015=100)"
CZ,2012,8,94.9,"Eurostat prc_hicp_midx (CP093, unit I15, Index 2015=100)"
CZ,2012,9,95.0,"Eurostat prc_hicp_midx (CP093, unit I15, Index 2015=100)"
CZ,2012,10,95.5,"Eurostat prc_hicp_midx (CP093, unit I15, Index 2015=100)"
CZ,2012,11,95.6,"Eurostat prc_hicp_midx (CP093, unit I15, Index 2015=100)"
CZ,2012,12,95.7,"Eurostat prc_hicp_midx (CP093, unit I15, Index 2015=100)"
CZ,2013,1,95.2,"Eurostat prc_hicp_midx (CP093, unit I15, Index 2015=100)"
CZ,2013,2,95.7,"Eurostat prc_hicp_midx (CP093, unit I15, Index 2015=100)"
CZ,2013,3,96.0,"Eurostat prc_hicp_midx (CP093, unit I15, Index 2015=100)"
CZ,2013,4,96.4,"Eurostat prc_hicp_midx (CP093, unit I15, Index 2015=100)"
CZ,2013,5,95.8,"Eurostat prc_hicp_midx (CP093, unit I15, Index 2015=100)"
CZ,2013,6,95.6,"Eurostat prc_hicp_midx (CP093, unit I15, Index 2015=100)"
CZ,2013,7,95.4,"Eurostat prc_hicp_midx (CP093, unit I15, Index 2015=100)"
CZ,2013,8,95.7,"Eurostat prc_hicp_midx (CP093, unit I15, Index 2015=100)"
CZ,2013,9,96.3,"Eurostat prc_hicp_midx (CP093, unit I15, Index 2015=100)"
CZ,2013,10,97.2,"Eurostat prc_hicp_midx (CP093, unit I15, Index 2015=100)"
CZ,2013,11,97.2,"Eurostat prc_hicp_midx (CP093, unit I15, Index 2015=100)"
CZ,2013,12,97.1,"Eurostat prc_hicp_midx (CP093, unit I15, Index 2015=100)"
CZ,2014,1,97.1,"Eurostat prc_hicp_midx (CP093, unit I15, Index 2015=100)"
CZ,2014,2,97.4,"Eurostat prc_hicp_midx (CP093, unit I15, Index 2015=100)"
CZ,2014,3,97.5,"Eurostat prc_hicp_midx (CP093, unit I15, Index 2015=100)"
CZ,2014,4,98.6,"Eurostat prc_hicp_midx (CP093, unit I15, Index 2015=100)"
CZ,2014,5,99.0,"Eurostat prc_hicp_midx (CP093, unit I15, Index 2015=100)"
CZ,2014,6,99.0,"Eurostat prc_hicp_midx (CP093, unit I15, Index 2015=100)"
CZ,2014,7,98.1,"Eurostat prc_hicp_midx (CP093, unit I15, Index 2015=100)"
CZ,2014,8,98.3,"Eurostat prc_hicp_midx (CP093, unit I15, Index 2015=100)"
CZ,2014,9,98.2,"Eurostat prc_hicp_midx (CP093, unit I15, Index 2015=100)"
CZ,2014,10,98.3,"Eurostat prc_hicp_midx (CP093, unit I15, Index 2015=100)"
CZ,2014,11,99.1,"Eurostat prc_hicp_midx (CP093, unit I15, Index 2015=100)"
CZ,2014,12,99.8,"Eurostat prc_hicp_midx (CP093, unit I15, Index 2015=100)"
CZ,2015,1,99.4,"Eurostat prc_hicp_midx (CP093, unit I15, Index 2015=100)"
CZ,2015,2,99.8,"Eurostat prc_hicp_midx (CP093, unit I15, Index 2015=100)"
CZ,2015,3,99.6,"Eurostat prc_hicp_midx (CP093, unit I15, Index 2015=100)"
CZ,2015,4,100.4,"Eurostat prc_hicp_midx (CP093, unit I15, Index 2015=100)"
CZ,2015,5,100.6,"Eurostat prc_hicp_midx (CP093, unit I15, Index 2015=100)"
CZ,2015,6,100.0,"Eurostat prc_hicp_midx (CP093, unit I15, Index 2015=100)"
CZ,2015,7,100.1,"Eurostat prc_hicp_midx (CP093, unit I15, Index 2015=100)"
CZ,2015,8,99.6,"Eurostat prc_hicp_midx (CP093, unit I15, Index 2015=100)"
CZ,2015,9,99.8,"Eurostat prc_hicp_midx (CP093, unit I15, Index 2015=100)"
CZ,2015,10,99.7,"Eurostat prc_hicp_midx (CP093, unit I15, Index 2015=100)"
CZ,2015,11,99.6,"Eurostat prc_hicp_midx (CP093, unit I15, Index 2015=100)"
CZ,2015,12,101.4,"Eurostat prc_hicp_midx (CP093, unit I15, Index 2015=100)"
CZ,2016,1,101.7,"Eurostat prc_hicp_midx (CP093, unit I15, Index 2015=100)"
CZ,2016,2,100.8,"Eurostat prc_hicp_midx (CP093, unit I15, Index 2015=100)"
CZ,2016,3,101.9,"Eurostat prc_hicp_midx (CP093, unit I15, Index 2015=100)"
CZ,2016,4,102.4,"Eurostat prc_hicp_midx (CP093, unit I15, Index 2015=100)"
CZ,2016,5,103.2,"Eurostat prc_hicp_midx (CP093, unit I15, Index 2015=100)"
CZ,2016,6,104.2,"Eurostat prc_hicp_midx (CP093, unit I15, Index 2015=100)"
CZ,2016,7,103.4,"Eurostat prc_hicp_midx (CP093, unit I15, Index 2015=100)"
CZ,2016,8,103.1,"Eurostat prc_hicp_midx (CP093, unit I15, Index 2015=100)"
CZ,2016,9,103.3,"Eurostat prc_hicp_midx (CP093, unit I15, Index 2015=100)"
CZ,2016,10,103.0,"Eurostat prc_hicp_midx (CP093, unit I15, Index 2015=100)"
CZ,2016,11,103.1,"Eurostat prc_hicp_midx (CP093, unit I15, Index 2015=100)"
CZ,2016,12,103.7,"Eurostat prc_hicp_midx (CP093, unit I15, Index 2015=100)"
CZ,2017,1,103.5,"Eurostat prc_hicp_midx (CP093, unit I15, Index 2015=100)"
CZ,2017,2,104.3,"Eurostat prc_hicp_midx (CP093, unit I15, Index 2015=100)"
CZ,2017,3,104.8,"Eurostat prc_hicp_midx (CP093, unit I15, Index 2015=100)"
CZ,2017,4,104.9,"Eurostat prc_hicp_midx (CP093, unit I15, Index 2015=100)"
CZ,2017,5,105.8,"Eurostat prc_hicp_midx (CP093, unit I15, Index 2015=100)"
CZ,2017,6,104.8,"Eurostat prc_hicp_midx (CP093, unit I15, Index 2015=100)"
CZ,2017,7,104.2,"Eurostat prc_hicp_midx (CP093, unit I15, Index 2015=100)"
CZ,2017,8,104.5,"Eurostat prc_hicp_midx (CP093, unit I15, Index 2015=100)"
CZ,2017,9,104.1,"Eurostat prc_hicp_midx (CP093, unit I15, Index 2015=100)"
CZ,2017,10,103.9,"Eurostat prc_hicp_midx (CP093, unit I15, Index 2015=100)"
CZ,2017,11,104.6,"Eurostat prc_hicp_midx (CP093, unit I15, Index 2015=100)"
CZ,2017,12,103.8,"Eurostat prc_hicp_midx (CP093, unit I15, Index 2015=100)"
CZ,2018,1,104.2,"Eurostat prc_hicp_midx (CP093, unit I15, Index 2015=100)"
CZ,2018,2,105.5,"Eurostat prc_hicp_midx (CP093, unit I15, Index 2015=100)"
CZ,2018,3,105.5,"Eurostat prc_hicp_midx (CP093, unit I15, Index 2015=100)"
CZ,2018,4,105.4,"Eurostat prc_hicp_midx (CP093, unit I15, Index 2015=100)"
CZ,2018,5,105.4,"Eurostat prc_hicp_midx (CP093, unit I15, Index 2015=100)"
CZ,2018,6,105.4,"Eurostat prc_hicp_midx (CP093, unit I15, Index 2015=100)"
CZ,2018,7,105.3,"Eurostat prc_hicp_midx (CP093, unit I15, Index 2015=100)"
CZ,2018,8,104.5,"Eurostat prc_hicp_midx (CP093, unit I15, Index 2015=100)"
CZ,2018,9,105.2,"Eurostat prc_hicp_midx (CP093, unit I15, Index 2015=100)"
CZ,2018,10,104.6,"Eurostat prc_hicp_midx (CP093, unit I15, Index 2015=100)"
CZ,2018,11,104.0,"Eurostat prc_hicp_midx (CP093, unit I15, Index 2015=100)"
CZ,2018,12,104.8,"Eurostat prc_hicp_midx (CP093, unit I15, Index 2015=100)"
CZ,2019,1,104.8,"Eurostat prc_hicp_midx (CP093, unit I15, Index 2015=100)"
CZ,2019,2,105.8,"Eurostat prc_hicp_midx (CP093, unit I15, Index 2015=100)"
CZ,2019,3,105.6,"Eurostat prc_hicp_midx (CP093, unit I15, Index 2015=100)"
CZ,2019,4,105.9,"Eurostat prc_hicp_midx (CP093, unit I15, Index 2015=100)"
CZ,2019,5,106.6,"Eurostat prc_hicp_midx (CP093, unit I15, Index 2015=100)"
CZ,2019,6,105.8,"Eurostat prc_hicp_midx (CP093, unit I15, Index 2015=100)"
CZ,2019,7,104.8,"Eurostat prc_hicp_midx (CP093, unit I15, Index 2015=100)"
CZ,2019,8,103.9,"Eurostat prc_hicp_midx (CP093, unit I15, Index 2015=100)"
CZ,2019,9,104.8,"Eurostat prc_hicp_midx (CP093, unit I15, Index 2015=100)"
CZ,2019,10,105.3,"Eurostat prc_hicp_midx (CP093, unit I15, Index 2015=100)"
CZ,2019,11,105.2,"Eurostat prc_hicp_midx (CP093, unit I15, Index 2015=100)"
CZ,2019,12,104.9,"Eurostat prc_hicp_midx (CP093, unit I15, Index 2015=100)"
CZ,2020,1,105.8,"Eurostat prc_hicp_midx (CP093, unit I15, Index 2015=100)"
CZ,2020,2,107.0,"Eurostat prc_hicp_midx (CP093, unit I15, Index 2015=100)"
CZ,2020,3,106.6,"Eurostat prc_hicp_midx (CP093, unit I15, Index 2015=100)"
CZ,2020,4,106.1,"Eurostat prc_hicp_midx (CP093, unit I15, Index 2015=100)"
CZ,2020,5,105.7,"Eurostat prc_hicp_midx (CP093, unit I15, Index 2015=100)"
CZ,2020,6,106.4,"Eurostat prc_hicp_midx (CP093, unit I15, Index 2015=100)"
CZ,2020,7,107.9,"Eurostat prc_hicp_midx (CP093, unit I15, Index 2015=100)"
CZ,2020,8,107.2,"Eurostat prc_hicp_midx (CP093, unit I15, Index 2015=100)"
CZ,2020,9,107.2,"Eurostat prc_hicp_midx (CP093, unit I15, Index 2015=100)"
CZ,2020,10,107.6,"Eurostat prc_hicp_midx (CP093, unit I15, Index 2015=100)"
CZ,2020,11,108.5,"Eurostat prc_hicp_midx (CP093, unit I15, Index 2015=100)"
CZ,2020,12,108.5,"Eurostat prc_hicp_midx (CP093, unit I15, Index 2015=100)"
CZ,2021,1,107.5,"Eurostat prc_hicp_midx (CP093, unit I15, Index 2015=100)"
CZ,2021,2,107.8,"Eurostat prc_hicp_midx (CP093, unit I15, Index 2015=100)"
CZ,2021,3,107.6,"Eurostat prc_hicp_midx (CP093, unit I15, Index 2015=100)"
CZ,2021,4,109.2,"Eurostat prc_hicp_midx (CP093, unit I15, Index 2015=100)"
CZ,2021,5,110.1,"Eurostat prc_hicp_midx (CP093, unit I15, Index 2015=100)"
CZ,2021,6,111.9,"Eurostat prc_hicp_midx (CP093, unit I15, Index 2015=100)"
CZ,2021,7,111.5,"Eurostat prc_hicp_midx (CP093, unit I15, Index 2015=100)"
CZ,2021,8,112.3,"Eurostat prc_hicp_midx (CP093, unit I15, Index 2015=100)"
CZ,2021,9,114.0,"Eurostat prc_hicp_midx (CP093, unit I15, Index 2015=100)"
CZ,2021,10,115.2,"Eurostat prc_hicp_midx (CP093, unit I15, Index 2015=100)"
CZ,2021,11,116.6,"Eurostat prc_hicp_midx (CP093, unit I15, Index 2015=100)"
CZ,2021,12,117.5,"Eurostat prc_hicp_midx (CP093, unit I15, Index 2015=100)"
CZ,2022,1,119.0,"Eurostat prc_hicp_midx (CP093, unit I15, Index 2015=100)"
CZ,2022,2,122.6,"Eurostat prc_hicp_midx (CP093, unit I15, Index 2015=100)"
CZ,2022,3,124.4,"Eurostat prc_hicp_midx (CP093, unit I15, Index 2015=100)"
CZ,2022,4,125.8,"Eurostat prc_hicp_midx (CP093, unit I15, Index 2015=100)"
CZ,2022,5,127.7,"Eurostat prc_hicp_midx (CP093, unit I15, Index 2015=100)"
CZ,2022,6,130.9,"Eurostat prc_hicp_midx (CP093, unit I15, Index 2015=100)"
CZ,2022,7,131.0,"Eurostat prc_hicp_midx (CP093, unit I15, Index 2015=100)"
CZ,2022,8,132.3,"Eurostat prc_hicp_midx (CP093, unit I15, Index 2015=100)"
CZ,2022,9,134.9,"Eurostat prc_hicp_midx (CP093, unit I15, Index 2015=100)"
CZ,2022,10,136.5,"Eurostat prc_hicp_midx (CP093, unit I15, Index 2015=100)"
CZ,2022,11,137.8,"Eurostat prc_hicp_midx (CP093, unit I15, Index 2015=100)"
CZ,2022,12,138.8,"Eurostat prc_hicp_midx (CP093, unit I15, Index 2015=100)"
CZ,2023,1,140.1,"Eurostat prc_hicp_midx (CP093, unit I15, Index 2015=100)"
CZ,2023,2,143.9,"Eurostat prc_hicp_midx (CP093, unit I15, Index 2015=100)"
CZ,2023,3,145.1,"Eurostat prc_hicp_midx (CP093, unit I15, Index 2015=100)"
CZ,2023,4,145.4,"Eurostat prc_hicp_midx (CP093, unit I15, Index 2015=100)"
CZ,2023,5,145.5,"Eurostat prc_hicp_midx (CP093, unit I15, Index 2015=100)"
CZ,2023,6,146.2,"Eurostat prc_hicp_midx (CP093, unit I15, Index 2015=100)"
CZ,2023,7,145.3,"Eurostat prc_hicp_midx (CP093, unit I15, Index 2015=100)"
CZ,2023,8,144.3,"Eurostat prc_hicp_midx (CP093, unit I15, Index 2015=100)"
CZ,2023,9,145.7,"Eurostat prc_hicp_midx (CP093, unit I15, Index 2015=100)"
CZ,2023,10,144.7,"Eurostat prc_hicp_midx (CP093, unit I15, Index 2015=100)"
CZ,2023,11,146.0,"Eurostat prc_hicp_midx (CP093, unit I15, Index 2015=100)"
CZ,2023,12,145.0,"Eurostat prc_hicp_midx (CP093, unit I15, Index 2015=100)"
CZ,2024,1,145.1,"Eurostat prc_hicp_midx (CP093, unit I15, Index 2015=100)"
CZ,2024,2,146.3,"Eurostat prc_hicp_midx (CP093, unit I15, Index 2015=100)"
CZ,2024,3,146.0,"Eurostat prc_hicp_midx (CP093, unit I15, Index 2015=100)"
CZ,2024,4,147.4,"Eurostat prc_hicp_midx (CP093, unit I15, Index 2015=100)"
CZ,2024,5,147.3,"Eurostat prc_hicp_midx (CP093, unit I15, Index 2015=100)"
CZ,2024,6,147.1,"Eurostat prc_hicp_midx (CP093, unit I15, Index 2015=100)"
CZ,2024,7,146.3,"Eurostat prc_hicp_midx (CP093, unit I15, Index 2015=100)"
CZ,2024,8,146.0,"Eurostat prc_hicp_midx (CP093, unit I15, Index 2015=100)"
CZ,2024,9,146.2,"Eurostat prc_hicp_midx (CP093, unit I15, Index 2015=100)"
CZ,2024,10,146.7,"Eurostat prc_hicp_midx (CP093, unit I15, Index 2015=100)"
CZ,2024,11,146.2,"Eurostat prc_hicp_midx (CP093, unit I15, Index 2015=100)"
CZ,2024,12,146.4,"Eurostat prc_hicp_midx (CP093, unit I15, Index 2015=100)"
DK,2010,1,104.0,"Eurostat prc_hicp_midx (CP093, unit I15, Index 2015=100)"
DK,2010,2,104.8,"Eurostat prc_hicp_midx (CP093, unit I15, Index 2015=100)"
DK,2010,3,103.9,"Eurostat prc_hicp_midx (CP093, unit I15, Index 2015=100)"
DK,2010,4,104.2,"Eurostat prc_hicp_midx (CP093, unit I15, Index 2015=100)"
DK,2010,5,105.0,"Eurostat prc_hicp_midx (CP093, unit I15, Index 2015=100)"
DK,2010,6,103.8,"Eurostat prc_hicp_midx (CP093, unit I15, Index 2015=100)"
DK,2010,7,102.8,"Eurostat prc_hicp_midx (CP093, unit I15, Index 2015=100)"
DK,2010,8,102.8,"Eurostat prc_hicp_midx (CP093, unit I15, Index 2015=100)"
DK,2010,9,102.9,"Eurostat prc_hicp_midx (CP093, unit I15, Index 2015=100)"
DK,2010,10,102.9,"Eurostat prc_hicp_midx (CP093, unit I15, Index 2015=100)"
DK,2010,11,102.8,"Eurostat prc_hicp_midx (CP093, unit I15, Index 2015=100)"
DK,2010,12,102.9,"Eurostat prc_hicp_midx (CP093, unit I15, Index 2015=100)"
DK,2011,1,103.0,"Eurostat prc_hicp_midx (CP093, unit I15, Index 2015=100)"
DK,2011,2,103.5,"Eurostat prc_hicp_midx (CP093, unit I15, Index 2015=100)"
DK,2011,3,103.1,"Eurostat prc_hicp_midx (CP093, unit I15, Index 2015=100)"
DK,2011,4,103.4,"Eurostat prc_hicp_midx (CP093, unit I15, Index 2015=100)"
DK,2011,5,104.4,"Eurostat prc_hicp_midx (CP093, unit I15, Index 2015=100)"
DK,2011,6,103.5,"Eurostat prc_hicp_midx (CP093, unit I15, Index 2015=100)"
DK,2011,7,103.1,"Eurostat prc_hicp_midx (CP093, unit I15, Index 2015=100)"
DK,2011,8,102.8,"Eurostat prc_hicp_midx (CP093, unit I15, Index 2015=100)"
DK,2011,9,102.4,"Eurostat prc_hicp_midx (CP093, unit I15, Index 2015=100)"
DK,2011,10,102.8,"Eurostat prc_hicp_midx (CP093, unit I15, Index 2015=100)"
DK,2011,11,102.1,"Eurostat prc_hicp_midx (CP093, unit I15, Index 2015=100)"
DK,2011,12,102.6,"Eurostat prc_hicp_midx (CP093, unit I15, Index 2015=100)"
DK,2012,1,102.9,"Eurostat prc_hicp_midx (CP093, unit I15, Index 2015=100)"
DK,2012,2,103.3,"Eurostat prc_hicp_midx (CP093, unit I15, Index 2015=100)"
DK,2012,3,103.0,"Eurostat prc_hicp_midx (CP093, unit I15, Index 2015=100)"
DK,2012,4,103.2,"Eurostat prc_hicp_midx (CP093, unit I15, Index 2015=100)"
DK,2012,5,103.3,"Eurostat prc_hicp_midx (CP093, unit I15, Index 2015=100)"
DK,2012,6,103.1,"Eurostat prc_hicp_midx (CP093, unit I15, Index 2015=100)"
DK,2012,7,103.1,"Eurostat prc_hicp_midx (CP093, unit I15, Index 2015=100)"
DK,2012,8,103.8,"Eurostat prc_hicp_midx (CP093, unit I15, Index 2015=100)"
DK,2012,9,103.4,"Eurostat prc_hicp_midx (CP093, unit I15, Index 2015=100)"
DK,2012,10,102.9,"Eurostat prc_hicp_midx (CP093, unit I15, Index 2015=100)"
DK,2012,11,102.9,"Eurostat prc_hicp_midx (CP093, unit I15, Index 2015=100)"
DK,2012,12,103.1,"Eurostat prc_hicp_midx (CP093, unit I15, Index 2015=100)"
DK,2013,1,102.6,"Eurostat prc_hicp_midx (CP093, unit I15, Index 2015=100)"
DK,2013,2,103.4,"Eurostat prc_hicp_midx (CP093, unit I15, Index 2015=100)"
DK,2013,3,102.7,"Eurostat prc_hicp_midx (CP093, unit I15, Index 2015=100)"
DK,2013,4,102.8,"Eurostat prc_hicp_midx (CP093, unit I15, Index 2015=100)"
DK,2013,5,103.3,"Eurostat prc_hicp_midx (CP093, unit I15, Index 2015=100)"
DK,2013,6,103.3,"Eurostat prc_hicp_midx (CP093, unit I15, Index 2015=100)"
DK,2013,7,102.1,"Eurostat prc_hicp_midx (CP093, unit I15, Index 2015=100)"
DK,2013,8,101.3,"Eurostat prc_hicp_midx (CP093, unit I15, Index 2015=100)"
DK,2013,9,101.6,"Eurostat prc_hicp_midx (CP093, unit I15, Index 2015=100)"
DK,2013,10,101.5,"Eurostat prc_hicp_midx (CP093, unit I15, Index 2015=100)"
DK,2013,11,101.2,"Eurostat prc_hicp_midx (CP093, unit I15, Index 2015=100)"
DK,2013,12,101.1,"Eurostat prc_hicp_midx (CP093, unit I15, Index 2015=100)"
DK,2014,1,100.7,"Eurostat prc_hicp_midx (CP093, unit I15, Index 2015=100)"
DK,2014,2,100.7,"Eurostat prc_hicp_midx (CP093, unit I15, Index 2015=100)"
DK,2014,3,101.3,"Eurostat prc_hicp_midx (CP093, unit I15, Index 2015=100)"
DK,2014,4,100.8,"Eurostat prc_hicp_midx (CP093, unit I15, Index 2015=100)"
DK,2014,5,101.6,"Eurostat prc_hicp_midx (CP093, unit I15, Index 2015=100)"
DK,2014,6,101.7,"Eurostat prc_hicp_midx (CP093, unit I15, Index 2015=100)"
DK,2014,7,100.4,"Eurostat prc_hicp_midx (CP093, unit I15, Index 2015=100)"
DK,2014,8,100.1,"Eurostat prc_hicp_midx (CP093, unit I15, Index 2015=100)"
DK,2014,9,101.1,"Eurostat prc_hicp_midx (CP093, unit I15, Index 2015=100)"
DK,2014,10,101.6,"Eurostat prc_hicp_midx (CP093, unit I15, Index 2015=100)"
DK,2014,11,101.0,"Eurostat prc_hicp_midx (CP093, unit I15, Index 2015=100)"
DK,2014,12,100.4,"Eurostat prc_hicp_midx (CP093, unit I15, Index 2015=100)"
DK,2015,1,101.1,"Eurostat prc_hicp_midx (CP093, unit I15, Index 2015=100)"
DK,2015,2,100.2,"Eurostat prc_hicp_midx (CP093, unit I15, Index 2015=100)"
DK,2015,3,101.3,"Eurostat prc_hicp_midx (CP093, unit I15, Index 2015=100)"
DK,2015,4,101.3,"Eurostat prc_hicp_midx (CP093, unit I15, Index 2015=100)"
DK,2015,5,101.6,"Eurostat prc_hicp_midx (CP093, unit I15, Index 2015=100)"
DK,2015,6,99.4,"Eurostat prc_hicp_midx (CP093, unit I15, Index 2015=100)"
DK,2015,7,99.0,"Eurostat prc_hicp_midx (CP093, unit I15, Index 2015=100)"
DK,2015,8,99.1,"Eurostat prc_hicp_midx (CP093, unit I15, Index 2015=100)"
DK,2015,9,99.4,"Eurostat prc_hicp_midx (CP093, unit I15, Index 2015=100)"
DK,2015,10,99.3,"Eurostat prc_hicp_midx (CP093, unit I15, Index 2015=100)"
DK,2015,11,99.3,"Eurostat prc_hicp_midx (CP093, unit I15, Index 2015=100)"
DK,2015,12,99.0,"Eurostat prc_hicp_midx (CP093, unit I15, Index 2015=100)"
DK,2016,1,100.1,"Eurostat prc_hicp_midx (CP093, unit I15, Index 2015=100)"
DK,2016,2,99.5,"Eurostat prc_hicp_midx (CP093, unit I15, Index 2015=100)"
DK,2016,3,100.7,"Eurostat prc_hicp_midx (CP093, unit I15, Index 2015=100)"
DK,2016,4,101.2,"Eurostat prc_hicp_midx (CP093, unit I15, Index 2015=100)"
DK,2016,5,101.8,"Eurostat prc_hicp_midx (CP093, unit I15, Index 2015=100)"
DK,2016,6,100.8,"Eurostat prc_hicp_midx (CP093, unit I15, Index 2015=100)"
DK,2016,7,101.6,"Eurostat prc_hicp_midx (CP093, unit I15, Index 2015=100)"
DK,2016,8,100.6,"Eurostat prc_hicp_midx (CP093, unit I15, Index 2015=100)"
DK,2016,9,101.8,"Eurostat prc_hicp_midx (CP093, unit I15, Index 2015=100)"
DK,2016,10,102.4,"Eurostat prc_hicp_midx (CP093, unit I15, Index 2015=100)"
DK,2016,11,102.0,"Eurostat prc_hicp_midx (CP093, unit I15, Index 2015=100)"
DK,2016,12,101.6,"Eurostat prc_hicp_midx (CP093, unit I15, Index 2015=100)"
DK,2017,1,101.7,"Eurostat prc_hicp_midx (CP093, unit I15, Index 2015=100)"
DK,2017,2,102.0,"Eurostat prc_hicp_midx (CP093, unit I15, Index 2015=100)"
DK,2017,3,101.9,"Eurostat prc_hicp_midx (CP093, unit I15, Index 2015=100)"
DK,2017,4,101.0,"Eurostat prc_hicp_midx (CP093, unit I15, Index 2015=100)"
DK,2017,5,101.2,"Eurostat prc_hicp_midx (CP093, unit I15, Index 2015=100)"
DK,2017,6,101.8,"Eurostat prc_hicp_midx (CP093, unit I15, Index 2015=100)"
DK,2017,7,101.4,"Eurostat prc_hicp_midx (CP093, unit I15, Index 2015=100)"
DK,2017,8,100.6,"Eurostat prc_hicp_midx (CP093, unit I15, Index 2015=100)"
DK,2017,9,100.7,"Eurostat prc_hicp_midx (CP093, unit I15, Index 2015=100)"
DK,2017,10,100.2,"Eurostat prc_hicp_midx (CP093, unit I15, Index 2015=100)"
DK,2017,11,100.8,"Eurostat prc_hicp_midx (CP093, unit I15, Index 2015=100)"
DK,2017,12,100.9,"Eurostat prc_hicp_midx (CP093, unit I15, Index 2015=100)"
DK,2018,1,101.0,"Eurostat prc_hicp_midx (CP093, unit I15, Index 2015=100)"
DK,2018,2,101.2,"Eurostat prc_hicp_midx (CP093, unit I15, Index 2015=100)"
DK,2018,3,100.6,"Eurostat prc_hicp_midx (CP093, unit I15, Index 2015=100)"
DK,2018,4,100.4,"Eurostat prc_hicp_midx (CP093, unit I15, Index 2015=100)"
DK,2018,5,100.3,"Eurostat prc_hicp_midx (CP093, unit I15, Index 2015=100)"
DK,2018,6,99.2,"Eurostat prc_hicp_midx (CP093, unit I15, Index 2015=100)"
DK,2018,7,99.3,"Eurostat prc_hicp_midx (CP093, unit I15, Index 2015=100)"
DK,2018,8,98.2,"Eurostat prc_hicp_midx (CP093, unit I15, Index 2015=100)"
DK,2018,9,99.0,"Eurostat prc_hicp_midx (CP093, unit I15, Index 2015=100)"
DK,2018,10,99.1,"Eurostat prc_hicp_midx (CP093, unit I15, Index 2015=100)"
DK,2018,11,98.9,"Eurostat prc_hicp_midx (CP093, unit I15, Index 2015=100)"
DK,2018,12,100.1,"Eurostat prc_hicp_midx (CP093, unit I15, Index 2015=100)"
DK,2019,1,104.3,"Eurostat prc_hicp_midx (CP093, unit I15, Index 2015=100)"
DK,2019,2,104.8,"Eurostat prc_hicp_midx (CP093, unit I15, Index 2015=100)"
DK,2019,3,104.4,"Eurostat prc_hicp_midx (CP093, unit I15, Index 2015=100)"
DK,2019,4,104.4,"Eurostat prc_hicp_midx (CP093, unit I15, Index 2015=100)"
DK,2019,5,104.8,"Eurostat prc_hicp_midx (CP093, unit I15, Index 2015=100)"
DK,2019,6,104.3,"Eurostat prc_hicp_midx (CP093, unit I15, Index 2015=100)"
DK,2019,7,104.8,"Eurostat prc_hicp_midx (CP093, unit I15, Index 2015=100)"
DK,2019,8,104.2,"Eurostat prc_hicp_midx (CP093, unit I15, Index 2015=100)"
DK,2019,9,104.6,"Eurostat prc_hicp_midx (CP093, unit I15, Index 2015=100)"
DK,2019,10,104.6,"Eurostat prc_hicp_midx (CP093, unit I15, Index 2015=100)"
DK,2019,11,104.6,"Eurostat prc_hicp_midx (CP093, unit I15, Index 2015=100)"
DK,2019,12,104.5,"Eurostat prc_hicp_midx (CP093, unit I15, Index 2015=100)"
DK,2020,1,105.8,"Eurostat prc_hicp_midx (CP093, unit I15, Index 2015=100)"
DK,2020,2,105.7,"Eurostat prc_hicp_midx (CP093, unit I15, Index 2015=100)"
DK,2020,3,105.8,"Eurostat prc_hicp_midx (CP093, unit I15, Index 2015=100)"
DK,2020,4,105.8,"Eurostat prc_hicp_midx (CP093, unit I15, Index 2015=100)"
DK,2020,5,106.4,"Eurostat prc_hicp_midx (CP093, unit I15, Index 2015=100)"
DK,2020,6,106.2,"Eurostat prc_hicp_midx (CP093, unit I15, Index 2015=100)"
DK,2020,7,106.0,"Eurostat prc_hicp_midx (CP093, unit I15, Index 2015=100)"
DK,2020,8,105.3,"Eurostat prc_hicp_midx (CP093, unit I15, Index 2015=100)"
DK,2020,9,105.1,"Eurostat prc_hicp_midx (CP093, unit I15, Index 2015=100)"
DK,2020,10,105.8,"Eurostat prc_hicp_midx (CP093, unit I15, Index 2015=100)"
DK,2020,11,106.1,"Eurostat prc_hicp_midx (CP093, unit I15, Index 2015=100)"
DK,2020,12,106.6,"Eurostat prc_hicp_midx (CP093, unit I15, Index 2015=100)"
DK,2021,1,106.5,"Eurostat prc_hicp_midx (CP093, unit I15, Index 2015=100)"
DK,2021,2,106.7,"Eurostat prc_hicp_midx (CP093, unit I15, Index 2015=100)"
DK,2021,3,107.3,"Eurostat prc_hicp_midx (CP093, unit I15, Index 2015=100)"
DK,2021,4,106.8,"Eurostat prc_hicp_midx (CP093, unit I15, Index 2015=100)"
DK,2021,5,107.2,"Eurostat prc_hicp_midx (CP093, unit I15, Index 2015=100)"
DK,2021,6,107.1,"Eurostat prc_hicp_midx (CP093, unit I15, Index 2015=100)"
DK,2021,7,105.7,"Eurostat prc_hicp_midx (CP093, unit I15, Index 2015=100)"
DK,2021,8,105.6,"Eurostat prc_hicp_midx (CP093, unit I15, Index 2015=100)"
DK,2021,9,106.5,"Eurostat prc_hicp_midx (CP093, unit I15, Index 2015=100)"
DK,2021,10,107.3,"Eurostat prc_hicp_midx (CP093, unit I15, Index 2015=100)"
DK,2021,11,107.0,"Eurostat prc_hicp_midx (CP093, unit I15, Index 2015=100)"
DK,2021,12,105.2,"Eurostat prc_hicp_midx (CP093, unit I15, Index 2015=100)"
DK,2022,1,107.4,"Eurostat prc_hicp_midx (CP093, unit I15, Index 2015=100)"
DK,2022,2,107.9,"Eurostat prc_hicp_midx (CP093, unit I15, Index 2015=100)"
DK,2022,3,108.1,"Eurostat prc_hicp_midx (CP093, unit I15, Index 2015=100)"
DK,2022,4,108.0,"Eurostat prc_hicp_midx (CP093, unit I15, Index 2015=100)"
DK,2022,5,109.2,"Eurostat prc_hicp_midx (CP093, unit I15, Index 2015=100)"
DK,2022,6,108.5,"Eurostat prc_hicp_midx (CP093, unit I15, Index 2015=100)"
DK,2022,7,110.0,"Eurostat prc_hicp_midx (CP093, unit I15, Index 2015=100)"
DK,2022,8,108.9,"Eurostat prc_hicp_midx (CP093, unit I15, Index 2015=100)"
DK,2022,9,109.8,"Eurostat prc_hicp_midx (CP093, unit I15, Index 2015=100)"
DK,2022,10,112.5,"Eurostat prc_hicp_midx (CP093, unit I15, Index 2015=100)"
DK,2022,11,114.3,"Eurostat prc_hicp_midx (CP093, unit I15, Index 2015=100)"
DK,2022,12,114.3,"Eurostat prc_hicp_midx (CP093, unit I15, Index 2015=100)"
DK,2023,1,113.4,"Eurostat prc_hicp_midx (CP093, unit I15, Index 2015=100)"
DK,2023,2,115.4,"Eurostat prc_hicp_midx (CP093, unit I15, Index 2015=100)"
DK,2023,3,114.2,"Eurostat prc_hicp_midx (CP093, unit I15, Index 2015=100)"
DK,2023,4,113.5,"Eurostat prc_hicp_midx (CP093, unit I15, Index 2015=100)"
DK,2023,5,113.2,"Eurostat prc_hicp_midx (CP093, unit I15, Index 2015=100)"
DK,2023,6,113.0,"Eurostat prc_hicp_midx (CP093, unit I15, Index 2015=100)"
DK,2023,7,113.6,"Eurostat prc_hicp_midx (CP093, unit I15, Index 2015=100)"
DK,2023,8,110.3,"Eurostat prc_hicp_midx (CP093, unit I15, Index 2015=100)"
DK,2023,9,111.3,"Eurostat prc_hicp_midx (CP093, unit I15, Index 2015=100)"
DK,2023,10,111.7,"Eurostat prc_hicp_midx (CP093, unit I15, Index 2015=100)"
DK,2023,11,112.0,"Eurostat prc_hicp_midx (CP093, unit I15, Index 2015=100)"
DK,2023,12,111.2,"Eurostat prc_hicp_midx (CP093, unit I15, Index 2015=100)"
DK,2024,1,111.5,"Eurostat prc_hicp_midx (CP093, unit I15, Index 2015=100)"
DK,2024,2,111.0,"Eurostat prc_hicp_midx (CP093, unit I15, Index 2015=100)"
DK,2024,3,111.0,"Eurostat prc_hicp_midx (CP093, unit I15, Index 2015=100)"
DK,2024,4,112.6,"Eurostat prc_hicp_midx (CP093, unit I15, Index 2015=100)"
DK,2024,5,112.6,"Eurostat prc_hicp_midx (CP093, unit I15, Index 2015=100)"
DK,2024,6,111.7,"Eurostat prc_hicp_midx (CP093, unit I15, Index 2015=100)"
DK,2024,7,111.6,"Eurostat prc_hicp_midx (CP093, unit I15, Index 2015=100)"
DK,2024,8,109.9,"Eurostat prc_hicp_midx (CP093, unit I15, Index 2015=100)"
DK,2024,9,111.8,"Eurostat prc_hicp_midx (CP093, unit I15, Index 2015=100)"
DK,2024,10,113.3,"Eurostat prc_hicp_midx (CP093, unit I15, Index 2015=100)"
DK,2024,11,113.5,"Eurostat prc_hicp_midx (CP093, unit I15, Index 2015=100)"
DK,2024,12,111.9,"Eurostat prc_hicp_midx (CP093, unit I15, Index 2015=100)"
DE,2010,1,95.5,"Eurostat prc_hicp_midx (CP093, unit I15, Index 2015=100)"
DE,2010,2,96.1,"Eurostat prc_hicp_midx (CP093, unit I15, Index 2015=100)"
DE,2010,3,95.3,"Eurostat prc_hicp_midx (CP093, unit I15, Index 2015=100)"
DE,2010,4,94.7,"Eurostat prc_hicp_midx (CP093, unit I15, Index 2015=100)"
DE,2010,5,95.3,"Eurostat prc_hicp_midx (CP093, unit I15, Index 2015=100)"
DE,2010,6,94.9,"Eurostat prc_hicp_midx (CP093, unit I15, Index 2015=100)"
DE,2010,7,94.4,"Eurostat prc_hicp_midx (CP093, unit I15, Index 2015=100)"
DE,2010,8,94.4,"Eurostat prc_hicp_midx (CP093, unit I15, Index 2015=100)"
DE,2010,9,94.9,"Eurostat prc_hicp_midx (CP093, unit I15, Index 2015=100)"
DE,2010,10,95.8,"Eurostat prc_hicp_midx (CP093, unit I15, Index 2015=100)"
DE,2010,11,96.4,"Eurostat prc_hicp_midx (CP093, unit I15, Index 2015=100)"
DE,2010,12,96.5,"Eurostat prc_hicp_midx (CP093, unit I15, Index 2015=100)"
DE,2011,1,96.1,"Eurostat prc_hicp_midx (CP093, unit I15, Index 2015=100)"
DE,2011,2,97.0,"Eurostat prc_hicp_midx (CP093, unit I15, Index 2015=100)"
DE,2011,3,96.9,"Eurostat prc_hicp_midx (CP093, unit I15, Index 2015=100)"
DE,2011,4,96.1,"Eurostat prc_hicp_midx (CP093, unit I15, Index 2015=100)"
DE,2011,5,96.5,"Eurostat prc_hicp_midx (CP093, unit I15, Index 2015=100)"
DE,2011,6,95.7,"Eurostat prc_hicp_midx (CP093, unit I15, Index 2015=100)"
DE,2011,7,95.5,"Eurostat prc_hicp_midx (CP093, unit I15, Index 2015=100)"
DE,2011,8,95.2,"Eurostat prc_hicp_midx (CP093, unit I15, Index 2015=100)"
DE,2011,9,95.5,"Eurostat prc_hicp_midx (CP093, unit I15, Index 2015=100)"
DE,2011,10,96.1,"Eurostat prc_hicp_midx (CP093, unit I15, Index 2015=100)"
DE,2011,11,97.0,"Eurostat prc_hicp_midx (CP093, unit I15, Index 2015=100)"
DE,2011,12,97.0,"Eurostat prc_hicp_midx (CP093, unit I15, Index 2015=100)"
DE,2012,1,97.2,"Eurostat prc_hicp_midx (CP093, unit I15, Index 2015=100)"
DE,2012,2,97.9,"Eurostat prc_hicp_midx (CP093, unit I15, Index 2015=100)"
DE,2012,3,97.4,"Eurostat prc_hicp_midx (CP093, unit I15, Index 2015=100)"
DE,2012,4,96.6,"Eurostat prc_hicp_midx (CP093, unit I15, Index 2015=100)"
DE,2012,5,97.3,"Eurostat prc_hicp_midx (CP093, unit I15, Index 2015=100)"
DE,2012,6,96.8,"Eurostat prc_hicp_midx (CP093, unit I15, Index 2015=100)"
DE,2012,7,96.6,"Eurostat prc_hicp_midx (CP093, unit I15, Index 2015=100)"
DE,2012,8,96.1,"Eurostat prc_hicp_midx (CP093, unit I15, Index 2015=100)"
DE,2012,9,97.0,"Eurostat prc_hicp_midx (CP093, unit I15, Index 2015=100)"
DE,2012,10,97.7,"Eurostat prc_hicp_midx (CP093, unit I15, Index 2015=100)"
DE,2012,11,98.2,"Eurostat prc_hicp_midx (CP093, unit I15, Index 2015=100)"
DE,2012,12,98.3,"Eurostat prc_hicp_midx (CP093, unit I15, Index 2015=100)"
DE,2013,1,98.4,"Eurostat prc_hicp_midx (CP093, unit I15, Index 2015=100)"
DE,2013,2,99.4,"Eurostat prc_hicp_midx (CP093, unit I15, Index 2015=100)"
DE,2013,3,99.1,"Eurostat prc_hicp_midx (CP093, unit I15, Index 2015=100)"
DE,2013,4,98.9,"Eurostat prc_hicp_midx (CP093, unit I15, Index 2015=100)"
DE,2013,5,99.6,"Eurostat prc_hicp_midx (CP093, unit I15, Index 2015=100)"
DE,2013,6,99.2,"Eurostat prc_hicp_midx (CP093, unit I15, Index 2015=100)"
DE,2013,7,98.9,"Eurostat prc_hicp_midx (CP093, unit I15, Index 2015=100)"
DE,2013,8,98.9,"Eurostat prc_hicp_midx (CP093, unit I15, Index 2015=100)"
DE,2013,9,98.9,"Eurostat prc_hicp_midx (CP093, unit I15, Index 2015=100)"
DE,2013,10,99.4,"Eurostat prc_hicp_midx (CP093, unit I15, Index 2015=100)"
DE,2013,11,100.2,"Eurostat prc_hicp_midx (CP093, unit I15, Index 2015=100)"
DE,2013,12,99.8,"Eurostat prc_hicp_midx (CP093, unit I15, Index 2015=100)"
DE,2014,1,99.7,"Eurostat prc_hicp_midx (CP093, unit I15, Index 2015=100)"
DE,2014,2,100.3,"Eurostat prc_hicp_midx (CP093, unit I15, Index 2015=100)"
DE,2014,3,99.8,"Eurostat prc_hicp_midx (CP093, unit I15, Index 2015=100)"
DE,2014,4,99.2,"Eurostat prc_hicp_midx (CP093, unit I15, Index 2015=100)"
DE,2014,5,100.0,"Eurostat prc_hicp_midx (CP093, unit I15, Index 2015=100)"
DE,2014,6,99.9,"Eurostat prc_hicp_midx (CP093, unit I15, Index 2015=100)"
DE,2014,7,99.7,"Eurostat prc_hicp_midx (CP093, unit I15, Index 2015=100)"
DE,2014,8,98.5,"Eurostat prc_hicp_midx (CP093, unit I15, Index 2015=100)"
DE,2014,9,99.8,"Eurostat prc_hicp_midx (CP093, unit I15, Index 2015=100)"
DE,2014,10,100.0,"Eurostat prc_hicp_midx (CP093, unit I15, Index 2015=100)"
DE,2014,11,100.7,"Eurostat prc_hicp_midx (CP093, unit I15, Index 2015=100)"
DE,2014,12,100.4,"Eurostat prc_hicp_midx (CP093, unit I15, Index 2015=100)"
DE,2015,1,99.0,"Eurostat prc_hicp_midx (CP093, unit I15, Index 2015=100)"
DE,2015,2,100.5,"Eurostat prc_hicp_midx (CP093, unit I15, Index 2015=100)"
DE,2015,3,100.2,"Eurostat prc_hicp_midx (CP093, unit I15, Index 2015=100)"
DE,2015,4,99.7,"Eurostat prc_hicp_midx (CP093, unit I15, Index 2015=100)"
DE,2015,5,100.3,"Eurostat prc_hicp_midx (CP093, unit I15, Index 2015=100)"
DE,2015,6,100.0,"Eurostat prc_hicp_midx (CP093, unit I15, Index 2015=100)"
DE,2015,7,99.8,"Eurostat prc_hicp_midx (CP093, unit I15, Index 2015=100)"
DE,2015,8,99.4,"Eurostat prc_hicp_midx (CP093, unit I15, Index 2015=100)"
DE,2015,9,99.8,"Eurostat prc_hicp_midx (CP093, unit I15, Index 2015=100)"
DE,2015,10,100.7,"Eurostat prc_hicp_midx (CP093, unit I15, Index 2015=100)"
DE,2015,11,100.5,"Eurostat prc_hicp_midx (CP093, unit I15, Index 2015=100)"
DE,2015,12,100.3,"Eurostat prc_hicp_midx (CP093, unit I15, Index 2015=100)"
DE,2016,1,99.9,"Eurostat prc_hicp_midx (CP093, unit I15, Index 2015=100)"
DE,2016,2,100.0,"Eurostat prc_hicp_midx (CP093, unit I15, Index 2015=100)"
DE,2016,3,100.0,"Eurostat prc_hicp_midx (CP093, unit I15, Index 2015=100)"
DE,2016,4,99.9,"Eurostat prc_hicp_midx (CP093, unit I15, Index 2015=100)"
DE,2016,5,100.6,"Eurostat prc_hicp_midx (CP093, unit I15, Index 2015=100)"
DE,2016,6,100.3,"Eurostat prc_hicp_midx (CP093, unit I15, Index 2015=100)"
DE,2016,7,100.2,"Eurostat prc_hicp_midx (CP093, unit I15, Index 2015=100)"
DE,2016,8,100.5,"Eurostat prc_hicp_midx (CP093, unit I15, Index 2015=100)"
DE,2016,9,100.8,"Eurostat prc_hicp_midx (CP093, unit I15, Index 2015=100)"
DE,2016,10,100.9,"Eurostat prc_hicp_midx (CP093, unit I15, Index 2015=100)"
DE,2016,11,101.3,"Eurostat prc_hicp_midx (CP093, unit I15, Index 2015=100)"
DE,2016,12,101.2,"Eurostat prc_hicp_midx (CP093, unit I15, Index 2015=100)"
DE,2017,1,101.0,"Eurostat prc_hicp_midx (CP093, unit I15, Index 2015=100)"
DE,2017,2,103.1,"Eurostat prc_hicp_midx (CP093, unit I15, Index 2015=100)"
DE,2017,3,102.9,"Eurostat prc_hicp_midx (CP093, unit I15, Index 2015=100)"
DE,2017,4,102.9,"Eurostat prc_hicp_midx (CP093, unit I15, Index 2015=100)"
DE,2017,5,103.4,"Eurostat prc_hicp_midx (CP093, unit I15, Index 2015=100)"
DE,2017,6,102.5,"Eurostat prc_hicp_midx (CP093, unit I15, Index 2015=100)"
DE,2017,7,102.3,"Eurostat prc_hicp_midx (CP093, unit I15, Index 2015=100)"
DE,2017,8,103.3,"Eurostat prc_hicp_midx (CP093, unit I15, Index 2015=100)"
DE,2017,9,103.2,"Eurostat prc_hicp_midx (CP093, unit I15, Index 2015=100)"
DE,2017,10,104.2,"Eurostat prc_hicp_midx (CP093, unit I15, Index 2015=100)"
DE,2017,11,104.8,"Eurostat prc_hicp_midx (CP093, unit I15, Index 2015=100)"
DE,2017,12,105.1,"Eurostat prc_hicp_midx (CP093, unit I15, Index 2015=100)"
DE,2018,1,105.5,"Eurostat prc_hicp_midx (CP093, unit I15, Index 2015=100)"
DE,2018,2,105.9,"Eurostat prc_hicp_midx (CP093, unit I15, Index 2015=100)"
DE,2018,3,105.4,"Eurostat prc_hicp_midx (CP093, unit I15, Index 2015=100)"
DE,2018,4,104.9,"Eurostat prc_hicp_midx (CP093, unit I15, Index 2015=100)"
DE,2018,5,105.4,"Eurostat prc_hicp_midx (CP093, unit I15, Index 2015=100)"
DE,2018,6,104.8,"Eurostat prc_hicp_midx (CP093, unit I15, Index 2015=100)"
DE,2018,7,104.5,"Eurostat prc_hicp_midx (CP093, unit I15, Index 2015=100)"
DE,2018,8,105.6,"Eurostat prc_hicp_midx (CP093, unit I15, Index 2015=100)"
DE,2018,9,105.9,"Eurostat prc_hicp_midx (CP093, unit I15, Index 2015=100)"
DE,2018,10,106.1,"Eurostat prc_hicp_midx (CP093, unit I15, Index 2015=100)"
DE,2018,11,105.9,"Eurostat prc_hicp_midx (CP093, unit I15, Index 2015=100)"
DE,2018,12,106.3,"Eurostat prc_hicp_midx (CP093, unit I15, Index 2015=100)"
DE,2019,1,106.8,"Eurostat prc_hicp_midx (CP093, unit I15, Index 2015=100)"
DE,2019,2,107.4,"Eurostat prc_hicp_midx (CP093, unit I15, Index 2015=100)"
DE,2019,3,106.9,"Eurostat prc_hicp_midx (CP093, unit I15, Index 2015=100)"
DE,2019,4,106.5,"Eurostat prc_hicp_midx (CP093, unit I15, Index 2015=100)"
DE,2019,5,107.5,"Eurostat prc_hicp_midx (CP093, unit I15, Index 2015=100)"
DE,2019,6,107.0,"Eurostat prc_hicp_midx (CP093, unit I15, Index 2015=100)"
DE,2019,7,106.9,"Eurostat prc_hicp_midx (CP093, unit I15, Index 2015=100)"
DE,2019,8,107.0,"Eurostat prc_hicp_midx (CP093, unit I15, Index 2015=100)"
DE,2019,9,107.0,"Eurostat prc_hicp_midx (CP093, unit I15, Index 2015=100)"
DE,2019,10,106.9,"Eurostat prc_hicp_midx (CP093, unit I15, Index 2015=100)"
DE,2019,11,107.2,"Eurostat prc_hicp_midx (CP093, unit I15, Index 2015=100)"
DE,2019,12,106.8,"Eurostat prc_hicp_midx (CP093, unit I15, Index 2015=100)"
DE,2020,1,106.9,"Eurostat prc_hicp_midx (CP093, unit I15, Index 2015=100)"
DE,2020,2,107.2,"Eurostat prc_hicp_midx (CP093, unit I15, Index 2015=100)"
DE,2020,3,107.2,"Eurostat prc_hicp_midx (CP093, unit I15, Index 2015=100)"
DE,2020,4,109.2,"Eurostat prc_hicp_midx (CP093, unit I15, Index 2015=100)"
DE,2020,5,108.9,"Eurostat prc_hicp_midx (CP093, unit I15, Index 2015=100)"
DE,2020,6,108.8,"Eurostat prc_hicp_midx (CP093, unit I15, Index 2015=100)"
DE,2020,7,106.7,"Eurostat prc_hicp_midx (CP093, unit I15, Index 2015=100)"
DE,2020,8,107.7,"Eurostat prc_hicp_midx (CP093, unit I15, Index 2015=100)"
DE,2020,9,107.8,"Eurostat prc_hicp_midx (CP093, unit I15, Index 2015=100)"
DE,2020,10,107.8,"Eurostat prc_hicp_midx (CP093, unit I15, Index 2015=100)"
DE,2020,11,107.2,"Eurostat prc_hicp_midx (CP093, unit I15, Index 2015=100)"
DE,2020,12,107.7,"Eurostat prc_hicp_midx (CP093, unit I15, Index 2015=100)"
DE,2021,1,108.8,"Eurostat prc_hicp_midx (CP093, unit I15, Index 2015=100)"
DE,2021,2,109.9,"Eurostat prc_hicp_midx (CP093, unit I15, Index 2015=100)"
DE,2021,3,109.2,"Eurostat prc_hicp_midx (CP093, unit I15, Index 2015=100)"
DE,2021,4,110.0,"Eurostat prc_hicp_midx (CP093, unit I15, Index 2015=100)"
DE,2021,5,110.8,"Eurostat prc_hicp_midx (CP093, unit I15, Index 2015=100)"
DE,2021,6,110.1,"Eurostat prc_hicp_midx (CP093, unit I15, Index 2015=100)"
DE,2021,7,110.7,"Eurostat prc_hicp_midx (CP093, unit I15, Index 2015=100)"
DE,2021,8,111.4,"Eurostat prc_hicp_midx (CP093, unit I15, Index 2015=100)"
DE,2021,9,111.4,"Eurostat prc_hicp_midx (CP093, unit I15, Index 2015=100)"
DE,2021,10,111.9,"Eurostat prc_hicp_midx (CP093, unit I15, Index 2015=100)"
DE,2021,11,112.4,"Eurostat prc_hicp_midx (CP093, unit I15, Index 2015=100)"
DE,2021,12,112.7,"Eurostat prc_hicp_midx (CP093, unit I15, Index 2015=100)"
DE,2022,1,113.6,"Eurostat prc_hicp_midx (CP093, unit I15, Index 2015=100)"
DE,2022,2,115.0,"Eurostat prc_hicp_midx (CP093, unit I15, Index 2015=100)"
DE,2022,3,115.0,"Eurostat prc_hicp_midx (CP093, unit I15, Index 2015=100)"
DE,2022,4,116.4,"Eurostat prc_hicp_midx (CP093, unit I15, Index 2015=100)"
DE,2022,5,116.8,"Eurostat prc_hicp_midx (CP093, unit I15, Index 2015=100)"
DE,2022,6,118.3,"Eurostat prc_hicp_midx (CP093, unit I15, Index 2015=100)"
DE,2022,7,117.5,"Eurostat prc_hicp_midx (CP093, unit I15, Index 2015=100)"
DE,2022,8,117.9,"Eurostat prc_hicp_midx (CP093, unit I15, Index 2015=100)"
DE,2022,9,119.0,"Eurostat prc_hicp_midx (CP093, unit I15, Index 2015=100)"
DE,2022,10,120.1,"Eurostat prc_hicp_midx (CP093, unit I15, Index 2015=100)"
DE,2022,11,122.4,"Eurostat prc_hicp_midx (CP093, unit I15, Index 2015=100)"
DE,2022,12,125.4,"Eurostat prc_hicp_midx (CP093, unit I15, Index 2015=100)"
DE,2023,1,126.7,"Eurostat prc_hicp_midx (CP093, unit I15, Index 2015=100)"
DE,2023,2,128.1,"Eurostat prc_hicp_midx (CP093, unit I15, Index 2015=100)"
DE,2023,3,129.1,"Eurostat prc_hicp_midx (CP093, unit I15, Index 2015=100)"
DE,2023,4,129.5,"Eurostat prc_hicp_midx (CP093, unit I15, Index 2015=100)"
DE,2023,5,129.9,"Eurostat prc_hicp_midx (CP093, unit I15, Index 2015=100)"
DE,2023,6,130.7,"Eurostat prc_hicp_midx (CP093, unit I15, Index 2015=100)"
DE,2023,7,130.6,"Eurostat prc_hicp_midx (CP093, unit I15, Index 2015=100)"
DE,2023,8,129.7,"Eurostat prc_hicp_midx (CP093, unit I15, Index 2015=100)"
DE,2023,9,130.3,"Eurostat prc_hicp_midx (CP093, unit I15, Index 2015=100)"
DE,2023,10,130.3,"Eurostat prc_hicp_midx (CP093, unit I15, Index 2015=100)"
DE,2023,11,130.6,"Eurostat prc_hicp_midx (CP093, unit I15, Index 2015=100)"
DE,2023,12,130.5,"Eurostat prc_hicp_midx (CP093, unit I15, Index 2015=100)"
DE,2024,1,130.3,"Eurostat prc_hicp_midx (CP093, unit I15, Index 2015=100)"
DE,2024,2,130.1,"Eurostat prc_hicp_midx (CP093, unit I15, Index 2015=100)"
DE,2024,3,130.2,"Eurostat prc_hicp_midx (CP093, unit I15, Index 2015=100)"
DE,2024,4,131.0,"Eurostat prc_hicp_midx (CP093, unit I15, Index 2015=100)"
DE,2024,5,130.4,"Eurostat prc_hicp_midx (CP093, unit I15, Index 2015=100)"
DE,2024,6,130.8,"Eurostat prc_hicp_midx (CP093, unit I15, Index 2015=100)"
DE,2024,7,131.4,"Eurostat prc_hicp_midx (CP093, unit I15, Index 2015=100)"
DE,2024,8,130.6,"Eurostat prc_hicp_midx (CP093, unit I15, Index 2015=100)"
DE,2024,9,132.0,"Eurostat prc_hicp_midx (CP093, unit I15, Index 2015=100)"
DE,2024,10,131.8,"Eurostat prc_hicp_midx (CP093, unit I15, Index 2015=100)"
DE,2024,11,131.3,"Eurostat prc_hicp_midx (CP093, unit I15, Index 2015=100)"
DE,2024,12,132.9,"Eurostat prc_hicp_midx (CP093, unit I15, Index 2015=100)"
EE,2010,1,86.63,"Eurostat prc_hicp_midx (CP093, unit I15, Index 2015=100)"
EE,2010,2,87.03,"Eurostat prc_hicp_midx (CP093, unit I15, Index 2015=100)"
EE,2010,3,86.55,"Eurostat prc_hicp_midx (CP093, unit I15, Index 2015=100)"
EE,2010,4,86.93,"Eurostat prc_hicp_midx (CP093, unit I15, Index 2015=100)"
EE,2010,5,86.92,"Eurostat prc_hicp_midx (CP093, unit I15, Index 2015=100)"
EE,2010,6,86.5,"Eurostat prc_hicp_midx (CP093, unit I15, Index 2015=100)"
EE,2010,7,86.25,"Eurostat prc_hicp_midx (CP093, unit I15, Index 2015=100)"
EE,2010,8,87.05,"Eurostat prc_hicp_midx (CP093, unit I15, Index 2015=100)"
EE,2010,9,87.83,"Eurostat prc_hicp_midx (CP093, unit I15, Index 2015=100)"
EE,2010,10,87.55,"Eurostat prc_hicp_midx (CP093, unit I15, Index 2015=100)"
EE,2010,11,86.7,"Eurostat prc_hicp_midx (CP093, unit I15, Index 2015=100)"
EE,2010,12,87.77,"Eurostat prc_hicp_midx (CP093, unit I15, Index 2015=100)"
EE,2011,1,88.35,"Eurostat prc_hicp_midx (CP093, unit I15, Index 2015=100)"
EE,2011,2,88.77,"Eurostat prc_hicp_midx (CP093, unit I15, Index 2015=100)"
EE,2011,3,88.49,"Eurostat prc_hicp_midx (CP093, unit I15, Index 2015=100)"
EE,2011,4,88.91,"Eurostat prc_hicp_midx (CP093, unit I15, Index 2015=100)"
EE,2011,5,89.42,"Eurostat prc_hicp_midx (CP093, unit I15, Index 2015=100)"
EE,2011,6,89.91,"Eurostat prc_hicp_midx (CP093, unit I15, Index 2015=100)"
EE,2011,7,91.21,"Eurostat prc_hicp_midx (CP093, unit I15, Index 2015=100)"
EE,2011,8,91.99,"Eurostat prc_hicp_midx (CP093, unit I15, Index 2015=100)"
EE,2011,9,92.49,"Eurostat prc_hicp_midx (CP093, unit I15, Index 2015=100)"
EE,2011,10,93.34,"Eurostat prc_hicp_midx (CP093, unit I15, Index 2015=100)"
EE,2011,11,93.26,"Eurostat prc_hicp_midx (CP093, unit I15, Index 2015=100)"
EE,2011,12,93.83,"Eurostat prc_hicp_midx (CP093, unit I15, Index 2015=100)"
EE,2012,1,94.09,"Eurostat prc_hicp_midx (CP093, unit I15, Index 2015=100)"
EE,2012,2,94.61,"Eurostat prc_hicp_midx (CP093, unit I15, Index 2015=100)"
EE,2012,3,95.68,"Eurostat prc_hicp_midx (CP093, unit I15, Index 2015=100)"
EE,2012,4,96.75,"Eurostat prc_hicp_midx (CP093, unit I15, Index 2015=100)"
EE,2012,5,97.11,"Eurostat prc_hicp_midx (CP093, unit I15, Index 2015=100)"
EE,2012,6,97.47,"Eurostat prc_hicp_midx (CP093, unit I15, Index 2015=100)"
EE,2012,7,97.64,"Eurostat prc_hicp_midx (CP093, unit I15, Index 2015=100)"
EE,2012,8,97.76,"Eurostat prc_hicp_midx (CP093, unit I15, Index 2015=100)"
EE,2012,9,97.73,"Eurostat prc_hicp_midx (CP093, unit I15, Index 2015=100)"
EE,2012,10,97.83,"Eurostat prc_hicp_midx (CP093, unit I15, Index 2015=100)"
EE,2012,11,97.63,"Eurostat prc_hicp_midx (CP093, unit I15, Index 2015=100)"
EE,2012,12,98.51,"Eurostat prc_hicp_midx (CP093, unit I15, Index 2015=100)"
EE,2013,1,98.0,"Eurostat prc_hicp_midx (CP093, unit I15, Index 2015=100)"
EE,2013,2,98.7,"Eurostat prc_hicp_midx (CP093, unit I15, Index 2015=100)"
EE,2013,3,99.17,"Eurostat prc_hicp_midx (CP093, unit I15, Index 2015=100)"
EE,2013,4,99.17,"Eurostat prc_hicp_midx (CP093, unit I15, Index 2015=100)"
EE,2013,5,99.35,"Eurostat prc_hicp_midx (CP093, unit I15, Index 2015=100)"
EE,2013,6,99.99,"Eurostat prc_hicp_midx (CP093, unit I15, Index 2015=100)"
EE,2013,7,99.5,"Eurostat prc_hicp_midx (CP093, unit I15, Index 2015=100)"
EE,2013,8,99.85,"Eurostat prc_hicp_midx (CP093, unit I15, Index 2015=100)"
EE,2013,9,100.45,"Eurostat prc_hicp_midx (CP093, unit I15, Index 2015=100)"
EE,2013,10,100.8,"Eurostat prc_hicp_midx (CP093, unit I15, Index 2015=100)"
EE,2013,11,100.74,"Eurostat prc_hicp_midx (CP093, unit I15, Index 2015=100)"
EE,2013,12,100.6,"Eurostat prc_hicp_midx (CP093, unit I15, Index 2015=100)"
EE,2014,1,100.15,"Eurostat prc_hicp_midx (CP093, unit I15, Index 2015=100)"
EE,2014,2,100.4,"Eurostat prc_hicp_midx (CP093, unit I15, Index 2015=100)"
EE,2014,3,100.44,"Eurostat prc_hicp_midx (CP093, unit I15, Index 2015=100)"
EE,2014,4,100.29,"Eurostat prc_hicp_midx (CP093, unit I15, Index 2015=100)"
EE,2014,5,100.94,"Eurostat prc_hicp_midx (CP093, unit I15, Index 2015=100)"
EE,2014,6,100.7,"Eurostat prc_hicp_midx (CP093, unit I15, Index 2015=100)"
EE,2014,7,100.6,"Eurostat prc_hicp_midx (CP093, unit I15, Index 2015=100)"
EE,2014,8,100.83,"Eurostat prc_hicp_midx (CP093, unit I15, Index 2015=100)"
EE,2014,9,101.49,"Eurostat prc_hicp_midx (CP093, unit I15, Index 2015=100)"
EE,2014,10,101.19,"Eurostat prc_hicp_midx (CP093, unit I15, Index 2015=100)"
EE,2014,11,100.6,"Eurostat prc_hicp_midx (CP093, unit I15, Index 2015=100)"
EE,2014,12,99.43,"Eurostat prc_hicp_midx (CP093, unit I15, Index 2015=100)"
EE,2015,1,100.51,"Eurostat prc_hicp_midx (CP093, unit I15, Index 2015=100)"
EE,2015,2,98.72,"Eurostat prc_hicp_midx (CP093, unit I15, Index 2015=100)"
EE,2015,3,99.84,"Eurostat prc_hicp_midx (CP093, unit I15, Index 2015=100)"
EE,2015,4,99.07,"Eurostat prc_hicp_midx (CP093, unit I15, Index 2015=100)"
EE,2015,5,100.47,"Eurostat prc_hicp_midx (CP093, unit I15, Index 2015=100)"
EE,2015,6,100.53,"Eurostat prc_hicp_midx (CP093, unit I15, Index 2015=100)"
EE,2015,7,100.21,"Eurostat prc_hicp_midx (CP093, unit I15, Index 2015=100)"
EE,2015,8,98.05,"Eurostat prc_hicp_midx (CP093, unit I15, Index 2015=100)"
EE,2015,9,100.22,"Eurostat prc_hicp_midx (CP093, unit I15, Index 2015=100)"
EE,2015,10,99.26,"Eurostat prc_hicp_midx (CP093, unit I15, Index 2015=100)"
EE,2015,11,101.39,"Eurostat prc_hicp_midx (CP093, unit I15, Index 2015=100)"
EE,2015,12,101.71,"Eurostat prc_hicp_midx (CP093, unit I15, Index 2015=100)"
EE,2016,1,102.19,"Eurostat prc_hicp_midx (CP093, unit I15, Index 2015=100)"
EE,2016,2,102.25,"Eurostat prc_hicp_midx (CP093, unit I15, Index 2015=100)"
EE,2016,3,102.77,"Eurostat prc_hicp_midx (CP093, unit I15, Index 2015=100)"
EE,2016,4,102.59,"Eurostat prc_hicp_midx (CP093, unit I15, Index 2015=100)"
EE,2016,5,103.47,"Eurostat prc_hicp_midx (CP093, unit I15, Index 2015=100)"
EE,2016,6,103.64,"Eurostat prc_hicp_midx (CP093, unit I15, Index 2015=100)"
EE,2016,7,103.21,"Eurostat prc_hicp_midx (CP093, unit I15, Index 2015=100)"
EE,2016,8,103.39,"Eurostat prc_hicp_midx (CP093, unit I15, Index 2015=100)"
EE,2016,9,103.16,"Eurostat prc_hicp_midx (CP093, unit I15, Index 2015=100)"
EE,2016,10,103.49,"Eurostat prc_hicp_midx (CP093, unit I15, Index 2015=100)"
EE,2016,11,102.81,"Eurostat prc_hicp_midx (CP093, unit I15, Index 2015=100)"
EE,2016,12,102.72,"Eurostat prc_hicp_midx (CP093, unit I15, Index 2015=100)"
EE,2017,1,103.56,"Eurostat prc_hicp_midx (CP093, unit I15, Index 2015=100)"
EE,2017,2,103.95,"Eurostat prc_hicp_midx (CP093, unit I15, Index 2015=100)"
EE,2017,3,104.74,"Eurostat prc_hicp_midx (CP093, unit I15, Index 2015=100)"
EE,2017,4,104.25,"Eurostat prc_hicp_midx (CP093, unit I15, Index 2015=100)"
EE,2017,5,104.5,"Eurostat prc_hicp_midx (CP093, unit I15, Index 2015=100)"
EE,2017,6,104.71,"Eurostat prc_hicp_midx (CP093, unit I15, Index 2015=100)"
EE,2017,7,104.6,"Eurostat prc_hicp_midx (CP093, unit I15, Index 2015=100)"
EE,2017,8,104.58,"Eurostat prc_hicp_midx (CP093, unit I15, Index 2015=100)"
EE,2017,9,105.0,"Eurostat prc_hicp_midx (CP093, unit I15, Index 2015=100)"
EE,2017,10,105.16,"Eurostat prc_hicp_midx (CP093, unit I15, Index 2015=100)"
EE,2017,11,105.43,"Eurostat prc_hicp_midx (CP093, unit I15, Index 2015=100)"
EE,2017,12,105.37,"Eurostat prc_hicp_midx (CP093, unit I15, Index 2015=100)"
EE,2018,1,105.37,"Eurostat prc_hicp_midx (CP093, unit I15, Index 2015=100)"
EE,2018,2,107.31,"Eurostat prc_hicp_midx (CP093, unit I15, Index 2015=100)"
EE,2018,3,106.73,"Eurostat prc_hicp_midx (CP093, unit I15, Index 2015=100)"
EE,2018,4,106.9,"Eurostat prc_hicp_midx (CP093, unit I15, Index 2015=100)"
EE,2018,5,106.66,"Eurostat prc_hicp_midx (CP093, unit I15, Index 2015=100)"
EE,2018,6,107.1,"Eurostat prc_hicp_midx (CP093, unit I15, Index 2015=100)"
EE,2018,7,107.2,"Eurostat prc_hicp_midx (CP093, unit I15, Index 2015=100)"
EE,2018,8,107.81,"Eurostat prc_hicp_midx (CP093, unit I15, Index 2015=100)"
EE,2018,9,107.43,"Eurostat prc_hicp_midx (CP093, unit I15, Index 2015=100)"
EE,2018,10,108.98,"Eurostat prc_hicp_midx (CP093, unit I15, Index 2015=100)"
EE,2018,11,108.83,"Eurostat prc_hicp_midx (CP093, unit I15, Index 2015=100)"
EE,2018,12,108.55,"Eurostat prc_hicp_midx (CP093, unit I15, Index 2015=100)"
EE,2019,1,109.43,"Eurostat prc_hicp_midx (CP093, unit I15, Index 2015=100)"
EE,2019,2,108.45,"Eurostat prc_hicp_midx (CP093, unit I15, Index 2015=100)"
EE,2019,3,110.94,"Eurostat prc_hicp_midx (CP093, unit I15, Index 2015=100)"
EE,2019,4,109.16,"Eurostat prc_hicp_midx (CP093, unit I15, Index 2015=100)"
EE,2019,5,109.4,"Eurostat prc_hicp_midx (CP093, unit I15, Index 2015=100)"
EE,2019,6,109.44,"Eurostat prc_hicp_midx (CP093, unit I15, Index 2015=100)"
EE,2019,7,110.55,"Eurostat prc_hicp_midx (CP093, unit I15, Index 2015=100)"
EE,2019,8,111.42,"Eurostat prc_hicp_midx (CP093, unit I15, Index 2015=100)"
EE,2019,9,111.67,"Eurostat prc_hicp_midx (CP093, unit I15, Index 2015=100)"
EE,2019,10,111.0,"Eurostat prc_hicp_midx (CP093, unit I15, Index 2015=100)"
EE,2019,11,111.82,"Eurostat prc_hicp_midx (CP093, unit I15, Index 2015=100)"
EE,2019,12,111.06,"Eurostat prc_hicp_midx (CP093, unit I15, Index 2015=100)"
EE,2020,1,110.81,"Eurostat prc_hicp_midx (CP093, unit I15, Index 2015=100)"
EE,2020,2,110.68,"Eurostat prc_hicp_midx (CP093, unit I15, Index 2015=100)"
EE,2020,3,111.14,"Eurostat prc_hicp_midx (CP093, unit I15, Index 2015=100)"
EE,2020,4,109.53,"Eurostat prc_hicp_midx (CP093, unit I15, Index 2015=100)"
EE,2020,5,111.85,"Eurostat prc_hicp_midx (CP093, unit I15, Index 2015=100)"
EE,2020,6,112.66,"Eurostat prc_hicp_midx (CP093, unit I15, Index 2015=100)"
EE,2020,7,113.72,"Eurostat prc_hicp_midx (CP093, unit I15, Index 2015=100)"
EE,2020,8,112.65,"Eurostat prc_hicp_midx (CP093, unit I15, Index 2015=100)"
EE,2020,9,113.51,"Eurostat prc_hicp_midx (CP093, unit I15, Index 2015=100)"
EE,2020,10,112.46,"Eurostat prc_hicp_midx (CP093, unit I15, Index 2015=100)"
EE,2020,11,113.86,"Eurostat prc_hicp_midx (CP093, unit I15, Index 2015=100)"
EE,2020,12,111.24,"Eurostat prc_hicp_midx (CP093, unit I15, Index 2015=100)"
EE,2021,1,111.51,"Eurostat prc_hicp_midx (CP093, unit I15, Index 2015=100)"
EE,2021,2,112.79,"Eurostat prc_hicp_midx (CP093, unit I15, Index 2015=100)"
EE,2021,3,111.66,"Eurostat prc_hicp_midx (CP093, unit I15, Index 2015=100)"
EE,2021,4,112.79,"Eurostat prc_hicp_midx (CP093, unit I15, Index 2015=100)"
EE,2021,5,113.71,"Eurostat prc_hicp_midx (CP093, unit I15, Index 2015=100)"
EE,2021,6,114.68,"Eurostat prc_hicp_midx (CP093, unit I15, Index 2015=100)"
EE,2021,7,114.61,"Eurostat prc_hicp_midx (CP093, unit I15, Index 2015=100)"
EE,2021,8,114.67,"Eurostat prc_hicp_midx (CP093, unit I15, Index 2015=100)"
EE,2021,9,116.29,"Eurostat prc_hicp_midx (CP093, unit I15, Index 2015=100)"
EE,2021,10,116.34,"Eurostat prc_hicp_midx (CP093, unit I15, Index 2015=100)"
EE,2021,11,118.71,"Eurostat prc_hicp_midx (CP093, unit I15, Index 2015=100)"
EE,2021,12,116.91,"Eurostat prc_hicp_midx (CP093, unit I15, Index 2015=100)"
EE,2022,1,121.14,"Eurostat prc_hicp_midx (CP093, unit I15, Index 2015=100)"
EE,2022,2,121.47,"Eurostat prc_hicp_midx (CP093, unit I15, Index 2015=100)"
EE,2022,3,124.46,"Eurostat prc_hicp_midx (CP093, unit I15, Index 2015=100)"
EE,2022,4,125.6,"Eurostat prc_hicp_midx (CP093, unit I15, Index 2015=100)"
EE,2022,5,127.58,"Eurostat prc_hicp_midx (CP093, unit I15, Index 2015=100)"
EE,2022,6,130.18,"Eurostat prc_hicp_midx (CP093, unit I15, Index 2015=100)"
EE,2022,7,130.58,"Eurostat prc_hicp_midx (CP093, unit I15, Index 2015=100)"
EE,2022,8,130.58,"Eurostat prc_hicp_midx (CP093, unit I15, Index 2015=100)"
EE,2022,9,132.56,"Eurostat prc_hicp_midx (CP093, unit I15, Index 2015=100)"
EE,2022,10,138.47,"Eurostat prc_hicp_midx (CP093, unit I15, Index 2015=100)"
EE,2022,11,139.8,"Eurostat prc_hicp_midx (CP093, unit I15, Index 2015=100)"
EE,2022,12,139.76,"Eurostat prc_hicp_midx (CP093, unit I15, Index 2015=100)"
EE,2023,1,141.36,"Eurostat prc_hicp_midx (CP093, unit I15, Index 2015=100)"
EE,2023,2,145.22,"Eurostat prc_hicp_midx (CP093, unit I15, Index 2015=100)"
EE,2023,3,147.42,"Eurostat prc_hicp_midx (CP093, unit I15, Index 2015=100)"
EE,2023,4,149.61,"Eurostat prc_hicp_midx (CP093, unit I15, Index 2015=100)"
EE,2023,5,149.34,"Eurostat prc_hicp_midx (CP093, unit I15, Index 2015=100)"
EE,2023,6,152.29,"Eurostat prc_hicp_midx (CP093, unit I15, Index 2015=100)"
EE,2023,7,153.8,"Eurostat prc_hicp_midx (CP093, unit I15, Index 2015=100)"
EE,2023,8,153.26,"Eurostat prc_hicp_midx (CP093, unit I15, Index 2015=100)"
EE,2023,9,152.55,"Eurostat prc_hicp_midx (CP093, unit I15, Index 2015=100)"
EE,2023,10,150.71,"Eurostat prc_hicp_midx (CP093, unit I15, Index 2015=100)"
EE,2023,11,154.67,"Eurostat prc_hicp_midx (CP093, unit I15, Index 2015=100)"
EE,2023,12,154.49,"Eurostat prc_hicp_midx (CP093, unit I15, Index 2015=100)"
EE,2024,1,153.93,"Eurostat prc_hicp_midx (CP093, unit I15, Index 2015=100)"
EE,2024,2,155.72,"Eurostat prc_hicp_midx (CP093, unit I15, Index 2015=100)"
EE,2024,3,155.02,"Eurostat prc_hicp_midx (CP093, unit I15, Index 2015=100)"
EE,2024,4,156.65,"Eurostat prc_hicp_midx (CP093, unit I15, Index 2015=100)"
EE,2024,5,155.93,"Eurostat prc_hicp_midx (CP093, unit I15, Index 2015=100)"
EE,2024,6,156.73,"Eurostat prc_hicp_midx (CP093, unit I15, Index 2015=100)"
EE,2024,7,154.36,"Eurostat prc_hicp_midx (CP093, unit I15, Index 2015=100)"
EE,2024,8,157.54,"Eurostat prc_hicp_midx (CP093, unit I15, Index 2015=100)"
EE,2024,9,158.91,"Eurostat prc_hicp_midx (CP093, unit I15, Index 2015=100)"
EE,2024,10,158.61,"Eurostat prc_hicp_midx (CP093, unit I15, Index 2015=100)"
EE,2024,11,159.67,"Eurostat prc_hicp_midx (CP093, unit I15, Index 2015=100)"
EE,2024,12,160.7,"Eurostat prc_hicp_midx (CP093, unit I15, Index 2015=100)"
IE,2010,1,118.8,"Eurostat prc_hicp_midx (CP093, unit I15, Index 2015=100)"
IE,2010,2,118.9,"Eurostat prc_hicp_midx (CP093, unit I15, Index 2015=100)"
IE,2010,3,117.6,"Eurostat prc_hicp_midx (CP093, unit I15, Index 2015=100)"
IE,2010,4,116.7,"Eurostat prc_hicp_midx (CP093, unit I15, Index 2015=100)"
IE,2010,5,116.8,"Eurostat prc_hicp_midx (CP093, unit I15, Index 2015=100)"
IE,2010,6,116.4,"Eurostat prc_hicp_midx (CP093, unit I15, Index 2015=100)"
IE,2010,7,115.8,"Eurostat prc_hicp_midx (CP093, unit I15, Index 2015=100)"
IE,2010,8,116.0,"Eurostat prc_hicp_midx (CP093, unit I15, Index 2015=100)"
IE,2010,9,115.8,"Eurostat prc_hicp_midx (CP093, unit I15, Index 2015=100)"
IE,2010,10,115.8,"Eurostat prc_hicp_midx (CP093, unit I15, Index 2015=100)"
IE,2010,11,115.5,"Eurostat prc_hicp_midx (CP093, unit I15, Index 2015=100)"
IE,2010,12,114.9,"Eurostat prc_hicp_midx (CP093, unit I15, Index 2015=100)"
IE,2011,1,114.6,"Eurostat prc_hicp_midx (CP093, unit I15, Index 2015=100)"
IE,2011,2,114.4,"Eurostat prc_hicp_midx (CP093, unit I15, Index 2015=100)"
IE,2011,3,114.5,"Eurostat prc_hicp_midx (CP093, unit I15, Index 2015=100)"
IE,2011,4,114.2,"Eurostat prc_hicp_midx (CP093, unit I15, Index 2015=100)"
IE,2011,5,114.1,"Eurostat prc_hicp_midx (CP093, unit I15, Index 2015=100)"
IE,2011,6,113.7,"Eurostat prc_hicp_midx (CP093, unit I15, Index 2015=100)"
IE,2011,7,113.2,"Eurostat prc_hicp_midx (CP093, unit I15, Index 2015=100)"
IE,2011,8,112.7,"Eurostat prc_hicp_midx (CP093, unit I15, Index 2015=100)"
IE,2011,9,111.9,"Eurostat prc_hicp_midx (CP093, unit I15, Index 2015=100)"
IE,2011,10,111.9,"Eurostat prc_hicp_midx (CP093, unit I15, Index 2015=100)"
IE,2011,11,111.7,"Eurostat prc_hicp_midx (CP093, unit I15, Index 2015=100)"
IE,2011,12,111.4,"Eurostat prc_hicp_midx (CP093, unit I15, Index 2015=100)"
IE,2012,1,110.0,"Eurostat prc_hicp_midx (CP093, unit I15, Index 2015=100)"
IE,2012,2,110.7,"Eurostat prc_hicp_midx (CP093, unit I15, Index 2015=100)"
IE,2012,3,111.2,"Eurostat prc_hicp_midx (CP093, unit I15, Index 2015=100)"
IE,2012,4,111.1,"Eurostat prc_hicp_midx (CP093, unit I15, Index 2015=100)"
IE,2012,5,110.5,"Eurostat prc_hicp_midx (CP093, unit I15, Index 2015=100)"
IE,2012,6,110.8,"Eurostat prc_hicp_midx (CP093, unit I15, Index 2015=100)"
IE,2012,7,109.4,"Eurostat prc_hicp_midx (CP093, unit I15, Index 2015=100)"
IE,2012,8,109.2,"Eurostat prc_hicp_midx (CP093, unit I15, Index 2015=100)"
IE,2012,9,108.8,"Eurostat prc_hicp_midx (CP093, unit I15, Index 2015=100)"
IE,2012,10,109.2,"Eurostat prc_hicp_midx (CP093, unit I15, Index 2015=100)"
IE,2012,11,109.9,"Eurostat prc_hicp_midx (CP093, unit I15, Index 2015=100)"
IE,2012,12,109.3,"Eurostat prc_hicp_midx (CP093, unit I15, Index 2015=100)"
IE,2013,1,108.2,"Eurostat prc_hicp_midx (CP093, unit I15, Index 2015=100)"
IE,2013,2,109.1,"Eurostat prc_hicp_midx (CP093, unit I15, Index 2015=100)"
IE,2013,3,108.8,"Eurostat prc_hicp_midx (CP093, unit I15, Index 2015=100)"
IE,2013,4,108.0,"Eurostat prc_hicp_midx (CP093, unit I15, Index 2015=100)"
IE,2013,5,107.1,"Eurostat prc_hicp_midx (CP093, unit I15, Index 2015=100)"
IE,2013,6,108.0,"Eurostat prc_hicp_midx (CP093, unit I15, Index 2015=100)"
IE,2013,7,107.1,"Eurostat prc_hicp_midx (CP093, unit I15, Index 2015=100)"
IE,2013,8,106.3,"Eurostat prc_hicp_midx (CP093, unit I15, Index 2015=100)"
IE,2013,9,106.1,"Eurostat prc_hicp_midx (CP093, unit I15, Index 2015=100)"
IE,2013,10,106.4,"Eurostat prc_hicp_midx (CP093, unit I15, Index 2015=100)"
IE,2013,11,106.1,"Eurostat prc_hicp_midx (CP093, unit I15, Index 2015=100)"
IE,2013,12,103.8,"Eurostat prc_hicp_midx (CP093, unit I15, Index 2015=100)"
IE,2014,1,104.2,"Eurostat prc_hicp_midx (CP093, unit I15, Index 2015=100)"
IE,2014,2,103.6,"Eurostat prc_hicp_midx (CP093, unit I15, Index 2015=100)"
IE,2014,3,103.6,"Eurostat prc_hicp_midx (CP093, unit I15, Index 2015=100)"
IE,2014,4,102.6,"Eurostat prc_hicp_midx (CP093, unit I15, Index 2015=100)"
IE,2014,5,103.9,"Eurostat prc_hicp_midx (CP093, unit I15, Index 2015=100)"
IE,2014,6,103.5,"Eurostat prc_hicp_midx (CP093, unit I15, Index 2015=100)"
IE,2014,7,102.4,"Eurostat prc_hicp_midx (CP093, unit I15, Index 2015=100)"
IE,2014,8,102.0,"Eurostat prc_hicp_midx (CP093, unit I15, Index 2015=100)"
IE,2014,9,101.6,"Eurostat prc_hicp_midx (CP093, unit I15, Index 2015=100)"
IE,2014,10,101.8,"Eurostat prc_hicp_midx (CP093, unit I15, Index 2015=100)"
IE,2014,11,101.3,"Eurostat prc_hicp_midx (CP093, unit I15, Index 2015=100)"
IE,2014,12,100.9,"Eurostat prc_hicp_midx (CP093, unit I15, Index 2015=100)"
IE,2015,1,100.9,"Eurostat prc_hicp_midx (CP093, unit I15, Index 2015=100)"
IE,2015,2,100.9,"Eurostat prc_hicp_midx (CP093, unit I15, Index 2015=100)"
IE,2015,3,101.1,"Eurostat prc_hicp_midx (CP093, unit I15, Index 2015=100)"
IE,2015,4,99.9,"Eurostat prc_hicp_midx (CP093, unit I15, Index 2015=100)"
IE,2015,5,100.5,"Eurostat prc_hicp_midx (CP093, unit I15, Index 2015=100)"
IE,2015,6,99.1,"Eurostat prc_hicp_midx (CP093, unit I15, Index 2015=100)"
IE,2015,7,99.5,"Eurostat prc_hicp_midx (CP093, unit I15, Index 2015=100)"
IE,2015,8,99.6,"Eurostat prc_hicp_midx (CP093, unit I15, Index 2015=100)"
IE,2015,9,99.9,"Eurostat prc_hicp_midx (CP093, unit I15, Index 2015=100)"
IE,2015,10,100.4,"Eurostat prc_hicp_midx (CP093, unit I15, Index 2015=100)"
IE,2015,11,99.8,"Eurostat prc_hicp_midx (CP093, unit I15, Index 2015=100)"
IE,2015,12,98.4,"Eurostat prc_hicp_midx (CP093, unit I15, Index 2015=100)"
IE,2016,1,98.3,"Eurostat prc_hicp_midx (CP093, unit I15, Index 2015=100)"
IE,2016,2,98.1,"Eurostat prc_hicp_midx (CP093, unit I15, Index 2015=100)"
IE,2016,3,97.5,"Eurostat prc_hicp_midx (CP093, unit I15, Index 2015=100)"
IE,2016,4,96.5,"Eurostat prc_hicp_midx (CP093, unit I15, Index 2015=100)"
IE,2016,5,95.8,"Eurostat prc_hicp_midx (CP093, unit I15, Index 2015=100)"
IE,2016,6,95.2,"Eurostat prc_hicp_midx (CP093, unit I15, Index 2015=100)"
IE,2016,7,94.5,"Eurostat prc_hicp_midx (CP093, unit I15, Index 2015=100)"
IE,2016,8,93.1,"Eurostat prc_hicp_midx (CP093, unit I15, Index 2015=100)"
IE,2016,9,91.0,"Eurostat prc_hicp_midx (CP093, unit I15, Index 2015=100)"
IE,2016,10,89.7,"Eurostat prc_hicp_midx (CP093, unit I15, Index 2015=100)"
IE,2016,11,89.6,"Eurostat prc_hicp_midx (CP093, unit I15, Index 2015=100)"
IE,2016,12,88.6,"Eurostat prc_hicp_midx (CP093, unit I15, Index 2015=100)"
IE,2017,1,88.8,"Eurostat prc_hicp_midx (CP093, unit I15, Index 2015=100)"
IE,2017,2,88.3,"Eurostat prc_hicp_midx (CP093, unit I15, Index 2015=100)"
IE,2017,3,87.5,"Eurostat prc_hicp_midx (CP093, unit I15, Index 2015=100)"
IE,2017,4,85.6,"Eurostat prc_hicp_midx (CP093, unit I15, Index 2015=100)"
IE,2017,5,86.0,"Eurostat prc_hicp_midx (CP093, unit I15, Index 2015=100)"
IE,2017,6,85.2,"Eurostat prc_hicp_midx (CP093, unit I15, Index 2015=100)"
IE,2017,7,84.8,"Eurostat prc_hicp_midx (CP093, unit I15, Index 2015=100)"
IE,2017,8,84.3,"Eurostat prc_hicp_midx (CP093, unit I15, Index 2015=100)"
IE,2017,9,84.5,"Eurostat prc_hicp_midx (CP093, unit I15, Index 2015=100)"
IE,2017,10,84.2,"Eurostat prc_hicp_midx (CP093, unit I15, Index 2015=100)"
IE,2017,11,84.0,"Eurostat prc_hicp_midx (CP093, unit I15, Index 2015=100)"
IE,2017,12,83.4,"Eurostat prc_hicp_midx (CP093, unit I15, Index 2015=100)"
IE,2018,1,83.6,"Eurostat prc_hicp_midx (CP093, unit I15, Index 2015=100)"
IE,2018,2,83.2,"Eurostat prc_hicp_midx (CP093, unit I15, Index 2015=100)"
IE,2018,3,82.9,"Eurostat prc_hicp_midx (CP093, unit I15, Index 2015=100)"
IE,2018,4,82.9,"Eurostat prc_hicp_midx (CP093, unit I15, Index 2015=100)"
IE,2018,5,82.6,"Eurostat prc_hicp_midx (CP093, unit I15, Index 2015=100)"
IE,2018,6,82.3,"Eurostat prc_hicp_midx (CP093, unit I15, Index 2015=100)"
IE,2018,7,82.0,"Eurostat prc_hicp_midx (CP093, unit I15, Index 2015=100)"
IE,2018,8,81.3,"Eurostat prc_hicp_midx (CP093, unit I15, Index 2015=100)"
IE,2018,9,81.4,"Eurostat prc_hicp_midx (CP093, unit I15, Index 2015=100)"
IE,2018,10,81.3,"Eurostat prc_hicp_midx (CP093, unit I15, Index 2015=100)"
IE,2018,11,80.9,"Eurostat prc_hicp_midx (CP093, unit I15, Index 2015=100)"
IE,2018,12,79.6,"Eurostat prc_hicp_midx (CP093, unit I15, Index 2015=100)"
IE,2019,1,80.3,"Eurostat prc_hicp_midx (CP093, unit I15, Index 2015=100)"
IE,2019,2,79.2,"Eurostat prc_hicp_midx (CP093, unit I15, Index 2015=100)"
IE,2019,3,79.7,"Eurostat prc_hicp_midx (CP093, unit I15, Index 2015=100)"
IE,2019,4,79.3,"Eurostat prc_hicp_midx (CP093, unit I15, Index 2015=100)"
IE,2019,5,78.8,"Eurostat prc_hicp_midx (CP093, unit I15, Index 2015=100)"
IE,2019,6,77.8,"Eurostat prc_hicp_midx (CP093, unit I15, Index 2015=100)"
IE,2019,7,77.7,"Eurostat prc_hicp_midx (CP093, unit I15, Index 2015=100)"
IE,2019,8,77.9,"Eurostat prc_hicp_midx (CP093, unit I15, Index 2015=100)"
IE,2019,9,77.7,"Eurostat prc_hicp_midx (CP093, unit I15, Index 2015=100)"
IE,2019,10,77.6,"Eurostat prc_hicp_midx (CP093, unit I15, Index 2015=100)"
IE,2019,11,77.5,"Eurostat prc_hicp_midx (CP093, unit I15, Index 2015=100)"
IE,2019,12,76.8,"Eurostat prc_hicp_midx (CP093, unit I15, Index 2015=100)"
IE,2020,1,77.0,"Eurostat prc_hicp_midx (CP093, unit I15, Index 2015=100)"
IE,2020,2,77.1,"Eurostat prc_hicp_midx (CP093, unit I15, Index 2015=100)"
IE,2020,3,77.2,"Eurostat prc_hicp_midx (CP093, unit I15, Index 2015=100)"
IE,2020,4,77.9,"Eurostat prc_hicp_midx (CP093, unit I15, Index 2015=100)"
IE,2020,5,77.0,"Eurostat prc_hicp_midx (CP093, unit I15, Index 2015=100)"
IE,2020,6,76.4,"Eurostat prc_hicp_midx (CP093, unit I15, Index 2015=100)"
IE,2020,7,76.0,"Eurostat prc_hicp_midx (CP093, unit I15, Index 2015=100)"
IE,2020,8,76.1,"Eurostat prc_hicp_midx (CP093, unit I15, Index 2015=100)"
IE,2020,9,74.2,"Eurostat prc_hicp_midx (CP093, unit I15, Index 2015=100)"
IE,2020,10,73.4,"Eurostat prc_hicp_midx (CP093, unit I15, Index 2015=100)"
IE,2020,11,73.5,"Eurostat prc_hicp_midx (CP093, unit I15, Index 2015=100)"
IE,2020,12,73.4,"Eurostat prc_hicp_midx (CP093, unit I15, Index 2015=100)"
IE,2021,1,74.0,"Eurostat prc_hicp_midx (CP093, unit I15, Index 2015=100)"
IE,2021,2,73.8,"Eurostat prc_hicp_midx (CP093, unit I15, Index 2015=100)"
IE,2021,3,74.6,"Eurostat prc_hicp_midx (CP093, unit I15, Index 2015=100)"
IE,2021,4,74.6,"Eurostat prc_hicp_midx (CP093, unit I15, Index 2015=100)"
IE,2021,5,75.4,"Eurostat prc_hicp_midx (CP093, unit I15, Index 2015=100)"
IE,2021,6,75.3,"Eurostat prc_hicp_midx (CP093, unit I15, Index 2015=100)"
IE,2021,7,74.4,"Eurostat prc_hicp_midx (CP093, unit I15, Index 2015=100)"
IE,2021,8,74.1,"Eurostat prc_hicp_midx (CP093, unit I15, Index 2015=100)"
IE,2021,9,74.8,"Eurostat prc_hicp_midx (CP093, unit I15, Index 2015=100)"
IE,2021,10,74.9,"Eurostat prc_hicp_midx (CP093, unit I15, Index 2015=100)"
IE,2021,11,74.7,"Eurostat prc_hicp_midx (CP093, unit I15, Index 2015=100)"
IE,2021,12,75.0,"Eurostat prc_hicp_midx (CP093, unit I15, Index 2015=100)"
IE,2022,1,75.1,"Eurostat prc_hicp_midx (CP093, unit I15, Index 2015=100)"
IE,2022,2,75.2,"Eurostat prc_hicp_midx (CP093, unit I15, Index 2015=100)"
IE,2022,3,75.9,"Eurostat prc_hicp_midx (CP093, unit I15, Index 2015=100)"
IE,2022,4,75.7,"Eurostat prc_hicp_midx (CP093, unit I15, Index 2015=100)"
IE,2022,5,75.8,"Eurostat prc_hicp_midx (CP093, unit I15, Index 2015=100)"
IE,2022,6,76.6,"Eurostat prc_hicp_midx (CP093, unit I15, Index 2015=100)"
IE,2022,7,76.7,"Eurostat prc_hicp_midx (CP093, unit I15, Index 2015=100)"
IE,2022,8,76.5,"Eurostat prc_hicp_midx (CP093, unit I15, Index 2015=100)"
IE,2022,9,76.8,"Eurostat prc_hicp_midx (CP093, unit I15, Index 2015=100)"
IE,2022,10,77.1,"Eurostat prc_hicp_midx (CP093, unit I15, Index 2015=100)"
IE,2022,11,77.0,"Eurostat prc_hicp_midx (CP093, unit I15, Index 2015=100)"
IE,2022,12,77.4,"Eurostat prc_hicp_midx (CP093, unit I15, Index 2015=100)"
IE,2023,1,77.8,"Eurostat prc_hicp_midx (CP093, unit I15, Index 2015=100)"
IE,2023,2,79.1,"Eurostat prc_hicp_midx (CP093, unit I15, Index 2015=100)"
IE,2023,3,79.8,"Eurostat prc_hicp_midx (CP093, unit I15, Index 2015=100)"
IE,2023,4,79.6,"Eurostat prc_hicp_midx (CP093, unit I15, Index 2015=100)"
IE,2023,5,79.7,"Eurostat prc_hicp_midx (CP093, unit I15, Index 2015=100)"
IE,2023,6,79.7,"Eurostat prc_hicp_midx (CP093, unit I15, Index 2015=100)"
IE,2023,7,79.3,"Eurostat prc_hicp_midx (CP093, unit I15, Index 2015=100)"
IE,2023,8,79.1,"Eurostat prc_hicp_midx (CP093, unit I15, Index 2015=100)"
IE,2023,9,79.7,"Eurostat prc_hicp_midx (CP093, unit I15, Index 2015=100)"
IE,2023,10,79.2,"Eurostat prc_hicp_midx (CP093, unit I15, Index 2015=100)"
IE,2023,11,78.7,"Eurostat prc_hicp_midx (CP093, unit I15, Index 2015=100)"
IE,2023,12,79.2,"Eurostat prc_hicp_midx (CP093, unit I15, Index 2015=100)"
IE,2024,1,80.1,"Eurostat prc_hicp_midx (CP093, unit I15, Index 2015=100)"
IE,2024,2,79.8,"Eurostat prc_hicp_midx (CP093, unit I15, Index 2015=100)"
IE,2024,3,79.6,"Eurostat prc_hicp_midx (CP093, unit I15, Index 2015=100)"
IE,2024,4,79.3,"Eurostat prc_hicp_midx (CP093, unit I15, Index 2015=100)"
IE,2024,5,79.3,"Eurostat prc_hicp_midx (CP093, unit I15, Index 2015=100)"
IE,2024,6,79.4,"Eurostat prc_hicp_midx (CP093, unit I15, Index 2015=100)"
IE,2024,7,78.7,"Eurostat prc_hicp_midx (CP093, unit I15, Index 2015=100)"
IE,2024,8,78.7,"Eurostat prc_hicp_midx (CP093, unit I15, Index 2015=100)"
IE,2024,9,79.2,"Eurostat prc_hicp_midx (CP093, unit I15, Index 2015=100)"
IE,2024,10,79.2,"Eurostat prc_hicp_midx (CP093, unit I15, Index 2015=100)"
IE,2024,11,79.0,"Eurostat prc_hicp_midx (CP093, unit I15, Index 2015=100)"
IE,2024,12,78.7,"Eurostat prc_hicp_midx (CP093, unit I15, Index 2015=100)"
EL,2010,1,103.13,"Eurostat prc_hicp_midx (CP093, unit I15, Index 2015=100)"
EL,2010,2,103.16,"Eurostat prc_hicp_midx (CP093, unit I15, Index 2015=100)"
EL,2010,3,103.42,"Eurostat prc_hicp_midx (CP093, unit I15, Index 2015=100)"
EL,2010,4,103.91,"Eurostat prc_hicp_midx (CP093, unit I15, Index 2015=100)"
EL,2010,5,103.76,"Eurostat prc_hicp_midx (CP093, unit I15, Index 2015=100)"
EL,2010,6,103.67,"Eurostat prc_hicp_midx (CP093, unit I15, Index 2015=100)"
EL,2010,7,104.1,"Eurostat prc_hicp_midx (CP093, unit I15, Index 2015=100)"
EL,2010,8,104.06,"Eurostat prc_hicp_midx (CP093, unit I15, Index 2015=100)"
EL,2010,9,104.27,"Eurostat prc_hicp_midx (CP093, unit I15, Index 2015=100)"
EL,2010,10,104.48,"Eurostat prc_hicp_midx (CP093, unit I15, Index 2015=100)"
EL,2010,11,104.6,"Eurostat prc_hicp_midx (CP093, unit I15, Index 2015=100)"
EL,2010,12,105.11,"Eurostat prc_hicp_midx (CP093, unit I15, Index 2015=100)"
EL,2011,1,105.2,"Eurostat prc_hicp_midx (CP093, unit I15, Index 2015=100)"
EL,2011,2,105.03,"Eurostat prc_hicp_midx (CP093, unit I15, Index 2015=100)"
EL,2011,3,104.82,"Eurostat prc_hicp_midx (CP093, unit I15, Index 2015=100)"
EL,2011,4,104.95,"Eurostat prc_hicp_midx (CP093, unit I15, Index 2015=100)"
EL,2011,5,105.03,"Eurostat prc_hicp_midx (CP093, unit I15, Index 2015=100)"
EL,2011,6,105.02,"Eurostat prc_hicp_midx (CP093, unit I15, Index 2015=100)"
EL,2011,7,105.04,"Eurostat prc_hicp_midx (CP093, unit I15, Index 2015=100)"
EL,2011,8,104.9,"Eurostat prc_hicp_midx (CP093, unit I15, Index 2015=100)"
EL,2011,9,105.03,"Eurostat prc_hicp_midx (CP093, unit I15, Index 2015=100)"
EL,2011,10,104.9,"Eurostat prc_hicp_midx (CP093, unit I15, Index 2015=100)"
EL,2011,11,104.84,"Eurostat prc_hicp_midx (CP093, unit I15, Index 2015=100)"
EL,2011,12,105.22,"Eurostat prc_hicp_midx (CP093, unit I15, Index 2015=100)"
EL,2012,1,104.89,"Eurostat prc_hicp_midx (CP093, unit I15, Index 2015=100)"
EL,2012,2,104.82,"Eurostat prc_hicp_midx (CP093, unit I15, Index 2015=100)"
EL,2012,3,104.98,"Eurostat prc_hicp_midx (CP093, unit I15, Index 2015=100)"
EL,2012,4,105.16,"Eurostat prc_hicp_midx (CP093, unit I15, Index 2015=100)"
EL,2012,5,104.84,"Eurostat prc_hicp_midx (CP093, unit I15, Index 2015=100)"
EL,2012,6,104.77,"Eurostat prc_hicp_midx (CP093, unit I15, Index 2015=100)"
EL,2012,7,104.53,"Eurostat prc_hicp_midx (CP093, unit I15, Index 2015=100)"
EL,2012,8,103.75,"Eurostat prc_hicp_midx (CP093, unit I15, Index 2015=100)"
EL,2012,9,104.31,"Eurostat prc_hicp_midx (CP093, unit I15, Index 2015=100)"
EL,2012,10,104.23,"Eurostat prc_hicp_midx (CP093, unit I15, Index 2015=100)"
EL,2012,11,104.29,"Eurostat prc_hicp_midx (CP093, unit I15, Index 2015=100)"
EL,2012,12,104.34,"Eurostat prc_hicp_midx (CP093, unit I15, Index 2015=100)"
EL,2013,1,103.88,"Eurostat prc_hicp_midx (CP093, unit I15, Index 2015=100)"
EL,2013,2,103.63,"Eurostat prc_hicp_midx (CP093, unit I15, Index 2015=100)"
EL,2013,3,103.83,"Eurostat prc_hicp_midx (CP093, unit I15, Index 2015=100)"
EL,2013,4,103.61,"Eurostat prc_hicp_midx (CP093, unit I15, Index 2015=100)"
EL,2013,5,102.98,"Eurostat prc_hicp_midx (CP093, unit I15, Index 2015=100)"
EL,2013,6,102.84,"Eurostat prc_hicp_midx (CP093, unit I15, Index 2015=100)"
EL,2013,7,102.81,"Eurostat prc_hicp_midx (CP093, unit I15, Index 2015=100)"
EL,2013,8,102.76,"Eurostat prc_hicp_midx (CP093, unit I15, Index 2015=100)"
EL,2013,9,102.77,"Eurostat prc_hicp_midx (CP093, unit I15, Index 2015=100)"
EL,2013,10,102.66,"Eurostat prc_hicp_midx (CP093, unit I15, Index 2015=100)"
EL,2013,11,102.4,"Eurostat prc_hicp_midx (CP093, unit I15, Index 2015=100)"
EL,2013,12,102.46,"Eurostat prc_hicp_midx (CP093, unit I15, Index 2015=100)"
EL,2014,1,101.44,"Eurostat prc_hicp_midx (CP093, unit I15, Index 2015=100)"
EL,2014,2,101.25,"Eurostat prc_hicp_midx (CP093, unit I15, Index 2015=100)"
EL,2014,3,101.2,"Eurostat prc_hicp_midx (CP093, unit I15, Index 2015=100)"
EL,2014,4,100.92,"Eurostat prc_hicp_midx (CP093, unit I15, Index 2015=100)"
EL,2014,5,100.77,"Eurostat prc_hicp_midx (CP093, unit I15, Index 2015=100)"
EL,2014,6,100.74,"Eurostat prc_hicp_midx (CP093, unit I15, Index 2015=100)"
EL,2014,7,100.48,"Eurostat prc_hicp_midx (CP093, unit I15, Index 2015=100)"
EL,2014,8,100.24,"Eurostat prc_hicp_midx (CP093, unit I15, Index 2015=100)"
EL,2014,9,100.43,"Eurostat prc_hicp_midx (CP093, unit I15, Index 2015=100)"
EL,2014,10,100.67,"Eurostat prc_hicp_midx (CP093, unit I15, Index 2015=100)"
EL,2014,11,100.73,"Eurostat prc_hicp_midx (CP093, unit I15, Index 2015=100)"
EL,2014,12,101.1,"Eurostat prc_hicp_midx (CP093, unit I15, Index 2015=100)"
EL,2015,1,100.65,"Eurostat prc_hicp_midx (CP093, unit I15, Index 2015=100)"
EL,2015,2,100.49,"Eurostat prc_hicp_midx (CP093, unit I15, Index 2015=100)"
EL,2015,3,100.38,"Eurostat prc_hicp_midx (CP093, unit I15, Index 2015=100)"
EL,2015,4,100.18,"Eurostat prc_hicp_midx (CP093, unit I15, Index 2015=100)"
EL,2015,5,100.06,"Eurostat prc_hicp_midx (CP093, unit I15, Index 2015=100)"
EL,2015,6,99.8,"Eurostat prc_hicp_midx (CP093, unit I15, Index 2015=100)"
EL,2015,7,99.56,"Eurostat prc_hicp_midx (CP093, unit I15, Index 2015=100)"
EL,2015,8,99.4,"Eurostat prc_hicp_midx (CP093, unit I15, Index 2015=100)"
EL,2015,9,100.27,"Eurostat prc_hicp_midx (CP093, unit I15, Index 2015=100)"
EL,2015,10,100.06,"Eurostat prc_hicp_midx (CP093, unit I15, Index 2015=100)"
EL,2015,11,99.58,"Eurostat prc_hicp_midx (CP093, unit I15, Index 2015=100)"
EL,2015,12,99.58,"Eurostat prc_hicp_midx (CP093, unit I15, Index 2015=100)"
EL,2016,1,99.22,"Eurostat prc_hicp_midx (CP093, unit I15, Index 2015=100)"
EL,2016,2,99.23,"Eurostat prc_hicp_midx (CP093, unit I15, Index 2015=100)"
EL,2016,3,98.91,"Eurostat prc_hicp_midx (CP093, unit I15, Index 2015=100)"
EL,2016,4,98.93,"Eurostat prc_hicp_midx (CP093, unit I15, Index 2015=100)"
EL,2016,5,99.0,"Eurostat prc_hicp_midx (CP093, unit I15, Index 2015=100)"
EL,2016,6,98.9,"Eurostat prc_hicp_midx (CP093, unit I15, Index 2015=100)"
EL,2016,7,98.21,"Eurostat prc_hicp_midx (CP093, unit I15, Index 2015=100)"
EL,2016,8,98.33,"Eurostat prc_hicp_midx (CP093, unit I15, Index 2015=100)"
EL,2016,9,98.17,"Eurostat prc_hicp_midx (CP093, unit I15, Index 2015=100)"
EL,2016,10,98.17,"Eurostat prc_hicp_midx (CP093, unit I15, Index 2015=100)"
EL,2016,11,97.81,"Eurostat prc_hicp_midx (CP093, unit I15, Index 2015=100)"
EL,2016,12,97.58,"Eurostat prc_hicp_midx (CP093, unit I15, Index 2015=100)"
EL,2017,1,97.36,"Eurostat prc_hicp_midx (CP093, unit I15, Index 2015=100)"
EL,2017,2,97.21,"Eurostat prc_hicp_midx (CP093, unit I15, Index 2015=100)"
EL,2017,3,97.59,"Eurostat prc_hicp_midx (CP093, unit I15, Index 2015=100)"
EL,2017,4,97.29,"Eurostat prc_hicp_midx (CP093, unit I15, Index 2015=100)"
EL,2017,5,97.33,"Eurostat prc_hicp_midx (CP093, unit I15, Index 2015=100)"
EL,2017,6,97.37,"Eurostat prc_hicp_midx (CP093, unit I15, Index 2015=100)"
EL,2017,7,97.25,"Eurostat prc_hicp_midx (CP093, unit I15, Index 2015=100)"
EL,2017,8,97.14,"Eurostat prc_hicp_midx (CP093, unit I15, Index 2015=100)"
EL,2017,9,96.93,"Eurostat prc_hicp_midx (CP093, unit I15, Index 2015=100)"
EL,2017,10,96.81,"Eurostat prc_hicp_midx (CP093, unit I15, Index 2015=100)"
EL,2017,11,96.52,"Eurostat prc_hicp_midx (CP093, unit I15, Index 2015=100)"
EL,2017,12,96.85,"Eurostat prc_hicp_midx (CP093, unit I15, Index 2015=100)"
EL,2018,1,96.4,"Eurostat prc_hicp_midx (CP093, unit I15, Index 2015=100)"
EL,2018,2,96.45,"Eurostat prc_hicp_midx (CP093, unit I15, Index 2015=100)"
EL,2018,3,96.73,"Eurostat prc_hicp_midx (CP093, unit I15, Index 2015=100)"
EL,2018,4,96.46,"Eurostat prc_hicp_midx (CP093, unit I15, Index 2015=100)"
EL,2018,5,96.24,"Eurostat prc_hicp_midx (CP093, unit I15, Index 2015=100)"
EL,2018,6,96.34,"Eurostat prc_hicp_midx (CP093, unit I15, Index 2015=100)"
EL,2018,7,96.38,"Eurostat prc_hicp_midx (CP093, unit I15, Index 2015=100)"
EL,2018,8,96.37,"Eurostat prc_hicp_midx (CP093, unit I15, Index 2015=100)"
EL,2018,9,96.64,"Eurostat prc_hicp_midx (CP093, unit I15, Index 2015=100)"
EL,2018,10,96.8,"Eurostat prc_hicp_midx (CP093, unit I15, Index 2015=100)"
EL,2018,11,96.77,"Eurostat prc_hicp_midx (CP093, unit I15, Index 2015=100)"
EL,2018,12,96.82,"Eurostat prc_hicp_midx (CP093, unit I15, Index 2015=100)"
EL,2019,1,96.36,"Eurostat prc_hicp_midx (CP093, unit I15, Index 2015=100)"
EL,2019,2,96.36,"Eurostat prc_hicp_midx (CP093, unit I15, Index 2015=100)"
EL,2019,3,96.54,"Eurostat prc_hicp_midx (CP093, unit I15, Index 2015=100)"
EL,2019,4,96.4,"Eurostat prc_hicp_midx (CP093, unit I15, Index 2015=100)"
EL,2019,5,95.78,"Eurostat prc_hicp_midx (CP093, unit I15, Index 2015=100)"
EL,2019,6,95.78,"Eurostat prc_hicp_midx (CP093, unit I15, Index 2015=100)"
EL,2019,7,95.95,"Eurostat prc_hicp_midx (CP093, unit I15, Index 2015=100)"
EL,2019,8,95.72,"Eurostat prc_hicp_midx (CP093, unit I15, Index 2015=100)"
EL,2019,9,95.67,"Eurostat prc_hicp_midx (CP093, unit I15, Index 2015=100)"
EL,2019,10,95.21,"Eurostat prc_hicp_midx (CP093, unit I15, Index 2015=100)"
EL,2019,11,95.24,"Eurostat prc_hicp_midx (CP093, unit I15, Index 2015=100)"
EL,2019,12,95.45,"Eurostat prc_hicp_midx (CP093, unit I15, Index 2015=100)"
EL,2020,1,95.29,"Eurostat prc_hicp_midx (CP093, unit I15, Index 2015=100)"
EL,2020,2,94.94,"Eurostat prc_hicp_midx (CP093, unit I15, Index 2015=100)"
EL,2020,3,95.43,"Eurostat prc_hicp_midx (CP093, unit I15, Index 2015=100)"
EL,2020,4,94.99,"Eurostat prc_hicp_midx (CP093, unit I15, Index 2015=100)"
EL,2020,5,95.2,"Eurostat prc_hicp_midx (CP093, unit I15, Index 2015=100)"
EL,2020,6,94.73,"Eurostat prc_hicp_midx (CP093, unit I15, Index 2015=100)"
EL,2020,7,94.74,"Eurostat prc_hicp_midx (CP093, unit I15, Index 2015=100)"
EL,2020,8,94.62,"Eurostat prc_hicp_midx (CP093, unit I15, Index 2015=100)"
EL,2020,9,94.19,"Eurostat prc_hicp_midx (CP093, unit I15, Index 2015=100)"
EL,2020,10,93.82,"Eurostat prc_hicp_midx (CP093, unit I15, Index 2015=100)"
EL,2020,11,93.98,"Eurostat prc_hicp_midx (CP093, unit I15, Index 2015=100)"
EL,2020,12,93.96,"Eurostat prc_hicp_midx (CP093, unit I15, Index 2015=100)"
EL,2021,1,93.97,"Eurostat prc_hicp_midx (CP093, unit I15, Index 2015=100)"
EL,2021,2,93.59,"Eurostat prc_hicp_midx (CP093, unit I15, Index 2015=100)"
EL,2021,3,93.78,"Eurostat prc_hicp_midx (CP093, unit I15, Index 2015=100)"
EL,2021,4,93.81,"Eurostat prc_hicp_midx (CP093, unit I15, Index 2015=100)"
EL,2021,5,94.43,"Eurostat prc_hicp_midx (CP093, unit I15, Index 2015=100)"
EL,2021,6,94.22,"Eurostat prc_hicp_midx (CP093, unit I15, Index 2015=100)"
EL,2021,7,94.42,"Eurostat prc_hicp_midx (CP093, unit I15, Index 2015=100)"
EL,2021,8,94.56,"Eurostat prc_hicp_midx (CP093, unit I15, Index 2015=100)"
EL,2021,9,94.92,"Eurostat prc_hicp_midx (CP093, unit I15, Index 2015=100)"
EL,2021,10,95.14,"Eurostat prc_hicp_midx (CP093, unit I15, Index 2015=100)"
EL,2021,11,94.75,"Eurostat prc_hicp_midx (CP093, unit I15, Index 2015=100)"
EL,2021,12,94.98,"Eurostat prc_hicp_midx (CP093, unit I15, Index 2015=100)"
EL,2022,1,94.86,"Eurostat prc_hicp_midx (CP093, unit I15, Index 2015=100)"
EL,2022,2,95.36,"Eurostat prc_hicp_midx (CP093, unit I15, Index 2015=100)"
EL,2022,3,95.43,"Eurostat prc_hicp_midx (CP093, unit I15, Index 2015=100)"
EL,2022,4,95.73,"Eurostat prc_hicp_midx (CP093, unit I15, Index 2015=100)"
EL,2022,5,96.06,"Eurostat prc_hicp_midx (CP093, unit I15, Index 2015=100)"
EL,2022,6,95.98,"Eurostat prc_hicp_midx (CP093, unit I15, Index 2015=100)"
EL,2022,7,96.0,"Eurostat prc_hicp_midx (CP093, unit I15, Index 2015=100)"
EL,2022,8,97.25,"Eurostat prc_hicp_midx (CP093, unit I15, Index 2015=100)"
EL,2022,9,97.5,"Eurostat prc_hicp_midx (CP093, unit I15, Index 2015=100)"
EL,2022,10,97.56,"Eurostat prc_hicp_midx (CP093, unit I15, Index 2015=100)"
EL,2022,11,97.57,"Eurostat prc_hicp_midx (CP093, unit I15, Index 2015=100)"
EL,2022,12,98.83,"Eurostat prc_hicp_midx (CP093, unit I15, Index 2015=100)"
EL,2023,1,99.04,"Eurostat prc_hicp_midx (CP093, unit I15, Index 2015=100)"
EL,2023,2,99.26,"Eurostat prc_hicp_midx (CP093, unit I15, Index 2015=100)"
EL,2023,3,99.34,"Eurostat prc_hicp_midx (CP093, unit I15, Index 2015=100)"
EL,2023,4,101.69,"Eurostat prc_hicp_midx (CP093, unit I15, Index 2015=100)"
EL,2023,5,102.42,"Eurostat prc_hicp_midx (CP093, unit I15, Index 2015=100)"
EL,2023,6,102.71,"Eurostat prc_hicp_midx (CP093, unit I15, Index 2015=100)"
EL,2023,7,102.33,"Eurostat prc_hicp_midx (CP093, unit I15, Index 2015=100)"
EL,2023,8,103.3,"Eurostat prc_hicp_midx (CP093, unit I15, Index 2015=100)"
EL,2023,9,103.14,"Eurostat prc_hicp_midx (CP093, unit I15, Index 2015=100)"
EL,2023,10,103.42,"Eurostat prc_hicp_midx (CP093, unit I15, Index 2015=100)"
EL,2023,11,103.08,"Eurostat prc_hicp_midx (CP093, unit I15, Index 2015=100)"
EL,2023,12,103.27,"Eurostat prc_hicp_midx (CP093, unit I15, Index 2015=100)"
EL,2024,1,104.13,"Eurostat prc_hicp_midx (CP093, unit I15, Index 2015=100)"
EL,2024,2,105.18,"Eurostat prc_hicp_midx (CP093, unit I15, Index 2015=100)"
EL,2024,3,105.55,"Eurostat prc_hicp_midx (CP093, unit I15, Index 2015=100)"
EL,2024,4,105.14,"Eurostat prc_hicp_midx (CP093, unit I15, Index 2015=100)"
EL,2024,5,104.71,"Eurostat prc_hicp_midx (CP093, unit I15, Index 2015=100)"
EL,2024,6,105.22,"Eurostat prc_hicp_midx (CP093, unit I15, Index 2015=100)"
EL,2024,7,104.97,"Eurostat prc_hicp_midx (CP093, unit I15, Index 2015=100)"
EL,2024,8,105.05,"Eurostat prc_hicp_midx (CP093, unit I15, Index 2015=100)"
EL,2024,9,105.44,"Eurostat prc_hicp_midx (CP093, unit I15, Index 2015=100)"
EL,2024,10,105.76,"Eurostat prc_hicp_midx (CP093, unit I15, Index 2015=100)"
EL,2024,11,105.71,"Eurostat prc_hicp_midx (CP093, unit I15, Index 2015=100)"
EL,2024,12,105.22,"Eurostat prc_hicp_midx (CP093, unit I15, Index 2015=100)"
ES,2010,1,102.96,"Eurostat prc_hicp_midx (CP093, unit I15, Index 2015=100)"
ES,2010,2,103.63,"Eurostat prc_hicp_midx (CP093, unit I15, Index 2015=100)"
ES,2010,3,103.49,"Eurostat prc_hicp_midx (CP093, unit I15, Index 2015=100)"
ES,2010,4,103.67,"Eurostat prc_hicp_midx (CP093, unit I15, Index 2015=100)"
ES,2010,5,103.6,"Eurostat prc_hicp_midx (CP093, unit I15, Index 2015=100)"
ES,2010,6,103.46,"Eurostat prc_hicp_midx (CP093, unit I15, Index 2015=100)"
ES,2010,7,102.66,"Eurostat prc_hicp_midx (CP093, unit I15, Index 2015=100)"
ES,2010,8,103.09,"Eurostat prc_hicp_midx (CP093, unit I15, Index 2015=100)"
ES,2010,9,102.98,"Eurostat prc_hicp_midx (CP093, unit I15, Index 2015=100)"
ES,2010,10,103.22,"Eurostat prc_hicp_midx (CP093, unit I15, Index 2015=100)"
ES,2010,11,102.7,"Eurostat prc_hicp_midx (CP093, unit I15, Index 2015=100)"
ES,2010,12,102.46,"Eurostat prc_hicp_midx (CP093, unit I15, Index 2015=100)"
ES,2011,1,102.01,"Eurostat prc_hicp_midx (CP093, unit I15, Index 2015=100)"
ES,2011,2,102.51,"Eurostat prc_hicp_midx (CP093, unit I15, Index 2015=100)"
ES,2011,3,102.68,"Eurostat prc_hicp_midx (CP093, unit I15, Index 2015=100)"
ES,2011,4,102.96,"Eurostat prc_hicp_midx (CP093, unit I15, Index 2015=100)"
ES,2011,5,103.06,"Eurostat prc_hicp_midx (CP093, unit I15, Index 2015=100)"
ES,2011,6,103.02,"Eurostat prc_hicp_midx (CP093, unit I15, Index 2015=100)"
ES,2011,7,103.14,"Eurostat prc_hicp_midx (CP093, unit I15, Index 2015=100)"
ES,2011,8,103.14,"Eurostat prc_hicp_midx (CP093, unit I15, Index 2015=100)"
ES,2011,9,102.7,"Eurostat prc_hicp_midx (CP093, unit I15, Index 2015=100)"
ES,2011,10,102.75,"Eurostat prc_hicp_midx (CP093, unit I15, Index 2015=100)"
ES,2011,11,102.49,"Eurostat prc_hicp_midx (CP093, unit I15, Index 2015=100)"
ES,2011,12,101.63,"Eurostat prc_hicp_midx (CP093, unit I15, Index 2015=100)"
ES,2012,1,101.39,"Eurostat prc_hicp_midx (CP093, unit I15, Index 2015=100)"
ES,2012,2,101.96,"Eurostat prc_hicp_midx (CP093, unit I15, Index 2015=100)"
ES,2012,3,102.62,"Eurostat prc_hicp_midx (CP093, unit I15, Index 2015=100)"
ES,2012,4,102.66,"Eurostat prc_hicp_midx (CP093, unit I15, Index 2015=100)"
ES,2012,5,102.4,"Eurostat prc_hicp_midx (CP093, unit I15, Index 2015=100)"
ES,2012,6,102.24,"Eurostat prc_hicp_midx (CP093, unit I15, Index 2015=100)"
ES,2012,7,101.95,"Eurostat prc_hicp_midx (CP093, unit I15, Index 2015=100)"
ES,2012,8,101.83,"Eurostat prc_hicp_midx (CP093, unit I15, Index 2015=100)"
ES,2012,9,103.19,"Eurostat prc_hicp_midx (CP093, unit I15, Index 2015=100)"
ES,2012,10,103.82,"Eurostat prc_hicp_midx (CP093, unit I15, Index 2015=100)"
ES,2012,11,103.45,"Eurostat prc_hicp_midx (CP093, unit I15, Index 2015=100)"
ES,2012,12,102.9,"Eurostat prc_hicp_midx (CP093, unit I15, Index 2015=100)"
ES,2013,1,102.91,"Eurostat prc_hicp_midx (CP093, unit I15, Index 2015=100)"
ES,2013,2,103.8,"Eurostat prc_hicp_midx (CP093, unit I15, Index 2015=100)"
ES,2013,3,103.96,"Eurostat prc_hicp_midx (CP093, unit I15, Index 2015=100)"
ES,2013,4,103.9,"Eurostat prc_hicp_midx (CP093, unit I15, Index 2015=100)"
ES,2013,5,103.53,"Eurostat prc_hicp_midx (CP093, unit I15, Index 2015=100)"
ES,2013,6,103.17,"Eurostat prc_hicp_midx (CP093, unit I15, Index 2015=100)"
ES,2013,7,102.12,"Eurostat prc_hicp_midx (CP093, unit I15, Index 2015=100)"
ES,2013,8,102.29,"Eurostat prc_hicp_midx (CP093, unit I15, Index 2015=100)"
ES,2013,9,102.62,"Eurostat prc_hicp_midx (CP093, unit I15, Index 2015=100)"
ES,2013,10,102.71,"Eurostat prc_hicp_midx (CP093, unit I15, Index 2015=100)"
ES,2013,11,102.02,"Eurostat prc_hicp_midx (CP093, unit I15, Index 2015=100)"
ES,2013,12,101.7,"Eurostat prc_hicp_midx (CP093, unit I15, Index 2015=100)"
ES,2014,1,101.44,"Eurostat prc_hicp_midx (CP093, unit I15, Index 2015=100)"
ES,2014,2,102.33,"Eurostat prc_hicp_midx (CP093, unit I15, Index 2015=100)"
ES,2014,3,102.17,"Eurostat prc_hicp_midx (CP093, unit I15, Index 2015=100)"
ES,2014,4,102.21,"Eurostat prc_hicp_midx (CP093, unit I15, Index 2015=100)"
ES,2014,5,102.06,"Eurostat prc_hicp_midx (CP093, unit I15, Index 2015=100)"
ES,2014,6,101.7,"Eurostat prc_hicp_midx (CP093, unit I15, Index 2015=100)"
ES,2014,7,101.0,"Eurostat prc_hicp_midx (CP093, unit I15, Index 2015=100)"
ES,2014,8,100.43,"Eurostat prc_hicp_midx (CP093, unit I15, Index 2015=100)"
ES,2014,9,100.41,"Eurostat prc_hicp_midx (CP093, unit I15, Index 2015=100)"
ES,2014,10,101.01,"Eurostat prc_hicp_midx (CP093, unit I15, Index 2015=100)"
ES,2014,11,100.4,"Eurostat prc_hicp_midx (CP093, unit I15, Index 2015=100)"
ES,2014,12,100.06,"Eurostat prc_hicp_midx (CP093, unit I15, Index 2015=100)"
ES,2015,1,100.05,"Eurostat prc_hicp_midx (CP093, unit I15, Index 2015=100)"
ES,2015,2,100.86,"Eurostat prc_hicp_midx (CP093, unit I15, Index 2015=100)"
ES,2015,3,100.25,"Eurostat prc_hicp_midx (CP093, unit I15, Index 2015=100)"
ES,2015,4,100.63,"Eurostat prc_hicp_midx (CP093, unit I15, Index 2015=100)"
ES,2015,5,100.38,"Eurostat prc_hicp_midx (CP093, unit I15, Index 2015=100)"
ES,2015,6,100.17,"Eurostat prc_hicp_midx (CP093, unit I15, Index 2015=100)"
ES,2015,7,99.51,"Eurostat prc_hicp_midx (CP093, unit I15, Index 2015=100)"
ES,2015,8,99.65,"Eurostat prc_hicp_midx (CP093, unit I15, Index 2015=100)"
ES,2015,9,99.51,"Eurostat prc_hicp_midx (CP093, unit I15, Index 2015=100)"
ES,2015,10,100.15,"Eurostat prc_hicp_midx (CP093, unit I15, Index 2015=100)"
ES,2015,11,99.62,"Eurostat prc_hicp_midx (CP093, unit I15, Index 2015=100)"
ES,2015,12,99.23,"Eurostat prc_hicp_midx (CP093, unit I15, Index 2015=100)"
ES,2016,1,98.85,"Eurostat prc_hicp_midx (CP093, unit I15, Index 2015=100)"
ES,2016,2,99.44,"Eurostat prc_hicp_midx (CP093, unit I15, Index 2015=100)"
ES,2016,3,99.34,"Eurostat prc_hicp_midx (CP093, unit I15, Index 2015=100)"
ES,2016,4,99.28,"Eurostat prc_hicp_midx (CP093, unit I15, Index 2015=100)"
ES,2016,5,99.34,"Eurostat prc_hicp_midx (CP093, unit I15, Index 2015=100)"
ES,2016,6,99.14,"Eurostat prc_hicp_midx (CP093, unit I15, Index 2015=100)"
ES,2016,7,98.31,"Eurostat prc_hicp_midx (CP093, unit I15, Index 2015=100)"
ES,2016,8,98.16,"Eurostat prc_hicp_midx (CP093, unit I15, Index 2015=100)"
ES,2016,9,97.91,"Eurostat prc_hicp_midx (CP093, unit I15, Index 2015=100)"
ES,2016,10,98.52,"Eurostat prc_hicp_midx (CP093, unit I15, Index 2015=100)"
ES,2016,11,97.89,"Eurostat prc_hicp_midx (CP093, unit I15, Index 2015=100)"
ES,2016,12,97.41,"Eurostat prc_hicp_midx (CP093, unit I15, Index 2015=100)"
ES,2017,1,96.93,"Eurostat prc_hicp_midx (CP093, unit I15, Index 2015=100)"
ES,2017,2,97.49,"Eurostat prc_hicp_midx (CP093, unit I15, Index 2015=100)"
ES,2017,3,97.01,"Eurostat prc_hicp_midx (CP093, unit I15, Index 2015=100)"
ES,2017,4,97.5,"Eurostat prc_hicp_midx (CP093, unit I15, Index 2015=100)"
ES,2017,5,97.19,"Eurostat prc_hicp_midx (CP093, unit I15, Index 2015=100)"
ES,2017,6,96.44,"Eurostat prc_hicp_midx (CP093, unit I15, Index 2015=100)"
ES,2017,7,96.33,"Eurostat prc_hicp_midx (CP093, unit I15, Index 2015=100)"
ES,2017,8,95.73,"Eurostat prc_hicp_midx (CP093, unit I15, Index 2015=100)"
ES,2017,9,95.84,"Eurostat prc_hicp_midx (CP093, unit I15, Index 2015=100)"
ES,2017,10,96.38,"Eurostat prc_hicp_midx (CP093, unit I15, Index 2015=100)"
ES,2017,11,96.01,"Eurostat prc_hicp_midx (CP093, unit I15, Index 2015=100)"
ES,2017,12,95.72,"Eurostat prc_hicp_midx (CP093, unit I15, Index 2015=100)"
ES,2018,1,95.66,"Eurostat prc_hicp_midx (CP093, unit I15, Index 2015=100)"
ES,2018,2,97.01,"Eurostat prc_hicp_midx (CP093, unit I15, Index 2015=100)"
ES,2018,3,96.4,"Eurostat prc_hicp_midx (CP093, unit I15, Index 2015=100)"
ES,2018,4,96.28,"Eurostat prc_hicp_midx (CP093, unit I15, Index 2015=100)"
ES,2018,5,96.79,"Eurostat prc_hicp_midx (CP093, unit I15, Index 2015=100)"
ES,2018,6,95.95,"Eurostat prc_hicp_midx (CP093, unit I15, Index 2015=100)"
ES,2018,7,95.55,"Eurostat prc_hicp_midx (CP093, unit I15, Index 2015=100)"
ES,2018,8,95.9,"Eurostat prc_hicp_midx (CP093, unit I15, Index 2015=100)"
ES,2018,9,96.25,"Eurostat prc_hicp_midx (CP093, unit I15, Index 2015=100)"
ES,2018,10,96.5,"Eurostat prc_hicp_midx (CP093, unit I15, Index 2015=100)"
ES,2018,11,95.71,"Eurostat prc_hicp_midx (CP093, unit I15, Index 2015=100)"
ES,2018,12,96.01,"Eurostat prc_hicp_midx (CP093, unit I15, Index 2015=100)"
ES,2019,1,95.34,"Eurostat prc_hicp_midx (CP093, unit I15, Index 2015=100)"
ES,2019,2,96.48,"Eurostat prc_hicp_midx (CP093, unit I15, Index 2015=100)"
ES,2019,3,96.33,"Eurostat prc_hicp_midx (CP093, unit I15, Index 2015=100)"
ES,2019,4,95.81,"Eurostat prc_hicp_midx (CP093, unit I15, Index 2015=100)"
ES,2019,5,95.89,"Eurostat prc_hicp_midx (CP093, unit I15, Index 2015=100)"
ES,2019,6,95.51,"Eurostat prc_hicp_midx (CP093, unit I15, Index 2015=100)"
ES,2019,7,95.06,"Eurostat prc_hicp_midx (CP093, unit I15, Index 2015=100)"
ES,2019,8,95.14,"Eurostat prc_hicp_midx (CP093, unit I15, Index 2015=100)"
ES,2019,9,95.45,"Eurostat prc_hicp_midx (CP093, unit I15, Index 2015=100)"
ES,2019,10,95.97,"Eurostat prc_hicp_midx (CP093, unit I15, Index 2015=100)"
ES,2019,11,95.32,"Eurostat prc_hicp_midx (CP093, unit I15, Index 2015=100)"
ES,2019,12,94.54,"Eurostat prc_hicp_midx (CP093, unit I15, Index 2015=100)"
ES,2020,1,93.79,"Eurostat prc_hicp_midx (CP093, unit I15, Index 2015=100)"
ES,2020,2,94.82,"Eurostat prc_hicp_midx (CP093, unit I15, Index 2015=100)"
ES,2020,3,94.32,"Eurostat prc_hicp_midx (CP093, unit I15, Index 2015=100)"
ES,2020,4,93.38,"Eurostat prc_hicp_midx (CP093, unit I15, Index 2015=100)"
ES,2020,5,93.81,"Eurostat prc_hicp_midx (CP093, unit I15, Index 2015=100)"
ES,2020,6,93.61,"Eurostat prc_hicp_midx (CP093, unit I15, Index 2015=100)"
ES,2020,7,93.78,"Eurostat prc_hicp_midx (CP093, unit I15, Index 2015=100)"
ES,2020,8,93.56,"Eurostat prc_hicp_midx (CP093, unit I15, Index 2015=100)"
ES,2020,9,93.74,"Eurostat prc_hicp_midx (CP093, unit I15, Index 2015=100)"
ES,2020,10,94.43,"Eurostat prc_hicp_midx (CP093, unit I15, Index 2015=100)"
ES,2020,11,94.17,"Eurostat prc_hicp_midx (CP093, unit I15, Index 2015=100)"
ES,2020,12,93.76,"Eurostat prc_hicp_midx (CP093, unit I15, Index 2015=100)"
ES,2021,1,93.68,"Eurostat prc_hicp_midx (CP093, unit I15, Index 2015=100)"
ES,2021,2,93.96,"Eurostat prc_hicp_midx (CP093, unit I15, Index 2015=100)"
ES,2021,3,94.13,"Eurostat prc_hicp_midx (CP093, unit I15, Index 2015=100)"
ES,2021,4,94.48,"Eurostat prc_hicp_midx (CP093, unit I15, Index 2015=100)"
ES,2021,5,94.97,"Eurostat prc_hicp_midx (CP093, unit I15, Index 2015=100)"
ES,2021,6,94.09,"Eurostat prc_hicp_midx (CP093, unit I15, Index 2015=100)"
ES,2021,7,94.13,"Eurostat prc_hicp_midx (CP093, unit I15, Index 2015=100)"
ES,2021,8,94.68,"Eurostat prc_hicp_midx (CP093, unit I15, Index 2015=100)"
ES,2021,9,94.78,"Eurostat prc_hicp_midx (CP093, unit I15, Index 2015=100)"
ES,2021,10,95.27,"Eurostat prc_hicp_midx (CP093, unit I15, Index 2015=100)"
ES,2021,11,95.62,"Eurostat prc_hicp_midx (CP093, unit I15, Index 2015=100)"
ES,2021,12,95.55,"Eurostat prc_hicp_midx (CP093, unit I15, Index 2015=100)"
ES,2022,1,95.15,"Eurostat prc_hicp_midx (CP093, unit I15, Index 2015=100)"
ES,2022,2,96.4,"Eurostat prc_hicp_midx (CP093, unit I15, Index 2015=100)"
ES,2022,3,96.66,"Eurostat prc_hicp_midx (CP093, unit I15, Index 2015=100)"
ES,2022,4,97.89,"Eurostat prc_hicp_midx (CP093, unit I15, Index 2015=100)"
ES,2022,5,98.9,"Eurostat prc_hicp_midx (CP093, unit I15, Index 2015=100)"
ES,2022,6,99.26,"Eurostat prc_hicp_midx (CP093, unit I15, Index 2015=100)"
ES,2022,7,98.4,"Eurostat prc_hicp_midx (CP093, unit I15, Index 2015=100)"
ES,2022,8,98.8,"Eurostat prc_hicp_midx (CP093, unit I15, Index 2015=100)"
ES,2022,9,99.51,"Eurostat prc_hicp_midx (CP093, unit I15, Index 2015=100)"
ES,2022,10,100.64,"Eurostat prc_hicp_midx (CP093, unit I15, Index 2015=100)"
ES,2022,11,101.43,"Eurostat prc_hicp_midx (CP093, unit I15, Index 2015=100)"
ES,2022,12,101.39,"Eurostat prc_hicp_midx (CP093, unit I15, Index 2015=100)"
ES,2023,1,101.57,"Eurostat prc_hicp_midx (CP093, unit I15, Index 2015=100)"
ES,2023,2,102.83,"Eurostat prc_hicp_midx (CP093, unit I15, Index 2015=100)"
ES,2023,3,103.03,"Eurostat prc_hicp_midx (CP093, unit I15, Index 2015=100)"
ES,2023,4,103.23,"Eurostat prc_hicp_midx (CP093, unit I15, Index 2015=100)"
ES,2023,5,103.28,"Eurostat prc_hicp_midx (CP093, unit I15, Index 2015=100)"
ES,2023,6,103.41,"Eurostat prc_hicp_midx (CP093, unit I15, Index 2015=100)"
ES,2023,7,102.88,"Eurostat prc_hicp_midx (CP093, unit I15, Index 2015=100)"
ES,2023,8,103.25,"Eurostat prc_hicp_midx (CP093, unit I15, Index 2015=100)"
ES,2023,9,103.5,"Eurostat prc_hicp_midx (CP093, unit I15, Index 2015=100)"
ES,2023,10,103.78,"Eurostat prc_hicp_midx (CP093, unit I15, Index 2015=100)"
ES,2023,11,103.65,"Eurostat prc_hicp_midx (CP093, unit I15, Index 2015=100)"
ES,2023,12,103.36,"Eurostat prc_hicp_midx (CP093, unit I15, Index 2015=100)"
ES,2024,1,103.39,"Eurostat prc_hicp_midx (CP093, unit I15, Index 2015=100)"
ES,2024,2,104.01,"Eurostat prc_hicp_midx (CP093, unit I15, Index 2015=100)"
ES,2024,3,104.02,"Eurostat prc_hicp_midx (CP093, unit I15, Index 2015=100)"
ES,2024,4,104.08,"Eurostat prc_hicp_midx (CP093, unit I15, Index 2015=100)"
ES,2024,5,104.07,"Eurostat prc_hicp_midx (CP093, unit I15, Index 2015=100)"
ES,2024,6,103.68,"Eurostat prc_hicp_midx (CP093, unit I15, Index 2015=100)"
ES,2024,7,103.52,"Eurostat prc_hicp_midx (CP093, unit I15, Index 2015=100)"
ES,2024,8,103.52,"Eurostat prc_hicp_midx (CP093, unit I15, Index 2015=100)"
ES,2024,9,103.83,"Eurostat prc_hicp_midx (CP093, unit I15, Index 2015=100)"
ES,2024,10,104.32,"Eurostat prc_hicp_midx (CP093, unit I15, Index 2015=100)"
ES,2024,11,104.11,"Eurostat prc_hicp_midx (CP093, unit I15, Index 2015=100)"
ES,2024,12,103.68,"Eurostat prc_hicp_midx (CP093, unit I15, Index 2015=100)"
FR,2010,1,96.04,"Eurostat prc_hicp_midx (CP093, unit I15, Index 2015=100)"
FR,2010,2,96.71,"Eurostat prc_hicp_midx (CP093, unit I15, Index 2015=100)"
FR,2010,3,97.0,"Eurostat prc_hicp_midx (CP093, unit I15, Index 2015=100)"
FR,2010,4,96.29,"Eurostat prc_hicp_midx (CP093, unit I15, Index 2015=100)"
FR,2010,5,96.98,"Eurostat prc_hicp_midx (CP093, unit I15, Index 2015=100)"
FR,2010,6,97.74,"Eurostat prc_hicp_midx (CP093, unit I15, Index 2015=100)"
FR,2010,7,96.37,"Eurostat prc_hicp_midx (CP093, unit I15, Index 2015=100)"
FR,2010,8,95.69,"Eurostat prc_hicp_midx (CP093, unit I15, Index 2015=100)"
FR,2010,9,96.55,"Eurostat prc_hicp_midx (CP093, unit I15, Index 2015=100)"
FR,2010,10,95.75,"Eurostat prc_hicp_midx (CP093, unit I15, Index 2015=100)"
FR,2010,11,96.2,"Eurostat prc_hicp_midx (CP093, unit I15, Index 2015=100)"
FR,2010,12,96.33,"Eurostat prc_hicp_midx (CP093, unit I15, Index 2015=100)"
FR,2011,1,96.23,"Eurostat prc_hicp_midx (CP093, unit I15, Index 2015=100)"
FR,2011,2,97.46,"Eurostat prc_hicp_midx (CP093, unit I15, Index 2015=100)"
FR,2011,3,97.18,"Eurostat prc_hicp_midx (CP093, unit I15, Index 2015=100)"
FR,2011,4,96.54,"Eurostat prc_hicp_midx (CP093, unit I15, Index 2015=100)"
FR,2011,5,97.37,"Eurostat prc_hicp_midx (CP093, unit I15, Index 2015=100)"
FR,2011,6,97.61,"Eurostat prc_hicp_midx (CP093, unit I15, Index 2015=100)"
FR,2011,7,97.06,"Eurostat prc_hicp_midx (CP093, unit I15, Index 2015=100)"
FR,2011,8,95.94,"Eurostat prc_hicp_midx (CP093, unit I15, Index 2015=100)"
FR,2011,9,96.97,"Eurostat prc_hicp_midx (CP093, unit I15, Index 2015=100)"
FR,2011,10,95.93,"Eurostat prc_hicp_midx (CP093, unit I15, Index 2015=100)"
FR,2011,11,97.0,"Eurostat prc_hicp_midx (CP093, unit I15, Index 2015=100)"
FR,2011,12,97.65,"Eurostat prc_hicp_midx (CP093, unit I15, Index 2015=100)"
FR,2012,1,97.37,"Eurostat prc_hicp_midx (CP093, unit I15, Index 2015=100)"
FR,2012,2,98.63,"Eurostat prc_hicp_midx (CP093, unit I15, Index 2015=100)"
FR,2012,3,98.85,"Eurostat prc_hicp_midx (CP093, unit I15, Index 2015=100)"
FR,2012,4,98.97,"Eurostat prc_hicp_midx (CP093, unit I15, Index 2015=100)"
FR,2012,5,99.56,"Eurostat prc_hicp_midx (CP093, unit I15, Index 2015=100)"
FR,2012,6,99.52,"Eurostat prc_hicp_midx (CP093, unit I15, Index 2015=100)"
FR,2012,7,98.74,"Eurostat prc_hicp_midx (CP093, unit I15, Index 2015=100)"
FR,2012,8,97.44,"Eurostat prc_hicp_midx (CP093, unit I15, Index 2015=100)"
FR,2012,9,98.8,"Eurostat prc_hicp_midx (CP093, unit I15, Index 2015=100)"
FR,2012,10,96.53,"Eurostat prc_hicp_midx (CP093, unit I15, Index 2015=100)"
FR,2012,11,98.98,"Eurostat prc_hicp_midx (CP093, unit I15, Index 2015=100)"
FR,2012,12,99.03,"Eurostat prc_hicp_midx (CP093, unit I15, Index 2015=100)"
FR,2013,1,98.97,"Eurostat prc_hicp_midx (CP093, unit I15, Index 2015=100)"
FR,2013,2,100.21,"Eurostat prc_hicp_midx (CP093, unit I15, Index 2015=100)"
FR,2013,3,100.36,"Eurostat prc_hicp_midx (CP093, unit I15, Index 2015=100)"
FR,2013,4,100.03,"Eurostat prc_hicp_midx (CP093, unit I15, Index 2015=100)"
FR,2013,5,100.43,"Eurostat prc_hicp_midx (CP093, unit I15, Index 2015=100)"
FR,2013,6,100.39,"Eurostat prc_hicp_midx (CP093, unit I15, Index 2015=100)"
FR,2013,7,99.46,"Eurostat prc_hicp_midx (CP093, unit I15, Index 2015=100)"
FR,2013,8,98.04,"Eurostat prc_hicp_midx (CP093, unit I15, Index 2015=100)"
FR,2013,9,99.3,"Eurostat prc_hicp_midx (CP093, unit I15, Index 2015=100)"
FR,2013,10,97.92,"Eurostat prc_hicp_midx (CP093, unit I15, Index 2015=100)"
FR,2013,11,99.75,"Eurostat prc_hicp_midx (CP093, unit I15, Index 2015=100)"
FR,2013,12,99.63,"Eurostat prc_hicp_midx (CP093, unit I15, Index 2015=100)"
FR,2014,1,100.22,"Eurostat prc_hicp_midx (CP093, unit I15, Index 2015=100)"
FR,2014,2,101.49,"Eurostat prc_hicp_midx (CP093, unit I15, Index 2015=100)"
FR,2014,3,100.64,"Eurostat prc_hicp_midx (CP093, unit I15, Index 2015=100)"
FR,2014,4,100.15,"Eurostat prc_hicp_midx (CP093, unit I15, Index 2015=100)"
FR,2014,5,101.17,"Eurostat prc_hicp_midx (CP093, unit I15, Index 2015=100)"
FR,2014,6,100.42,"Eurostat prc_hicp_midx (CP093, unit I15, Index 2015=100)"
FR,2014,7,99.64,"Eurostat prc_hicp_midx (CP093, unit I15, Index 2015=100)"
FR,2014,8,99.57,"Eurostat prc_hicp_midx (CP093, unit I15, Index 2015=100)"
FR,2014,9,99.97,"Eurostat prc_hicp_midx (CP093, unit I15, Index 2015=100)"
FR,2014,10,98.42,"Eurostat prc_hicp_midx (CP093, unit I15, Index 2015=100)"
FR,2014,11,99.55,"Eurostat prc_hicp_midx (CP093, unit I15, Index 2015=100)"
FR,2014,12,99.42,"Eurostat prc_hicp_midx (CP093, unit I15, Index 2015=100)"
FR,2015,1,98.9,"Eurostat prc_hicp_midx (CP093, unit I15, Index 2015=100)"
FR,2015,2,100.66,"Eurostat prc_hicp_midx (CP093, unit I15, Index 2015=100)"
FR,2015,3,100.25,"Eurostat prc_hicp_midx (CP093, unit I15, Index 2015=100)"
FR,2015,4,100.66,"Eurostat prc_hicp_midx (CP093, unit I15, Index 2015=100)"
FR,2015,5,100.96,"Eurostat prc_hicp_midx (CP093, unit I15, Index 2015=100)"
FR,2015,6,100.71,"Eurostat prc_hicp_midx (CP093, unit I15, Index 2015=100)"
FR,2015,7,99.88,"Eurostat prc_hicp_midx (CP093, unit I15, Index 2015=100)"
FR,2015,8,99.18,"Eurostat prc_hicp_midx (CP093, unit I15, Index 2015=100)"
FR,2015,9,100.46,"Eurostat prc_hicp_midx (CP093, unit I15, Index 2015=100)"
FR,2015,10,98.58,"Eurostat prc_hicp_midx (CP093, unit I15, Index 2015=100)"
FR,2015,11,99.65,"Eurostat prc_hicp_midx (CP093, unit I15, Index 2015=100)"
FR,2015,12,100.12,"Eurostat prc_hicp_midx (CP093, unit I15, Index 2015=100)"
FR,2016,1,100.19,"Eurostat prc_hicp_midx (CP093, unit I15, Index 2015=100)"
FR,2016,2,100.79,"Eurostat prc_hicp_midx (CP093, unit I15, Index 2015=100)"
FR,2016,3,101.25,"Eurostat prc_hicp_midx (CP093, unit I15, Index 2015=100)"
FR,2016,4,101.22,"Eurostat prc_hicp_midx (CP093, unit I15, Index 2015=100)"
FR,2016,5,101.67,"Eurostat prc_hicp_midx (CP093, unit I15, Index 2015=100)"
FR,2016,6,101.59,"Eurostat prc_hicp_midx (CP093, unit I15, Index 2015=100)"
FR,2016,7,100.78,"Eurostat prc_hicp_midx (CP093, unit I15, Index 2015=100)"
FR,2016,8,101.2,"Eurostat prc_hicp_midx (CP093, unit I15, Index 2015=100)"
FR,2016,9,100.88,"Eurostat prc_hicp_midx (CP093, unit I15, Index 2015=100)"
FR,2016,10,101.23,"Eurostat prc_hicp_midx (CP093, unit I15, Index 2015=100)"
FR,2016,11,100.52,"Eurostat prc_hicp_midx (CP093, unit I15, Index 2015=100)"
FR,2016,12,99.78,"Eurostat prc_hicp_midx (CP093, unit I15, Index 2015=100)"
FR,2017,1,99.69,"Eurostat prc_hicp_midx (CP093, unit I15, Index 2015=100)"
FR,2017,2,100.11,"Eurostat prc_hicp_midx (CP093, unit I15, Index 2015=100)"
FR,2017,3,101.2,"Eurostat prc_hicp_midx (CP093, unit I15, Index 2015=100)"
FR,2017,4,100.9,"Eurostat prc_hicp_midx (CP093, unit I15, Index 2015=100)"
FR,2017,5,101.46,"Eurostat prc_hicp_midx (CP093, unit I15, Index 2015=100)"
FR,2017,6,101.52,"Eurostat prc_hicp_midx (CP093, unit I15, Index 2015=100)"
FR,2017,7,100.87,"Eurostat prc_hicp_midx (CP093, unit I15, Index 2015=100)"
FR,2017,8,100.63,"Eurostat prc_hicp_midx (CP093, unit I15, Index 2015=100)"
FR,2017,9,101.07,"Eurostat prc_hicp_midx (CP093, unit I15, Index 2015=100)"
FR,2017,10,101.15,"Eurostat prc_hicp_midx (CP093, unit I15, Index 2015=100)"
FR,2017,11,100.05,"Eurostat prc_hicp_midx (CP093, unit I15, Index 2015=100)"
FR,2017,12,100.02,"Eurostat prc_hicp_midx (CP093, unit I15, Index 2015=100)"
FR,2018,1,100.28,"Eurostat prc_hicp_midx (CP093, unit I15, Index 2015=100)"
FR,2018,2,100.72,"Eurostat prc_hicp_midx (CP093, unit I15, Index 2015=100)"
FR,2018,3,101.07,"Eurostat prc_hicp_midx (CP093, unit I15, Index 2015=100)"
FR,2018,4,100.91,"Eurostat prc_hicp_midx (CP093, unit I15, Index 2015=100)"
FR,2018,5,101.42,"Eurostat prc_hicp_midx (CP093, unit I15, Index 2015=100)"
FR,2018,6,101.34,"Eurostat prc_hicp_midx (CP093, unit I15, Index 2015=100)"
FR,2018,7,100.62,"Eurostat prc_hicp_midx (CP093, unit I15, Index 2015=100)"
FR,2018,8,100.68,"Eurostat prc_hicp_midx (CP093, unit I15, Index 2015=100)"
FR,2018,9,101.02,"Eurostat prc_hicp_midx (CP093, unit I15, Index 2015=100)"
FR,2018,10,100.54,"Eurostat prc_hicp_midx (CP093, unit I15, Index 2015=100)"
FR,2018,11,99.82,"Eurostat prc_hicp_midx (CP093, unit I15, Index 2015=100)"
FR,2018,12,99.91,"Eurostat prc_hicp_midx (CP093, unit I15, Index 2015=100)"
FR,2019,1,100.08,"Eurostat prc_hicp_midx (CP093, unit I15, Index 2015=100)"
FR,2019,2,100.11,"Eurostat prc_hicp_midx (CP093, unit I15, Index 2015=100)"
FR,2019,3,100.87,"Eurostat prc_hicp_midx (CP093, unit I15, Index 2015=100)"
FR,2019,4,100.59,"Eurostat prc_hicp_midx (CP093, unit I15, Index 2015=100)"
FR,2019,5,101.06,"Eurostat prc_hicp_midx (CP093, unit I15, Index 2015=100)"
FR,2019,6,100.74,"Eurostat prc_hicp_midx (CP093, unit I15, Index 2015=100)"
FR,2019,7,100.17,"Eurostat prc_hicp_midx (CP093, unit I15, Index 2015=100)"
FR,2019,8,100.42,"Eurostat prc_hicp_midx (CP093, unit I15, Index 2015=100)"
FR,2019,9,100.76,"Eurostat prc_hicp_midx (CP093, unit I15, Index 2015=100)"
FR,2019,10,100.35,"Eurostat prc_hicp_midx (CP093, unit I15, Index 2015=100)"
FR,2019,11,99.89,"Eurostat prc_hicp_midx (CP093, unit I15, Index 2015=100)"
FR,2019,12,99.84,"Eurostat prc_hicp_midx (CP093, unit I15, Index 2015=100)"
FR,2020,1,100.11,"Eurostat prc_hicp_midx (CP093, unit I15, Index 2015=100)"
FR,2020,2,100.51,"Eurostat prc_hicp_midx (CP093, unit I15, Index 2015=100)"
FR,2020,3,101.03,"Eurostat prc_hicp_midx (CP093, unit I15, Index 2015=100)"
FR,2020,4,101.59,"Eurostat prc_hicp_midx (CP093, unit I15, Index 2015=100)"
FR,2020,5,102.57,"Eurostat prc_hicp_midx (CP093, unit I15, Index 2015=100)"
FR,2020,6,101.88,"Eurostat prc_hicp_midx (CP093, unit I15, Index 2015=100)"
FR,2020,7,102.14,"Eurostat prc_hicp_midx (CP093, unit I15, Index 2015=100)"
FR,2020,8,101.76,"Eurostat prc_hicp_midx (CP093, unit I15, Index 2015=100)"
FR,2020,9,101.9,"Eurostat prc_hicp_midx (CP093, unit I15, Index 2015=100)"
FR,2020,10,101.91,"Eurostat prc_hicp_midx (CP093, unit I15, Index 2015=100)"
FR,2020,11,100.6,"Eurostat prc_hicp_midx (CP093, unit I15, Index 2015=100)"
FR,2020,12,100.31,"Eurostat prc_hicp_midx (CP093, unit I15, Index 2015=100)"
FR,2021,1,101.49,"Eurostat prc_hicp_midx (CP093, unit I15, Index 2015=100)"
FR,2021,2,101.81,"Eurostat prc_hicp_midx (CP093, unit I15, Index 2015=100)"
FR,2021,3,102.95,"Eurostat prc_hicp_midx (CP093, unit I15, Index 2015=100)"
FR,2021,4,103.06,"Eurostat prc_hicp_midx (CP093, unit I15, Index 2015=100)"
FR,2021,5,103.83,"Eurostat prc_hicp_midx (CP093, unit I15, Index 2015=100)"
FR,2021,6,103.54,"Eurostat prc_hicp_midx (CP093, unit I15, Index 2015=100)"
FR,2021,7,103.43,"Eurostat prc_hicp_midx (CP093, unit I15, Index 2015=100)"
FR,2021,8,104.17,"Eurostat prc_hicp_midx (CP093, unit I15, Index 2015=100)"
FR,2021,9,104.51,"Eurostat prc_hicp_midx (CP093, unit I15, Index 2015=100)"
FR,2021,10,104.16,"Eurostat prc_hicp_midx (CP093, unit I15, Index 2015=100)"
FR,2021,11,103.67,"Eurostat prc_hicp_midx (CP093, unit I15, Index 2015=100)"
FR,2021,12,104.03,"Eurostat prc_hicp_midx (CP093, unit I15, Index 2015=100)"
FR,2022,1,104.27,"Eurostat prc_hicp_midx (CP093, unit I15, Index 2015=100)"
FR,2022,2,105.28,"Eurostat prc_hicp_midx (CP093, unit I15, Index 2015=100)"
FR,2022,3,105.71,"Eurostat prc_hicp_midx (CP093, unit I15, Index 2015=100)"
FR,2022,4,106.29,"Eurostat prc_hicp_midx (CP093, unit I15, Index 2015=100)"
FR,2022,5,107.51,"Eurostat prc_hicp_midx (CP093, unit I15, Index 2015=100)"
FR,2022,6,107.37,"Eurostat prc_hicp_midx (CP093, unit I15, Index 2015=100)"
FR,2022,7,107.29,"Eurostat prc_hicp_midx (CP093, unit I15, Index 2015=100)"
FR,2022,8,108.25,"Eurostat prc_hicp_midx (CP093, unit I15, Index 2015=100)"
FR,2022,9,108.9,"Eurostat prc_hicp_midx (CP093, unit I15, Index 2015=100)"
FR,2022,10,109.32,"Eurostat prc_hicp_midx (CP093, unit I15, Index 2015=100)"
FR,2022,11,109.39,"Eurostat prc_hicp_midx (CP093, unit I15, Index 2015=100)"
FR,2022,12,109.13,"Eurostat prc_hicp_midx (CP093, unit I15, Index 2015=100)"
FR,2023,1,109.83,"Eurostat prc_hicp_midx (CP093, unit I15, Index 2015=100)"
FR,2023,2,111.5,"Eurostat prc_hicp_midx (CP093, unit I15, Index 2015=100)"
FR,2023,3,112.77,"Eurostat prc_hicp_midx (CP093, unit I15, Index 2015=100)"
FR,2023,4,112.72,"Eurostat prc_hicp_midx (CP093, unit I15, Index 2015=100)"
FR,2023,5,113.23,"Eurostat prc_hicp_midx (CP093, unit I15, Index 2015=100)"
FR,2023,6,113.48,"Eurostat prc_hicp_midx (CP093, unit I15, Index 2015=100)"
FR,2023,7,112.67,"Eurostat prc_hicp_midx (CP093, unit I15, Index 2015=100)"
FR,2023,8,113.75,"Eurostat prc_hicp_midx (CP093, unit I15, Index 2015=100)"
FR,2023,9,113.58,"Eurostat prc_hicp_midx (CP093, unit I15, Index 2015=100)"
FR,2023,10,113.61,"Eurostat prc_hicp_midx (CP093, unit I15, Index 2015=100)"
FR,2023,11,113.4,"Eurostat prc_hicp_midx (CP093, unit I15, Index 2015=100)"
FR,2023,12,112.99,"Eurostat prc_hicp_midx (CP093, unit I15, Index 2015=100)"
FR,2024,1,112.86,"Eurostat prc_hicp_midx (CP093, unit I15, Index 2015=100)"
FR,2024,2,113.78,"Eurostat prc_hicp_midx (CP093, unit I15, Index 2015=100)"
FR,2024,3,114.55,"Eurostat prc_hicp_midx (CP093, unit I15, Index 2015=100)"
FR,2024,4,114.0,"Eurostat prc_hicp_midx (CP093, unit I15, Index 2015=100)"
FR,2024,5,114.66,"Eurostat prc_hicp_midx (CP093, unit I15, Index 2015=100)"
FR,2024,6,114.61,"Eurostat prc_hicp_midx (CP093, unit I15, Index 2015=100)"
FR,2024,7,114.09,"Eurostat prc_hicp_midx (CP093, unit I15, Index 2015=100)"
FR,2024,8,114.76,"Eurostat prc_hicp_midx (CP093, unit I15, Index 2015=100)"
FR,2024,9,114.65,"Eurostat prc_hicp_midx (CP093, unit I15, Index 2015=100)"
FR,2024,10,114.56,"Eurostat prc_hicp_midx (CP093, unit I15, Index 2015=100)"
FR,2024,11,114.06,"Eurostat prc_hicp_midx (CP093, unit I15, Index 2015=100)"
FR,2024,12,113.38,"Eurostat prc_hicp_midx (CP093, unit I15, Index 2015=100)"
HR,2010,1,97.01,"Eurostat prc_hicp_midx (CP093, unit I15, Index 2015=100)"
HR,2010,2,96.79,"Eurostat prc_hicp_midx (CP093, unit I15, Index 2015=100)"
HR,2010,3,97.47,"Eurostat prc_hicp_midx (CP093, unit I15, Index 2015=100)"
HR,2010,4,100.14,"Eurostat prc_hicp_midx (CP093, unit I15, Index 2015=100)"
HR,2010,5,102.32,"Eurostat prc_hicp_midx (CP093, unit I15, Index 2015=100)"
HR,2010,6,102.07,"Eurostat prc_hicp_midx (CP093, unit I15, Index 2015=100)"
HR,2010,7,101.66,"Eurostat prc_hicp_midx (CP093, unit I15, Index 2015=100)"
HR,2010,8,100.8,"Eurostat prc_hicp_midx (CP093, unit I15, Index 2015=100)"
HR,2010,9,100.51,"Eurostat prc_hicp_midx (CP093, unit I15, Index 2015=100)"
HR,2010,10,98.94,"Eurostat prc_hicp_midx (CP093, unit I15, Index 2015=100)"
HR,2010,11,97.87,"Eurostat prc_hicp_midx (CP093, unit I15, Index 2015=100)"
HR,2010,12,96.83,"Eurostat prc_hicp_midx (CP093, unit I15, Index 2015=100)"
HR,2011,1,94.58,"Eurostat prc_hicp_midx (CP093, unit I15, Index 2015=100)"
HR,2011,2,93.7,"Eurostat prc_hicp_midx (CP093, unit I15, Index 2015=100)"
HR,2011,3,93.78,"Eurostat prc_hicp_midx (CP093, unit I15, Index 2015=100)"
HR,2011,4,95.79,"Eurostat prc_hicp_midx (CP093, unit I15, Index 2015=100)"
HR,2011,5,97.52,"Eurostat prc_hicp_midx (CP093, unit I15, Index 2015=100)"
HR,2011,6,97.15,"Eurostat prc_hicp_midx (CP093, unit I15, Index 2015=100)"
HR,2011,7,97.28,"Eurostat prc_hicp_midx (CP093, unit I15, Index 2015=100)"
HR,2011,8,97.24,"Eurostat prc_hicp_midx (CP093, unit I15, Index 2015=100)"
HR,2011,9,97.54,"Eurostat prc_hicp_midx (CP093, unit I15, Index 2015=100)"
HR,2011,10,97.98,"Eurostat prc_hicp_midx (CP093, unit I15, Index 2015=100)"
HR,2011,11,97.27,"Eurostat prc_hicp_midx (CP093, unit I15, Index 2015=100)"
HR,2011,12,97.1,"Eurostat prc_hicp_midx (CP093, unit I15, Index 2015=100)"
HR,2012,1,97.19,"Eurostat prc_hicp_midx (CP093, unit I15, Index 2015=100)"
HR,2012,2,97.3,"Eurostat prc_hicp_midx (CP093, unit I15, Index 2015=100)"
HR,2012,3,98.02,"Eurostat prc_hicp_midx (CP093, unit I15, Index 2015=100)"
HR,2012,4,99.15,"Eurostat prc_hicp_midx (CP093, unit I15, Index 2015=100)"
HR,2012,5,101.97,"Eurostat prc_hicp_midx (CP093, unit I15, Index 2015=100)"
HR,2012,6,101.06,"Eurostat prc_hicp_midx (CP093, unit I15, Index 2015=100)"
HR,2012,7,100.38,"Eurostat prc_hicp_midx (CP093, unit I15, Index 2015=100)"
HR,2012,8,99.32,"Eurostat prc_hicp_midx (CP093, unit I15, Index 2015=100)"
HR,2012,9,99.71,"Eurostat prc_hicp_midx (CP093, unit I15, Index 2015=100)"
HR,2012,10,99.79,"Eurostat prc_hicp_midx (CP093, unit I15, Index 2015=100)"
HR,2012,11,99.89,"Eurostat prc_hicp_midx (CP093, unit I15, Index 2015=100)"
HR,2012,12,99.5,"Eurostat prc_hicp_midx (CP093, unit I15, Index 2015=100)"
HR,2013,1,98.8,"Eurostat prc_hicp_midx (CP093, unit I15, Index 2015=100)"
HR,2013,2,100.14,"Eurostat prc_hicp_midx (CP093, unit I15, Index 2015=100)"
HR,2013,3,100.38,"Eurostat prc_hicp_midx (CP093, unit I15, Index 2015=100)"
HR,2013,4,101.06,"Eurostat prc_hicp_midx (CP093, unit I15, Index 2015=100)"
HR,2013,5,101.51,"Eurostat prc_hicp_midx (CP093, unit I15, Index 2015=100)"
HR,2013,6,101.28,"Eurostat prc_hicp_midx (CP093, unit I15, Index 2015=100)"
HR,2013,7,100.27,"Eurostat prc_hicp_midx (CP093, unit I15, Index 2015=100)"
HR,2013,8,100.1,"Eurostat prc_hicp_midx (CP093, unit I15, Index 2015=100)"
HR,2013,9,100.11,"Eurostat prc_hicp_midx (CP093, unit I15, Index 2015=100)"
HR,2013,10,100.13,"Eurostat prc_hicp_midx (CP093, unit I15, Index 2015=100)"
HR,2013,11,99.96,"Eurostat prc_hicp_midx (CP093, unit I15, Index 2015=100)"
HR,2013,12,99.71,"Eurostat prc_hicp_midx (CP093, unit I15, Index 2015=100)"
HR,2014,1,99.48,"Eurostat prc_hicp_midx (CP093, unit I15, Index 2015=100)"
HR,2014,2,99.65,"Eurostat prc_hicp_midx (CP093, unit I15, Index 2015=100)"
HR,2014,3,98.46,"Eurostat prc_hicp_midx (CP093, unit I15, Index 2015=100)"
HR,2014,4,97.67,"Eurostat prc_hicp_midx (CP093, unit I15, Index 2015=100)"
HR,2014,5,98.23,"Eurostat prc_hicp_midx (CP093, unit I15, Index 2015=100)"
HR,2014,6,97.54,"Eurostat prc_hicp_midx (CP093, unit I15, Index 2015=100)"
HR,2014,7,97.38,"Eurostat prc_hicp_midx (CP093, unit I15, Index 2015=100)"
HR,2014,8,97.11,"Eurostat prc_hicp_midx (CP093, unit I15, Index 2015=100)"
HR,2014,9,96.76,"Eurostat prc_hicp_midx (CP093, unit I15, Index 2015=100)"
HR,2014,10,97.38,"Eurostat prc_hicp_midx (CP093, unit I15, Index 2015=100)"
HR,2014,11,98.27,"Eurostat prc_hicp_midx (CP093, unit I15, Index 2015=100)"
HR,2014,12,97.85,"Eurostat prc_hicp_midx (CP093, unit I15, Index 2015=100)"
HR,2015,1,98.35,"Eurostat prc_hicp_midx (CP093, unit I15, Index 2015=100)"
HR,2015,2,98.42,"Eurostat prc_hicp_midx (CP093, unit I15, Index 2015=100)"
HR,2015,3,99.2,"Eurostat prc_hicp_midx (CP093, unit I15, Index 2015=100)"
HR,2015,4,100.13,"Eurostat prc_hicp_midx (CP093, unit I15, Index 2015=100)"
HR,2015,5,100.5,"Eurostat prc_hicp_midx (CP093, unit I15, Index 2015=100)"
HR,2015,6,100.27,"Eurostat prc_hicp_midx (CP093, unit I15, Index 2015=100)"
HR,2015,7,100.26,"Eurostat prc_hicp_midx (CP093, unit I15, Index 2015=100)"
HR,2015,8,100.92,"Eurostat prc_hicp_midx (CP093, unit I15, Index 2015=100)"
HR,2015,9,100.21,"Eurostat prc_hicp_midx (CP093, unit I15, Index 2015=100)"
HR,2015,10,100.41,"Eurostat prc_hicp_midx (CP093, unit I15, Index 2015=100)"
HR,2015,11,100.54,"Eurostat prc_hicp_midx (CP093, unit I15, Index 2015=100)"
HR,2015,12,100.77,"Eurostat prc_hicp_midx (CP093, unit I15, Index 2015=100)"
HR,2016,1,100.46,"Eurostat prc_hicp_midx (CP093, unit I15, Index 2015=100)"
HR,2016,2,101.35,"Eurostat prc_hicp_midx (CP093, unit I15, Index 2015=100)"
HR,2016,3,101.46,"Eurostat prc_hicp_midx (CP093, unit I15, Index 2015=100)"
HR,2016,4,101.78,"Eurostat prc_hicp_midx (CP093, unit I15, Index 2015=100)"
HR,2016,5,102.32,"Eurostat prc_hicp_midx (CP093, unit I15, Index 2015=100)"
HR,2016,6,102.3,"Eurostat prc_hicp_midx (CP093, unit I15, Index 2015=100)"
HR,2016,7,101.53,"Eurostat prc_hicp_midx (CP093, unit I15, Index 2015=100)"
HR,2016,8,101.84,"Eurostat prc_hicp_midx (CP093, unit I15, Index 2015=100)"
HR,2016,9,101.53,"Eurostat prc_hicp_midx (CP093, unit I15, Index 2015=100)"
HR,2016,10,101.42,"Eurostat prc_hicp_midx (CP093, unit I15, Index 2015=100)"
HR,2016,11,101.54,"Eurostat prc_hicp_midx (CP093, unit I15, Index 2015=100)"
HR,2016,12,101.69,"Eurostat prc_hicp_midx (CP093, unit I15, Index 2015=100)"
HR,2017,1,102.04,"Eurostat prc_hicp_midx (CP093, unit I15, Index 2015=100)"
HR,2017,2,102.04,"Eurostat prc_hicp_midx (CP093, unit I15, Index 2015=100)"
HR,2017,3,102.01,"Eurostat prc_hicp_midx (CP093, unit I15, Index 2015=100)"
HR,2017,4,102.12,"Eurostat prc_hicp_midx (CP093, unit I15, Index 2015=100)"
HR,2017,5,101.64,"Eurostat prc_hicp_midx (CP093, unit I15, Index 2015=100)"
HR,2017,6,102.42,"Eurostat prc_hicp_midx (CP093, unit I15, Index 2015=100)"
HR,2017,7,102.76,"Eurostat prc_hicp_midx (CP093, unit I15, Index 2015=100)"
HR,2017,8,103.07,"Eurostat prc_hicp_midx (CP093, unit I15, Index 2015=100)"
HR,2017,9,103.26,"Eurostat prc_hicp_midx (CP093, unit I15, Index 2015=100)"
HR,2017,10,103.21,"Eurostat prc_hicp_midx (CP093, unit I15, Index 2015=100)"
HR,2017,11,103.25,"Eurostat prc_hicp_midx (CP093, unit I15, Index 2015=100)"
HR,2017,12,102.12,"Eurostat prc_hicp_midx (CP093, unit I15, Index 2015=100)"
HR,2018,1,102.33,"Eurostat prc_hicp_midx (CP093, unit I15, Index 2015=100)"
HR,2018,2,102.5,"Eurostat prc_hicp_midx (CP093, unit I15, Index 2015=100)"
HR,2018,3,102.57,"Eurostat prc_hicp_midx (CP093, unit I15, Index 2015=100)"
HR,2018,4,102.83,"Eurostat prc_hicp_midx (CP093, unit I15, Index 2015=100)"
HR,2018,5,103.14,"Eurostat prc_hicp_midx (CP093, unit I15, Index 2015=100)"
HR,2018,6,102.9,"Eurostat prc_hicp_midx (CP093, unit I15, Index 2015=100)"
HR,2018,7,102.82,"Eurostat prc_hicp_midx (CP093, unit I15, Index 2015=100)"
HR,2018,8,102.08,"Eurostat prc_hicp_midx (CP093, unit I15, Index 2015=100)"
HR,2018,9,101.76,"Eurostat prc_hicp_midx (CP093, unit I15, Index 2015=100)"
HR,2018,10,102.58,"Eurostat prc_hicp_midx (CP093, unit I15, Index 2015=100)"
HR,2018,11,101.96,"Eurostat prc_hicp_midx (CP093, unit I15, Index 2015=100)"
HR,2018,12,100.9,"Eurostat prc_hicp_midx (CP093, unit I15, Index 2015=100)"
HR,2019,1,101.62,"Eurostat prc_hicp_midx (CP093, unit I15, Index 2015=100)"
HR,2019,2,102.5,"Eurostat prc_hicp_midx (CP093, unit I15, Index 2015=100)"
HR,2019,3,103.07,"Eurostat prc_hicp_midx (CP093, unit I15, Index 2015=100)"
HR,2019,4,102.89,"Eurostat prc_hicp_midx (CP093, unit I15, Index 2015=100)"
HR,2019,5,103.28,"Eurostat prc_hicp_midx (CP093, unit I15, Index 2015=100)"
HR,2019,6,103.11,"Eurostat prc_hicp_midx (CP093, unit I15, Index 2015=100)"
HR,2019,7,102.67,"Eurostat prc_hicp_midx (CP093, unit I15, Index 2015=100)"
HR,2019,8,102.79,"Eurostat prc_hicp_midx (CP093, unit I15, Index 2015=100)"
HR,2019,9,102.47,"Eurostat prc_hicp_midx (CP093, unit I15, Index 2015=100)"
HR,2019,10,102.27,"Eurostat prc_hicp_midx (CP093, unit I15, Index 2015=100)"
HR,2019,11,102.26,"Eurostat prc_hicp_midx (CP093, unit I15, Index 2015=100)"
HR,2019,12,101.99,"Eurostat prc_hicp_midx (CP093, unit I15, Index 2015=100)"
HR,2020,1,102.32,"Eurostat prc_hicp_midx (CP093, unit I15, Index 2015=100)"
HR,2020,2,102.53,"Eurostat prc_hicp_midx (CP093, unit I15, Index 2015=100)"
HR,2020,3,102.64,"Eurostat prc_hicp_midx (CP093, unit I15, Index 2015=100)"
HR,2020,4,102.11,"Eurostat prc_hicp_midx (CP093, unit I15, Index 2015=100)"
HR,2020,5,102.4,"Eurostat prc_hicp_midx (CP093, unit I15, Index 2015=100)"
HR,2020,6,102.6,"Eurostat prc_hicp_midx (CP093, unit I15, Index 2015=100)"
HR,2020,7,102.59,"Eurostat prc_hicp_midx (CP093, unit I15, Index 2015=100)"
HR,2020,8,103.16,"Eurostat prc_hicp_midx (CP093, unit I15, Index 2015=100)"
HR,2020,9,103.0,"Eurostat prc_hicp_midx (CP093, unit I15, Index 2015=100)"
HR,2020,10,103.0,"Eurostat prc_hicp_midx (CP093, unit I15, Index 2015=100)"
HR,2020,11,103.01,"Eurostat prc_hicp_midx (CP093, unit I15, Index 2015=100)"
HR,2020,12,102.64,"Eurostat prc_hicp_midx (CP093, unit I15, Index 2015=100)"
HR,2021,1,103.46,"Eurostat prc_hicp_midx (CP093, unit I15, Index 2015=100)"
HR,2021,2,103.12,"Eurostat prc_hicp_midx (CP093, unit I15, Index 2015=100)"
HR,2021,3,103.25,"Eurostat prc_hicp_midx (CP093, unit I15, Index 2015=100)"
HR,2021,4,102.81,"Eurostat prc_hicp_midx (CP093, unit I15, Index 2015=100)"
HR,2021,5,103.17,"Eurostat prc_hicp_midx (CP093, unit I15, Index 2015=100)"
HR,2021,6,103.61,"Eurostat prc_hicp_midx (CP093, unit I15, Index 2015=100)"
HR,2021,7,103.13,"Eurostat prc_hicp_midx (CP093, unit I15, Index 2015=100)"
HR,2021,8,103.45,"Eurostat prc_hicp_midx (CP093, unit I15, Index 2015=100)"
HR,2021,9,104.16,"Eurostat prc_hicp_midx (CP093, unit I15, Index 2015=100)"
HR,2021,10,104.48,"Eurostat prc_hicp_midx (CP093, unit I15, Index 2015=100)"
HR,2021,11,105.09,"Eurostat prc_hicp_midx (CP093, unit I15, Index 2015=100)"
HR,2021,12,104.91,"Eurostat prc_hicp_midx (CP093, unit I15, Index 2015=100)"
HR,2022,1,105.48,"Eurostat prc_hicp_midx (CP093, unit I15, Index 2015=100)"
HR,2022,2,108.7,"Eurostat prc_hicp_midx (CP093, unit I15, Index 2015=100)"
HR,2022,3,111.34,"Eurostat prc_hicp_midx (CP093, unit I15, Index 2015=100)"
HR,2022,4,111.39,"Eurostat prc_hicp_midx (CP093, unit I15, Index 2015=100)"
HR,2022,5,112.68,"Eurostat prc_hicp_midx (CP093, unit I15, Index 2015=100)"
HR,2022,6,113.68,"Eurostat prc_hicp_midx (CP093, unit I15, Index 2015=100)"
HR,2022,7,114.58,"Eurostat prc_hicp_midx (CP093, unit I15, Index 2015=100)"
HR,2022,8,115.26,"Eurostat prc_hicp_midx (CP093, unit I15, Index 2015=100)"
HR,2022,9,115.04,"Eurostat prc_hicp_midx (CP093, unit I15, Index 2015=100)"
HR,2022,10,114.92,"Eurostat prc_hicp_midx (CP093, unit I15, Index 2015=100)"
HR,2022,11,116.72,"Eurostat prc_hicp_midx (CP093, unit I15, Index 2015=100)"
HR,2022,12,116.45,"Eurostat prc_hicp_midx (CP093, unit I15, Index 2015=100)"
HR,2023,1,118.7,"Eurostat prc_hicp_midx (CP093, unit I15, Index 2015=100)"
HR,2023,2,120.99,"Eurostat prc_hicp_midx (CP093, unit I15, Index 2015=100)"
HR,2023,3,121.07,"Eurostat prc_hicp_midx (CP093, unit I15, Index 2015=100)"
HR,2023,4,122.99,"Eurostat prc_hicp_midx (CP093, unit I15, Index 2015=100)"
HR,2023,5,124.19,"Eurostat prc_hicp_midx (CP093, unit I15, Index 2015=100)"
HR,2023,6,125.19,"Eurostat prc_hicp_midx (CP093, unit I15, Index 2015=100)"
HR,2023,7,126.33,"Eurostat prc_hicp_midx (CP093, unit I15, Index 2015=100)"
HR,2023,8,126.26,"Eurostat prc_hicp_midx (CP093, unit I15, Index 2015=100)"
HR,2023,9,126.26,"Eurostat prc_hicp_midx (CP093, unit I15, Index 2015=100)"
HR,2023,10,126.48,"Eurostat prc_hicp_midx (CP093, unit I15, Index 2015=100)"
HR,2023,11,126.34,"Eurostat prc_hicp_midx (CP093, unit I15, Index 2015=100)"
HR,2023,12,124.25,"Eurostat prc_hicp_midx (CP093, unit I15, Index 2015=100)"
HR,2024,1,126.25,"Eurostat prc_hicp_midx (CP093, unit I15, Index 2015=100)"
HR,2024,2,127.09,"Eurostat prc_hicp_midx (CP093, unit I15, Index 2015=100)"
HR,2024,3,127.96,"Eurostat prc_hicp_midx (CP093, unit I15, Index 2015=100)"
HR,2024,4,128.15,"Eurostat prc_hicp_midx (CP093, unit I15, Index 2015=100)"
HR,2024,5,128.52,"Eurostat prc_hicp_midx (CP093, unit I15, Index 2015=100)"
HR,2024,6,128.62,"Eurostat prc_hicp_midx (CP093, unit I15, Index 2015=100)"
HR,2024,7,128.22,"Eurostat prc_hicp_midx (CP093, unit I15, Index 2015=100)"
HR,2024,8,134.03,"Eurostat prc_hicp_midx (CP093, unit I15, Index 2015=100)"
HR,2024,9,133.39,"Eurostat prc_hicp_midx (CP093, unit I15, Index 2015=100)"
HR,2024,10,133.7,"Eurostat prc_hicp_midx (CP093, unit I15, Index 2015=100)"
HR,2024,11,133.88,"Eurostat prc_hicp_midx (CP093, unit I15, Index 2015=100)"
HR,2024,12,132.12,"Eurostat prc_hicp_midx (CP093, unit I15, Index 2015=100)"
IT,2010,1,94.5,"Eurostat prc_hicp_midx (CP093, unit I15, Index 2015=100)"
IT,2010,2,94.8,"Eurostat prc_hicp_midx (CP093, unit I15, Index 2015=100)"
IT,2010,3,95.7,"Eurostat prc_hicp_midx (CP093, unit I15, Index 2015=100)"
IT,2010,4,97.3,"Eurostat prc_hicp_midx (CP093, unit I15, Index 2015=100)"
IT,2010,5,94.3,"Eurostat prc_hicp_midx (CP093, unit I15, Index 2015=100)"
IT,2010,6,95.5,"Eurostat prc_hicp_midx (CP093, unit I15, Index 2015=100)"
IT,2010,7,93.7,"Eurostat prc_hicp_midx (CP093, unit I15, Index 2015=100)"
IT,2010,8,93.7,"Eurostat prc_hicp_midx (CP093, unit I15, Index 2015=100)"
IT,2010,9,93.5,"Eurostat prc_hicp_midx (CP093, unit I15, Index 2015=100)"
IT,2010,10,96.7,"Eurostat prc_hicp_midx (CP093, unit I15, Index 2015=100)"
IT,2010,11,97.4,"Eurostat prc_hicp_midx (CP093, unit I15, Index 2015=100)"
IT,2010,12,98.2,"Eurostat prc_hicp_midx (CP093, unit I15, Index 2015=100)"
IT,2011,1,96.0,"Eurostat prc_hicp_midx (CP093, unit I15, Index 2015=100)"
IT,2011,2,95.3,"Eurostat prc_hicp_midx (CP093, unit I15, Index 2015=100)"
IT,2011,3,95.4,"Eurostat prc_hicp_midx (CP093, unit I15, Index 2015=100)"
IT,2011,4,96.2,"Eurostat prc_hicp_midx (CP093, unit I15, Index 2015=100)"
IT,2011,5,95.8,"Eurostat prc_hicp_midx (CP093, unit I15, Index 2015=100)"
IT,2011,6,95.8,"Eurostat prc_hicp_midx (CP093, unit I15, Index 2015=100)"
IT,2011,7,93.7,"Eurostat prc_hicp_midx (CP093, unit I15, Index 2015=100)"
IT,2011,8,93.5,"Eurostat prc_hicp_midx (CP093, unit I15, Index 2015=100)"
IT,2011,9,97.7,"Eurostat prc_hicp_midx (CP093, unit I15, Index 2015=100)"
IT,2011,10,97.9,"Eurostat prc_hicp_midx (CP093, unit I15, Index 2015=100)"
IT,2011,11,98.2,"Eurostat prc_hicp_midx (CP093, unit I15, Index 2015=100)"
IT,2011,12,97.2,"Eurostat prc_hicp_midx (CP093, unit I15, Index 2015=100)"
IT,2012,1,96.6,"Eurostat prc_hicp_midx (CP093, unit I15, Index 2015=100)"
IT,2012,2,98.6,"Eurostat prc_hicp_midx (CP093, unit I15, Index 2015=100)"
IT,2012,3,99.1,"Eurostat prc_hicp_midx (CP093, unit I15, Index 2015=100)"
IT,2012,4,98.1,"Eurostat prc_hicp_midx (CP093, unit I15, Index 2015=100)"
IT,2012,5,98.3,"Eurostat prc_hicp_midx (CP093, unit I15, Index 2015=100)"
IT,2012,6,98.8,"Eurostat prc_hicp_midx (CP093, unit I15, Index 2015=100)"
IT,2012,7,96.1,"Eurostat prc_hicp_midx (CP093, unit I15, Index 2015=100)"
IT,2012,8,95.6,"Eurostat prc_hicp_midx (CP093, unit I15, Index 2015=100)"
IT,2012,9,98.0,"Eurostat prc_hicp_midx (CP093, unit I15, Index 2015=100)"
IT,2012,10,99.3,"Eurostat prc_hicp_midx (CP093, unit I15, Index 2015=100)"
IT,2012,11,99.2,"Eurostat prc_hicp_midx (CP093, unit I15, Index 2015=100)"
IT,2012,12,98.9,"Eurostat prc_hicp_midx (CP093, unit I15, Index 2015=100)"
IT,2013,1,97.6,"Eurostat prc_hicp_midx (CP093, unit I15, Index 2015=100)"
IT,2013,2,98.3,"Eurostat prc_hicp_midx (CP093, unit I15, Index 2015=100)"
IT,2013,3,99.2,"Eurostat prc_hicp_midx (CP093, unit I15, Index 2015=100)"
IT,2013,4,98.4,"Eurostat prc_hicp_midx (CP093, unit I15, Index 2015=100)"
IT,2013,5,98.0,"Eurostat prc_hicp_midx (CP093, unit I15, Index 2015=100)"
IT,2013,6,98.5,"Eurostat prc_hicp_midx (CP093, unit I15, Index 2015=100)"
IT,2013,7,98.2,"Eurostat prc_hicp_midx (CP093, unit I15, Index 2015=100)"
IT,2013,8,97.4,"Eurostat prc_hicp_midx (CP093, unit I15, Index 2015=100)"
IT,2013,9,100.7,"Eurostat prc_hicp_midx (CP093, unit I15, Index 2015=100)"
IT,2013,10,100.6,"Eurostat prc_hicp_midx (CP093, unit I15, Index 2015=100)"
IT,2013,11,100.4,"Eurostat prc_hicp_midx (CP093, unit I15, Index 2015=100)"
IT,2013,12,99.9,"Eurostat prc_hicp_midx (CP093, unit I15, Index 2015=100)"
IT,2014,1,99.3,"Eurostat prc_hicp_midx (CP093, unit I15, Index 2015=100)"
IT,2014,2,99.1,"Eurostat prc_hicp_midx (CP093, unit I15, Index 2015=100)"
IT,2014,3,99.7,"Eurostat prc_hicp_midx (CP093, unit I15, Index 2015=100)"
IT,2014,4,99.0,"Eurostat prc_hicp_midx (CP093, unit I15, Index 2015=100)"
IT,2014,5,99.3,"Eurostat prc_hicp_midx (CP093, unit I15, Index 2015=100)"
IT,2014,6,98.7,"Eurostat prc_hicp_midx (CP093, unit I15, Index 2015=100)"
IT,2014,7,98.2,"Eurostat prc_hicp_midx (CP093, unit I15, Index 2015=100)"
IT,2014,8,98.2,"Eurostat prc_hicp_midx (CP093, unit I15, Index 2015=100)"
IT,2014,9,99.5,"Eurostat prc_hicp_midx (CP093, unit I15, Index 2015=100)"
IT,2014,10,100.5,"Eurostat prc_hicp_midx (CP093, unit I15, Index 2015=100)"
IT,2014,11,99.9,"Eurostat prc_hicp_midx (CP093, unit I15, Index 2015=100)"
IT,2014,12,99.5,"Eurostat prc_hicp_midx (CP093, unit I15, Index 2015=100)"
IT,2015,1,98.6,"Eurostat prc_hicp_midx (CP093, unit I15, Index 2015=100)"
IT,2015,2,99.7,"Eurostat prc_hicp_midx (CP093, unit I15, Index 2015=100)"
IT,2015,3,99.3,"Eurostat prc_hicp_midx (CP093, unit I15, Index 2015=100)"
IT,2015,4,100.3,"Eurostat prc_hicp_midx (CP093, unit I15, Index 2015=100)"
IT,2015,5,100.4,"Eurostat prc_hicp_midx (CP093, unit I15, Index 2015=100)"
IT,2015,6,100.5,"Eurostat prc_hicp_midx (CP093, unit I15, Index 2015=100)"
IT,2015,7,100.2,"Eurostat prc_hicp_midx (CP093, unit I15, Index 2015=100)"
IT,2015,8,98.8,"Eurostat prc_hicp_midx (CP093, unit I15, Index 2015=100)"
IT,2015,9,100.2,"Eurostat prc_hicp_midx (CP093, unit I15, Index 2015=100)"
IT,2015,10,101.4,"Eurostat prc_hicp_midx (CP093, unit I15, Index 2015=100)"
IT,2015,11,100.9,"Eurostat prc_hicp_midx (CP093, unit I15, Index 2015=100)"
IT,2015,12,99.8,"Eurostat prc_hicp_midx (CP093, unit I15, Index 2015=100)"
IT,2016,1,99.3,"Eurostat prc_hicp_midx (CP093, unit I15, Index 2015=100)"
IT,2016,2,99.3,"Eurostat prc_hicp_midx (CP093, unit I15, Index 2015=100)"
IT,2016,3,100.0,"Eurostat prc_hicp_midx (CP093, unit I15, Index 2015=100)"
IT,2016,4,99.9,"Eurostat prc_hicp_midx (CP093, unit I15, Index 2015=100)"
IT,2016,5,99.8,"Eurostat prc_hicp_midx (CP093, unit I15, Index 2015=100)"
IT,2016,6,98.9,"Eurostat prc_hicp_midx (CP093, unit I15, Index 2015=100)"
IT,2016,7,98.0,"Eurostat prc_hicp_midx (CP093, unit I15, Index 2015=100)"
IT,2016,8,97.5,"Eurostat prc_hicp_midx (CP093, unit I15, Index 2015=100)"
IT,2016,9,98.4,"Eurostat prc_hicp_midx (CP093, unit I15, Index 2015=100)"
IT,2016,10,99.4,"Eurostat prc_hicp_midx (CP093, unit I15, Index 2015=100)"
IT,2016,11,99.3,"Eurostat prc_hicp_midx (CP093, unit I15, Index 2015=100)"
IT,2016,12,98.8,"Eurostat prc_hicp_midx (CP093, unit I15, Index 2015=100)"
IT,2017,1,97.6,"Eurostat prc_hicp_midx (CP093, unit I15, Index 2015=100)"
IT,2017,2,98.5,"Eurostat prc_hicp_midx (CP093, unit I15, Index 2015=100)"
IT,2017,3,99.2,"Eurostat prc_hicp_midx (CP093, unit I15, Index 2015=100)"
IT,2017,4,99.4,"Eurostat prc_hicp_midx (CP093, unit I15, Index 2015=100)"
IT,2017,5,99.5,"Eurostat prc_hicp_midx (CP093, unit I15, Index 2015=100)"
IT,2017,6,98.6,"Eurostat prc_hicp_midx (CP093, unit I15, Index 2015=100)"
IT,2017,7,98.4,"Eurostat prc_hicp_midx (CP093, unit I15, Index 2015=100)"
IT,2017,8,98.5,"Eurostat prc_hicp_midx (CP093, unit I15, Index 2015=100)"
IT,2017,9,98.7,"Eurostat prc_hicp_midx (CP093, unit I15, Index 2015=100)"
IT,2017,10,99.3,"Eurostat prc_hicp_midx (CP093, unit I15, Index 2015=100)"
IT,2017,11,99.4,"Eurostat prc_hicp_midx (CP093, unit I15, Index 2015=100)"
IT,2017,12,99.5,"Eurostat prc_hicp_midx (CP093, unit I15, Index 2015=100)"
IT,2018,1,98.5,"Eurostat prc_hicp_midx (CP093, unit I15, Index 2015=100)"
IT,2018,2,99.1,"Eurostat prc_hicp_midx (CP093, unit I15, Index 2015=100)"
IT,2018,3,99.6,"Eurostat prc_hicp_midx (CP093, unit I15, Index 2015=100)"
IT,2018,4,99.5,"Eurostat prc_hicp_midx (CP093, unit I15, Index 2015=100)"
IT,2018,5,99.4,"Eurostat prc_hicp_midx (CP093, unit I15, Index 2015=100)"
IT,2018,6,99.5,"Eurostat prc_hicp_midx (CP093, unit I15, Index 2015=100)"
IT,2018,7,99.4,"Eurostat prc_hicp_midx (CP093, unit I15, Index 2015=100)"
IT,2018,8,99.4,"Eurostat prc_hicp_midx (CP093, unit I15, Index 2015=100)"
IT,2018,9,99.1,"Eurostat prc_hicp_midx (CP093, unit I15, Index 2015=100)"
IT,2018,10,99.3,"Eurostat prc_hicp_midx (CP093, unit I15, Index 2015=100)"
IT,2018,11,98.9,"Eurostat prc_hicp_midx (CP093, unit I15, Index 2015=100)"
IT,2018,12,99.7,"Eurostat prc_hicp_midx (CP093, unit I15, Index 2015=100)"
IT,2019,1,99.0,"Eurostat prc_hicp_midx (CP093, unit I15, Index 2015=100)"
IT,2019,2,99.9,"Eurostat prc_hicp_midx (CP093, unit I15, Index 2015=100)"
IT,2019,3,99.6,"Eurostat prc_hicp_midx (CP093, unit I15, Index 2015=100)"
IT,2019,4,99.9,"Eurostat prc_hicp_midx (CP093, unit I15, Index 2015=100)"
IT,2019,5,99.4,"Eurostat prc_hicp_midx (CP093, unit I15, Index 2015=100)"
IT,2019,6,99.5,"Eurostat prc_hicp_midx (CP093, unit I15, Index 2015=100)"
IT,2019,7,99.2,"Eurostat prc_hicp_midx (CP093, unit I15, Index 2015=100)"
IT,2019,8,99.1,"Eurostat prc_hicp_midx (CP093, unit I15, Index 2015=100)"
IT,2019,9,99.2,"Eurostat prc_hicp_midx (CP093, unit I15, Index 2015=100)"
IT,2019,10,99.2,"Eurostat prc_hicp_midx (CP093, unit I15, Index 2015=100)"
IT,2019,11,99.5,"Eurostat prc_hicp_midx (CP093, unit I15, Index 2015=100)"
IT,2019,12,99.7,"Eurostat prc_hicp_midx (CP093, unit I15, Index 2015=100)"
IT,2020,1,99.4,"Eurostat prc_hicp_midx (CP093, unit I15, Index 2015=100)"
IT,2020,2,99.8,"Eurostat prc_hicp_midx (CP093, unit I15, Index 2015=100)"
IT,2020,3,100.1,"Eurostat prc_hicp_midx (CP093, unit I15, Index 2015=100)"
IT,2020,4,100.7,"Eurostat prc_hicp_midx (CP093, unit I15, Index 2015=100)"
IT,2020,5,100.1,"Eurostat prc_hicp_midx (CP093, unit I15, Index 2015=100)"
IT,2020,6,100.1,"Eurostat prc_hicp_midx (CP093, unit I15, Index 2015=100)"
IT,2020,7,100.2,"Eurostat prc_hicp_midx (CP093, unit I15, Index 2015=100)"
IT,2020,8,99.8,"Eurostat prc_hicp_midx (CP093, unit I15, Index 2015=100)"
IT,2020,9,99.7,"Eurostat prc_hicp_midx (CP093, unit I15, Index 2015=100)"
IT,2020,10,100.3,"Eurostat prc_hicp_midx (CP093, unit I15, Index 2015=100)"
IT,2020,11,100.5,"Eurostat prc_hicp_midx (CP093, unit I15, Index 2015=100)"
IT,2020,12,100.8,"Eurostat prc_hicp_midx (CP093, unit I15, Index 2015=100)"
IT,2021,1,100.9,"Eurostat prc_hicp_midx (CP093, unit I15, Index 2015=100)"
IT,2021,2,100.9,"Eurostat prc_hicp_midx (CP093, unit I15, Index 2015=100)"
IT,2021,3,100.9,"Eurostat prc_hicp_midx (CP093, unit I15, Index 2015=100)"
IT,2021,4,101.1,"Eurostat prc_hicp_midx (CP093, unit I15, Index 2015=100)"
IT,2021,5,101.2,"Eurostat prc_hicp_midx (CP093, unit I15, Index 2015=100)"
IT,2021,6,101.2,"Eurostat prc_hicp_midx (CP093, unit I15, Index 2015=100)"
IT,2021,7,101.1,"Eurostat prc_hicp_midx (CP093, unit I15, Index 2015=100)"
IT,2021,8,100.8,"Eurostat prc_hicp_midx (CP093, unit I15, Index 2015=100)"
IT,2021,9,101.6,"Eurostat prc_hicp_midx (CP093, unit I15, Index 2015=100)"
IT,2021,10,101.9,"Eurostat prc_hicp_midx (CP093, unit I15, Index 2015=100)"
IT,2021,11,102.2,"Eurostat prc_hicp_midx (CP093, unit I15, Index 2015=100)"
IT,2021,12,102.7,"Eurostat prc_hicp_midx (CP093, unit I15, Index 2015=100)"
IT,2022,1,102.7,"Eurostat prc_hicp_midx (CP093, unit I15, Index 2015=100)"
IT,2022,2,103.5,"Eurostat prc_hicp_midx (CP093, unit I15, Index 2015=100)"
IT,2022,3,104.0,"Eurostat prc_hicp_midx (CP093, unit I15, Index 2015=100)"
IT,2022,4,104.8,"Eurostat prc_hicp_midx (CP093, unit I15, Index 2015=100)"
IT,2022,5,105.6,"Eurostat prc_hicp_midx (CP093, unit I15, Index 2015=100)"
IT,2022,6,106.1,"Eurostat prc_hicp_midx (CP093, unit I15, Index 2015=100)"
IT,2022,7,106.4,"Eurostat prc_hicp_midx (CP093, unit I15, Index 2015=100)"
IT,2022,8,106.8,"Eurostat prc_hicp_midx (CP093, unit I15, Index 2015=100)"
IT,2022,9,107.8,"Eurostat prc_hicp_midx (CP093, unit I15, Index 2015=100)"
IT,2022,10,108.7,"Eurostat prc_hicp_midx (CP093, unit I15, Index 2015=100)"
IT,2022,11,109.4,"Eurostat prc_hicp_midx (CP093, unit I15, Index 2015=100)"
IT,2022,12,110.2,"Eurostat prc_hicp_midx (CP093, unit I15, Index 2015=100)"
IT,2023,1,110.6,"Eurostat prc_hicp_midx (CP093, unit I15, Index 2015=100)"
IT,2023,2,111.6,"Eurostat prc_hicp_midx (CP093, unit I15, Index 2015=100)"
IT,2023,3,112.4,"Eurostat prc_hicp_midx (CP093, unit I15, Index 2015=100)"
IT,2023,4,112.8,"Eurostat prc_hicp_midx (CP093, unit I15, Index 2015=100)"
IT,2023,5,113.3,"Eurostat prc_hicp_midx (CP093, unit I15, Index 2015=100)"
IT,2023,6,113.4,"Eurostat prc_hicp_midx (CP093, unit I15, Index 2015=100)"
IT,2023,7,113.2,"Eurostat prc_hicp_midx (CP093, unit I15, Index 2015=100)"
IT,2023,8,113.5,"Eurostat prc_hicp_midx (CP093, unit I15, Index 2015=100)"
IT,2023,9,113.8,"Eurostat prc_hicp_midx (CP093, unit I15, Index 2015=100)"
IT,2023,10,114.0,"Eurostat prc_hicp_midx (CP093, unit I15, Index 2015=100)"
IT,2023,11,113.9,"Eurostat prc_hicp_midx (CP093, unit I15, Index 2015=100)"
IT,2023,12,114.5,"Eurostat prc_hicp_midx (CP093, unit I15, Index 2015=100)"
IT,2024,1,114.4,"Eurostat prc_hicp_midx (CP093, unit I15, Index 2015=100)"
IT,2024,2,114.4,"Eurostat prc_hicp_midx (CP093, unit I15, Index 2015=100)"
IT,2024,3,114.5,"Eurostat prc_hicp_midx (CP093, unit I15, Index 2015=100)"
IT,2024,4,114.9,"Eurostat prc_hicp_midx (CP093, unit I15, Index 2015=100)"
IT,2024,5,115.1,"Eurostat prc_hicp_midx (CP093, unit I15, Index 2015=100)"
IT,2024,6,114.9,"Eurostat prc_hicp_midx (CP093, unit I15, Index 2015=100)"
IT,2024,7,114.3,"Eurostat prc_hicp_midx (CP093, unit I15, Index 2015=100)"
IT,2024,8,114.3,"Eurostat prc_hicp_midx (CP093, unit I15, Index 2015=100)"
IT,2024,9,114.5,"Eurostat prc_hicp_midx (CP093, unit I15, Index 2015=100)"
IT,2024,10,114.9,"Eurostat prc_hicp_midx (CP093, unit I15, Index 2015=100)"
IT,2024,11,115.1,"Eurostat prc_hicp_midx (CP093, unit I15, Index 2015=100)"
IT,2024,12,115.1,"Eurostat prc_hicp_midx (CP093, unit I15, Index 2015=100)"
CY,2010,1,100.71,"Eurostat prc_hicp_midx (CP093, unit I15, Index 2015=100)"
CY,2010,2,101.02,"Eurostat prc_hicp_midx (CP093, unit I15, Index 2015=100)"
CY,2010,3,101.1,"Eurostat prc_hicp_midx (CP093, unit I15, Index 2015=100)"
CY,2010,4,101.21,"Eurostat prc_hicp_midx (CP093, unit I15, Index 2015=100)"
CY,2010,5,101.25,"Eurostat prc_hicp_midx (CP093, unit I15, Index 2015=100)"
CY,2010,6,101.36,"Eurostat prc_hicp_midx (CP093, unit I15, Index 2015=100)"
CY,2010,7,101.84,"Eurostat prc_hicp_midx (CP093, unit I15, Index 2015=100)"
CY,2010,8,101.65,"Eurostat prc_hicp_midx (CP093, unit I15, Index 2015=100)"
CY,2010,9,102.11,"Eurostat prc_hicp_midx (CP093, unit I15, Index 2015=100)"
CY,2010,10,102.58,"Eurostat prc_hicp_midx (CP093, unit I15, Index 2015=100)"
CY,2010,11,102.56,"Eurostat prc_hicp_midx (CP093, unit I15, Index 2015=100)"
CY,2010,12,101.71,"Eurostat prc_hicp_midx (CP093, unit I15, Index 2015=100)"
CY,2011,1,104.78,"Eurostat prc_hicp_midx (CP093, unit I15, Index 2015=100)"
CY,2011,2,104.8,"Eurostat prc_hicp_midx (CP093, unit I15, Index 2015=100)"
CY,2011,3,104.7,"Eurostat prc_hicp_midx (CP093, unit I15, Index 2015=100)"
CY,2011,4,104.78,"Eurostat prc_hicp_midx (CP093, unit I15, Index 2015=100)"
CY,2011,5,104.79,"Eurostat prc_hicp_midx (CP093, unit I15, Index 2015=100)"
CY,2011,6,104.89,"Eurostat prc_hicp_midx (CP093, unit I15, Index 2015=100)"
CY,2011,7,104.65,"Eurostat prc_hicp_midx (CP093, unit I15, Index 2015=100)"
CY,2011,8,104.52,"Eurostat prc_hicp_midx (CP093, unit I15, Index 2015=100)"
CY,2011,9,104.55,"Eurostat prc_hicp_midx (CP093, unit I15, Index 2015=100)"
CY,2011,10,104.57,"Eurostat prc_hicp_midx (CP093, unit I15, Index 2015=100)"
CY,2011,11,104.6,"Eurostat prc_hicp_midx (CP093, unit I15, Index 2015=100)"
CY,2011,12,104.43,"Eurostat prc_hicp_midx (CP093, unit I15, Index 2015=100)"
CY,2012,1,103.56,"Eurostat prc_hicp_midx (CP093, unit I15, Index 2015=100)"
CY,2012,2,103.91,"Eurostat prc_hicp_midx (CP093, unit I15, Index 2015=100)"
CY,2012,3,104.44,"Eurostat prc_hicp_midx (CP093, unit I15, Index 2015=100)"
CY,2012,4,104.66,"Eurostat prc_hicp_midx (CP093, unit I15, Index 2015=100)"
CY,2012,5,104.86,"Eurostat prc_hicp_midx (CP093, unit I15, Index 2015=100)"
CY,2012,6,104.76,"Eurostat prc_hicp_midx (CP093, unit I15, Index 2015=100)"
CY,2012,7,104.54,"Eurostat prc_hicp_midx (CP093, unit I15, Index 2015=100)"
CY,2012,8,104.57,"Eurostat prc_hicp_midx (CP093, unit I15, Index 2015=100)"
CY,2012,9,104.64,"Eurostat prc_hicp_midx (CP093, unit I15, Index 2015=100)"
CY,2012,10,104.66,"Eurostat prc_hicp_midx (CP093, unit I15, Index 2015=100)"
CY,2012,11,104.14,"Eurostat prc_hicp_midx (CP093, unit I15, Index 2015=100)"
CY,2012,12,104.43,"Eurostat prc_hicp_midx (CP093, unit I15, Index 2015=100)"
CY,2013,1,103.98,"Eurostat prc_hicp_midx (CP093, unit I15, Index 2015=100)"
CY,2013,2,104.04,"Eurostat prc_hicp_midx (CP093, unit I15, Index 2015=100)"
CY,2013,3,104.24,"Eurostat prc_hicp_midx (CP093, unit I15, Index 2015=100)"
CY,2013,4,103.85,"Eurostat prc_hicp_midx (CP093, unit I15, Index 2015=100)"
CY,2013,5,103.73,"Eurostat prc_hicp_midx (CP093, unit I15, Index 2015=100)"
CY,2013,6,103.66,"Eurostat prc_hicp_midx (CP093, unit I15, Index 2015=100)"
CY,2013,7,102.98,"Eurostat prc_hicp_midx (CP093, unit I15, Index 2015=100)"
CY,2013,8,102.84,"Eurostat prc_hicp_midx (CP093, unit I15, Index 2015=100)"
CY,2013,9,102.91,"Eurostat prc_hicp_midx (CP093, unit I15, Index 2015=100)"
CY,2013,10,102.92,"Eurostat prc_hicp_midx (CP093, unit I15, Index 2015=100)"
CY,2013,11,102.84,"Eurostat prc_hicp_midx (CP093, unit I15, Index 2015=100)"
CY,2013,12,101.33,"Eurostat prc_hicp_midx (CP093, unit I15, Index 2015=100)"
CY,2014,1,101.33,"Eurostat prc_hicp_midx (CP093, unit I15, Index 2015=100)"
CY,2014,2,101.25,"Eurostat prc_hicp_midx (CP093, unit I15, Index 2015=100)"
CY,2014,3,101.73,"Eurostat prc_hicp_midx (CP093, unit I15, Index 2015=100)"
CY,2014,4,101.42,"Eurostat prc_hicp_midx (CP093, unit I15, Index 2015=100)"
CY,2014,5,101.54,"Eurostat prc_hicp_midx (CP093, unit I15, Index 2015=100)"
CY,2014,6,101.31,"Eurostat prc_hicp_midx (CP093, unit I15, Index 2015=100)"
CY,2014,7,101.09,"Eurostat prc_hicp_midx (CP093, unit I15, Index 2015=100)"
CY,2014,8,101.28,"Eurostat prc_hicp_midx (CP093, unit I15, Index 2015=100)"
CY,2014,9,101.09,"Eurostat prc_hicp_midx (CP093, unit I15, Index 2015=100)"
CY,2014,10,101.09,"Eurostat prc_hicp_midx (CP093, unit I15, Index 2015=100)"
CY,2014,11,100.97,"Eurostat prc_hicp_midx (CP093, unit I15, Index 2015=100)"
CY,2014,12,100.69,"Eurostat prc_hicp_midx (CP093, unit I15, Index 2015=100)"
CY,2015,1,100.32,"Eurostat prc_hicp_midx (CP093, unit I15, Index 2015=100)"
CY,2015,2,100.52,"Eurostat prc_hicp_midx (CP093, unit I15, Index 2015=100)"
CY,2015,3,100.64,"Eurostat prc_hicp_midx (CP093, unit I15, Index 2015=100)"
CY,2015,4,100.65,"Eurostat prc_hicp_midx (CP093, unit I15, Index 2015=100)"
CY,2015,5,100.55,"Eurostat prc_hicp_midx (CP093, unit I15, Index 2015=100)"
CY,2015,6,99.86,"Eurostat prc_hicp_midx (CP093, unit I15, Index 2015=100)"
CY,2015,7,99.97,"Eurostat prc_hicp_midx (CP093, unit I15, Index 2015=100)"
CY,2015,8,100.01,"Eurostat prc_hicp_midx (CP093, unit I15, Index 2015=100)"
CY,2015,9,99.82,"Eurostat prc_hicp_midx (CP093, unit I15, Index 2015=100)"
CY,2015,10,99.39,"Eurostat prc_hicp_midx (CP093, unit I15, Index 2015=100)"
CY,2015,11,99.55,"Eurostat prc_hicp_midx (CP093, unit I15, Index 2015=100)"
CY,2015,12,98.72,"Eurostat prc_hicp_midx (CP093, unit I15, Index 2015=100)"
CY,2016,1,98.56,"Eurostat prc_hicp_midx (CP093, unit I15, Index 2015=100)"
CY,2016,2,98.48,"Eurostat prc_hicp_midx (CP093, unit I15, Index 2015=100)"
CY,2016,3,98.77,"Eurostat prc_hicp_midx (CP093, unit I15, Index 2015=100)"
CY,2016,4,98.2,"Eurostat prc_hicp_midx (CP093, unit I15, Index 2015=100)"
CY,2016,5,98.63,"Eurostat prc_hicp_midx (CP093, unit I15, Index 2015=100)"
CY,2016,6,98.31,"Eurostat prc_hicp_midx (CP093, unit I15, Index 2015=100)"
CY,2016,7,98.53,"Eurostat prc_hicp_midx (CP093, unit I15, Index 2015=100)"
CY,2016,8,98.64,"Eurostat prc_hicp_midx (CP093, unit I15, Index 2015=100)"
CY,2016,9,98.08,"Eurostat prc_hicp_midx (CP093, unit I15, Index 2015=100)"
CY,2016,10,98.29,"Eurostat prc_hicp_midx (CP093, unit I15, Index 2015=100)"
CY,2016,11,98.3,"Eurostat prc_hicp_midx (CP093, unit I15, Index 2015=100)"
CY,2016,12,99.03,"Eurostat prc_hicp_midx (CP093, unit I15, Index 2015=100)"
CY,2017,1,98.85,"Eurostat prc_hicp_midx (CP093, unit I15, Index 2015=100)"
CY,2017,2,99.21,"Eurostat prc_hicp_midx (CP093, unit I15, Index 2015=100)"
CY,2017,3,99.15,"Eurostat prc_hicp_midx (CP093, unit I15, Index 2015=100)"
CY,2017,4,98.74,"Eurostat prc_hicp_midx (CP093, unit I15, Index 2015=100)"
CY,2017,5,99.14,"Eurostat prc_hicp_midx (CP093, unit I15, Index 2015=100)"
CY,2017,6,98.45,"Eurostat prc_hicp_midx (CP093, unit I15, Index 2015=100)"
CY,2017,7,98.91,"Eurostat prc_hicp_midx (CP093, unit I15, Index 2015=100)"
CY,2017,8,98.56,"Eurostat prc_hicp_midx (CP093, unit I15, Index 2015=100)"
CY,2017,9,98.7,"Eurostat prc_hicp_midx (CP093, unit I15, Index 2015=100)"
CY,2017,10,98.98,"Eurostat prc_hicp_midx (CP093, unit I15, Index 2015=100)"
CY,2017,11,98.58,"Eurostat prc_hicp_midx (CP093, unit I15, Index 2015=100)"
CY,2017,12,98.8,"Eurostat prc_hicp_midx (CP093, unit I15, Index 2015=100)"
CY,2018,1,98.44,"Eurostat prc_hicp_midx (CP093, unit I15, Index 2015=100)"
CY,2018,2,98.43,"Eurostat prc_hicp_midx (CP093, unit I15, Index 2015=100)"
CY,2018,3,98.32,"Eurostat prc_hicp_midx (CP093, unit I15, Index 2015=100)"
CY,2018,4,98.66,"Eurostat prc_hicp_midx (CP093, unit I15, Index 2015=100)"
CY,2018,5,98.84,"Eurostat prc_hicp_midx (CP093, unit I15, Index 2015=100)"
CY,2018,6,98.77,"Eurostat prc_hicp_midx (CP093, unit I15, Index 2015=100)"
CY,2018,7,98.65,"Eurostat prc_hicp_midx (CP093, unit I15, Index 2015=100)"
CY,2018,8,98.05,"Eurostat prc_hicp_midx (CP093, unit I15, Index 2015=100)"
CY,2018,9,98.5,"Eurostat prc_hicp_midx (CP093, unit I15, Index 2015=100)"
CY,2018,10,98.61,"Eurostat prc_hicp_midx (CP093, unit I15, Index 2015=100)"
CY,2018,11,98.92,"Eurostat prc_hicp_midx (CP093, unit I15, Index 2015=100)"
CY,2018,12,98.87,"Eurostat prc_hicp_midx (CP093, unit I15, Index 2015=100)"
CY,2019,1,98.95,"Eurostat prc_hicp_midx (CP093, unit I15, Index 2015=100)"
CY,2019,2,99.22,"Eurostat prc_hicp_midx (CP093, unit I15, Index 2015=100)"
CY,2019,3,99.25,"Eurostat prc_hicp_midx (CP093, unit I15, Index 2015=100)"
CY,2019,4,99.9,"Eurostat prc_hicp_midx (CP093, unit I15, Index 2015=100)"
CY,2019,5,99.95,"Eurostat prc_hicp_midx (CP093, unit I15, Index 2015=100)"
CY,2019,6,99.46,"Eurostat prc_hicp_midx (CP093, unit I15, Index 2015=100)"
CY,2019,7,99.76,"Eurostat prc_hicp_midx (CP093, unit I15, Index 2015=100)"
CY,2019,8,99.64,"Eurostat prc_hicp_midx (CP093, unit I15, Index 2015=100)"
CY,2019,9,100.04,"Eurostat prc_hicp_midx (CP093, unit I15, Index 2015=100)"
CY,2019,10,99.96,"Eurostat prc_hicp_midx (CP093, unit I15, Index 2015=100)"
CY,2019,11,100.3,"Eurostat prc_hicp_midx (CP093, unit I15, Index 2015=100)"
CY,2019,12,100.34,"Eurostat prc_hicp_midx (CP093, unit I15, Index 2015=100)"
CY,2020,1,100.12,"Eurostat prc_hicp_midx (CP093, unit I15, Index 2015=100)"
CY,2020,2,100.54,"Eurostat prc_hicp_midx (CP093, unit I15, Index 2015=100)"
CY,2020,3,100.86,"Eurostat prc_hicp_midx (CP093, unit I15, Index 2015=100)"
CY,2020,4,100.7,"Eurostat prc_hicp_midx (CP093, unit I15, Index 2015=100)"
CY,2020,5,100.81,"Eurostat prc_hicp_midx (CP093, unit I15, Index 2015=100)"
CY,2020,6,100.5,"Eurostat prc_hicp_midx (CP093, unit I15, Index 2015=100)"
CY,2020,7,100.58,"Eurostat prc_hicp_midx (CP093, unit I15, Index 2015=100)"
CY,2020,8,100.71,"Eurostat prc_hicp_midx (CP093, unit I15, Index 2015=100)"
CY,2020,9,100.79,"Eurostat prc_hicp_midx (CP093, unit I15, Index 2015=100)"
CY,2020,10,100.81,"Eurostat prc_hicp_midx (CP093, unit I15, Index 2015=100)"
CY,2020,11,101.17,"Eurostat prc_hicp_midx (CP093, unit I15, Index 2015=100)"
CY,2020,12,100.99,"Eurostat prc_hicp_midx (CP093, unit I15, Index 2015=100)"
CY,2021,1,100.7,"Eurostat prc_hicp_midx (CP093, unit I15, Index 2015=100)"
CY,2021,2,101.11,"Eurostat prc_hicp_midx (CP093, unit I15, Index 2015=100)"
CY,2021,3,100.98,"Eurostat prc_hicp_midx (CP093, unit I15, Index 2015=100)"
CY,2021,4,100.98,"Eurostat prc_hicp_midx (CP093, unit I15, Index 2015=100)"
CY,2021,5,101.25,"Eurostat prc_hicp_midx (CP093, unit I15, Index 2015=100)"
CY,2021,6,101.56,"Eurostat prc_hicp_midx (CP093, unit I15, Index 2015=100)"
CY,2021,7,102.21,"Eurostat prc_hicp_midx (CP093, unit I15, Index 2015=100)"
CY,2021,8,102.16,"Eurostat prc_hicp_midx (CP093, unit I15, Index 2015=100)"
CY,2021,9,103.65,"Eurostat prc_hicp_midx (CP093, unit I15, Index 2015=100)"
CY,2021,10,104.34,"Eurostat prc_hicp_midx (CP093, unit I15, Index 2015=100)"
CY,2021,11,105.02,"Eurostat prc_hicp_midx (CP093, unit I15, Index 2015=100)"
CY,2021,12,105.46,"Eurostat prc_hicp_midx (CP093, unit I15, Index 2015=100)"
CY,2022,1,105.98,"Eurostat prc_hicp_midx (CP093, unit I15, Index 2015=100)"
CY,2022,2,106.55,"Eurostat prc_hicp_midx (CP093, unit I15, Index 2015=100)"
CY,2022,3,107.27,"Eurostat prc_hicp_midx (CP093, unit I15, Index 2015=100)"
CY,2022,4,108.2,"Eurostat prc_hicp_midx (CP093, unit I15, Index 2015=100)"
CY,2022,5,109.58,"Eurostat prc_hicp_midx (CP093, unit I15, Index 2015=100)"
CY,2022,6,111.32,"Eurostat prc_hicp_midx (CP093, unit I15, Index 2015=100)"
CY,2022,7,111.69,"Eurostat prc_hicp_midx (CP093, unit I15, Index 2015=100)"
CY,2022,8,111.58,"Eurostat prc_hicp_midx (CP093, unit I15, Index 2015=100)"
CY,2022,9,112.31,"Eurostat prc_hicp_midx (CP093, unit I15, Index 2015=100)"
CY,2022,10,112.86,"Eurostat prc_hicp_midx (CP093, unit I15, Index 2015=100)"
CY,2022,11,113.77,"Eurostat prc_hicp_midx (CP093, unit I15, Index 2015=100)"
CY,2022,12,114.68,"Eurostat prc_hicp_midx (CP093, unit I15, Index 2015=100)"
CY,2023,1,114.92,"Eurostat prc_hicp_midx (CP093, unit I15, Index 2015=100)"
CY,2023,2,114.99,"Eurostat prc_hicp_midx (CP093, unit I15, Index 2015=100)"
CY,2023,3,115.78,"Eurostat prc_hicp_midx (CP093, unit I15, Index 2015=100)"
CY,2023,4,116.51,"Eurostat prc_hicp_midx (CP093, unit I15, Index 2015=100)"
CY,2023,5,116.86,"Eurostat prc_hicp_midx (CP093, unit I15, Index 2015=100)"
CY,2023,6,118.02,"Eurostat prc_hicp_midx (CP093, unit I15, Index 2015=100)"
CY,2023,7,118.14,"Eurostat prc_hicp_midx (CP093, unit I15, Index 2015=100)"
CY,2023,8,118.98,"Eurostat prc_hicp_midx (CP093, unit I15, Index 2015=100)"
CY,2023,9,119.13,"Eurostat prc_hicp_midx (CP093, unit I15, Index 2015=100)"
CY,2023,10,119.4,"Eurostat prc_hicp_midx (CP093, unit I15, Index 2015=100)"
CY,2023,11,118.04,"Eurostat prc_hicp_midx (CP093, unit I15, Index 2015=100)"
CY,2023,12,119.18,"Eurostat prc_hicp_midx (CP093, unit I15, Index 2015=100)"
CY,2024,1,118.61,"Eurostat prc_hicp_midx (CP093, unit I15, Index 2015=100)"
CY,2024,2,118.65,"Eurostat prc_hicp_midx (CP093, unit I15, Index 2015=100)"
CY,2024,3,119.77,"Eurostat prc_hicp_midx (CP093, unit I15, Index 2015=100)"
CY,2024,4,119.83,"Eurostat prc_hicp_midx (CP093, unit I15, Index 2015=100)"
CY,2024,5,119.27,"Eurostat prc_hicp_midx (CP093, unit I15, Index 2015=100)"
CY,2024,6,119.8,"Eurostat prc_hicp_midx (CP093, unit I15, Index 2015=100)"
CY,2024,7,120.79,"Eurostat prc_hicp_midx (CP093, unit I15, Index 2015=100)"
CY,2024,8,120.83,"Eurostat prc_hicp_midx (CP093, unit I15, Index 2015=100)"
CY,2024,9,121.03,"Eurostat prc_hicp_midx (CP093, unit I15, Index 2015=100)"
CY,2024,10,120.92,"Eurostat prc_hicp_midx (CP093, unit I15, Index 2015=100)"
CY,2024,11,121.05,"Eurostat prc_hicp_midx (CP093, unit I15, Index 2015=100)"
CY,2024,12,120.74,"Eurostat prc_hicp_midx (CP093, unit I15, Index 2015=100)"
LV,2010,1,100.15,"Eurostat prc_hicp_midx (CP093, unit I15, Index 2015=100)"
LV,2010,2,100.07,"Eurostat prc_hicp_midx (CP093, unit I15, Index 2015=100)"
LV,2010,3,99.86,"Eurostat prc_hicp_midx (CP093, unit I15, Index 2015=100)"
LV,2010,4,98.96,"Eurostat prc_hicp_midx (CP093, unit I15, Index 2015=100)"
LV,2010,5,97.72,"Eurostat prc_hicp_midx (CP093, unit I15, Index 2015=100)"
LV,2010,6,97.06,"Eurostat prc_hicp_midx (CP093, unit I15, Index 2015=100)"
LV,2010,7,96.27,"Eurostat prc_hicp_midx (CP093, unit I15, Index 2015=100)"
LV,2010,8,95.61,"Eurostat prc_hicp_midx (CP093, unit I15, Index 2015=100)"
LV,2010,9,96.01,"Eurostat prc_hicp_midx (CP093, unit I15, Index 2015=100)"
LV,2010,10,97.01,"Eurostat prc_hicp_midx (CP093, unit I15, Index 2015=100)"
LV,2010,11,96.55,"Eurostat prc_hicp_midx (CP093, unit I15, Index 2015=100)"
LV,2010,12,97.09,"Eurostat prc_hicp_midx (CP093, unit I15, Index 2015=100)"
LV,2011,1,97.06,"Eurostat prc_hicp_midx (CP093, unit I15, Index 2015=100)"
LV,2011,2,98.39,"Eurostat prc_hicp_midx (CP093, unit I15, Index 2015=100)"
LV,2011,3,98.54,"Eurostat prc_hicp_midx (CP093, unit I15, Index 2015=100)"
LV,2011,4,98.03,"Eurostat prc_hicp_midx (CP093, unit I15, Index 2015=100)"
LV,2011,5,97.55,"Eurostat prc_hicp_midx (CP093, unit I15, Index 2015=100)"
LV,2011,6,97.1,"Eurostat prc_hicp_midx (CP093, unit I15, Index 2015=100)"
LV,2011,7,96.69,"Eurostat prc_hicp_midx (CP093, unit I15, Index 2015=100)"
LV,2011,8,96.75,"Eurostat prc_hicp_midx (CP093, unit I15, Index 2015=100)"
LV,2011,9,97.91,"Eurostat prc_hicp_midx (CP093, unit I15, Index 2015=100)"
LV,2011,10,98.26,"Eurostat prc_hicp_midx (CP093, unit I15, Index 2015=100)"
LV,2011,11,99.43,"Eurostat prc_hicp_midx (CP093, unit I15, Index 2015=100)"
LV,2011,12,99.68,"Eurostat prc_hicp_midx (CP093, unit I15, Index 2015=100)"
LV,2012,1,100.77,"Eurostat prc_hicp_midx (CP093, unit I15, Index 2015=100)"
LV,2012,2,99.94,"Eurostat prc_hicp_midx (CP093, unit I15, Index 2015=100)"
LV,2012,3,100.38,"Eurostat prc_hicp_midx (CP093, unit I15, Index 2015=100)"
LV,2012,4,99.62,"Eurostat prc_hicp_midx (CP093, unit I15, Index 2015=100)"
LV,2012,5,98.73,"Eurostat prc_hicp_midx (CP093, unit I15, Index 2015=100)"
LV,2012,6,99.18,"Eurostat prc_hicp_midx (CP093, unit I15, Index 2015=100)"
LV,2012,7,98.19,"Eurostat prc_hicp_midx (CP093, unit I15, Index 2015=100)"
LV,2012,8,97.87,"Eurostat prc_hicp_midx (CP093, unit I15, Index 2015=100)"
LV,2012,9,97.99,"Eurostat prc_hicp_midx (CP093, unit I15, Index 2015=100)"
LV,2012,10,98.66,"Eurostat prc_hicp_midx (CP093, unit I15, Index 2015=100)"
LV,2012,11,99.86,"Eurostat prc_hicp_midx (CP093, unit I15, Index 2015=100)"
LV,2012,12,99.8,"Eurostat prc_hicp_midx (CP093, unit I15, Index 2015=100)"
LV,2013,1,99.89,"Eurostat prc_hicp_midx (CP093, unit I15, Index 2015=100)"
LV,2013,2,101.0,"Eurostat prc_hicp_midx (CP093, unit I15, Index 2015=100)"
LV,2013,3,102.2,"Eurostat prc_hicp_midx (CP093, unit I15, Index 2015=100)"
LV,2013,4,99.11,"Eurostat prc_hicp_midx (CP093, unit I15, Index 2015=100)"
LV,2013,5,99.67,"Eurostat prc_hicp_midx (CP093, unit I15, Index 2015=100)"
LV,2013,6,99.72,"Eurostat prc_hicp_midx (CP093, unit I15, Index 2015=100)"
LV,2013,7,99.18,"Eurostat prc_hicp_midx (CP093, unit I15, Index 2015=100)"
LV,2013,8,97.86,"Eurostat prc_hicp_midx (CP093, unit I15, Index 2015=100)"
LV,2013,9,98.45,"Eurostat prc_hicp_midx (CP093, unit I15, Index 2015=100)"
LV,2013,10,98.72,"Eurostat prc_hicp_midx (CP093, unit I15, Index 2015=100)"
LV,2013,11,99.67,"Eurostat prc_hicp_midx (CP093, unit I15, Index 2015=100)"
LV,2013,12,100.32,"Eurostat prc_hicp_midx (CP093, unit I15, Index 2015=100)"
LV,2014,1,100.56,"Eurostat prc_hicp_midx (CP093, unit I15, Index 2015=100)"
LV,2014,2,100.53,"Eurostat prc_hicp_midx (CP093, unit I15, Index 2015=100)"
LV,2014,3,102.98,"Eurostat prc_hicp_midx (CP093, unit I15, Index 2015=100)"
LV,2014,4,101.43,"Eurostat prc_hicp_midx (CP093, unit I15, Index 2015=100)"
LV,2014,5,100.12,"Eurostat prc_hicp_midx (CP093, unit I15, Index 2015=100)"
LV,2014,6,99.75,"Eurostat prc_hicp_midx (CP093, unit I15, Index 2015=100)"
LV,2014,7,98.79,"Eurostat prc_hicp_midx (CP093, unit I15, Index 2015=100)"
LV,2014,8,97.91,"Eurostat prc_hicp_midx (CP093, unit I15, Index 2015=100)"
LV,2014,9,99.18,"Eurostat prc_hicp_midx (CP093, unit I15, Index 2015=100)"
LV,2014,10,99.08,"Eurostat prc_hicp_midx (CP093, unit I15, Index 2015=100)"
LV,2014,11,98.79,"Eurostat prc_hicp_midx (CP093, unit I15, Index 2015=100)"
LV,2014,12,99.22,"Eurostat prc_hicp_midx (CP093, unit I15, Index 2015=100)"
LV,2015,1,100.13,"Eurostat prc_hicp_midx (CP093, unit I15, Index 2015=100)"
LV,2015,2,100.49,"Eurostat prc_hicp_midx (CP093, unit I15, Index 2015=100)"
LV,2015,3,100.78,"Eurostat prc_hicp_midx (CP093, unit I15, Index 2015=100)"
LV,2015,4,102.19,"Eurostat prc_hicp_midx (CP093, unit I15, Index 2015=100)"
LV,2015,5,101.7,"Eurostat prc_hicp_midx (CP093, unit I15, Index 2015=100)"
LV,2015,6,101.45,"Eurostat prc_hicp_midx (CP093, unit I15, Index 2015=100)"
LV,2015,7,99.7,"Eurostat prc_hicp_midx (CP093, unit I15, Index 2015=100)"
LV,2015,8,98.85,"Eurostat prc_hicp_midx (CP093, unit I15, Index 2015=100)"
LV,2015,9,97.24,"Eurostat prc_hicp_midx (CP093, unit I15, Index 2015=100)"
LV,2015,10,97.84,"Eurostat prc_hicp_midx (CP093, unit I15, Index 2015=100)"
LV,2015,11,99.53,"Eurostat prc_hicp_midx (CP093, unit I15, Index 2015=100)"
LV,2015,12,100.11,"Eurostat prc_hicp_midx (CP093, unit I15, Index 2015=100)"
LV,2016,1,100.11,"Eurostat prc_hicp_midx (CP093, unit I15, Index 2015=100)"
LV,2016,2,102.01,"Eurostat prc_hicp_midx (CP093, unit I15, Index 2015=100)"
LV,2016,3,102.79,"Eurostat prc_hicp_midx (CP093, unit I15, Index 2015=100)"
LV,2016,4,101.78,"Eurostat prc_hicp_midx (CP093, unit I15, Index 2015=100)"
LV,2016,5,101.33,"Eurostat prc_hicp_midx (CP093, unit I15, Index 2015=100)"
LV,2016,6,100.4,"Eurostat prc_hicp_midx (CP093, unit I15, Index 2015=100)"
LV,2016,7,100.07,"Eurostat prc_hicp_midx (CP093, unit I15, Index 2015=100)"
LV,2016,8,99.78,"Eurostat prc_hicp_midx (CP093, unit I15, Index 2015=100)"
LV,2016,9,99.27,"Eurostat prc_hicp_midx (CP093, unit I15, Index 2015=100)"
LV,2016,10,99.94,"Eurostat prc_hicp_midx (CP093, unit I15, Index 2015=100)"
LV,2016,11,99.7,"Eurostat prc_hicp_midx (CP093, unit I15, Index 2015=100)"
LV,2016,12,100.2,"Eurostat prc_hicp_midx (CP093, unit I15, Index 2015=100)"
LV,2017,1,98.82,"Eurostat prc_hicp_midx (CP093, unit I15, Index 2015=100)"
LV,2017,2,100.58,"Eurostat prc_hicp_midx (CP093, unit I15, Index 2015=100)"
LV,2017,3,101.06,"Eurostat prc_hicp_midx (CP093, unit I15, Index 2015=100)"
LV,2017,4,100.46,"Eurostat prc_hicp_midx (CP093, unit I15, Index 2015=100)"
LV,2017,5,101.17,"Eurostat prc_hicp_midx (CP093, unit I15, Index 2015=100)"
LV,2017,6,99.98,"Eurostat prc_hicp_midx (CP093, unit I15, Index 2015=100)"
LV,2017,7,98.2,"Eurostat prc_hicp_midx (CP093, unit I15, Index 2015=100)"
LV,2017,8,98.73,"Eurostat prc_hicp_midx (CP093, unit I15, Index 2015=100)"
LV,2017,9,97.99,"Eurostat prc_hicp_midx (CP093, unit I15, Index 2015=100)"
LV,2017,10,99.2,"Eurostat prc_hicp_midx (CP093, unit I15, Index 2015=100)"
LV,2017,11,98.55,"Eurostat prc_hicp_midx (CP093, unit I15, Index 2015=100)"
LV,2017,12,100.41,"Eurostat prc_hicp_midx (CP093, unit I15, Index 2015=100)"
LV,2018,1,99.58,"Eurostat prc_hicp_midx (CP093, unit I15, Index 2015=100)"
LV,2018,2,100.9,"Eurostat prc_hicp_midx (CP093, unit I15, Index 2015=100)"
LV,2018,3,102.31,"Eurostat prc_hicp_midx (CP093, unit I15, Index 2015=100)"
LV,2018,4,101.7,"Eurostat prc_hicp_midx (CP093, unit I15, Index 2015=100)"
LV,2018,5,100.0,"Eurostat prc_hicp_midx (CP093, unit I15, Index 2015=100)"
LV,2018,6,99.65,"Eurostat prc_hicp_midx (CP093, unit I15, Index 2015=100)"
LV,2018,7,99.63,"Eurostat prc_hicp_midx (CP093, unit I15, Index 2015=100)"
LV,2018,8,100.02,"Eurostat prc_hicp_midx (CP093, unit I15, Index 2015=100)"
LV,2018,9,100.12,"Eurostat prc_hicp_midx (CP093, unit I15, Index 2015=100)"
LV,2018,10,102.03,"Eurostat prc_hicp_midx (CP093, unit I15, Index 2015=100)"
LV,2018,11,101.64,"Eurostat prc_hicp_midx (CP093, unit I15, Index 2015=100)"
LV,2018,12,100.12,"Eurostat prc_hicp_midx (CP093, unit I15, Index 2015=100)"
LV,2019,1,102.05,"Eurostat prc_hicp_midx (CP093, unit I15, Index 2015=100)"
LV,2019,2,103.36,"Eurostat prc_hicp_midx (CP093, unit I15, Index 2015=100)"
LV,2019,3,103.86,"Eurostat prc_hicp_midx (CP093, unit I15, Index 2015=100)"
LV,2019,4,102.72,"Eurostat prc_hicp_midx (CP093, unit I15, Index 2015=100)"
LV,2019,5,104.67,"Eurostat prc_hicp_midx (CP093, unit I15, Index 2015=100)"
LV,2019,6,103.83,"Eurostat prc_hicp_midx (CP093, unit I15, Index 2015=100)"
LV,2019,7,104.1,"Eurostat prc_hicp_midx (CP093, unit I15, Index 2015=100)"
LV,2019,8,102.77,"Eurostat prc_hicp_midx (CP093, unit I15, Index 2015=100)"
LV,2019,9,103.78,"Eurostat prc_hicp_midx (CP093, unit I15, Index 2015=100)"
LV,2019,10,104.05,"Eurostat prc_hicp_midx (CP093, unit I15, Index 2015=100)"
LV,2019,11,104.08,"Eurostat prc_hicp_midx (CP093, unit I15, Index 2015=100)"
LV,2019,12,104.48,"Eurostat prc_hicp_midx (CP093, unit I15, Index 2015=100)"
LV,2020,1,104.48,"Eurostat prc_hicp_midx (CP093, unit I15, Index 2015=100)"
LV,2020,2,104.57,"Eurostat prc_hicp_midx (CP093, unit I15, Index 2015=100)"
LV,2020,3,107.67,"Eurostat prc_hicp_midx (CP093, unit I15, Index 2015=100)"
LV,2020,4,105.44,"Eurostat prc_hicp_midx (CP093, unit I15, Index 2015=100)"
LV,2020,5,104.93,"Eurostat prc_hicp_midx (CP093, unit I15, Index 2015=100)"
LV,2020,6,106.15,"Eurostat prc_hicp_midx (CP093, unit I15, Index 2015=100)"
LV,2020,7,106.77,"Eurostat prc_hicp_midx (CP093, unit I15, Index 2015=100)"
LV,2020,8,105.29,"Eurostat prc_hicp_midx (CP093, unit I15, Index 2015=100)"
LV,2020,9,105.75,"Eurostat prc_hicp_midx (CP093, unit I15, Index 2015=100)"
LV,2020,10,106.57,"Eurostat prc_hicp_midx (CP093, unit I15, Index 2015=100)"
LV,2020,11,106.13,"Eurostat prc_hicp_midx (CP093, unit I15, Index 2015=100)"
LV,2020,12,103.96,"Eurostat prc_hicp_midx (CP093, unit I15, Index 2015=100)"
LV,2021,1,105.97,"Eurostat prc_hicp_midx (CP093, unit I15, Index 2015=100)"
LV,2021,2,106.4,"Eurostat prc_hicp_midx (CP093, unit I15, Index 2015=100)"
LV,2021,3,108.47,"Eurostat prc_hicp_midx (CP093, unit I15, Index 2015=100)"
LV,2021,4,108.89,"Eurostat prc_hicp_midx (CP093, unit I15, Index 2015=100)"
LV,2021,5,109.21,"Eurostat prc_hicp_midx (CP093, unit I15, Index 2015=100)"
LV,2021,6,107.25,"Eurostat prc_hicp_midx (CP093, unit I15, Index 2015=100)"
LV,2021,7,106.41,"Eurostat prc_hicp_midx (CP093, unit I15, Index 2015=100)"
LV,2021,8,108.16,"Eurostat prc_hicp_midx (CP093, unit I15, Index 2015=100)"
LV,2021,9,108.06,"Eurostat prc_hicp_midx (CP093, unit I15, Index 2015=100)"
LV,2021,10,109.03,"Eurostat prc_hicp_midx (CP093, unit I15, Index 2015=100)"
LV,2021,11,110.86,"Eurostat prc_hicp_midx (CP093, unit I15, Index 2015=100)"
LV,2021,12,110.03,"Eurostat prc_hicp_midx (CP093, unit I15, Index 2015=100)"
LV,2022,1,111.7,"Eurostat prc_hicp_midx (CP093, unit I15, Index 2015=100)"
LV,2022,2,115.18,"Eurostat prc_hicp_midx (CP093, unit I15, Index 2015=100)"
LV,2022,3,117.04,"Eurostat prc_hicp_midx (CP093, unit I15, Index 2015=100)"
LV,2022,4,114.12,"Eurostat prc_hicp_midx (CP093, unit I15, Index 2015=100)"
LV,2022,5,116.93,"Eurostat prc_hicp_midx (CP093, unit I15, Index 2015=100)"
LV,2022,6,118.22,"Eurostat prc_hicp_midx (CP093, unit I15, Index 2015=100)"
LV,2022,7,117.83,"Eurostat prc_hicp_midx (CP093, unit I15, Index 2015=100)"
LV,2022,8,117.71,"Eurostat prc_hicp_midx (CP093, unit I15, Index 2015=100)"
LV,2022,9,119.16,"Eurostat prc_hicp_midx (CP093, unit I15, Index 2015=100)"
LV,2022,10,122.24,"Eurostat prc_hicp_midx (CP093, unit I15, Index 2015=100)"
LV,2022,11,125.76,"Eurostat prc_hicp_midx (CP093, unit I15, Index 2015=100)"
LV,2022,12,128.38,"Eurostat prc_hicp_midx (CP093, unit I15, Index 2015=100)"
LV,2023,1,131.66,"Eurostat prc_hicp_midx (CP093, unit I15, Index 2015=100)"
LV,2023,2,137.13,"Eurostat prc_hicp_midx (CP093, unit I15, Index 2015=100)"
LV,2023,3,135.27,"Eurostat prc_hicp_midx (CP093, unit I15, Index 2015=100)"
LV,2023,4,137.23,"Eurostat prc_hicp_midx (CP093, unit I15, Index 2015=100)"
LV,2023,5,135.51,"Eurostat prc_hicp_midx (CP093, unit I15, Index 2015=100)"
LV,2023,6,136.37,"Eurostat prc_hicp_midx (CP093, unit I15, Index 2015=100)"
LV,2023,7,134.96,"Eurostat prc_hicp_midx (CP093, unit I15, Index 2015=100)"
LV,2023,8,133.38,"Eurostat prc_hicp_midx (CP093, unit I15, Index 2015=100)"
LV,2023,9,134.41,"Eurostat prc_hicp_midx (CP093, unit I15, Index 2015=100)"
LV,2023,10,135.35,"Eurostat prc_hicp_midx (CP093, unit I15, Index 2015=100)"
LV,2023,11,136.81,"Eurostat prc_hicp_midx (CP093, unit I15, Index 2015=100)"
LV,2023,12,136.14,"Eurostat prc_hicp_midx (CP093, unit I15, Index 2015=100)"
LV,2024,1,137.55,"Eurostat prc_hicp_midx (CP093, unit I15, Index 2015=100)"
LV,2024,2,141.27,"Eurostat prc_hicp_midx (CP093, unit I15, Index 2015=100)"
LV,2024,3,143.15,"Eurostat prc_hicp_midx (CP093, unit I15, Index 2015=100)"
LV,2024,4,139.63,"Eurostat prc_hicp_midx (CP093, unit I15, Index 2015=100)"
LV,2024,5,141.36,"Eurostat prc_hicp_midx (CP093, unit I15, Index 2015=100)"
LV,2024,6,141.81,"Eurostat prc_hicp_midx (CP093, unit I15, Index 2015=100)"
LV,2024,7,141.43,"Eurostat prc_hicp_midx (CP093, unit I15, Index 2015=100)"
LV,2024,8,142.13,"Eurostat prc_hicp_midx (CP093, unit I15, Index 2015=100)"
LV,2024,9,142.54,"Eurostat prc_hicp_midx (CP093, unit I15, Index 2015=100)"
LV,2024,10,142.83,"Eurostat prc_hicp_midx (CP093, unit I15, Index 2015=100)"
LV,2024,11,143.26,"Eurostat prc_hicp_midx (CP093, unit I15, Index 2015=100)"
LV,2024,12,142.95,"Eurostat prc_hicp_midx (CP093, unit I15, Index 2015=100)"
LT,2010,1,96.08,"Eurostat prc_hicp_midx (CP093, unit I15, Index 2015=100)"
LT,2010,2,95.73,"Eurostat prc_hicp_midx (CP093, unit I15, Index 2015=100)"
LT,2010,3,95.27,"Eurostat prc_hicp_midx (CP093, unit I15, Index 2015=100)"
LT,2010,4,94.55,"Eurostat prc_hicp_midx (CP093, unit I15, Index 2015=100)"
LT,2010,5,94.8,"Eurostat prc_hicp_midx (CP093, unit I15, Index 2015=100)"
LT,2010,6,93.54,"Eurostat prc_hicp_midx (CP093, unit I15, Index 2015=100)"
LT,2010,7,92.68,"Eurostat prc_hicp_midx (CP093, unit I15, Index 2015=100)"
LT,2010,8,91.68,"Eurostat prc_hicp_midx (CP093, unit I15, Index 2015=100)"
LT,2010,9,91.73,"Eurostat prc_hicp_midx (CP093, unit I15, Index 2015=100)"
LT,2010,10,92.53,"Eurostat prc_hicp_midx (CP093, unit I15, Index 2015=100)"
LT,2010,11,91.77,"Eurostat prc_hicp_midx (CP093, unit I15, Index 2015=100)"
LT,2010,12,91.43,"Eurostat prc_hicp_midx (CP093, unit I15, Index 2015=100)"
LT,2011,1,90.86,"Eurostat prc_hicp_midx (CP093, unit I15, Index 2015=100)"
LT,2011,2,92.08,"Eurostat prc_hicp_midx (CP093, unit I15, Index 2015=100)"
LT,2011,3,92.63,"Eurostat prc_hicp_midx (CP093, unit I15, Index 2015=100)"
LT,2011,4,92.54,"Eurostat prc_hicp_midx (CP093, unit I15, Index 2015=100)"
LT,2011,5,94.29,"Eurostat prc_hicp_midx (CP093, unit I15, Index 2015=100)"
LT,2011,6,93.65,"Eurostat prc_hicp_midx (CP093, unit I15, Index 2015=100)"
LT,2011,7,93.86,"Eurostat prc_hicp_midx (CP093, unit I15, Index 2015=100)"
LT,2011,8,94.51,"Eurostat prc_hicp_midx (CP093, unit I15, Index 2015=100)"
LT,2011,9,94.63,"Eurostat prc_hicp_midx (CP093, unit I15, Index 2015=100)"
LT,2011,10,94.86,"Eurostat prc_hicp_midx (CP093, unit I15, Index 2015=100)"
LT,2011,11,94.71,"Eurostat prc_hicp_midx (CP093, unit I15, Index 2015=100)"
LT,2011,12,94.07,"Eurostat prc_hicp_midx (CP093, unit I15, Index 2015=100)"
LT,2012,1,94.84,"Eurostat prc_hicp_midx (CP093, unit I15, Index 2015=100)"
LT,2012,2,95.61,"Eurostat prc_hicp_midx (CP093, unit I15, Index 2015=100)"
LT,2012,3,96.79,"Eurostat prc_hicp_midx (CP093, unit I15, Index 2015=100)"
LT,2012,4,96.48,"Eurostat prc_hicp_midx (CP093, unit I15, Index 2015=100)"
LT,2012,5,97.4,"Eurostat prc_hicp_midx (CP093, unit I15, Index 2015=100)"
LT,2012,6,97.67,"Eurostat prc_hicp_midx (CP093, unit I15, Index 2015=100)"
LT,2012,7,96.62,"Eurostat prc_hicp_midx (CP093, unit I15, Index 2015=100)"
LT,2012,8,95.29,"Eurostat prc_hicp_midx (CP093, unit I15, Index 2015=100)"
LT,2012,9,95.49,"Eurostat prc_hicp_midx (CP093, unit I15, Index 2015=100)"
LT,2012,10,95.98,"Eurostat prc_hicp_midx (CP093, unit I15, Index 2015=100)"
LT,2012,11,96.08,"Eurostat prc_hicp_midx (CP093, unit I15, Index 2015=100)"
LT,2012,12,95.07,"Eurostat prc_hicp_midx (CP093, unit I15, Index 2015=100)"
LT,2013,1,96.27,"Eurostat prc_hicp_midx (CP093, unit I15, Index 2015=100)"
LT,2013,2,98.12,"Eurostat prc_hicp_midx (CP093, unit I15, Index 2015=100)"
LT,2013,3,97.92,"Eurostat prc_hicp_midx (CP093, unit I15, Index 2015=100)"
LT,2013,4,98.2,"Eurostat prc_hicp_midx (CP093, unit I15, Index 2015=100)"
LT,2013,5,98.2,"Eurostat prc_hicp_midx (CP093, unit I15, Index 2015=100)"
LT,2013,6,97.21,"Eurostat prc_hicp_midx (CP093, unit I15, Index 2015=100)"
LT,2013,7,97.13,"Eurostat prc_hicp_midx (CP093, unit I15, Index 2015=100)"
LT,2013,8,96.13,"Eurostat prc_hicp_midx (CP093, unit I15, Index 2015=100)"
LT,2013,9,97.07,"Eurostat prc_hicp_midx (CP093, unit I15, Index 2015=100)"
LT,2013,10,98.21,"Eurostat prc_hicp_midx (CP093, unit I15, Index 2015=100)"
LT,2013,11,98.4,"Eurostat prc_hicp_midx (CP093, unit I15, Index 2015=100)"
LT,2013,12,97.67,"Eurostat prc_hicp_midx (CP093, unit I15, Index 2015=100)"
LT,2014,1,98.36,"Eurostat prc_hicp_midx (CP093, unit I15, Index 2015=100)"
LT,2014,2,99.88,"Eurostat prc_hicp_midx (CP093, unit I15, Index 2015=100)"
LT,2014,3,99.72,"Eurostat prc_hicp_midx (CP093, unit I15, Index 2015=100)"
LT,2014,4,98.27,"Eurostat prc_hicp_midx (CP093, unit I15, Index 2015=100)"
LT,2014,5,98.82,"Eurostat prc_hicp_midx (CP093, unit I15, Index 2015=100)"
LT,2014,6,97.9,"Eurostat prc_hicp_midx (CP093, unit I15, Index 2015=100)"
LT,2014,7,97.14,"Eurostat prc_hicp_midx (CP093, unit I15, Index 2015=100)"
LT,2014,8,97.07,"Eurostat prc_hicp_midx (CP093, unit I15, Index 2015=100)"
LT,2014,9,97.49,"Eurostat prc_hicp_midx (CP093, unit I15, Index 2015=100)"
LT,2014,10,97.83,"Eurostat prc_hicp_midx (CP093, unit I15, Index 2015=100)"
LT,2014,11,97.79,"Eurostat prc_hicp_midx (CP093, unit I15, Index 2015=100)"
LT,2014,12,97.55,"Eurostat prc_hicp_midx (CP093, unit I15, Index 2015=100)"
LT,2015,1,99.05,"Eurostat prc_hicp_midx (CP093, unit I15, Index 2015=100)"
LT,2015,2,99.66,"Eurostat prc_hicp_midx (CP093, unit I15, Index 2015=100)"
LT,2015,3,101.22,"Eurostat prc_hicp_midx (CP093, unit I15, Index 2015=100)"
LT,2015,4,100.35,"Eurostat prc_hicp_midx (CP093, unit I15, Index 2015=100)"
LT,2015,5,101.24,"Eurostat prc_hicp_midx (CP093, unit I15, Index 2015=100)"
LT,2015,6,100.76,"Eurostat prc_hicp_midx (CP093, unit I15, Index 2015=100)"
LT,2015,7,98.45,"Eurostat prc_hicp_midx (CP093, unit I15, Index 2015=100)"
LT,2015,8,99.03,"Eurostat prc_hicp_midx (CP093, unit I15, Index 2015=100)"
LT,2015,9,99.3,"Eurostat prc_hicp_midx (CP093, unit I15, Index 2015=100)"
LT,2015,10,99.17,"Eurostat prc_hicp_midx (CP093, unit I15, Index 2015=100)"
LT,2015,11,100.58,"Eurostat prc_hicp_midx (CP093, unit I15, Index 2015=100)"
LT,2015,12,101.2,"Eurostat prc_hicp_midx (CP093, unit I15, Index 2015=100)"
LT,2016,1,100.68,"Eurostat prc_hicp_midx (CP093, unit I15, Index 2015=100)"
LT,2016,2,102.4,"Eurostat prc_hicp_midx (CP093, unit I15, Index 2015=100)"
LT,2016,3,104.25,"Eurostat prc_hicp_midx (CP093, unit I15, Index 2015=100)"
LT,2016,4,103.17,"Eurostat prc_hicp_midx (CP093, unit I15, Index 2015=100)"
LT,2016,5,104.83,"Eurostat prc_hicp_midx (CP093, unit I15, Index 2015=100)"
LT,2016,6,102.94,"Eurostat prc_hicp_midx (CP093, unit I15, Index 2015=100)"
LT,2016,7,102.13,"Eurostat prc_hicp_midx (CP093, unit I15, Index 2015=100)"
LT,2016,8,102.33,"Eurostat prc_hicp_midx (CP093, unit I15, Index 2015=100)"
LT,2016,9,102.04,"Eurostat prc_hicp_midx (CP093, unit I15, Index 2015=100)"
LT,2016,10,102.32,"Eurostat prc_hicp_midx (CP093, unit I15, Index 2015=100)"
LT,2016,11,103.34,"Eurostat prc_hicp_midx (CP093, unit I15, Index 2015=100)"
LT,2016,12,103.9,"Eurostat prc_hicp_midx (CP093, unit I15, Index 2015=100)"
LT,2017,1,104.37,"Eurostat prc_hicp_midx (CP093, unit I15, Index 2015=100)"
LT,2017,2,104.95,"Eurostat prc_hicp_midx (CP093, unit I15, Index 2015=100)"
LT,2017,3,106.53,"Eurostat prc_hicp_midx (CP093, unit I15, Index 2015=100)"
LT,2017,4,105.33,"Eurostat prc_hicp_midx (CP093, unit I15, Index 2015=100)"
LT,2017,5,105.56,"Eurostat prc_hicp_midx (CP093, unit I15, Index 2015=100)"
LT,2017,6,105.27,"Eurostat prc_hicp_midx (CP093, unit I15, Index 2015=100)"
LT,2017,7,104.68,"Eurostat prc_hicp_midx (CP093, unit I15, Index 2015=100)"
LT,2017,8,104.39,"Eurostat prc_hicp_midx (CP093, unit I15, Index 2015=100)"
LT,2017,9,104.69,"Eurostat prc_hicp_midx (CP093, unit I15, Index 2015=100)"
LT,2017,10,105.63,"Eurostat prc_hicp_midx (CP093, unit I15, Index 2015=100)"
LT,2017,11,105.63,"Eurostat prc_hicp_midx (CP093, unit I15, Index 2015=100)"
LT,2017,12,105.18,"Eurostat prc_hicp_midx (CP093, unit I15, Index 2015=100)"
LT,2018,1,106.39,"Eurostat prc_hicp_midx (CP093, unit I15, Index 2015=100)"
LT,2018,2,108.95,"Eurostat prc_hicp_midx (CP093, unit I15, Index 2015=100)"
LT,2018,3,108.63,"Eurostat prc_hicp_midx (CP093, unit I15, Index 2015=100)"
LT,2018,4,107.07,"Eurostat prc_hicp_midx (CP093, unit I15, Index 2015=100)"
LT,2018,5,108.25,"Eurostat prc_hicp_midx (CP093, unit I15, Index 2015=100)"
LT,2018,6,108.05,"Eurostat prc_hicp_midx (CP093, unit I15, Index 2015=100)"
LT,2018,7,107.36,"Eurostat prc_hicp_midx (CP093, unit I15, Index 2015=100)"
LT,2018,8,105.98,"Eurostat prc_hicp_midx (CP093, unit I15, Index 2015=100)"
LT,2018,9,106.48,"Eurostat prc_hicp_midx (CP093, unit I15, Index 2015=100)"
LT,2018,10,107.22,"Eurostat prc_hicp_midx (CP093, unit I15, Index 2015=100)"
LT,2018,11,107.92,"Eurostat prc_hicp_midx (CP093, unit I15, Index 2015=100)"
LT,2018,12,107.16,"Eurostat prc_hicp_midx (CP093, unit I15, Index 2015=100)"
LT,2019,1,107.42,"Eurostat prc_hicp_midx (CP093, unit I15, Index 2015=100)"
LT,2019,2,108.16,"Eurostat prc_hicp_midx (CP093, unit I15, Index 2015=100)"
LT,2019,3,110.05,"Eurostat prc_hicp_midx (CP093, unit I15, Index 2015=100)"
LT,2019,4,109.17,"Eurostat prc_hicp_midx (CP093, unit I15, Index 2015=100)"
LT,2019,5,110.03,"Eurostat prc_hicp_midx (CP093, unit I15, Index 2015=100)"
LT,2019,6,109.85,"Eurostat prc_hicp_midx (CP093, unit I15, Index 2015=100)"
LT,2019,7,108.79,"Eurostat prc_hicp_midx (CP093, unit I15, Index 2015=100)"
LT,2019,8,109.1,"Eurostat prc_hicp_midx (CP093, unit I15, Index 2015=100)"
LT,2019,9,109.67,"Eurostat prc_hicp_midx (CP093, unit I15, Index 2015=100)"
LT,2019,10,110.27,"Eurostat prc_hicp_midx (CP093, unit I15, Index 2015=100)"
LT,2019,11,110.54,"Eurostat prc_hicp_midx (CP093, unit I15, Index 2015=100)"
LT,2019,12,110.23,"Eurostat prc_hicp_midx (CP093, unit I15, Index 2015=100)"
LT,2020,1,110.27,"Eurostat prc_hicp_midx (CP093, unit I15, Index 2015=100)"
LT,2020,2,112.19,"Eurostat prc_hicp_midx (CP093, unit I15, Index 2015=100)"
LT,2020,3,112.44,"Eurostat prc_hicp_midx (CP093, unit I15, Index 2015=100)"
LT,2020,4,112.53,"Eurostat prc_hicp_midx (CP093, unit I15, Index 2015=100)"
LT,2020,5,112.14,"Eurostat prc_hicp_midx (CP093, unit I15, Index 2015=100)"
LT,2020,6,112.53,"Eurostat prc_hicp_midx (CP093, unit I15, Index 2015=100)"
LT,2020,7,112.04,"Eurostat prc_hicp_midx (CP093, unit I15, Index 2015=100)"
LT,2020,8,111.23,"Eurostat prc_hicp_midx (CP093, unit I15, Index 2015=100)"
LT,2020,9,111.74,"Eurostat prc_hicp_midx (CP093, unit I15, Index 2015=100)"
LT,2020,10,112.93,"Eurostat prc_hicp_midx (CP093, unit I15, Index 2015=100)"
LT,2020,11,112.8,"Eurostat prc_hicp_midx (CP093, unit I15, Index 2015=100)"
LT,2020,12,112.76,"Eurostat prc_hicp_midx (CP093, unit I15, Index 2015=100)"
LT,2021,1,112.77,"Eurostat prc_hicp_midx (CP093, unit I15, Index 2015=100)"
LT,2021,2,112.73,"Eurostat prc_hicp_midx (CP093, unit I15, Index 2015=100)"
LT,2021,3,115.49,"Eurostat prc_hicp_midx (CP093, unit I15, Index 2015=100)"
LT,2021,4,116.15,"Eurostat prc_hicp_midx (CP093, unit I15, Index 2015=100)"
LT,2021,5,117.25,"Eurostat prc_hicp_midx (CP093, unit I15, Index 2015=100)"
LT,2021,6,117.13,"Eurostat prc_hicp_midx (CP093, unit I15, Index 2015=100)"
LT,2021,7,116.46,"Eurostat prc_hicp_midx (CP093, unit I15, Index 2015=100)"
LT,2021,8,116.95,"Eurostat prc_hicp_midx (CP093, unit I15, Index 2015=100)"
LT,2021,9,119.14,"Eurostat prc_hicp_midx (CP093, unit I15, Index 2015=100)"
LT,2021,10,119.73,"Eurostat prc_hicp_midx (CP093, unit I15, Index 2015=100)"
LT,2021,11,121.39,"Eurostat prc_hicp_midx (CP093, unit I15, Index 2015=100)"
LT,2021,12,123.11,"Eurostat prc_hicp_midx (CP093, unit I15, Index 2015=100)"
LT,2022,1,123.18,"Eurostat prc_hicp_midx (CP093, unit I15, Index 2015=100)"
LT,2022,2,125.68,"Eurostat prc_hicp_midx (CP093, unit I15, Index 2015=100)"
LT,2022,3,127.13,"Eurostat prc_hicp_midx (CP093, unit I15, Index 2015=100)"
LT,2022,4,128.07,"Eurostat prc_hicp_midx (CP093, unit I15, Index 2015=100)"
LT,2022,5,129.13,"Eurostat prc_hicp_midx (CP093, unit I15, Index 2015=100)"
LT,2022,6,130.07,"Eurostat prc_hicp_midx (CP093, unit I15, Index 2015=100)"
LT,2022,7,130.77,"Eurostat prc_hicp_midx (CP093, unit I15, Index 2015=100)"
LT,2022,8,130.31,"Eurostat prc_hicp_midx (CP093, unit I15, Index 2015=100)"
LT,2022,9,132.62,"Eurostat prc_hicp_midx (CP093, unit I15, Index 2015=100)"
LT,2022,10,135.52,"Eurostat prc_hicp_midx (CP093, unit I15, Index 2015=100)"
LT,2022,11,138.06,"Eurostat prc_hicp_midx (CP093, unit I15, Index 2015=100)"
LT,2022,12,139.38,"Eurostat prc_hicp_midx (CP093, unit I15, Index 2015=100)"
LT,2023,1,139.85,"Eurostat prc_hicp_midx (CP093, unit I15, Index 2015=100)"
LT,2023,2,142.85,"Eurostat prc_hicp_midx (CP093, unit I15, Index 2015=100)"
LT,2023,3,145.38,"Eurostat prc_hicp_midx (CP093, unit I15, Index 2015=100)"
LT,2023,4,146.47,"Eurostat prc_hicp_midx (CP093, unit I15, Index 2015=100)"
LT,2023,5,145.22,"Eurostat prc_hicp_midx (CP093, unit I15, Index 2015=100)"
LT,2023,6,143.21,"Eurostat prc_hicp_midx (CP093, unit I15, Index 2015=100)"
LT,2023,7,141.94,"Eurostat prc_hicp_midx (CP093, unit I15, Index 2015=100)"
LT,2023,8,140.93,"Eurostat prc_hicp_midx (CP093, unit I15, Index 2015=100)"
LT,2023,9,145.0,"Eurostat prc_hicp_midx (CP093, unit I15, Index 2015=100)"
LT,2023,10,144.0,"Eurostat prc_hicp_midx (CP093, unit I15, Index 2015=100)"
LT,2023,11,143.05,"Eurostat prc_hicp_midx (CP093, unit I15, Index 2015=100)"
LT,2023,12,142.39,"Eurostat prc_hicp_midx (CP093, unit I15, Index 2015=100)"
LT,2024,1,145.04,"Eurostat prc_hicp_midx (CP093, unit I15, Index 2015=100)"
LT,2024,2,148.49,"Eurostat prc_hicp_midx (CP093, unit I15, Index 2015=100)"
LT,2024,3,147.58,"Eurostat prc_hicp_midx (CP093, unit I15, Index 2015=100)"
LT,2024,4,146.11,"Eurostat prc_hicp_midx (CP093, unit I15, Index 2015=100)"
LT,2024,5,148.63,"Eurostat prc_hicp_midx (CP093, unit I15, Index 2015=100)"
LT,2024,6,147.7,"Eurostat prc_hicp_midx (CP093, unit I15, Index 2015=100)"
LT,2024,7,146.41,"Eurostat prc_hicp_midx (CP093, unit I15, Index 2015=100)"
LT,2024,8,146.64,"Eurostat prc_hicp_midx (CP093, unit I15, Index 2015=100)"
LT,2024,9,146.96,"Eurostat prc_hicp_midx (CP093, unit I15, Index 2015=100)"
LT,2024,10,147.79,"Eurostat prc_hicp_midx (CP093, unit I15, Index 2015=100)"
LT,2024,11,148.51,"Eurostat prc_hicp_midx (CP093, unit I15, Index 2015=100)"
LT,2024,12,143.73,"Eurostat prc_hicp_midx (CP093, unit I15, Index 2015=100)"
LU,2010,1,91.62,"Eurostat prc_hicp_midx (CP093, unit I15, Index 2015=100)"
LU,2010,2,95.42,"Eurostat prc_hicp_midx (CP093, unit I15, Index 2015=100)"
LU,2010,3,94.87,"Eurostat prc_hicp_midx (CP093, unit I15, Index 2015=100)"
LU,2010,4,92.34,"Eurostat prc_hicp_midx (CP093, unit I15, Index 2015=100)"
LU,2010,5,94.77,"Eurostat prc_hicp_midx (CP093, unit I15, Index 2015=100)"
LU,2010,6,93.4,"Eurostat prc_hicp_midx (CP093, unit I15, Index 2015=100)"
LU,2010,7,91.89,"Eurostat prc_hicp_midx (CP093, unit I15, Index 2015=100)"
LU,2010,8,92.65,"Eurostat prc_hicp_midx (CP093, unit I15, Index 2015=100)"
LU,2010,9,92.78,"Eurostat prc_hicp_midx (CP093, unit I15, Index 2015=100)"
LU,2010,10,92.86,"Eurostat prc_hicp_midx (CP093, unit I15, Index 2015=100)"
LU,2010,11,93.24,"Eurostat prc_hicp_midx (CP093, unit I15, Index 2015=100)"
LU,2010,12,93.62,"Eurostat prc_hicp_midx (CP093, unit I15, Index 2015=100)"
LU,2011,1,92.76,"Eurostat prc_hicp_midx (CP093, unit I15, Index 2015=100)"
LU,2011,2,96.64,"Eurostat prc_hicp_midx (CP093, unit I15, Index 2015=100)"
LU,2011,3,94.32,"Eurostat prc_hicp_midx (CP093, unit I15, Index 2015=100)"
LU,2011,4,93.85,"Eurostat prc_hicp_midx (CP093, unit I15, Index 2015=100)"
LU,2011,5,94.6,"Eurostat prc_hicp_midx (CP093, unit I15, Index 2015=100)"
LU,2011,6,93.37,"Eurostat prc_hicp_midx (CP093, unit I15, Index 2015=100)"
LU,2011,7,92.36,"Eurostat prc_hicp_midx (CP093, unit I15, Index 2015=100)"
LU,2011,8,91.8,"Eurostat prc_hicp_midx (CP093, unit I15, Index 2015=100)"
LU,2011,9,92.86,"Eurostat prc_hicp_midx (CP093, unit I15, Index 2015=100)"
LU,2011,10,92.76,"Eurostat prc_hicp_midx (CP093, unit I15, Index 2015=100)"
LU,2011,11,92.82,"Eurostat prc_hicp_midx (CP093, unit I15, Index 2015=100)"
LU,2011,12,93.6,"Eurostat prc_hicp_midx (CP093, unit I15, Index 2015=100)"
LU,2012,1,92.78,"Eurostat prc_hicp_midx (CP093, unit I15, Index 2015=100)"
LU,2012,2,95.24,"Eurostat prc_hicp_midx (CP093, unit I15, Index 2015=100)"
LU,2012,3,94.12,"Eurostat prc_hicp_midx (CP093, unit I15, Index 2015=100)"
LU,2012,4,94.87,"Eurostat prc_hicp_midx (CP093, unit I15, Index 2015=100)"
LU,2012,5,97.01,"Eurostat prc_hicp_midx (CP093, unit I15, Index 2015=100)"
LU,2012,6,96.38,"Eurostat prc_hicp_midx (CP093, unit I15, Index 2015=100)"
LU,2012,7,94.07,"Eurostat prc_hicp_midx (CP093, unit I15, Index 2015=100)"
LU,2012,8,94.75,"Eurostat prc_hicp_midx (CP093, unit I15, Index 2015=100)"
LU,2012,9,94.84,"Eurostat prc_hicp_midx (CP093, unit I15, Index 2015=100)"
LU,2012,10,96.11,"Eurostat prc_hicp_midx (CP093, unit I15, Index 2015=100)"
LU,2012,11,96.35,"Eurostat prc_hicp_midx (CP093, unit I15, Index 2015=100)"
LU,2012,12,96.93,"Eurostat prc_hicp_midx (CP093, unit I15, Index 2015=100)"
LU,2013,1,95.43,"Eurostat prc_hicp_midx (CP093, unit I15, Index 2015=100)"
LU,2013,2,99.15,"Eurostat prc_hicp_midx (CP093, unit I15, Index 2015=100)"
LU,2013,3,97.83,"Eurostat prc_hicp_midx (CP093, unit I15, Index 2015=100)"
LU,2013,4,96.76,"Eurostat prc_hicp_midx (CP093, unit I15, Index 2015=100)"
LU,2013,5,96.81,"Eurostat prc_hicp_midx (CP093, unit I15, Index 2015=100)"
LU,2013,6,97.85,"Eurostat prc_hicp_midx (CP093, unit I15, Index 2015=100)"
LU,2013,7,96.61,"Eurostat prc_hicp_midx (CP093, unit I15, Index 2015=100)"
LU,2013,8,96.47,"Eurostat prc_hicp_midx (CP093, unit I15, Index 2015=100)"
LU,2013,9,97.24,"Eurostat prc_hicp_midx (CP093, unit I15, Index 2015=100)"
LU,2013,10,97.49,"Eurostat prc_hicp_midx (CP093, unit I15, Index 2015=100)"
LU,2013,11,98.32,"Eurostat prc_hicp_midx (CP093, unit I15, Index 2015=100)"
LU,2013,12,98.33,"Eurostat prc_hicp_midx (CP093, unit I15, Index 2015=100)"
LU,2014,1,97.73,"Eurostat prc_hicp_midx (CP093, unit I15, Index 2015=100)"
LU,2014,2,101.61,"Eurostat prc_hicp_midx (CP093, unit I15, Index 2015=100)"
LU,2014,3,98.5,"Eurostat prc_hicp_midx (CP093, unit I15, Index 2015=100)"
LU,2014,4,97.92,"Eurostat prc_hicp_midx (CP093, unit I15, Index 2015=100)"
LU,2014,5,98.82,"Eurostat prc_hicp_midx (CP093, unit I15, Index 2015=100)"
LU,2014,6,98.24,"Eurostat prc_hicp_midx (CP093, unit I15, Index 2015=100)"
LU,2014,7,97.99,"Eurostat prc_hicp_midx (CP093, unit I15, Index 2015=100)"
LU,2014,8,97.97,"Eurostat prc_hicp_midx (CP093, unit I15, Index 2015=100)"
LU,2014,9,98.49,"Eurostat prc_hicp_midx (CP093, unit I15, Index 2015=100)"
LU,2014,10,98.46,"Eurostat prc_hicp_midx (CP093, unit I15, Index 2015=100)"
LU,2014,11,98.41,"Eurostat prc_hicp_midx (CP093, unit I15, Index 2015=100)"
LU,2014,12,99.23,"Eurostat prc_hicp_midx (CP093, unit I15, Index 2015=100)"
LU,2015,1,99.53,"Eurostat prc_hicp_midx (CP093, unit I15, Index 2015=100)"
LU,2015,2,101.59,"Eurostat prc_hicp_midx (CP093, unit I15, Index 2015=100)"
LU,2015,3,100.4,"Eurostat prc_hicp_midx (CP093, unit I15, Index 2015=100)"
LU,2015,4,100.03,"Eurostat prc_hicp_midx (CP093, unit I15, Index 2015=100)"
LU,2015,5,100.47,"Eurostat prc_hicp_midx (CP093, unit I15, Index 2015=100)"
LU,2015,6,100.42,"Eurostat prc_hicp_midx (CP093, unit I15, Index 2015=100)"
LU,2015,7,98.81,"Eurostat prc_hicp_midx (CP093, unit I15, Index 2015=100)"
LU,2015,8,99.4,"Eurostat prc_hicp_midx (CP093, unit I15, Index 2015=100)"
LU,2015,9,99.49,"Eurostat prc_hicp_midx (CP093, unit I15, Index 2015=100)"
LU,2015,10,99.69,"Eurostat prc_hicp_midx (CP093, unit I15, Index 2015=100)"
LU,2015,11,99.7,"Eurostat prc_hicp_midx (CP093, unit I15, Index 2015=100)"
LU,2015,12,100.47,"Eurostat prc_hicp_midx (CP093, unit I15, Index 2015=100)"
LU,2016,1,100.92,"Eurostat prc_hicp_midx (CP093, unit I15, Index 2015=100)"
LU,2016,2,102.83,"Eurostat prc_hicp_midx (CP093, unit I15, Index 2015=100)"
LU,2016,3,101.79,"Eurostat prc_hicp_midx (CP093, unit I15, Index 2015=100)"
LU,2016,4,101.16,"Eurostat prc_hicp_midx (CP093, unit I15, Index 2015=100)"
LU,2016,5,101.79,"Eurostat prc_hicp_midx (CP093, unit I15, Index 2015=100)"
LU,2016,6,102.73,"Eurostat prc_hicp_midx (CP093, unit I15, Index 2015=100)"
LU,2016,7,101.5,"Eurostat prc_hicp_midx (CP093, unit I15, Index 2015=100)"
LU,2016,8,100.33,"Eurostat prc_hicp_midx (CP093, unit I15, Index 2015=100)"
LU,2016,9,101.31,"Eurostat prc_hicp_midx (CP093, unit I15, Index 2015=100)"
LU,2016,10,101.24,"Eurostat prc_hicp_midx (CP093, unit I15, Index 2015=100)"
LU,2016,11,102.24,"Eurostat prc_hicp_midx (CP093, unit I15, Index 2015=100)"
LU,2016,12,102.59,"Eurostat prc_hicp_midx (CP093, unit I15, Index 2015=100)"
LU,2017,1,101.72,"Eurostat prc_hicp_midx (CP093, unit I15, Index 2015=100)"
LU,2017,2,104.45,"Eurostat prc_hicp_midx (CP093, unit I15, Index 2015=100)"
LU,2017,3,103.64,"Eurostat prc_hicp_midx (CP093, unit I15, Index 2015=100)"
LU,2017,4,102.79,"Eurostat prc_hicp_midx (CP093, unit I15, Index 2015=100)"
LU,2017,5,102.74,"Eurostat prc_hicp_midx (CP093, unit I15, Index 2015=100)"
LU,2017,6,102.73,"Eurostat prc_hicp_midx (CP093, unit I15, Index 2015=100)"
LU,2017,7,101.86,"Eurostat prc_hicp_midx (CP093, unit I15, Index 2015=100)"
LU,2017,8,102.82,"Eurostat prc_hicp_midx (CP093, unit I15, Index 2015=100)"
LU,2017,9,102.85,"Eurostat prc_hicp_midx (CP093, unit I15, Index 2015=100)"
LU,2017,10,103.17,"Eurostat prc_hicp_midx (CP093, unit I15, Index 2015=100)"
LU,2017,11,103.42,"Eurostat prc_hicp_midx (CP093, unit I15, Index 2015=100)"
LU,2017,12,104.83,"Eurostat prc_hicp_midx (CP093, unit I15, Index 2015=100)"
LU,2018,1,104.12,"Eurostat prc_hicp_midx (CP093, unit I15, Index 2015=100)"
LU,2018,2,105.66,"Eurostat prc_hicp_midx (CP093, unit I15, Index 2015=100)"
LU,2018,3,105.73,"Eurostat prc_hicp_midx (CP093, unit I15, Index 2015=100)"
LU,2018,4,105.37,"Eurostat prc_hicp_midx (CP093, unit I15, Index 2015=100)"
LU,2018,5,106.28,"Eurostat prc_hicp_midx (CP093, unit I15, Index 2015=100)"
LU,2018,6,105.42,"Eurostat prc_hicp_midx (CP093, unit I15, Index 2015=100)"
LU,2018,7,104.56,"Eurostat prc_hicp_midx (CP093, unit I15, Index 2015=100)"
LU,2018,8,105.35,"Eurostat prc_hicp_midx (CP093, unit I15, Index 2015=100)"
LU,2018,9,104.99,"Eurostat prc_hicp_midx (CP093, unit I15, Index 2015=100)"
LU,2018,10,105.74,"Eurostat prc_hicp_midx (CP093, unit I15, Index 2015=100)"
LU,2018,11,106.19,"Eurostat prc_hicp_midx (CP093, unit I15, Index 2015=100)"
LU,2018,12,106.69,"Eurostat prc_hicp_midx (CP093, unit I15, Index 2015=100)"
LU,2019,1,106.8,"Eurostat prc_hicp_midx (CP093, unit I15, Index 2015=100)"
LU,2019,2,109.28,"Eurostat prc_hicp_midx (CP093, unit I15, Index 2015=100)"
LU,2019,3,107.76,"Eurostat prc_hicp_midx (CP093, unit I15, Index 2015=100)"
LU,2019,4,106.47,"Eurostat prc_hicp_midx (CP093, unit I15, Index 2015=100)"
LU,2019,5,108.36,"Eurostat prc_hicp_midx (CP093, unit I15, Index 2015=100)"
LU,2019,6,107.18,"Eurostat prc_hicp_midx (CP093, unit I15, Index 2015=100)"
LU,2019,7,106.63,"Eurostat prc_hicp_midx (CP093, unit I15, Index 2015=100)"
LU,2019,8,107.38,"Eurostat prc_hicp_midx (CP093, unit I15, Index 2015=100)"
LU,2019,9,107.6,"Eurostat prc_hicp_midx (CP093, unit I15, Index 2015=100)"
LU,2019,10,108.63,"Eurostat prc_hicp_midx (CP093, unit I15, Index 2015=100)"
LU,2019,11,109.58,"Eurostat prc_hicp_midx (CP093, unit I15, Index 2015=100)"
LU,2019,12,109.91,"Eurostat prc_hicp_midx (CP093, unit I15, Index 2015=100)"
LU,2020,1,109.25,"Eurostat prc_hicp_midx (CP093, unit I15, Index 2015=100)"
LU,2020,2,112.34,"Eurostat prc_hicp_midx (CP093, unit I15, Index 2015=100)"
LU,2020,3,110.41,"Eurostat prc_hicp_midx (CP093, unit I15, Index 2015=100)"
LU,2020,4,110.38,"Eurostat prc_hicp_midx (CP093, unit I15, Index 2015=100)"
LU,2020,5,111.27,"Eurostat prc_hicp_midx (CP093, unit I15, Index 2015=100)"
LU,2020,6,111.75,"Eurostat prc_hicp_midx (CP093, unit I15, Index 2015=100)"
LU,2020,7,111.21,"Eurostat prc_hicp_midx (CP093, unit I15, Index 2015=100)"
LU,2020,8,111.17,"Eurostat prc_hicp_midx (CP093, unit I15, Index 2015=100)"
LU,2020,9,113.88,"Eurostat prc_hicp_midx (CP093, unit I15, Index 2015=100)"
LU,2020,10,113.78,"Eurostat prc_hicp_midx (CP093, unit I15, Index 2015=100)"
LU,2020,11,113.36,"Eurostat prc_hicp_midx (CP093, unit I15, Index 2015=100)"
LU,2020,12,114.39,"Eurostat prc_hicp_midx (CP093, unit I15, Index 2015=100)"
LU,2021,1,114.54,"Eurostat prc_hicp_midx (CP093, unit I15, Index 2015=100)"
LU,2021,2,117.06,"Eurostat prc_hicp_midx (CP093, unit I15, Index 2015=100)"
LU,2021,3,115.8,"Eurostat prc_hicp_midx (CP093, unit I15, Index 2015=100)"
LU,2021,4,115.17,"Eurostat prc_hicp_midx (CP093, unit I15, Index 2015=100)"
LU,2021,5,117.12,"Eurostat prc_hicp_midx (CP093, unit I15, Index 2015=100)"
LU,2021,6,116.0,"Eurostat prc_hicp_midx (CP093, unit I15, Index 2015=100)"
LU,2021,7,115.61,"Eurostat prc_hicp_midx (CP093, unit I15, Index 2015=100)"
LU,2021,8,116.31,"Eurostat prc_hicp_midx (CP093, unit I15, Index 2015=100)"
LU,2021,9,116.74,"Eurostat prc_hicp_midx (CP093, unit I15, Index 2015=100)"
LU,2021,10,117.79,"Eurostat prc_hicp_midx (CP093, unit I15, Index 2015=100)"
LU,2021,11,117.78,"Eurostat prc_hicp_midx (CP093, unit I15, Index 2015=100)"
LU,2021,12,116.68,"Eurostat prc_hicp_midx (CP093, unit I15, Index 2015=100)"
LU,2022,1,119.03,"Eurostat prc_hicp_midx (CP093, unit I15, Index 2015=100)"
LU,2022,2,123.02,"Eurostat prc_hicp_midx (CP093, unit I15, Index 2015=100)"
LU,2022,3,120.41,"Eurostat prc_hicp_midx (CP093, unit I15, Index 2015=100)"
LU,2022,4,121.97,"Eurostat prc_hicp_midx (CP093, unit I15, Index 2015=100)"
LU,2022,5,122.48,"Eurostat prc_hicp_midx (CP093, unit I15, Index 2015=100)"
LU,2022,6,122.7,"Eurostat prc_hicp_midx (CP093, unit I15, Index 2015=100)"
LU,2022,7,121.76,"Eurostat prc_hicp_midx (CP093, unit I15, Index 2015=100)"
LU,2022,8,122.26,"Eurostat prc_hicp_midx (CP093, unit I15, Index 2015=100)"
LU,2022,9,123.34,"Eurostat prc_hicp_midx (CP093, unit I15, Index 2015=100)"
LU,2022,10,124.06,"Eurostat prc_hicp_midx (CP093, unit I15, Index 2015=100)"
LU,2022,11,124.23,"Eurostat prc_hicp_midx (CP093, unit I15, Index 2015=100)"
LU,2022,12,127.1,"Eurostat prc_hicp_midx (CP093, unit I15, Index 2015=100)"
LU,2023,1,126.65,"Eurostat prc_hicp_midx (CP093, unit I15, Index 2015=100)"
LU,2023,2,132.84,"Eurostat prc_hicp_midx (CP093, unit I15, Index 2015=100)"
LU,2023,3,130.34,"Eurostat prc_hicp_midx (CP093, unit I15, Index 2015=100)"
LU,2023,4,130.76,"Eurostat prc_hicp_midx (CP093, unit I15, Index 2015=100)"
LU,2023,5,131.87,"Eurostat prc_hicp_midx (CP093, unit I15, Index 2015=100)"
LU,2023,6,131.0,"Eurostat prc_hicp_midx (CP093, unit I15, Index 2015=100)"
LU,2023,7,129.7,"Eurostat prc_hicp_midx (CP093, unit I15, Index 2015=100)"
LU,2023,8,129.2,"Eurostat prc_hicp_midx (CP093, unit I15, Index 2015=100)"
LU,2023,9,129.88,"Eurostat prc_hicp_midx (CP093, unit I15, Index 2015=100)"
LU,2023,10,131.01,"Eurostat prc_hicp_midx (CP093, unit I15, Index 2015=100)"
LU,2023,11,131.27,"Eurostat prc_hicp_midx (CP093, unit I15, Index 2015=100)"
LU,2023,12,131.46,"Eurostat prc_hicp_midx (CP093, unit I15, Index 2015=100)"
LU,2024,1,130.64,"Eurostat prc_hicp_midx (CP093, unit I15, Index 2015=100)"
LU,2024,2,132.55,"Eurostat prc_hicp_midx (CP093, unit I15, Index 2015=100)"
LU,2024,3,131.38,"Eurostat prc_hicp_midx (CP093, unit I15, Index 2015=100)"
LU,2024,4,131.22,"Eurostat prc_hicp_midx (CP093, unit I15, Index 2015=100)"
LU,2024,5,131.39,"Eurostat prc_hicp_midx (CP093, unit I15, Index 2015=100)"
LU,2024,6,132.38,"Eurostat prc_hicp_midx (CP093, unit I15, Index 2015=100)"
LU,2024,7,131.5,"Eurostat prc_hicp_midx (CP093, unit I15, Index 2015=100)"
LU,2024,8,131.47,"Eurostat prc_hicp_midx (CP093, unit I15, Index 2015=100)"
LU,2024,9,132.46,"Eurostat prc_hicp_midx (CP093, unit I15, Index 2015=100)"
LU,2024,10,131.98,"Eurostat prc_hicp_midx (CP093, unit I15, Index 2015=100)"
LU,2024,11,130.82,"Eurostat prc_hicp_midx (CP093, unit I15, Index 2015=100)"
LU,2024,12,131.21,"Eurostat prc_hicp_midx (CP093, unit I15, Index 2015=100)"
HU,2010,1,101.21,"Eurostat prc_hicp_midx (CP093, unit I15, Index 2015=100)"
HU,2010,2,101.58,"Eurostat prc_hicp_midx (CP093, unit I15, Index 2015=100)"
HU,2010,3,102.01,"Eurostat prc_hicp_midx (CP093, unit I15, Index 2015=100)"
HU,2010,4,100.97,"Eurostat prc_hicp_midx (CP093, unit I15, Index 2015=100)"
HU,2010,5,100.9,"Eurostat prc_hicp_midx (CP093, unit I15, Index 2015=100)"
HU,2010,6,100.4,"Eurostat prc_hicp_midx (CP093, unit I15, Index 2015=100)"
HU,2010,7,98.52,"Eurostat prc_hicp_midx (CP093, unit I15, Index 2015=100)"
HU,2010,8,98.01,"Eurostat prc_hicp_midx (CP093, unit I15, Index 2015=100)"
HU,2010,9,99.12,"Eurostat prc_hicp_midx (CP093, unit I15, Index 2015=100)"
HU,2010,10,100.05,"Eurostat prc_hicp_midx (CP093, unit I15, Index 2015=100)"
HU,2010,11,101.34,"Eurostat prc_hicp_midx (CP093, unit I15, Index 2015=100)"
HU,2010,12,102.15,"Eurostat prc_hicp_midx (CP093, unit I15, Index 2015=100)"
HU,2011,1,102.14,"Eurostat prc_hicp_midx (CP093, unit I15, Index 2015=100)"
HU,2011,2,101.85,"Eurostat prc_hicp_midx (CP093, unit I15, Index 2015=100)"
HU,2011,3,102.21,"Eurostat prc_hicp_midx (CP093, unit I15, Index 2015=100)"
HU,2011,4,100.64,"Eurostat prc_hicp_midx (CP093, unit I15, Index 2015=100)"
HU,2011,5,100.46,"Eurostat prc_hicp_midx (CP093, unit I15, Index 2015=100)"
HU,2011,6,99.17,"Eurostat prc_hicp_midx (CP093, unit I15, Index 2015=100)"
HU,2011,7,98.3,"Eurostat prc_hicp_midx (CP093, unit I15, Index 2015=100)"
HU,2011,8,97.95,"Eurostat prc_hicp_midx (CP093, unit I15, Index 2015=100)"
HU,2011,9,97.98,"Eurostat prc_hicp_midx (CP093, unit I15, Index 2015=100)"
HU,2011,10,98.55,"Eurostat prc_hicp_midx (CP093, unit I15, Index 2015=100)"
HU,2011,11,100.95,"Eurostat prc_hicp_midx (CP093, unit I15, Index 2015=100)"
HU,2011,12,101.75,"Eurostat prc_hicp_midx (CP093, unit I15, Index 2015=100)"
HU,2012,1,102.19,"Eurostat prc_hicp_midx (CP093, unit I15, Index 2015=100)"
HU,2012,2,102.64,"Eurostat prc_hicp_midx (CP093, unit I15, Index 2015=100)"
HU,2012,3,102.99,"Eurostat prc_hicp_midx (CP093, unit I15, Index 2015=100)"
HU,2012,4,102.03,"Eurostat prc_hicp_midx (CP093, unit I15, Index 2015=100)"
HU,2012,5,101.67,"Eurostat prc_hicp_midx (CP093, unit I15, Index 2015=100)"
HU,2012,6,101.24,"Eurostat prc_hicp_midx (CP093, unit I15, Index 2015=100)"
HU,2012,7,100.33,"Eurostat prc_hicp_midx (CP093, unit I15, Index 2015=100)"
HU,2012,8,99.93,"Eurostat prc_hicp_midx (CP093, unit I15, Index 2015=100)"
HU,2012,9,99.79,"Eurostat prc_hicp_midx (CP093, unit I15, Index 2015=100)"
HU,2012,10,99.82,"Eurostat prc_hicp_midx (CP093, unit I15, Index 2015=100)"
HU,2012,11,102.21,"Eurostat prc_hicp_midx (CP093, unit I15, Index 2015=100)"
HU,2012,12,102.65,"Eurostat prc_hicp_midx (CP093, unit I15, Index 2015=100)"
HU,2013,1,102.11,"Eurostat prc_hicp_midx (CP093, unit I15, Index 2015=100)"
HU,2013,2,101.87,"Eurostat prc_hicp_midx (CP093, unit I15, Index 2015=100)"
HU,2013,3,103.49,"Eurostat prc_hicp_midx (CP093, unit I15, Index 2015=100)"
HU,2013,4,102.65,"Eurostat prc_hicp_midx (CP093, unit I15, Index 2015=100)"
HU,2013,5,101.5,"Eurostat prc_hicp_midx (CP093, unit I15, Index 2015=100)"
HU,2013,6,100.89,"Eurostat prc_hicp_midx (CP093, unit I15, Index 2015=100)"
HU,2013,7,100.19,"Eurostat prc_hicp_midx (CP093, unit I15, Index 2015=100)"
HU,2013,8,99.4,"Eurostat prc_hicp_midx (CP093, unit I15, Index 2015=100)"
HU,2013,9,98.88,"Eurostat prc_hicp_midx (CP093, unit I15, Index 2015=100)"
HU,2013,10,98.91,"Eurostat prc_hicp_midx (CP093, unit I15, Index 2015=100)"
HU,2013,11,101.63,"Eurostat prc_hicp_midx (CP093, unit I15, Index 2015=100)"
HU,2013,12,101.61,"Eurostat prc_hicp_midx (CP093, unit I15, Index 2015=100)"
HU,2014,1,101.35,"Eurostat prc_hicp_midx (CP093, unit I15, Index 2015=100)"
HU,2014,2,101.25,"Eurostat prc_hicp_midx (CP093, unit I15, Index 2015=100)"
HU,2014,3,101.31,"Eurostat prc_hicp_midx (CP093, unit I15, Index 2015=100)"
HU,2014,4,100.48,"Eurostat prc_hicp_midx (CP093, unit I15, Index 2015=100)"
HU,2014,5,100.88,"Eurostat prc_hicp_midx (CP093, unit I15, Index 2015=100)"
HU,2014,6,100.55,"Eurostat prc_hicp_midx (CP093, unit I15, Index 2015=100)"
HU,2014,7,99.35,"Eurostat prc_hicp_midx (CP093, unit I15, Index 2015=100)"
HU,2014,8,98.98,"Eurostat prc_hicp_midx (CP093, unit I15, Index 2015=100)"
HU,2014,9,99.33,"Eurostat prc_hicp_midx (CP093, unit I15, Index 2015=100)"
HU,2014,10,100.16,"Eurostat prc_hicp_midx (CP093, unit I15, Index 2015=100)"
HU,2014,11,100.09,"Eurostat prc_hicp_midx (CP093, unit I15, Index 2015=100)"
HU,2014,12,100.19,"Eurostat prc_hicp_midx (CP093, unit I15, Index 2015=100)"
HU,2015,1,100.64,"Eurostat prc_hicp_midx (CP093, unit I15, Index 2015=100)"
HU,2015,2,100.88,"Eurostat prc_hicp_midx (CP093, unit I15, Index 2015=100)"
HU,2015,3,101.48,"Eurostat prc_hicp_midx (CP093, unit I15, Index 2015=100)"
HU,2015,4,99.94,"Eurostat prc_hicp_midx (CP093, unit I15, Index 2015=100)"
HU,2015,5,100.34,"Eurostat prc_hicp_midx (CP093, unit I15, Index 2015=100)"
HU,2015,6,99.6,"Eurostat prc_hicp_midx (CP093, unit I15, Index 2015=100)"
HU,2015,7,97.64,"Eurostat prc_hicp_midx (CP093, unit I15, Index 2015=100)"
HU,2015,8,96.92,"Eurostat prc_hicp_midx (CP093, unit I15, Index 2015=100)"
HU,2015,9,97.38,"Eurostat prc_hicp_midx (CP093, unit I15, Index 2015=100)"
HU,2015,10,101.54,"Eurostat prc_hicp_midx (CP093, unit I15, Index 2015=100)"
HU,2015,11,102.21,"Eurostat prc_hicp_midx (CP093, unit I15, Index 2015=100)"
HU,2015,12,101.44,"Eurostat prc_hicp_midx (CP093, unit I15, Index 2015=100)"
HU,2016,1,102.81,"Eurostat prc_hicp_midx (CP093, unit I15, Index 2015=100)"
HU,2016,2,102.53,"Eurostat prc_hicp_midx (CP093, unit I15, Index 2015=100)"
HU,2016,3,102.12,"Eurostat prc_hicp_midx (CP093, unit I15, Index 2015=100)"
HU,2016,4,102.71,"Eurostat prc_hicp_midx (CP093, unit I15, Index 2015=100)"
HU,2016,5,103.09,"Eurostat prc_hicp_midx (CP093, unit I15, Index 2015=100)"
HU,2016,6,100.84,"Eurostat prc_hicp_midx (CP093, unit I15, Index 2015=100)"
HU,2016,7,100.53,"Eurostat prc_hicp_midx (CP093, unit I15, Index 2015=100)"
HU,2016,8,100.2,"Eurostat prc_hicp_midx (CP093, unit I15, Index 2015=100)"
HU,2016,9,100.78,"Eurostat prc_hicp_midx (CP093, unit I15, Index 2015=100)"
HU,2016,10,104.81,"Eurostat prc_hicp_midx (CP093, unit I15, Index 2015=100)"
HU,2016,11,105.01,"Eurostat prc_hicp_midx (CP093, unit I15, Index 2015=100)"
HU,2016,12,104.69,"Eurostat prc_hicp_midx (CP093, unit I15, Index 2015=100)"
HU,2017,1,105.42,"Eurostat prc_hicp_midx (CP093, unit I15, Index 2015=100)"
HU,2017,2,105.79,"Eurostat prc_hicp_midx (CP093, unit I15, Index 2015=100)"
HU,2017,3,103.96,"Eurostat prc_hicp_midx (CP093, unit I15, Index 2015=100)"
HU,2017,4,103.18,"Eurostat prc_hicp_midx (CP093, unit I15, Index 2015=100)"
HU,2017,5,104.46,"Eurostat prc_hicp_midx (CP093, unit I15, Index 2015=100)"
HU,2017,6,103.81,"Eurostat prc_hicp_midx (CP093, unit I15, Index 2015=100)"
HU,2017,7,102.79,"Eurostat prc_hicp_midx (CP093, unit I15, Index 2015=100)"
HU,2017,8,102.96,"Eurostat prc_hicp_midx (CP093, unit I15, Index 2015=100)"
HU,2017,9,103.39,"Eurostat prc_hicp_midx (CP093, unit I15, Index 2015=100)"
HU,2017,10,104.14,"Eurostat prc_hicp_midx (CP093, unit I15, Index 2015=100)"
HU,2017,11,106.72,"Eurostat prc_hicp_midx (CP093, unit I15, Index 2015=100)"
HU,2017,12,107.24,"Eurostat prc_hicp_midx (CP093, unit I15, Index 2015=100)"
HU,2018,1,107.13,"Eurostat prc_hicp_midx (CP093, unit I15, Index 2015=100)"
HU,2018,2,106.98,"Eurostat prc_hicp_midx (CP093, unit I15, Index 2015=100)"
HU,2018,3,106.74,"Eurostat prc_hicp_midx (CP093, unit I15, Index 2015=100)"
HU,2018,4,105.62,"Eurostat prc_hicp_midx (CP093, unit I15, Index 2015=100)"
HU,2018,5,106.22,"Eurostat prc_hicp_midx (CP093, unit I15, Index 2015=100)"
HU,2018,6,103.78,"Eurostat prc_hicp_midx (CP093, unit I15, Index 2015=100)"
HU,2018,7,104.13,"Eurostat prc_hicp_midx (CP093, unit I15, Index 2015=100)"
HU,2018,8,105.99,"Eurostat prc_hicp_midx (CP093, unit I15, Index 2015=100)"
HU,2018,9,105.3,"Eurostat prc_hicp_midx (CP093, unit I15, Index 2015=100)"
HU,2018,10,107.61,"Eurostat prc_hicp_midx (CP093, unit I15, Index 2015=100)"
HU,2018,11,108.43,"Eurostat prc_hicp_midx (CP093, unit I15, Index 2015=100)"
HU,2018,12,108.02,"Eurostat prc_hicp_midx (CP093, unit I15, Index 2015=100)"
HU,2019,1,108.76,"Eurostat prc_hicp_midx (CP093, unit I15, Index 2015=100)"
HU,2019,2,108.9,"Eurostat prc_hicp_midx (CP093, unit I15, Index 2015=100)"
HU,2019,3,108.99,"Eurostat prc_hicp_midx (CP093, unit I15, Index 2015=100)"
HU,2019,4,108.56,"Eurostat prc_hicp_midx (CP093, unit I15, Index 2015=100)"
HU,2019,5,108.78,"Eurostat prc_hicp_midx (CP093, unit I15, Index 2015=100)"
HU,2019,6,108.92,"Eurostat prc_hicp_midx (CP093, unit I15, Index 2015=100)"
HU,2019,7,107.95,"Eurostat prc_hicp_midx (CP093, unit I15, Index 2015=100)"
HU,2019,8,107.49,"Eurostat prc_hicp_midx (CP093, unit I15, Index 2015=100)"
HU,2019,9,106.71,"Eurostat prc_hicp_midx (CP093, unit I15, Index 2015=100)"
HU,2019,10,107.62,"Eurostat prc_hicp_midx (CP093, unit I15, Index 2015=100)"
HU,2019,11,109.05,"Eurostat prc_hicp_midx (CP093, unit I15, Index 2015=100)"
HU,2019,12,109.25,"Eurostat prc_hicp_midx (CP093, unit I15, Index 2015=100)"
HU,2020,1,109.9,"Eurostat prc_hicp_midx (CP093, unit I15, Index 2015=100)"
HU,2020,2,109.93,"Eurostat prc_hicp_midx (CP093, unit I15, Index 2015=100)"
HU,2020,3,110.13,"Eurostat prc_hicp_midx (CP093, unit I15, Index 2015=100)"
HU,2020,4,109.52,"Eurostat prc_hicp_midx (CP093, unit I15, Index 2015=100)"
HU,2020,5,109.79,"Eurostat prc_hicp_midx (CP093, unit I15, Index 2015=100)"
HU,2020,6,108.05,"Eurostat prc_hicp_midx (CP093, unit I15, Index 2015=100)"
HU,2020,7,109.62,"Eurostat prc_hicp_midx (CP093, unit I15, Index 2015=100)"
HU,2020,8,109.13,"Eurostat prc_hicp_midx (CP093, unit I15, Index 2015=100)"
HU,2020,9,109.57,"Eurostat prc_hicp_midx (CP093, unit I15, Index 2015=100)"
HU,2020,10,110.39,"Eurostat prc_hicp_midx (CP093, unit I15, Index 2015=100)"
HU,2020,11,111.58,"Eurostat prc_hicp_midx (CP093, unit I15, Index 2015=100)"
HU,2020,12,111.29,"Eurostat prc_hicp_midx (CP093, unit I15, Index 2015=100)"
HU,2021,1,112.52,"Eurostat prc_hicp_midx (CP093, unit I15, Index 2015=100)"
HU,2021,2,112.16,"Eurostat prc_hicp_midx (CP093, unit I15, Index 2015=100)"
HU,2021,3,113.36,"Eurostat prc_hicp_midx (CP093, unit I15, Index 2015=100)"
HU,2021,4,113.4,"Eurostat prc_hicp_midx (CP093, unit I15, Index 2015=100)"
HU,2021,5,113.99,"Eurostat prc_hicp_midx (CP093, unit I15, Index 2015=100)"
HU,2021,6,113.78,"Eurostat prc_hicp_midx (CP093, unit I15, Index 2015=100)"
HU,2021,7,114.32,"Eurostat prc_hicp_midx (CP093, unit I15, Index 2015=100)"
HU,2021,8,113.51,"Eurostat prc_hicp_midx (CP093, unit I15, Index 2015=100)"
HU,2021,9,113.55,"Eurostat prc_hicp_midx (CP093, unit I15, Index 2015=100)"
HU,2021,10,115.4,"Eurostat prc_hicp_midx (CP093, unit I15, Index 2015=100)"
HU,2021,11,115.78,"Eurostat prc_hicp_midx (CP093, unit I15, Index 2015=100)"
HU,2021,12,115.73,"Eurostat prc_hicp_midx (CP093, unit I15, Index 2015=100)"
HU,2022,1,118.59,"Eurostat prc_hicp_midx (CP093, unit I15, Index 2015=100)"
HU,2022,2,119.25,"Eurostat prc_hicp_midx (CP093, unit I15, Index 2015=100)"
HU,2022,3,120.49,"Eurostat prc_hicp_midx (CP093, unit I15, Index 2015=100)"
HU,2022,4,121.91,"Eurostat prc_hicp_midx (CP093, unit I15, Index 2015=100)"
HU,2022,5,124.17,"Eurostat prc_hicp_midx (CP093, unit I15, Index 2015=100)"
HU,2022,6,126.39,"Eurostat prc_hicp_midx (CP093, unit I15, Index 2015=100)"
HU,2022,7,129.78,"Eurostat prc_hicp_midx (CP093, unit I15, Index 2015=100)"
HU,2022,8,132.38,"Eurostat prc_hicp_midx (CP093, unit I15, Index 2015=100)"
HU,2022,9,135.04,"Eurostat prc_hicp_midx (CP093, unit I15, Index 2015=100)"
HU,2022,10,137.64,"Eurostat prc_hicp_midx (CP093, unit I15, Index 2015=100)"
HU,2022,11,140.19,"Eurostat prc_hicp_midx (CP093, unit I15, Index 2015=100)"
HU,2022,12,140.12,"Eurostat prc_hicp_midx (CP093, unit I15, Index 2015=100)"
HU,2023,1,143.76,"Eurostat prc_hicp_midx (CP093, unit I15, Index 2015=100)"
HU,2023,2,147.36,"Eurostat prc_hicp_midx (CP093, unit I15, Index 2015=100)"
HU,2023,3,151.57,"Eurostat prc_hicp_midx (CP093, unit I15, Index 2015=100)"
HU,2023,4,152.81,"Eurostat prc_hicp_midx (CP093, unit I15, Index 2015=100)"
HU,2023,5,151.23,"Eurostat prc_hicp_midx (CP093, unit I15, Index 2015=100)"
HU,2023,6,151.72,"Eurostat prc_hicp_midx (CP093, unit I15, Index 2015=100)"
HU,2023,7,150.96,"Eurostat prc_hicp_midx (CP093, unit I15, Index 2015=100)"
HU,2023,8,151.78,"Eurostat prc_hicp_midx (CP093, unit I15, Index 2015=100)"
HU,2023,9,152.75,"Eurostat prc_hicp_midx (CP093, unit I15, Index 2015=100)"
HU,2023,10,153.36,"Eurostat prc_hicp_midx (CP093, unit I15, Index 2015=100)"
HU,2023,11,156.18,"Eurostat prc_hicp_midx (CP093, unit I15, Index 2015=100)"
HU,2023,12,154.74,"Eurostat prc_hicp_midx (CP093, unit I15, Index 2015=100)"
HU,2024,1,156.36,"Eurostat prc_hicp_midx (CP093, unit I15, Index 2015=100)"
HU,2024,2,154.73,"Eurostat prc_hicp_midx (CP093, unit I15, Index 2015=100)"
HU,2024,3,154.63,"Eurostat prc_hicp_midx (CP093, unit I15, Index 2015=100)"
HU,2024,4,153.87,"Eurostat prc_hicp_midx (CP093, unit I15, Index 2015=100)"
HU,2024,5,153.54,"Eurostat prc_hicp_midx (CP093, unit I15, Index 2015=100)"
HU,2024,6,152.4,"Eurostat prc_hicp_midx (CP093, unit I15, Index 2015=100)"
HU,2024,7,153.63,"Eurostat prc_hicp_midx (CP093, unit I15, Index 2015=100)"
HU,2024,8,153.58,"Eurostat prc_hicp_midx (CP093, unit I15, Index 2015=100)"
HU,2024,9,153.84,"Eurostat prc_hicp_midx (CP093, unit I15, Index 2015=100)"
HU,2024,10,153.58,"Eurostat prc_hicp_midx (CP093, unit I15, Index 2015=100)"
HU,2024,11,154.48,"Eurostat prc_hicp_midx (CP093, unit I15, Index 2015=100)"
HU,2024,12,153.99,"Eurostat prc_hicp_midx (CP093, unit I15, Index 2015=100)"
MT,2010,1,88.89,"Eurostat prc_hicp_midx (CP093, unit I15, Index 2015=100)"
MT,2010,2,91.68,"Eurostat prc_hicp_midx (CP093, unit I15, Index 2015=100)"
MT,2010,3,89.89,"Eurostat prc_hicp_midx (CP093, unit I15, Index 2015=100)"
MT,2010,4,90.22,"Eurostat prc_hicp_midx (CP093, unit I15, Index 2015=100)"
MT,2010,5,89.73,"Eurostat prc_hicp_midx (CP093, unit I15, Index 2015=100)"
MT,2010,6,89.67,"Eurostat prc_hicp_midx (CP093, unit I15, Index 2015=100)"
MT,2010,7,89.96,"Eurostat prc_hicp_midx (CP093, unit I15, Index 2015=100)"
MT,2010,8,89.82,"Eurostat prc_hicp_midx (CP093, unit I15, Index 2015=100)"
MT,2010,9,90.31,"Eurostat prc_hicp_midx (CP093, unit I15, Index 2015=100)"
MT,2010,10,90.82,"Eurostat prc_hicp_midx (CP093, unit I15, Index 2015=100)"
MT,2010,11,91.21,"Eurostat prc_hicp_midx (CP093, unit I15, Index 2015=100)"
MT,2010,12,91.39,"Eurostat prc_hicp_midx (CP093, unit I15, Index 2015=100)"
MT,2011,1,91.2,"Eurostat prc_hicp_midx (CP093, unit I15, Index 2015=100)"
MT,2011,2,91.8,"Eurostat prc_hicp_midx (CP093, unit I15, Index 2015=100)"
MT,2011,3,91.41,"Eurostat prc_hicp_midx (CP093, unit I15, Index 2015=100)"
MT,2011,4,91.21,"Eurostat prc_hicp_midx (CP093, unit I15, Index 2015=100)"
MT,2011,5,91.78,"Eurostat prc_hicp_midx (CP093, unit I15, Index 2015=100)"
MT,2011,6,91.68,"Eurostat prc_hicp_midx (CP093, unit I15, Index 2015=100)"
MT,2011,7,91.85,"Eurostat prc_hicp_midx (CP093, unit I15, Index 2015=100)"
MT,2011,8,91.17,"Eurostat prc_hicp_midx (CP093, unit I15, Index 2015=100)"
MT,2011,9,90.87,"Eurostat prc_hicp_midx (CP093, unit I15, Index 2015=100)"
MT,2011,10,91.07,"Eurostat prc_hicp_midx (CP093, unit I15, Index 2015=100)"
MT,2011,11,91.1,"Eurostat prc_hicp_midx (CP093, unit I15, Index 2015=100)"
MT,2011,12,92.66,"Eurostat prc_hicp_midx (CP093, unit I15, Index 2015=100)"
MT,2012,1,92.68,"Eurostat prc_hicp_midx (CP093, unit I15, Index 2015=100)"
MT,2012,2,93.09,"Eurostat prc_hicp_midx (CP093, unit I15, Index 2015=100)"
MT,2012,3,92.46,"Eurostat prc_hicp_midx (CP093, unit I15, Index 2015=100)"
MT,2012,4,92.79,"Eurostat prc_hicp_midx (CP093, unit I15, Index 2015=100)"
MT,2012,5,93.06,"Eurostat prc_hicp_midx (CP093, unit I15, Index 2015=100)"
MT,2012,6,92.85,"Eurostat prc_hicp_midx (CP093, unit I15, Index 2015=100)"
MT,2012,7,93.58,"Eurostat prc_hicp_midx (CP093, unit I15, Index 2015=100)"
MT,2012,8,93.5,"Eurostat prc_hicp_midx (CP093, unit I15, Index 2015=100)"
MT,2012,9,93.59,"Eurostat prc_hicp_midx (CP093, unit I15, Index 2015=100)"
MT,2012,10,94.05,"Eurostat prc_hicp_midx (CP093, unit I15, Index 2015=100)"
MT,2012,11,94.13,"Eurostat prc_hicp_midx (CP093, unit I15, Index 2015=100)"
MT,2012,12,94.26,"Eurostat prc_hicp_midx (CP093, unit I15, Index 2015=100)"
MT,2013,1,94.81,"Eurostat prc_hicp_midx (CP093, unit I15, Index 2015=100)"
MT,2013,2,96.48,"Eurostat prc_hicp_midx (CP093, unit I15, Index 2015=100)"
MT,2013,3,95.47,"Eurostat prc_hicp_midx (CP093, unit I15, Index 2015=100)"
MT,2013,4,96.79,"Eurostat prc_hicp_midx (CP093, unit I15, Index 2015=100)"
MT,2013,5,96.42,"Eurostat prc_hicp_midx (CP093, unit I15, Index 2015=100)"
MT,2013,6,96.16,"Eurostat prc_hicp_midx (CP093, unit I15, Index 2015=100)"
MT,2013,7,96.38,"Eurostat prc_hicp_midx (CP093, unit I15, Index 2015=100)"
MT,2013,8,95.54,"Eurostat prc_hicp_midx (CP093, unit I15, Index 2015=100)"
MT,2013,9,95.72,"Eurostat prc_hicp_midx (CP093, unit I15, Index 2015=100)"
MT,2013,10,96.22,"Eurostat prc_hicp_midx (CP093, unit I15, Index 2015=100)"
MT,2013,11,96.99,"Eurostat prc_hicp_midx (CP093, unit I15, Index 2015=100)"
MT,2013,12,96.3,"Eurostat prc_hicp_midx (CP093, unit I15, Index 2015=100)"
MT,2014,1,95.55,"Eurostat prc_hicp_midx (CP093, unit I15, Index 2015=100)"
MT,2014,2,97.56,"Eurostat prc_hicp_midx (CP093, unit I15, Index 2015=100)"
MT,2014,3,96.12,"Eurostat prc_hicp_midx (CP093, unit I15, Index 2015=100)"
MT,2014,4,97.19,"Eurostat prc_hicp_midx (CP093, unit I15, Index 2015=100)"
MT,2014,5,97.1,"Eurostat prc_hicp_midx (CP093, unit I15, Index 2015=100)"
MT,2014,6,97.41,"Eurostat prc_hicp_midx (CP093, unit I15, Index 2015=100)"
MT,2014,7,97.7,"Eurostat prc_hicp_midx (CP093, unit I15, Index 2015=100)"
MT,2014,8,97.07,"Eurostat prc_hicp_midx (CP093, unit I15, Index 2015=100)"
MT,2014,9,97.81,"Eurostat prc_hicp_midx (CP093, unit I15, Index 2015=100)"
MT,2014,10,98.55,"Eurostat prc_hicp_midx (CP093, unit I15, Index 2015=100)"
MT,2014,11,99.46,"Eurostat prc_hicp_midx (CP093, unit I15, Index 2015=100)"
MT,2014,12,99.94,"Eurostat prc_hicp_midx (CP093, unit I15, Index 2015=100)"
MT,2015,1,98.85,"Eurostat prc_hicp_midx (CP093, unit I15, Index 2015=100)"
MT,2015,2,99.76,"Eurostat prc_hicp_midx (CP093, unit I15, Index 2015=100)"
MT,2015,3,99.89,"Eurostat prc_hicp_midx (CP093, unit I15, Index 2015=100)"
MT,2015,4,101.04,"Eurostat prc_hicp_midx (CP093, unit I15, Index 2015=100)"
MT,2015,5,100.69,"Eurostat prc_hicp_midx (CP093, unit I15, Index 2015=100)"
MT,2015,6,99.86,"Eurostat prc_hicp_midx (CP093, unit I15, Index 2015=100)"
MT,2015,7,98.79,"Eurostat prc_hicp_midx (CP093, unit I15, Index 2015=100)"
MT,2015,8,98.72,"Eurostat prc_hicp_midx (CP093, unit I15, Index 2015=100)"
MT,2015,9,99.36,"Eurostat prc_hicp_midx (CP093, unit I15, Index 2015=100)"
MT,2015,10,100.34,"Eurostat prc_hicp_midx (CP093, unit I15, Index 2015=100)"
MT,2015,11,101.32,"Eurostat prc_hicp_midx (CP093, unit I15, Index 2015=100)"
MT,2015,12,101.38,"Eurostat prc_hicp_midx (CP093, unit I15, Index 2015=100)"
MT,2016,1,100.08,"Eurostat prc_hicp_midx (CP093, unit I15, Index 2015=100)"
MT,2016,2,101.15,"Eurostat prc_hicp_midx (CP093, unit I15, Index 2015=100)"
MT,2016,3,100.51,"Eurostat prc_hicp_midx (CP093, unit I15, Index 2015=100)"
MT,2016,4,100.27,"Eurostat prc_hicp_midx (CP093, unit I15, Index 2015=100)"
MT,2016,5,100.39,"Eurostat prc_hicp_midx (CP093, unit I15, Index 2015=100)"
MT,2016,6,99.84,"Eurostat prc_hicp_midx (CP093, unit I15, Index 2015=100)"
MT,2016,7,98.61,"Eurostat prc_hicp_midx (CP093, unit I15, Index 2015=100)"
MT,2016,8,97.63,"Eurostat prc_hicp_midx (CP093, unit I15, Index 2015=100)"
MT,2016,9,97.81,"Eurostat prc_hicp_midx (CP093, unit I15, Index 2015=100)"
MT,2016,10,98.05,"Eurostat prc_hicp_midx (CP093, unit I15, Index 2015=100)"
MT,2016,11,97.84,"Eurostat prc_hicp_midx (CP093, unit I15, Index 2015=100)"
MT,2016,12,97.78,"Eurostat prc_hicp_midx (CP093, unit I15, Index 2015=100)"
MT,2017,1,95.39,"Eurostat prc_hicp_midx (CP093, unit I15, Index 2015=100)"
MT,2017,2,95.44,"Eurostat prc_hicp_midx (CP093, unit I15, Index 2015=100)"
MT,2017,3,96.07,"Eurostat prc_hicp_midx (CP093, unit I15, Index 2015=100)"
MT,2017,4,96.03,"Eurostat prc_hicp_midx (CP093, unit I15, Index 2015=100)"
MT,2017,5,96.34,"Eurostat prc_hicp_midx (CP093, unit I15, Index 2015=100)"
MT,2017,6,96.31,"Eurostat prc_hicp_midx (CP093, unit I15, Index 2015=100)"
MT,2017,7,95.4,"Eurostat prc_hicp_midx (CP093, unit I15, Index 2015=100)"
MT,2017,8,95.88,"Eurostat prc_hicp_midx (CP093, unit I15, Index 2015=100)"
MT,2017,9,96.17,"Eurostat prc_hicp_midx (CP093, unit I15, Index 2015=100)"
MT,2017,10,96.74,"Eurostat prc_hicp_midx (CP093, unit I15, Index 2015=100)"
MT,2017,11,96.96,"Eurostat prc_hicp_midx (CP093, unit I15, Index 2015=100)"
MT,2017,12,98.37,"Eurostat prc_hicp_midx (CP093, unit I15, Index 2015=100)"
MT,2018,1,96.43,"Eurostat prc_hicp_midx (CP093, unit I15, Index 2015=100)"
MT,2018,2,98.52,"Eurostat prc_hicp_midx (CP093, unit I15, Index 2015=100)"
MT,2018,3,96.85,"Eurostat prc_hicp_midx (CP093, unit I15, Index 2015=100)"
MT,2018,4,96.79,"Eurostat prc_hicp_midx (CP093, unit I15, Index 2015=100)"
MT,2018,5,96.83,"Eurostat prc_hicp_midx (CP093, unit I15, Index 2015=100)"
MT,2018,6,96.35,"Eurostat prc_hicp_midx (CP093, unit I15, Index 2015=100)"
MT,2018,7,95.34,"Eurostat prc_hicp_midx (CP093, unit I15, Index 2015=100)"
MT,2018,8,95.07,"Eurostat prc_hicp_midx (CP093, unit I15, Index 2015=100)"
MT,2018,9,96.48,"Eurostat prc_hicp_midx (CP093, unit I15, Index 2015=100)"
MT,2018,10,97.14,"Eurostat prc_hicp_midx (CP093, unit I15, Index 2015=100)"
MT,2018,11,97.22,"Eurostat prc_hicp_midx (CP093, unit I15, Index 2015=100)"
MT,2018,12,97.53,"Eurostat prc_hicp_midx (CP093, unit I15, Index 2015=100)"
MT,2019,1,97.46,"Eurostat prc_hicp_midx (CP093, unit I15, Index 2015=100)"
MT,2019,2,101.77,"Eurostat prc_hicp_midx (CP093, unit I15, Index 2015=100)"
MT,2019,3,96.52,"Eurostat prc_hicp_midx (CP093, unit I15, Index 2015=100)"
MT,2019,4,97.12,"Eurostat prc_hicp_midx (CP093, unit I15, Index 2015=100)"
MT,2019,5,97.44,"Eurostat prc_hicp_midx (CP093, unit I15, Index 2015=100)"
MT,2019,6,97.43,"Eurostat prc_hicp_midx (CP093, unit I15, Index 2015=100)"
MT,2019,7,97.86,"Eurostat prc_hicp_midx (CP093, unit I15, Index 2015=100)"
MT,2019,8,97.89,"Eurostat prc_hicp_midx (CP093, unit I15, Index 2015=100)"
MT,2019,9,98.88,"Eurostat prc_hicp_midx (CP093, unit I15, Index 2015=100)"
MT,2019,10,99.15,"Eurostat prc_hicp_midx (CP093, unit I15, Index 2015=100)"
MT,2019,11,99.16,"Eurostat prc_hicp_midx (CP093, unit I15, Index 2015=100)"
MT,2019,12,99.15,"Eurostat prc_hicp_midx (CP093, unit I15, Index 2015=100)"
MT,2020,1,98.06,"Eurostat prc_hicp_midx (CP093, unit I15, Index 2015=100)"
MT,2020,2,99.25,"Eurostat prc_hicp_midx (CP093, unit I15, Index 2015=100)"
MT,2020,3,97.87,"Eurostat prc_hicp_midx (CP093, unit I15, Index 2015=100)"
MT,2020,4,98.55,"Eurostat prc_hicp_midx (CP093, unit I15, Index 2015=100)"
MT,2020,5,97.54,"Eurostat prc_hicp_midx (CP093, unit I15, Index 2015=100)"
MT,2020,6,97.52,"Eurostat prc_hicp_midx (CP093, unit I15, Index 2015=100)"
MT,2020,7,98.36,"Eurostat prc_hicp_midx (CP093, unit I15, Index 2015=100)"
MT,2020,8,98.21,"Eurostat prc_hicp_midx (CP093, unit I15, Index 2015=100)"
MT,2020,9,98.04,"Eurostat prc_hicp_midx (CP093, unit I15, Index 2015=100)"
MT,2020,10,98.66,"Eurostat prc_hicp_midx (CP093, unit I15, Index 2015=100)"
MT,2020,11,98.92,"Eurostat prc_hicp_midx (CP093, unit I15, Index 2015=100)"
MT,2020,12,99.53,"Eurostat prc_hicp_midx (CP093, unit I15, Index 2015=100)"
MT,2021,1,98.56,"Eurostat prc_hicp_midx (CP093, unit I15, Index 2015=100)"
MT,2021,2,102.47,"Eurostat prc_hicp_midx (CP093, unit I15, Index 2015=100)"
MT,2021,3,99.61,"Eurostat prc_hicp_midx (CP093, unit I15, Index 2015=100)"
MT,2021,4,101.45,"Eurostat prc_hicp_midx (CP093, unit I15, Index 2015=100)"
MT,2021,5,101.75,"Eurostat prc_hicp_midx (CP093, unit I15, Index 2015=100)"
MT,2021,6,101.3,"Eurostat prc_hicp_midx (CP093, unit I15, Index 2015=100)"
MT,2021,7,101.51,"Eurostat prc_hicp_midx (CP093, unit I15, Index 2015=100)"
MT,2021,8,102.29,"Eurostat prc_hicp_midx (CP093, unit I15, Index 2015=100)"
MT,2021,9,101.95,"Eurostat prc_hicp_midx (CP093, unit I15, Index 2015=100)"
MT,2021,10,106.42,"Eurostat prc_hicp_midx (CP093, unit I15, Index 2015=100)"
MT,2021,11,107.75,"Eurostat prc_hicp_midx (CP093, unit I15, Index 2015=100)"
MT,2021,12,108.13,"Eurostat prc_hicp_midx (CP093, unit I15, Index 2015=100)"
MT,2022,1,108.04,"Eurostat prc_hicp_midx (CP093, unit I15, Index 2015=100)"
MT,2022,2,110.14,"Eurostat prc_hicp_midx (CP093, unit I15, Index 2015=100)"
MT,2022,3,110.46,"Eurostat prc_hicp_midx (CP093, unit I15, Index 2015=100)"
MT,2022,4,112.26,"Eurostat prc_hicp_midx (CP093, unit I15, Index 2015=100)"
MT,2022,5,113.05,"Eurostat prc_hicp_midx (CP093, unit I15, Index 2015=100)"
MT,2022,6,113.01,"Eurostat prc_hicp_midx (CP093, unit I15, Index 2015=100)"
MT,2022,7,112.8,"Eurostat prc_hicp_midx (CP093, unit I15, Index 2015=100)"
MT,2022,8,113.47,"Eurostat prc_hicp_midx (CP093, unit I15, Index 2015=100)"
MT,2022,9,113.09,"Eurostat prc_hicp_midx (CP093, unit I15, Index 2015=100)"
MT,2022,10,114.57,"Eurostat prc_hicp_midx (CP093, unit I15, Index 2015=100)"
MT,2022,11,115.94,"Eurostat prc_hicp_midx (CP093, unit I15, Index 2015=100)"
MT,2022,12,116.64,"Eurostat prc_hicp_midx (CP093, unit I15, Index 2015=100)"
MT,2023,1,117.82,"Eurostat prc_hicp_midx (CP093, unit I15, Index 2015=100)"
MT,2023,2,118.76,"Eurostat prc_hicp_midx (CP093, unit I15, Index 2015=100)"
MT,2023,3,118.19,"Eurostat prc_hicp_midx (CP093, unit I15, Index 2015=100)"
MT,2023,4,118.54,"Eurostat prc_hicp_midx (CP093, unit I15, Index 2015=100)"
MT,2023,5,118.69,"Eurostat prc_hicp_midx (CP093, unit I15, Index 2015=100)"
MT,2023,6,119.16,"Eurostat prc_hicp_midx (CP093, unit I15, Index 2015=100)"
MT,2023,7,119.59,"Eurostat prc_hicp_midx (CP093, unit I15, Index 2015=100)"
MT,2023,8,119.53,"Eurostat prc_hicp_midx (CP093, unit I15, Index 2015=100)"
MT,2023,9,119.46,"Eurostat prc_hicp_midx (CP093, unit I15, Index 2015=100)"
MT,2023,10,120.68,"Eurostat prc_hicp_midx (CP093, unit I15, Index 2015=100)"
MT,2023,11,121.68,"Eurostat prc_hicp_midx (CP093, unit I15, Index 2015=100)"
MT,2023,12,122.24,"Eurostat prc_hicp_midx (CP093, unit I15, Index 2015=100)"
MT,2024,1,122.02,"Eurostat prc_hicp_midx (CP093, unit I15, Index 2015=100)"
MT,2024,2,123.71,"Eurostat prc_hicp_midx (CP093, unit I15, Index 2015=100)"
MT,2024,3,123.33,"Eurostat prc_hicp_midx (CP093, unit I15, Index 2015=100)"
MT,2024,4,122.89,"Eurostat prc_hicp_midx (CP093, unit I15, Index 2015=100)"
MT,2024,5,123.45,"Eurostat prc_hicp_midx (CP093, unit I15, Index 2015=100)"
MT,2024,6,124.03,"Eurostat prc_hicp_midx (CP093, unit I15, Index 2015=100)"
MT,2024,7,124.22,"Eurostat prc_hicp_midx (CP093, unit I15, Index 2015=100)"
MT,2024,8,124.54,"Eurostat prc_hicp_midx (CP093, unit I15, Index 2015=100)"
MT,2024,9,125.12,"Eurostat prc_hicp_midx (CP093, unit I15, Index 2015=100)"
MT,2024,10,125.69,"Eurostat prc_hicp_midx (CP093, unit I15, Index 2015=100)"
MT,2024,11,125.84,"Eurostat prc_hicp_midx (CP093, unit I15, Index 2015=100)"
MT,2024,12,126.86,"Eurostat prc_hicp_midx (CP093, unit I15, Index 2015=100)"
NL,2010,1,94.85,"Eurostat prc_hicp_midx (CP093, unit I15, Index 2015=100)"
NL,2010,2,96.13,"Eurostat prc_hicp_midx (CP093, unit I15, Index 2015=100)"
NL,2010,3,95.87,"Eurostat prc_hicp_midx (CP093, unit I15, Index 2015=100)"
NL,2010,4,94.3,"Eurostat prc_hicp_midx (CP093, unit I15, Index 2015=100)"
NL,2010,5,96.73,"Eurostat prc_hicp_midx (CP093, unit I15, Index 2015=100)"
NL,2010,6,94.46,"Eurostat prc_hicp_midx (CP093, unit I15, Index 2015=100)"
NL,2010,7,91.87,"Eurostat prc_hicp_midx (CP093, unit I15, Index 2015=100)"
NL,2010,8,93.37,"Eurostat prc_hicp_midx (CP093, unit I15, Index 2015=100)"
NL,2010,9,94.57,"Eurostat prc_hicp_midx (CP093, unit I15, Index 2015=100)"
NL,2010,10,95.96,"Eurostat prc_hicp_midx (CP093, unit I15, Index 2015=100)"
NL,2010,11,94.93,"Eurostat prc_hicp_midx (CP093, unit I15, Index 2015=100)"
NL,2010,12,94.86,"Eurostat prc_hicp_midx (CP093, unit I15, Index 2015=100)"
NL,2011,1,94.75,"Eurostat prc_hicp_midx (CP093, unit I15, Index 2015=100)"
NL,2011,2,96.72,"Eurostat prc_hicp_midx (CP093, unit I15, Index 2015=100)"
NL,2011,3,94.79,"Eurostat prc_hicp_midx (CP093, unit I15, Index 2015=100)"
NL,2011,4,94.03,"Eurostat prc_hicp_midx (CP093, unit I15, Index 2015=100)"
NL,2011,5,95.59,"Eurostat prc_hicp_midx (CP093, unit I15, Index 2015=100)"
NL,2011,6,94.35,"Eurostat prc_hicp_midx (CP093, unit I15, Index 2015=100)"
NL,2011,7,94.25,"Eurostat prc_hicp_midx (CP093, unit I15, Index 2015=100)"
NL,2011,8,93.88,"Eurostat prc_hicp_midx (CP093, unit I15, Index 2015=100)"
NL,2011,9,94.45,"Eurostat prc_hicp_midx (CP093, unit I15, Index 2015=100)"
NL,2011,10,93.65,"Eurostat prc_hicp_midx (CP093, unit I15, Index 2015=100)"
NL,2011,11,95.34,"Eurostat prc_hicp_midx (CP093, unit I15, Index 2015=100)"
NL,2011,12,94.64,"Eurostat prc_hicp_midx (CP093, unit I15, Index 2015=100)"
NL,2012,1,95.06,"Eurostat prc_hicp_midx (CP093, unit I15, Index 2015=100)"
NL,2012,2,97.38,"Eurostat prc_hicp_midx (CP093, unit I15, Index 2015=100)"
NL,2012,3,96.14,"Eurostat prc_hicp_midx (CP093, unit I15, Index 2015=100)"
NL,2012,4,96.19,"Eurostat prc_hicp_midx (CP093, unit I15, Index 2015=100)"
NL,2012,5,98.82,"Eurostat prc_hicp_midx (CP093, unit I15, Index 2015=100)"
NL,2012,6,96.92,"Eurostat prc_hicp_midx (CP093, unit I15, Index 2015=100)"
NL,2012,7,94.23,"Eurostat prc_hicp_midx (CP093, unit I15, Index 2015=100)"
NL,2012,8,94.32,"Eurostat prc_hicp_midx (CP093, unit I15, Index 2015=100)"
NL,2012,9,95.19,"Eurostat prc_hicp_midx (CP093, unit I15, Index 2015=100)"
NL,2012,10,96.28,"Eurostat prc_hicp_midx (CP093, unit I15, Index 2015=100)"
NL,2012,11,96.42,"Eurostat prc_hicp_midx (CP093, unit I15, Index 2015=100)"
NL,2012,12,97.61,"Eurostat prc_hicp_midx (CP093, unit I15, Index 2015=100)"
NL,2013,1,97.31,"Eurostat prc_hicp_midx (CP093, unit I15, Index 2015=100)"
NL,2013,2,99.71,"Eurostat prc_hicp_midx (CP093, unit I15, Index 2015=100)"
NL,2013,3,99.57,"Eurostat prc_hicp_midx (CP093, unit I15, Index 2015=100)"
NL,2013,4,97.2,"Eurostat prc_hicp_midx (CP093, unit I15, Index 2015=100)"
NL,2013,5,99.81,"Eurostat prc_hicp_midx (CP093, unit I15, Index 2015=100)"
NL,2013,6,98.77,"Eurostat prc_hicp_midx (CP093, unit I15, Index 2015=100)"
NL,2013,7,97.29,"Eurostat prc_hicp_midx (CP093, unit I15, Index 2015=100)"
NL,2013,8,97.43,"Eurostat prc_hicp_midx (CP093, unit I15, Index 2015=100)"
NL,2013,9,98.05,"Eurostat prc_hicp_midx (CP093, unit I15, Index 2015=100)"
NL,2013,10,97.9,"Eurostat prc_hicp_midx (CP093, unit I15, Index 2015=100)"
NL,2013,11,98.05,"Eurostat prc_hicp_midx (CP093, unit I15, Index 2015=100)"
NL,2013,12,99.66,"Eurostat prc_hicp_midx (CP093, unit I15, Index 2015=100)"
NL,2014,1,100.1,"Eurostat prc_hicp_midx (CP093, unit I15, Index 2015=100)"
NL,2014,2,101.0,"Eurostat prc_hicp_midx (CP093, unit I15, Index 2015=100)"
NL,2014,3,99.84,"Eurostat prc_hicp_midx (CP093, unit I15, Index 2015=100)"
NL,2014,4,98.95,"Eurostat prc_hicp_midx (CP093, unit I15, Index 2015=100)"
NL,2014,5,100.9,"Eurostat prc_hicp_midx (CP093, unit I15, Index 2015=100)"
NL,2014,6,100.37,"Eurostat prc_hicp_midx (CP093, unit I15, Index 2015=100)"
NL,2014,7,99.49,"Eurostat prc_hicp_midx (CP093, unit I15, Index 2015=100)"
NL,2014,8,100.11,"Eurostat prc_hicp_midx (CP093, unit I15, Index 2015=100)"
NL,2014,9,100.32,"Eurostat prc_hicp_midx (CP093, unit I15, Index 2015=100)"
NL,2014,10,98.84,"Eurostat prc_hicp_midx (CP093, unit I15, Index 2015=100)"
NL,2014,11,98.97,"Eurostat prc_hicp_midx (CP093, unit I15, Index 2015=100)"
NL,2014,12,99.54,"Eurostat prc_hicp_midx (CP093, unit I15, Index 2015=100)"
NL,2015,1,99.04,"Eurostat prc_hicp_midx (CP093, unit I15, Index 2015=100)"
NL,2015,2,100.53,"Eurostat prc_hicp_midx (CP093, unit I15, Index 2015=100)"
NL,2015,3,99.73,"Eurostat prc_hicp_midx (CP093, unit I15, Index 2015=100)"
NL,2015,4,99.58,"Eurostat prc_hicp_midx (CP093, unit I15, Index 2015=100)"
NL,2015,5,100.53,"Eurostat prc_hicp_midx (CP093, unit I15, Index 2015=100)"
NL,2015,6,99.83,"Eurostat prc_hicp_midx (CP093, unit I15, Index 2015=100)"
NL,2015,7,99.24,"Eurostat prc_hicp_midx (CP093, unit I15, Index 2015=100)"
NL,2015,8,99.98,"Eurostat prc_hicp_midx (CP093, unit I15, Index 2015=100)"
NL,2015,9,99.74,"Eurostat prc_hicp_midx (CP093, unit I15, Index 2015=100)"
NL,2015,10,100.15,"Eurostat prc_hicp_midx (CP093, unit I15, Index 2015=100)"
NL,2015,11,100.49,"Eurostat prc_hicp_midx (CP093, unit I15, Index 2015=100)"
NL,2015,12,101.17,"Eurostat prc_hicp_midx (CP093, unit I15, Index 2015=100)"
NL,2016,1,100.9,"Eurostat prc_hicp_midx (CP093, unit I15, Index 2015=100)"
NL,2016,2,102.83,"Eurostat prc_hicp_midx (CP093, unit I15, Index 2015=100)"
NL,2016,3,103.31,"Eurostat prc_hicp_midx (CP093, unit I15, Index 2015=100)"
NL,2016,4,101.77,"Eurostat prc_hicp_midx (CP093, unit I15, Index 2015=100)"
NL,2016,5,103.5,"Eurostat prc_hicp_midx (CP093, unit I15, Index 2015=100)"
NL,2016,6,102.19,"Eurostat prc_hicp_midx (CP093, unit I15, Index 2015=100)"
NL,2016,7,102.92,"Eurostat prc_hicp_midx (CP093, unit I15, Index 2015=100)"
NL,2016,8,102.1,"Eurostat prc_hicp_midx (CP093, unit I15, Index 2015=100)"
NL,2016,9,102.46,"Eurostat prc_hicp_midx (CP093, unit I15, Index 2015=100)"
NL,2016,10,103.06,"Eurostat prc_hicp_midx (CP093, unit I15, Index 2015=100)"
NL,2016,11,102.81,"Eurostat prc_hicp_midx (CP093, unit I15, Index 2015=100)"
NL,2016,12,102.63,"Eurostat prc_hicp_midx (CP093, unit I15, Index 2015=100)"
NL,2017,1,102.63,"Eurostat prc_hicp_midx (CP093, unit I15, Index 2015=100)"
NL,2017,2,104.42,"Eurostat prc_hicp_midx (CP093, unit I15, Index 2015=100)"
NL,2017,3,103.09,"Eurostat prc_hicp_midx (CP093, unit I15, Index 2015=100)"
NL,2017,4,101.85,"Eurostat prc_hicp_midx (CP093, unit I15, Index 2015=100)"
NL,2017,5,103.81,"Eurostat prc_hicp_midx (CP093, unit I15, Index 2015=100)"
NL,2017,6,103.27,"Eurostat prc_hicp_midx (CP093, unit I15, Index 2015=100)"
NL,2017,7,102.96,"Eurostat prc_hicp_midx (CP093, unit I15, Index 2015=100)"
NL,2017,8,103.55,"Eurostat prc_hicp_midx (CP093, unit I15, Index 2015=100)"
NL,2017,9,104.53,"Eurostat prc_hicp_midx (CP093, unit I15, Index 2015=100)"
NL,2017,10,104.39,"Eurostat prc_hicp_midx (CP093, unit I15, Index 2015=100)"
NL,2017,11,104.97,"Eurostat prc_hicp_midx (CP093, unit I15, Index 2015=100)"
NL,2017,12,104.09,"Eurostat prc_hicp_midx (CP093, unit I15, Index 2015=100)"
NL,2018,1,104.2,"Eurostat prc_hicp_midx (CP093, unit I15, Index 2015=100)"
NL,2018,2,106.14,"Eurostat prc_hicp_midx (CP093, unit I15, Index 2015=100)"
NL,2018,3,106.15,"Eurostat prc_hicp_midx (CP093, unit I15, Index 2015=100)"
NL,2018,4,104.8,"Eurostat prc_hicp_midx (CP093, unit I15, Index 2015=100)"
NL,2018,5,106.2,"Eurostat prc_hicp_midx (CP093, unit I15, Index 2015=100)"
NL,2018,6,106.23,"Eurostat prc_hicp_midx (CP093, unit I15, Index 2015=100)"
NL,2018,7,107.6,"Eurostat prc_hicp_midx (CP093, unit I15, Index 2015=100)"
NL,2018,8,107.04,"Eurostat prc_hicp_midx (CP093, unit I15, Index 2015=100)"
NL,2018,9,107.39,"Eurostat prc_hicp_midx (CP093, unit I15, Index 2015=100)"
NL,2018,10,107.49,"Eurostat prc_hicp_midx (CP093, unit I15, Index 2015=100)"
NL,2018,11,106.47,"Eurostat prc_hicp_midx (CP093, unit I15, Index 2015=100)"
NL,2018,12,106.29,"Eurostat prc_hicp_midx (CP093, unit I15, Index 2015=100)"
NL,2019,1,107.08,"Eurostat prc_hicp_midx (CP093, unit I15, Index 2015=100)"
NL,2019,2,108.36,"Eurostat prc_hicp_midx (CP093, unit I15, Index 2015=100)"
NL,2019,3,109.27,"Eurostat prc_hicp_midx (CP093, unit I15, Index 2015=100)"
NL,2019,4,108.17,"Eurostat prc_hicp_midx (CP093, unit I15, Index 2015=100)"
NL,2019,5,110.6,"Eurostat prc_hicp_midx (CP093, unit I15, Index 2015=100)"
NL,2019,6,108.75,"Eurostat prc_hicp_midx (CP093, unit I15, Index 2015=100)"
NL,2019,7,108.52,"Eurostat prc_hicp_midx (CP093, unit I15, Index 2015=100)"
NL,2019,8,108.57,"Eurostat prc_hicp_midx (CP093, unit I15, Index 2015=100)"
NL,2019,9,109.29,"Eurostat prc_hicp_midx (CP093, unit I15, Index 2015=100)"
NL,2019,10,110.13,"Eurostat prc_hicp_midx (CP093, unit I15, Index 2015=100)"
NL,2019,11,109.62,"Eurostat prc_hicp_midx (CP093, unit I15, Index 2015=100)"
NL,2019,12,108.84,"Eurostat prc_hicp_midx (CP093, unit I15, Index 2015=100)"
NL,2020,1,108.11,"Eurostat prc_hicp_midx (CP093, unit I15, Index 2015=100)"
NL,2020,2,109.09,"Eurostat prc_hicp_midx (CP093, unit I15, Index 2015=100)"
NL,2020,3,110.13,"Eurostat prc_hicp_midx (CP093, unit I15, Index 2015=100)"
NL,2020,4,110.3,"Eurostat prc_hicp_midx (CP093, unit I15, Index 2015=100)"
NL,2020,5,111.61,"Eurostat prc_hicp_midx (CP093, unit I15, Index 2015=100)"
NL,2020,6,110.68,"Eurostat prc_hicp_midx (CP093, unit I15, Index 2015=100)"
NL,2020,7,111.12,"Eurostat prc_hicp_midx (CP093, unit I15, Index 2015=100)"
NL,2020,8,109.98,"Eurostat prc_hicp_midx (CP093, unit I15, Index 2015=100)"
NL,2020,9,111.77,"Eurostat prc_hicp_midx (CP093, unit I15, Index 2015=100)"
NL,2020,10,112.73,"Eurostat prc_hicp_midx (CP093, unit I15, Index 2015=100)"
NL,2020,11,111.88,"Eurostat prc_hicp_midx (CP093, unit I15, Index 2015=100)"
NL,2020,12,113.04,"Eurostat prc_hicp_midx (CP093, unit I15, Index 2015=100)"
NL,2021,1,112.66,"Eurostat prc_hicp_midx (CP093, unit I15, Index 2015=100)"
NL,2021,2,114.81,"Eurostat prc_hicp_midx (CP093, unit I15, Index 2015=100)"
NL,2021,3,114.07,"Eurostat prc_hicp_midx (CP093, unit I15, Index 2015=100)"
NL,2021,4,112.99,"Eurostat prc_hicp_midx (CP093, unit I15, Index 2015=100)"
NL,2021,5,113.71,"Eurostat prc_hicp_midx (CP093, unit I15, Index 2015=100)"
NL,2021,6,112.92,"Eurostat prc_hicp_midx (CP093, unit I15, Index 2015=100)"
NL,2021,7,112.55,"Eurostat prc_hicp_midx (CP093, unit I15, Index 2015=100)"
NL,2021,8,111.87,"Eurostat prc_hicp_midx (CP093, unit I15, Index 2015=100)"
NL,2021,9,113.32,"Eurostat prc_hicp_midx (CP093, unit I15, Index 2015=100)"
NL,2021,10,114.88,"Eurostat prc_hicp_midx (CP093, unit I15, Index 2015=100)"
NL,2021,11,114.21,"Eurostat prc_hicp_midx (CP093, unit I15, Index 2015=100)"
NL,2021,12,115.13,"Eurostat prc_hicp_midx (CP093, unit I15, Index 2015=100)"
NL,2022,1,116.67,"Eurostat prc_hicp_midx (CP093, unit I15, Index 2015=100)"
NL,2022,2,118.29,"Eurostat prc_hicp_midx (CP093, unit I15, Index 2015=100)"
NL,2022,3,118.19,"Eurostat prc_hicp_midx (CP093, unit I15, Index 2015=100)"
NL,2022,4,118.27,"Eurostat prc_hicp_midx (CP093, unit I15, Index 2015=100)"
NL,2022,5,118.68,"Eurostat prc_hicp_midx (CP093, unit I15, Index 2015=100)"
NL,2022,6,119.33,"Eurostat prc_hicp_midx (CP093, unit I15, Index 2015=100)"
NL,2022,7,118.27,"Eurostat prc_hicp_midx (CP093, unit I15, Index 2015=100)"
NL,2022,8,117.35,"Eurostat prc_hicp_midx (CP093, unit I15, Index 2015=100)"
NL,2022,9,120.16,"Eurostat prc_hicp_midx (CP093, unit I15, Index 2015=100)"
NL,2022,10,121.2,"Eurostat prc_hicp_midx (CP093, unit I15, Index 2015=100)"
NL,2022,11,122.39,"Eurostat prc_hicp_midx (CP093, unit I15, Index 2015=100)"
NL,2022,12,123.41,"Eurostat prc_hicp_midx (CP093, unit I15, Index 2015=100)"
NL,2023,1,122.78,"Eurostat prc_hicp_midx (CP093, unit I15, Index 2015=100)"
NL,2023,2,126.21,"Eurostat prc_hicp_midx (CP093, unit I15, Index 2015=100)"
NL,2023,3,125.66,"Eurostat prc_hicp_midx (CP093, unit I15, Index 2015=100)"
NL,2023,4,125.63,"Eurostat prc_hicp_midx (CP093, unit I15, Index 2015=100)"
NL,2023,5,127.21,"Eurostat prc_hicp_midx (CP093, unit I15, Index 2015=100)"
NL,2023,6,127.41,"Eurostat prc_hicp_midx (CP093, unit I15, Index 2015=100)"
NL,2023,7,125.56,"Eurostat prc_hicp_midx (CP093, unit I15, Index 2015=100)"
NL,2023,8,124.88,"Eurostat prc_hicp_midx (CP093, unit I15, Index 2015=100)"
NL,2023,9,125.7,"Eurostat prc_hicp_midx (CP093, unit I15, Index 2015=100)"
NL,2023,10,126.21,"Eurostat prc_hicp_midx (CP093, unit I15, Index 2015=100)"
NL,2023,11,126.1,"Eurostat prc_hicp_midx (CP093, unit I15, Index 2015=100)"
NL,2023,12,126.31,"Eurostat prc_hicp_midx (CP093, unit I15, Index 2015=100)"
NL,2024,1,126.48,"Eurostat prc_hicp_midx (CP093, unit I15, Index 2015=100)"
NL,2024,2,127.19,"Eurostat prc_hicp_midx (CP093, unit I15, Index 2015=100)"
NL,2024,3,127.45,"Eurostat prc_hicp_midx (CP093, unit I15, Index 2015=100)"
NL,2024,4,126.27,"Eurostat prc_hicp_midx (CP093, unit I15, Index 2015=100)"
NL,2024,5,127.77,"Eurostat prc_hicp_midx (CP093, unit I15, Index 2015=100)"
NL,2024,6,127.79,"Eurostat prc_hicp_midx (CP093, unit I15, Index 2015=100)"
NL,2024,7,126.44,"Eurostat prc_hicp_midx (CP093, unit I15, Index 2015=100)"
NL,2024,8,126.38,"Eurostat prc_hicp_midx (CP093, unit I15, Index 2015=100)"
NL,2024,9,128.76,"Eurostat prc_hicp_midx (CP093, unit I15, Index 2015=100)"
NL,2024,10,128.96,"Eurostat prc_hicp_midx (CP093, unit I15, Index 2015=100)"
NL,2024,11,128.43,"Eurostat prc_hicp_midx (CP093, unit I15, Index 2015=100)"
NL,2024,12,128.79,"Eurostat prc_hicp_midx (CP093, unit I15, Index 2015=100)"
AT,2010,1,91.26,"Eurostat prc_hicp_midx (CP093, unit I15, Index 2015=100)"
AT,2010,2,91.18,"Eurostat prc_hicp_midx (CP093, unit I15, Index 2015=100)"
AT,2010,3,91.86,"Eurostat prc_hicp_midx (CP093, unit I15, Index 2015=100)"
AT,2010,4,91.87,"Eurostat prc_hicp_midx (CP093, unit I15, Index 2015=100)"
AT,2010,5,92.02,"Eurostat prc_hicp_midx (CP093, unit I15, Index 2015=100)"
AT,2010,6,92.09,"Eurostat prc_hicp_midx (CP093, unit I15, Index 2015=100)"
AT,2010,7,91.95,"Eurostat prc_hicp_midx (CP093, unit I15, Index 2015=100)"
AT,2010,8,91.55,"Eurostat prc_hicp_midx (CP093, unit I15, Index 2015=100)"
AT,2010,9,91.78,"Eurostat prc_hicp_midx (CP093, unit I15, Index 2015=100)"
AT,2010,10,94.15,"Eurostat prc_hicp_midx (CP093, unit I15, Index 2015=100)"
AT,2010,11,94.34,"Eurostat prc_hicp_midx (CP093, unit I15, Index 2015=100)"
AT,2010,12,94.67,"Eurostat prc_hicp_midx (CP093, unit I15, Index 2015=100)"
AT,2011,1,93.87,"Eurostat prc_hicp_midx (CP093, unit I15, Index 2015=100)"
AT,2011,2,94.12,"Eurostat prc_hicp_midx (CP093, unit I15, Index 2015=100)"
AT,2011,3,94.48,"Eurostat prc_hicp_midx (CP093, unit I15, Index 2015=100)"
AT,2011,4,93.85,"Eurostat prc_hicp_midx (CP093, unit I15, Index 2015=100)"
AT,2011,5,94.13,"Eurostat prc_hicp_midx (CP093, unit I15, Index 2015=100)"
AT,2011,6,93.38,"Eurostat prc_hicp_midx (CP093, unit I15, Index 2015=100)"
AT,2011,7,93.05,"Eurostat prc_hicp_midx (CP093, unit I15, Index 2015=100)"
AT,2011,8,92.71,"Eurostat prc_hicp_midx (CP093, unit I15, Index 2015=100)"
AT,2011,9,91.94,"Eurostat prc_hicp_midx (CP093, unit I15, Index 2015=100)"
AT,2011,10,92.53,"Eurostat prc_hicp_midx (CP093, unit I15, Index 2015=100)"
AT,2011,11,94.74,"Eurostat prc_hicp_midx (CP093, unit I15, Index 2015=100)"
AT,2011,12,94.45,"Eurostat prc_hicp_midx (CP093, unit I15, Index 2015=100)"
AT,2012,1,94.18,"Eurostat prc_hicp_midx (CP093, unit I15, Index 2015=100)"
AT,2012,2,94.64,"Eurostat prc_hicp_midx (CP093, unit I15, Index 2015=100)"
AT,2012,3,95.41,"Eurostat prc_hicp_midx (CP093, unit I15, Index 2015=100)"
AT,2012,4,95.18,"Eurostat prc_hicp_midx (CP093, unit I15, Index 2015=100)"
AT,2012,5,95.21,"Eurostat prc_hicp_midx (CP093, unit I15, Index 2015=100)"
AT,2012,6,95.09,"Eurostat prc_hicp_midx (CP093, unit I15, Index 2015=100)"
AT,2012,7,94.73,"Eurostat prc_hicp_midx (CP093, unit I15, Index 2015=100)"
AT,2012,8,93.84,"Eurostat prc_hicp_midx (CP093, unit I15, Index 2015=100)"
AT,2012,9,94.54,"Eurostat prc_hicp_midx (CP093, unit I15, Index 2015=100)"
AT,2012,10,95.53,"Eurostat prc_hicp_midx (CP093, unit I15, Index 2015=100)"
AT,2012,11,96.3,"Eurostat prc_hicp_midx (CP093, unit I15, Index 2015=100)"
AT,2012,12,97.03,"Eurostat prc_hicp_midx (CP093, unit I15, Index 2015=100)"
AT,2013,1,98.0,"Eurostat prc_hicp_midx (CP093, unit I15, Index 2015=100)"
AT,2013,2,97.27,"Eurostat prc_hicp_midx (CP093, unit I15, Index 2015=100)"
AT,2013,3,98.03,"Eurostat prc_hicp_midx (CP093, unit I15, Index 2015=100)"
AT,2013,4,97.45,"Eurostat prc_hicp_midx (CP093, unit I15, Index 2015=100)"
AT,2013,5,96.93,"Eurostat prc_hicp_midx (CP093, unit I15, Index 2015=100)"
AT,2013,6,96.98,"Eurostat prc_hicp_midx (CP093, unit I15, Index 2015=100)"
AT,2013,7,96.33,"Eurostat prc_hicp_midx (CP093, unit I15, Index 2015=100)"
AT,2013,8,95.81,"Eurostat prc_hicp_midx (CP093, unit I15, Index 2015=100)"
AT,2013,9,96.41,"Eurostat prc_hicp_midx (CP093, unit I15, Index 2015=100)"
AT,2013,10,97.82,"Eurostat prc_hicp_midx (CP093, unit I15, Index 2015=100)"
AT,2013,11,99.56,"Eurostat prc_hicp_midx (CP093, unit I15, Index 2015=100)"
AT,2013,12,99.95,"Eurostat prc_hicp_midx (CP093, unit I15, Index 2015=100)"
AT,2014,1,98.46,"Eurostat prc_hicp_midx (CP093, unit I15, Index 2015=100)"
AT,2014,2,97.74,"Eurostat prc_hicp_midx (CP093, unit I15, Index 2015=100)"
AT,2014,3,98.04,"Eurostat prc_hicp_midx (CP093, unit I15, Index 2015=100)"
AT,2014,4,99.61,"Eurostat prc_hicp_midx (CP093, unit I15, Index 2015=100)"
AT,2014,5,99.87,"Eurostat prc_hicp_midx (CP093, unit I15, Index 2015=100)"
AT,2014,6,99.94,"Eurostat prc_hicp_midx (CP093, unit I15, Index 2015=100)"
AT,2014,7,98.61,"Eurostat prc_hicp_midx (CP093, unit I15, Index 2015=100)"
AT,2014,8,96.07,"Eurostat prc_hicp_midx (CP093, unit I15, Index 2015=100)"
AT,2014,9,97.6,"Eurostat prc_hicp_midx (CP093, unit I15, Index 2015=100)"
AT,2014,10,97.97,"Eurostat prc_hicp_midx (CP093, unit I15, Index 2015=100)"
AT,2014,11,99.93,"Eurostat prc_hicp_midx (CP093, unit I15, Index 2015=100)"
AT,2014,12,99.79,"Eurostat prc_hicp_midx (CP093, unit I15, Index 2015=100)"
AT,2015,1,99.21,"Eurostat prc_hicp_midx (CP093, unit I15, Index 2015=100)"
AT,2015,2,99.15,"Eurostat prc_hicp_midx (CP093, unit I15, Index 2015=100)"
AT,2015,3,99.35,"Eurostat prc_hicp_midx (CP093, unit I15, Index 2015=100)"
AT,2015,4,101.05,"Eurostat prc_hicp_midx (CP093, unit I15, Index 2015=100)"
AT,2015,5,100.25,"Eurostat prc_hicp_midx (CP093, unit I15, Index 2015=100)"
AT,2015,6,100.3,"Eurostat prc_hicp_midx (CP093, unit I15, Index 2015=100)"
AT,2015,7,99.69,"Eurostat prc_hicp_midx (CP093, unit I15, Index 2015=100)"
AT,2015,8,99.96,"Eurostat prc_hicp_midx (CP093, unit I15, Index 2015=100)"
AT,2015,9,98.74,"Eurostat prc_hicp_midx (CP093, unit I15, Index 2015=100)"
AT,2015,10,100.43,"Eurostat prc_hicp_midx (CP093, unit I15, Index 2015=100)"
AT,2015,11,101.18,"Eurostat prc_hicp_midx (CP093, unit I15, Index 2015=100)"
AT,2015,12,100.69,"Eurostat prc_hicp_midx (CP093, unit I15, Index 2015=100)"
AT,2016,1,100.02,"Eurostat prc_hicp_midx (CP093, unit I15, Index 2015=100)"
AT,2016,2,101.16,"Eurostat prc_hicp_midx (CP093, unit I15, Index 2015=100)"
AT,2016,3,100.47,"Eurostat prc_hicp_midx (CP093, unit I15, Index 2015=100)"
AT,2016,4,100.85,"Eurostat prc_hicp_midx (CP093, unit I15, Index 2015=100)"
AT,2016,5,100.86,"Eurostat prc_hicp_midx (CP093, unit I15, Index 2015=100)"
AT,2016,6,100.8,"Eurostat prc_hicp_midx (CP093, unit I15, Index 2015=100)"
AT,2016,7,99.1,"Eurostat prc_hicp_midx (CP093, unit I15, Index 2015=100)"
AT,2016,8,98.57,"Eurostat prc_hicp_midx (CP093, unit I15, Index 2015=100)"
AT,2016,9,98.37,"Eurostat prc_hicp_midx (CP093, unit I15, Index 2015=100)"
AT,2016,10,99.41,"Eurostat prc_hicp_midx (CP093, unit I15, Index 2015=100)"
AT,2016,11,101.52,"Eurostat prc_hicp_midx (CP093, unit I15, Index 2015=100)"
AT,2016,12,99.98,"Eurostat prc_hicp_midx (CP093, unit I15, Index 2015=100)"
AT,2017,1,100.73,"Eurostat prc_hicp_midx (CP093, unit I15, Index 2015=100)"
AT,2017,2,101.05,"Eurostat prc_hicp_midx (CP093, unit I15, Index 2015=100)"
AT,2017,3,101.33,"Eurostat prc_hicp_midx (CP093, unit I15, Index 2015=100)"
AT,2017,4,101.54,"Eurostat prc_hicp_midx (CP093, unit I15, Index 2015=100)"
AT,2017,5,101.8,"Eurostat prc_hicp_midx (CP093, unit I15, Index 2015=100)"
AT,2017,6,101.6,"Eurostat prc_hicp_midx (CP093, unit I15, Index 2015=100)"
AT,2017,7,101.35,"Eurostat prc_hicp_midx (CP093, unit I15, Index 2015=100)"
AT,2017,8,100.79,"Eurostat prc_hicp_midx (CP093, unit I15, Index 2015=100)"
AT,2017,9,101.36,"Eurostat prc_hicp_midx (CP093, unit I15, Index 2015=100)"
AT,2017,10,102.39,"Eurostat prc_hicp_midx (CP093, unit I15, Index 2015=100)"
AT,2017,11,102.47,"Eurostat prc_hicp_midx (CP093, unit I15, Index 2015=100)"
AT,2017,12,102.76,"Eurostat prc_hicp_midx (CP093, unit I15, Index 2015=100)"
AT,2018,1,102.81,"Eurostat prc_hicp_midx (CP093, unit I15, Index 2015=100)"
AT,2018,2,103.21,"Eurostat prc_hicp_midx (CP093, unit I15, Index 2015=100)"
AT,2018,3,103.9,"Eurostat prc_hicp_midx (CP093, unit I15, Index 2015=100)"
AT,2018,4,104.14,"Eurostat prc_hicp_midx (CP093, unit I15, Index 2015=100)"
AT,2018,5,104.05,"Eurostat prc_hicp_midx (CP093, unit I15, Index 2015=100)"
AT,2018,6,103.6,"Eurostat prc_hicp_midx (CP093, unit I15, Index 2015=100)"
AT,2018,7,103.65,"Eurostat prc_hicp_midx (CP093, unit I15, Index 2015=100)"
AT,2018,8,104.83,"Eurostat prc_hicp_midx (CP093, unit I15, Index 2015=100)"
AT,2018,9,104.48,"Eurostat prc_hicp_midx (CP093, unit I15, Index 2015=100)"
AT,2018,10,103.63,"Eurostat prc_hicp_midx (CP093, unit I15, Index 2015=100)"
AT,2018,11,105.03,"Eurostat prc_hicp_midx (CP093, unit I15, Index 2015=100)"
AT,2018,12,105.51,"Eurostat prc_hicp_midx (CP093, unit I15, Index 2015=100)"
AT,2019,1,105.17,"Eurostat prc_hicp_midx (CP093, unit I15, Index 2015=100)"
AT,2019,2,104.8,"Eurostat prc_hicp_midx (CP093, unit I15, Index 2015=100)"
AT,2019,3,104.9,"Eurostat prc_hicp_midx (CP093, unit I15, Index 2015=100)"
AT,2019,4,105.53,"Eurostat prc_hicp_midx (CP093, unit I15, Index 2015=100)"
AT,2019,5,106.16,"Eurostat prc_hicp_midx (CP093, unit I15, Index 2015=100)"
AT,2019,6,105.58,"Eurostat prc_hicp_midx (CP093, unit I15, Index 2015=100)"
AT,2019,7,105.2,"Eurostat prc_hicp_midx (CP093, unit I15, Index 2015=100)"
AT,2019,8,104.99,"Eurostat prc_hicp_midx (CP093, unit I15, Index 2015=100)"
AT,2019,9,104.9,"Eurostat prc_hicp_midx (CP093, unit I15, Index 2015=100)"
AT,2019,10,106.24,"Eurostat prc_hicp_midx (CP093, unit I15, Index 2015=100)"
AT,2019,11,107.0,"Eurostat prc_hicp_midx (CP093, unit I15, Index 2015=100)"
AT,2019,12,105.42,"Eurostat prc_hicp_midx (CP093, unit I15, Index 2015=100)"
AT,2020,1,106.33,"Eurostat prc_hicp_midx (CP093, unit I15, Index 2015=100)"
AT,2020,2,105.83,"Eurostat prc_hicp_midx (CP093, unit I15, Index 2015=100)"
AT,2020,3,105.62,"Eurostat prc_hicp_midx (CP093, unit I15, Index 2015=100)"
AT,2020,4,107.44,"Eurostat prc_hicp_midx (CP093, unit I15, Index 2015=100)"
AT,2020,5,107.62,"Eurostat prc_hicp_midx (CP093, unit I15, Index 2015=100)"
AT,2020,6,107.82,"Eurostat prc_hicp_midx (CP093, unit I15, Index 2015=100)"
AT,2020,7,106.85,"Eurostat prc_hicp_midx (CP093, unit I15, Index 2015=100)"
AT,2020,8,106.46,"Eurostat prc_hicp_midx (CP093, unit I15, Index 2015=100)"
AT,2020,9,105.97,"Eurostat prc_hicp_midx (CP093, unit I15, Index 2015=100)"
AT,2020,10,105.75,"Eurostat prc_hicp_midx (CP093, unit I15, Index 2015=100)"
AT,2020,11,107.03,"Eurostat prc_hicp_midx (CP093, unit I15, Index 2015=100)"
AT,2020,12,105.18,"Eurostat prc_hicp_midx (CP093, unit I15, Index 2015=100)"
AT,2021,1,106.17,"Eurostat prc_hicp_midx (CP093, unit I15, Index 2015=100)"
AT,2021,2,105.57,"Eurostat prc_hicp_midx (CP093, unit I15, Index 2015=100)"
AT,2021,3,106.03,"Eurostat prc_hicp_midx (CP093, unit I15, Index 2015=100)"
AT,2021,4,106.43,"Eurostat prc_hicp_midx (CP093, unit I15, Index 2015=100)"
AT,2021,5,106.7,"Eurostat prc_hicp_midx (CP093, unit I15, Index 2015=100)"
AT,2021,6,106.86,"Eurostat prc_hicp_midx (CP093, unit I15, Index 2015=100)"
AT,2021,7,106.41,"Eurostat prc_hicp_midx (CP093, unit I15, Index 2015=100)"
AT,2021,8,106.12,"Eurostat prc_hicp_midx (CP093, unit I15, Index 2015=100)"
AT,2021,9,106.49,"Eurostat prc_hicp_midx (CP093, unit I15, Index 2015=100)"
AT,2021,10,108.27,"Eurostat prc_hicp_midx (CP093, unit I15, Index 2015=100)"
AT,2021,11,108.8,"Eurostat prc_hicp_midx (CP093, unit I15, Index 2015=100)"
AT,2021,12,108.9,"Eurostat prc_hicp_midx (CP093, unit I15, Index 2015=100)"
AT,2022,1,108.81,"Eurostat prc_hicp_midx (CP093, unit I15, Index 2015=100)"
AT,2022,2,110.61,"Eurostat prc_hicp_midx (CP093, unit I15, Index 2015=100)"
AT,2022,3,112.31,"Eurostat prc_hicp_midx (CP093, unit I15, Index 2015=100)"
AT,2022,4,112.91,"Eurostat prc_hicp_midx (CP093, unit I15, Index 2015=100)"
AT,2022,5,113.88,"Eurostat prc_hicp_midx (CP093, unit I15, Index 2015=100)"
AT,2022,6,114.28,"Eurostat prc_hicp_midx (CP093, unit I15, Index 2015=100)"
AT,2022,7,114.21,"Eurostat prc_hicp_midx (CP093, unit I15, Index 2015=100)"
AT,2022,8,114.14,"Eurostat prc_hicp_midx (CP093, unit I15, Index 2015=100)"
AT,2022,9,114.48,"Eurostat prc_hicp_midx (CP093, unit I15, Index 2015=100)"
AT,2022,10,115.58,"Eurostat prc_hicp_midx (CP093, unit I15, Index 2015=100)"
AT,2022,11,116.08,"Eurostat prc_hicp_midx (CP093, unit I15, Index 2015=100)"
AT,2022,12,118.1,"Eurostat prc_hicp_midx (CP093, unit I15, Index 2015=100)"
AT,2023,1,118.86,"Eurostat prc_hicp_midx (CP093, unit I15, Index 2015=100)"
AT,2023,2,120.37,"Eurostat prc_hicp_midx (CP093, unit I15, Index 2015=100)"
AT,2023,3,122.22,"Eurostat prc_hicp_midx (CP093, unit I15, Index 2015=100)"
AT,2023,4,123.18,"Eurostat prc_hicp_midx (CP093, unit I15, Index 2015=100)"
AT,2023,5,123.74,"Eurostat prc_hicp_midx (CP093, unit I15, Index 2015=100)"
AT,2023,6,123.77,"Eurostat prc_hicp_midx (CP093, unit I15, Index 2015=100)"
AT,2023,7,122.99,"Eurostat prc_hicp_midx (CP093, unit I15, Index 2015=100)"
AT,2023,8,122.81,"Eurostat prc_hicp_midx (CP093, unit I15, Index 2015=100)"
AT,2023,9,123.1,"Eurostat prc_hicp_midx (CP093, unit I15, Index 2015=100)"
AT,2023,10,123.41,"Eurostat prc_hicp_midx (CP093, unit I15, Index 2015=100)"
AT,2023,11,123.82,"Eurostat prc_hicp_midx (CP093, unit I15, Index 2015=100)"
AT,2023,12,123.43,"Eurostat prc_hicp_midx (CP093, unit I15, Index 2015=100)"
AT,2024,1,123.92,"Eurostat prc_hicp_midx (CP093, unit I15, Index 2015=100)"
AT,2024,2,123.71,"Eurostat prc_hicp_midx (CP093, unit I15, Index 2015=100)"
AT,2024,3,125.24,"Eurostat prc_hicp_midx (CP093, unit I15, Index 2015=100)"
AT,2024,4,125.3,"Eurostat prc_hicp_midx (CP093, unit I15, Index 2015=100)"
AT,2024,5,125.39,"Eurostat prc_hicp_midx (CP093, unit I15, Index 2015=100)"
AT,2024,6,124.7,"Eurostat prc_hicp_midx (CP093, unit I15, Index 2015=100)"
AT,2024,7,124.16,"Eurostat prc_hicp_midx (CP093, unit I15, Index 2015=100)"
AT,2024,8,123.85,"Eurostat prc_hicp_midx (CP093, unit I15, Index 2015=100)"
AT,2024,9,124.0,"Eurostat prc_hicp_midx (CP093, unit I15, Index 2015=100)"
AT,2024,10,124.79,"Eurostat prc_hicp_midx (CP093, unit I15, Index 2015=100)"
AT,2024,11,125.18,"Eurostat prc_hicp_midx (CP093, unit I15, Index 2015=100)"
AT,2024,12,125.13,"Eurostat prc_hicp_midx (CP093, unit I15, Index 2015=100)"
PL,2010,1,93.0,"Eurostat prc_hicp_midx (CP093, unit I15, Index 2015=100)"
PL,2010,2,93.0,"Eurostat prc_hicp_midx (CP093, unit I15, Index 2015=100)"
PL,2010,3,93.6,"Eurostat prc_hicp_midx (CP093, unit I15, Index 2015=100)"
PL,2010,4,93.1,"Eurostat prc_hicp_midx (CP093, unit I15, Index 2015=100)"
PL,2010,5,92.9,"Eurostat prc_hicp_midx (CP093, unit I15, Index 2015=100)"
PL,2010,6,92.6,"Eurostat prc_hicp_midx (CP093, unit I15, Index 2015=100)"
PL,2010,7,92.1,"Eurostat prc_hicp_midx (CP093, unit I15, Index 2015=100)"
PL,2010,8,91.8,"Eurostat prc_hicp_midx (CP093, unit I15, Index 2015=100)"
PL,2010,9,92.7,"Eurostat prc_hicp_midx (CP093, unit I15, Index 2015=100)"
PL,2010,10,93.5,"Eurostat prc_hicp_midx (CP093, unit I15, Index 2015=100)"
PL,2010,11,94.1,"Eurostat prc_hicp_midx (CP093, unit I15, Index 2015=100)"
PL,2010,12,94.8,"Eurostat prc_hicp_midx (CP093, unit I15, Index 2015=100)"
PL,2011,1,95.4,"Eurostat prc_hicp_midx (CP093, unit I15, Index 2015=100)"
PL,2011,2,95.6,"Eurostat prc_hicp_midx (CP093, unit I15, Index 2015=100)"
PL,2011,3,95.6,"Eurostat prc_hicp_midx (CP093, unit I15, Index 2015=100)"
PL,2011,4,95.5,"Eurostat prc_hicp_midx (CP093, unit I15, Index 2015=100)"
PL,2011,5,95.0,"Eurostat prc_hicp_midx (CP093, unit I15, Index 2015=100)"
PL,2011,6,94.7,"Eurostat prc_hicp_midx (CP093, unit I15, Index 2015=100)"
PL,2011,7,94.2,"Eurostat prc_hicp_midx (CP093, unit I15, Index 2015=100)"
PL,2011,8,93.8,"Eurostat prc_hicp_midx (CP093, unit I15, Index 2015=100)"
PL,2011,9,94.2,"Eurostat prc_hicp_midx (CP093, unit I15, Index 2015=100)"
PL,2011,10,95.2,"Eurostat prc_hicp_midx (CP093, unit I15, Index 2015=100)"
PL,2011,11,96.3,"Eurostat prc_hicp_midx (CP093, unit I15, Index 2015=100)"
PL,2011,12,96.9,"Eurostat prc_hicp_midx (CP093, unit I15, Index 2015=100)"
PL,2012,1,97.4,"Eurostat prc_hicp_midx (CP093, unit I15, Index 2015=100)"
PL,2012,2,97.9,"Eurostat prc_hicp_midx (CP093, unit I15, Index 2015=100)"
PL,2012,3,98.1,"Eurostat prc_hicp_midx (CP093, unit I15, Index 2015=100)"
PL,2012,4,98.1,"Eurostat prc_hicp_midx (CP093, unit I15, Index 2015=100)"
PL,2012,5,97.8,"Eurostat prc_hicp_midx (CP093, unit I15, Index 2015=100)"
PL,2012,6,97.6,"Eurostat prc_hicp_midx (CP093, unit I15, Index 2015=100)"
PL,2012,7,97.3,"Eurostat prc_hicp_midx (CP093, unit I15, Index 2015=100)"
PL,2012,8,96.8,"Eurostat prc_hicp_midx (CP093, unit I15, Index 2015=100)"
PL,2012,9,97.3,"Eurostat prc_hicp_midx (CP093, unit I15, Index 2015=100)"
PL,2012,10,97.9,"Eurostat prc_hicp_midx (CP093, unit I15, Index 2015=100)"
PL,2012,11,98.4,"Eurostat prc_hicp_midx (CP093, unit I15, Index 2015=100)"
PL,2012,12,98.9,"Eurostat prc_hicp_midx (CP093, unit I15, Index 2015=100)"
PL,2013,1,99.3,"Eurostat prc_hicp_midx (CP093, unit I15, Index 2015=100)"
PL,2013,2,99.5,"Eurostat prc_hicp_midx (CP093, unit I15, Index 2015=100)"
PL,2013,3,99.6,"Eurostat prc_hicp_midx (CP093, unit I15, Index 2015=100)"
PL,2013,4,99.3,"Eurostat prc_hicp_midx (CP093, unit I15, Index 2015=100)"
PL,2013,5,98.7,"Eurostat prc_hicp_midx (CP093, unit I15, Index 2015=100)"
PL,2013,6,98.3,"Eurostat prc_hicp_midx (CP093, unit I15, Index 2015=100)"
PL,2013,7,98.1,"Eurostat prc_hicp_midx (CP093, unit I15, Index 2015=100)"
PL,2013,8,97.6,"Eurostat prc_hicp_midx (CP093, unit I15, Index 2015=100)"
PL,2013,9,97.8,"Eurostat prc_hicp_midx (CP093, unit I15, Index 2015=100)"
PL,2013,10,98.7,"Eurostat prc_hicp_midx (CP093, unit I15, Index 2015=100)"
PL,2013,11,99.8,"Eurostat prc_hicp_midx (CP093, unit I15, Index 2015=100)"
PL,2013,12,99.9,"Eurostat prc_hicp_midx (CP093, unit I15, Index 2015=100)"
PL,2014,1,100.5,"Eurostat prc_hicp_midx (CP093, unit I15, Index 2015=100)"
PL,2014,2,100.7,"Eurostat prc_hicp_midx (CP093, unit I15, Index 2015=100)"
PL,2014,3,100.5,"Eurostat prc_hicp_midx (CP093, unit I15, Index 2015=100)"
PL,2014,4,100.3,"Eurostat prc_hicp_midx (CP093, unit I15, Index 2015=100)"
PL,2014,5,100.1,"Eurostat prc_hicp_midx (CP093, unit I15, Index 2015=100)"
PL,2014,6,99.7,"Eurostat prc_hicp_midx (CP093, unit I15, Index 2015=100)"
PL,2014,7,99.2,"Eurostat prc_hicp_midx (CP093, unit I15, Index 2015=100)"
PL,2014,8,98.6,"Eurostat prc_hicp_midx (CP093, unit I15, Index 2015=100)"
PL,2014,9,98.9,"Eurostat prc_hicp_midx (CP093, unit I15, Index 2015=100)"
PL,2014,10,99.4,"Eurostat prc_hicp_midx (CP093, unit I15, Index 2015=100)"
PL,2014,11,100.0,"Eurostat prc_hicp_midx (CP093, unit I15, Index 2015=100)"
PL,2014,12,100.1,"Eurostat prc_hicp_midx (CP093, unit I15, Index 2015=100)"
PL,2015,1,100.2,"Eurostat prc_hicp_midx (CP093, unit I15, Index 2015=100)"
PL,2015,2,100.4,"Eurostat prc_hicp_midx (CP093, unit I15, Index 2015=100)"
PL,2015,3,100.2,"Eurostat prc_hicp_midx (CP093, unit I15, Index 2015=100)"
PL,2015,4,100.4,"Eurostat prc_hicp_midx (CP093, unit I15, Index 2015=100)"
PL,2015,5,100.1,"Eurostat prc_hicp_midx (CP093, unit I15, Index 2015=100)"
PL,2015,6,100.1,"Eurostat prc_hicp_midx (CP093, unit I15, Index 2015=100)"
PL,2015,7,99.5,"Eurostat prc_hicp_midx (CP093, unit I15, Index 2015=100)"
PL,2015,8,99.3,"Eurostat prc_hicp_midx (CP093, unit I15, Index 2015=100)"
PL,2015,9,99.1,"Eurostat prc_hicp_midx (CP093, unit I15, Index 2015=100)"
PL,2015,10,99.8,"Eurostat prc_hicp_midx (CP093, unit I15, Index 2015=100)"
PL,2015,11,100.4,"Eurostat prc_hicp_midx (CP093, unit I15, Index 2015=100)"
PL,2015,12,100.4,"Eurostat prc_hicp_midx (CP093, unit I15, Index 2015=100)"
PL,2016,1,100.4,"Eurostat prc_hicp_midx (CP093, unit I15, Index 2015=100)"
PL,2016,2,101.3,"Eurostat prc_hicp_midx (CP093, unit I15, Index 2015=100)"
PL,2016,3,101.4,"Eurostat prc_hicp_midx (CP093, unit I15, Index 2015=100)"
PL,2016,4,100.7,"Eurostat prc_hicp_midx (CP093, unit I15, Index 2015=100)"
PL,2016,5,100.7,"Eurostat prc_hicp_midx (CP093, unit I15, Index 2015=100)"
PL,2016,6,100.5,"Eurostat prc_hicp_midx (CP093, unit I15, Index 2015=100)"
PL,2016,7,100.5,"Eurostat prc_hicp_midx (CP093, unit I15, Index 2015=100)"
PL,2016,8,100.7,"Eurostat prc_hicp_midx (CP093, unit I15, Index 2015=100)"
PL,2016,9,100.7,"Eurostat prc_hicp_midx (CP093, unit I15, Index 2015=100)"
PL,2016,10,101.8,"Eurostat prc_hicp_midx (CP093, unit I15, Index 2015=100)"
PL,2016,11,102.2,"Eurostat prc_hicp_midx (CP093, unit I15, Index 2015=100)"
PL,2016,12,102.3,"Eurostat prc_hicp_midx (CP093, unit I15, Index 2015=100)"
PL,2017,1,102.8,"Eurostat prc_hicp_midx (CP093, unit I15, Index 2015=100)"
PL,2017,2,103.4,"Eurostat prc_hicp_midx (CP093, unit I15, Index 2015=100)"
PL,2017,3,103.6,"Eurostat prc_hicp_midx (CP093, unit I15, Index 2015=100)"
PL,2017,4,103.1,"Eurostat prc_hicp_midx (CP093, unit I15, Index 2015=100)"
PL,2017,5,102.9,"Eurostat prc_hicp_midx (CP093, unit I15, Index 2015=100)"
PL,2017,6,102.6,"Eurostat prc_hicp_midx (CP093, unit I15, Index 2015=100)"
PL,2017,7,102.6,"Eurostat prc_hicp_midx (CP093, unit I15, Index 2015=100)"
PL,2017,8,102.3,"Eurostat prc_hicp_midx (CP093, unit I15, Index 2015=100)"
PL,2017,9,102.6,"Eurostat prc_hicp_midx (CP093, unit I15, Index 2015=100)"
PL,2017,10,103.1,"Eurostat prc_hicp_midx (CP093, unit I15, Index 2015=100)"
PL,2017,11,103.8,"Eurostat prc_hicp_midx (CP093, unit I15, Index 2015=100)"
PL,2017,12,103.8,"Eurostat prc_hicp_midx (CP093, unit I15, Index 2015=100)"
PL,2018,1,104.7,"Eurostat prc_hicp_midx (CP093, unit I15, Index 2015=100)"
PL,2018,2,105.8,"Eurostat prc_hicp_midx (CP093, unit I15, Index 2015=100)"
PL,2018,3,105.7,"Eurostat prc_hicp_midx (CP093, unit I15, Index 2015=100)"
PL,2018,4,105.5,"Eurostat prc_hicp_midx (CP093, unit I15, Index 2015=100)"
PL,2018,5,105.1,"Eurostat prc_hicp_midx (CP093, unit I15, Index 2015=100)"
PL,2018,6,105.1,"Eurostat prc_hicp_midx (CP093, unit I15, Index 2015=100)"
PL,2018,7,104.9,"Eurostat prc_hicp_midx (CP093, unit I15, Index 2015=100)"
PL,2018,8,104.7,"Eurostat prc_hicp_midx (CP093, unit I15, Index 2015=100)"
PL,2018,9,105.1,"Eurostat prc_hicp_midx (CP093, unit I15, Index 2015=100)"
PL,2018,10,105.9,"Eurostat prc_hicp_midx (CP093, unit I15, Index 2015=100)"
PL,2018,11,106.2,"Eurostat prc_hicp_midx (CP093, unit I15, Index 2015=100)"
PL,2018,12,106.5,"Eurostat prc_hicp_midx (CP093, unit I15, Index 2015=100)"
PL,2019,1,106.9,"Eurostat prc_hicp_midx (CP093, unit I15, Index 2015=100)"
PL,2019,2,107.5,"Eurostat prc_hicp_midx (CP093, unit I15, Index 2015=100)"
PL,2019,3,107.7,"Eurostat prc_hicp_midx (CP093, unit I15, Index 2015=100)"
PL,2019,4,107.5,"Eurostat prc_hicp_midx (CP093, unit I15, Index 2015=100)"
PL,2019,5,107.9,"Eurostat prc_hicp_midx (CP093, unit I15, Index 2015=100)"
PL,2019,6,107.1,"Eurostat prc_hicp_midx (CP093, unit I15, Index 2015=100)"
PL,2019,7,106.9,"Eurostat prc_hicp_midx (CP093, unit I15, Index 2015=100)"
PL,2019,8,106.2,"Eurostat prc_hicp_midx (CP093, unit I15, Index 2015=100)"
PL,2019,9,106.7,"Eurostat prc_hicp_midx (CP093, unit I15, Index 2015=100)"
PL,2019,10,107.2,"Eurostat prc_hicp_midx (CP093, unit I15, Index 2015=100)"
PL,2019,11,108.0,"Eurostat prc_hicp_midx (CP093, unit I15, Index 2015=100)"
PL,2019,12,108.3,"Eurostat prc_hicp_midx (CP093, unit I15, Index 2015=100)"
PL,2020,1,108.6,"Eurostat prc_hicp_midx (CP093, unit I15, Index 2015=100)"
PL,2020,2,110.0,"Eurostat prc_hicp_midx (CP093, unit I15, Index 2015=100)"
PL,2020,3,110.1,"Eurostat prc_hicp_midx (CP093, unit I15, Index 2015=100)"
PL,2020,4,108.5,"Eurostat prc_hicp_midx (CP093, unit I15, Index 2015=100)"
PL,2020,5,108.7,"Eurostat prc_hicp_midx (CP093, unit I15, Index 2015=100)"
PL,2020,6,109.4,"Eurostat prc_hicp_midx (CP093, unit I15, Index 2015=100)"
PL,2020,7,110.4,"Eurostat prc_hicp_midx (CP093, unit I15, Index 2015=100)"
PL,2020,8,109.8,"Eurostat prc_hicp_midx (CP093, unit I15, Index 2015=100)"
PL,2020,9,110.4,"Eurostat prc_hicp_midx (CP093, unit I15, Index 2015=100)"
PL,2020,10,110.8,"Eurostat prc_hicp_midx (CP093, unit I15, Index 2015=100)"
PL,2020,11,111.3,"Eurostat prc_hicp_midx (CP093, unit I15, Index 2015=100)"
PL,2020,12,111.5,"Eurostat prc_hicp_midx (CP093, unit I15, Index 2015=100)"
PL,2021,1,112.3,"Eurostat prc_hicp_midx (CP093, unit I15, Index 2015=100)"
PL,2021,2,113.2,"Eurostat prc_hicp_midx (CP093, unit I15, Index 2015=100)"
PL,2021,3,113.8,"Eurostat prc_hicp_midx (CP093, unit I15, Index 2015=100)"
PL,2021,4,114.2,"Eurostat prc_hicp_midx (CP093, unit I15, Index 2015=100)"
PL,2021,5,114.9,"Eurostat prc_hicp_midx (CP093, unit I15, Index 2015=100)"
PL,2021,6,114.8,"Eurostat prc_hicp_midx (CP093, unit I15, Index 2015=100)"
PL,2021,7,115.0,"Eurostat prc_hicp_midx (CP093, unit I15, Index 2015=100)"
PL,2021,8,115.1,"Eurostat prc_hicp_midx (CP093, unit I15, Index 2015=100)"
PL,2021,9,116.2,"Eurostat prc_hicp_midx (CP093, unit I15, Index 2015=100)"
PL,2021,10,117.5,"Eurostat prc_hicp_midx (CP093, unit I15, Index 2015=100)"
PL,2021,11,118.4,"Eurostat prc_hicp_midx (CP093, unit I15, Index 2015=100)"
PL,2021,12,119.7,"Eurostat prc_hicp_midx (CP093, unit I15, Index 2015=100)"
PL,2022,1,120.8,"Eurostat prc_hicp_midx (CP093, unit I15, Index 2015=100)"
PL,2022,2,123.7,"Eurostat prc_hicp_midx (CP093, unit I15, Index 2015=100)"
PL,2022,3,124.0,"Eurostat prc_hicp_midx (CP093, unit I15, Index 2015=100)"
PL,2022,4,124.8,"Eurostat prc_hicp_midx (CP093, unit I15, Index 2015=100)"
PL,2022,5,126.3,"Eurostat prc_hicp_midx (CP093, unit I15, Index 2015=100)"
PL,2022,6,126.9,"Eurostat prc_hicp_midx (CP093, unit I15, Index 2015=100)"
PL,2022,7,128.4,"Eurostat prc_hicp_midx (CP093, unit I15, Index 2015=100)"
PL,2022,8,130.3,"Eurostat prc_hicp_midx (CP093, unit I15, Index 2015=100)"
PL,2022,9,133.1,"Eurostat prc_hicp_midx (CP093, unit I15, Index 2015=100)"
PL,2022,10,135.6,"Eurostat prc_hicp_midx (CP093, unit I15, Index 2015=100)"
PL,2022,11,137.6,"Eurostat prc_hicp_midx (CP093, unit I15, Index 2015=100)"
PL,2022,12,139.9,"Eurostat prc_hicp_midx (CP093, unit I15, Index 2015=100)"
PL,2023,1,143.6,"Eurostat prc_hicp_midx (CP093, unit I15, Index 2015=100)"
PL,2023,2,146.9,"Eurostat prc_hicp_midx (CP093, unit I15, Index 2015=100)"
PL,2023,3,148.6,"Eurostat prc_hicp_midx (CP093, unit I15, Index 2015=100)"
PL,2023,4,149.0,"Eurostat prc_hicp_midx (CP093, unit I15, Index 2015=100)"
PL,2023,5,149.0,"Eurostat prc_hicp_midx (CP093, unit I15, Index 2015=100)"
PL,2023,6,149.1,"Eurostat prc_hicp_midx (CP093, unit I15, Index 2015=100)"
PL,2023,7,149.2,"Eurostat prc_hicp_midx (CP093, unit I15, Index 2015=100)"
PL,2023,8,149.7,"Eurostat prc_hicp_midx (CP093, unit I15, Index 2015=100)"
PL,2023,9,149.7,"Eurostat prc_hicp_midx (CP093, unit I15, Index 2015=100)"
PL,2023,10,150.3,"Eurostat prc_hicp_midx (CP093, unit I15, Index 2015=100)"
PL,2023,11,150.7,"Eurostat prc_hicp_midx (CP093, unit I15, Index 2015=100)"
PL,2023,12,151.1,"Eurostat prc_hicp_midx (CP093, unit I15, Index 2015=100)"
PL,2024,1,151.9,"Eurostat prc_hicp_midx (CP093, unit I15, Index 2015=100)"
PL,2024,2,153.6,"Eurostat prc_hicp_midx (CP093, unit I15, Index 2015=100)"
PL,2024,3,154.4,"Eurostat prc_hicp_midx (CP093, unit I15, Index 2015=100)"
PL,2024,4,153.7,"Eurostat prc_hicp_midx (CP093, unit I15, Index 2015=100)"
PL,2024,5,153.8,"Eurostat prc_hicp_midx (CP093, unit I15, Index 2015=100)"
PL,2024,6,154.1,"Eurostat prc_hicp_midx (CP093, unit I15, Index 2015=100)"
PL,2024,7,154.2,"Eurostat prc_hicp_midx (CP093, unit I15, Index 2015=100)"
PL,2024,8,155.0,"Eurostat prc_hicp_midx (CP093, unit I15, Index 2015=100)"
PL,2024,9,155.4,"Eurostat prc_hicp_midx (CP093, unit I15, Index 2015=100)"
PL,2024,10,155.7,"Eurostat prc_hicp_midx (CP093, unit I15, Index 2015=100)"
PL,2024,11,156.7,"Eurostat prc_hicp_midx (CP093, unit I15, Index 2015=100)"
PL,2024,12,156.3,"Eurostat prc_hicp_midx (CP093, unit I15, Index 2015=100)"
PT,2010,1,97.55,"Eurostat prc_hicp_midx (CP093, unit I15, Index 2015=100)"
PT,2010,2,98.65,"Eurostat prc_hicp_midx (CP093, unit I15, Index 2015=100)"
PT,2010,3,97.97,"Eurostat prc_hicp_midx (CP093, unit I15, Index 2015=100)"
PT,2010,4,97.01,"Eurostat prc_hicp_midx (CP093, unit I15, Index 2015=100)"
PT,2010,5,96.5,"Eurostat prc_hicp_midx (CP093, unit I15, Index 2015=100)"
PT,2010,6,96.01,"Eurostat prc_hicp_midx (CP093, unit I15, Index 2015=100)"
PT,2010,7,95.36,"Eurostat prc_hicp_midx (CP093, unit I15, Index 2015=100)"
PT,2010,8,95.43,"Eurostat prc_hicp_midx (CP093, unit I15, Index 2015=100)"
PT,2010,9,96.39,"Eurostat prc_hicp_midx (CP093, unit I15, Index 2015=100)"
PT,2010,10,96.9,"Eurostat prc_hicp_midx (CP093, unit I15, Index 2015=100)"
PT,2010,11,97.55,"Eurostat prc_hicp_midx (CP093, unit I15, Index 2015=100)"
PT,2010,12,98.74,"Eurostat prc_hicp_midx (CP093, unit I15, Index 2015=100)"
PT,2011,1,99.64,"Eurostat prc_hicp_midx (CP093, unit I15, Index 2015=100)"
PT,2011,2,100.8,"Eurostat prc_hicp_midx (CP093, unit I15, Index 2015=100)"
PT,2011,3,99.83,"Eurostat prc_hicp_midx (CP093, unit I15, Index 2015=100)"
PT,2011,4,98.65,"Eurostat prc_hicp_midx (CP093, unit I15, Index 2015=100)"
PT,2011,5,98.18,"Eurostat prc_hicp_midx (CP093, unit I15, Index 2015=100)"
PT,2011,6,97.68,"Eurostat prc_hicp_midx (CP093, unit I15, Index 2015=100)"
PT,2011,7,97.62,"Eurostat prc_hicp_midx (CP093, unit I15, Index 2015=100)"
PT,2011,8,97.66,"Eurostat prc_hicp_midx (CP093, unit I15, Index 2015=100)"
PT,2011,9,97.84,"Eurostat prc_hicp_midx (CP093, unit I15, Index 2015=100)"
PT,2011,10,98.37,"Eurostat prc_hicp_midx (CP093, unit I15, Index 2015=100)"
PT,2011,11,99.21,"Eurostat prc_hicp_midx (CP093, unit I15, Index 2015=100)"
PT,2011,12,100.7,"Eurostat prc_hicp_midx (CP093, unit I15, Index 2015=100)"
PT,2012,1,102.28,"Eurostat prc_hicp_midx (CP093, unit I15, Index 2015=100)"
PT,2012,2,104.76,"Eurostat prc_hicp_midx (CP093, unit I15, Index 2015=100)"
PT,2012,3,102.24,"Eurostat prc_hicp_midx (CP093, unit I15, Index 2015=100)"
PT,2012,4,101.49,"Eurostat prc_hicp_midx (CP093, unit I15, Index 2015=100)"
PT,2012,5,100.31,"Eurostat prc_hicp_midx (CP093, unit I15, Index 2015=100)"
PT,2012,6,99.84,"Eurostat prc_hicp_midx (CP093, unit I15, Index 2015=100)"
PT,2012,7,99.74,"Eurostat prc_hicp_midx (CP093, unit I15, Index 2015=100)"
PT,2012,8,99.76,"Eurostat prc_hicp_midx (CP093, unit I15, Index 2015=100)"
PT,2012,9,100.07,"Eurostat prc_hicp_midx (CP093, unit I15, Index 2015=100)"
PT,2012,10,100.8,"Eurostat prc_hicp_midx (CP093, unit I15, Index 2015=100)"
PT,2012,11,101.4,"Eurostat prc_hicp_midx (CP093, unit I15, Index 2015=100)"
PT,2012,12,102.53,"Eurostat prc_hicp_midx (CP093, unit I15, Index 2015=100)"
PT,2013,1,102.68,"Eurostat prc_hicp_midx (CP093, unit I15, Index 2015=100)"
PT,2013,2,103.7,"Eurostat prc_hicp_midx (CP093, unit I15, Index 2015=100)"
PT,2013,3,103.04,"Eurostat prc_hicp_midx (CP093, unit I15, Index 2015=100)"
PT,2013,4,102.8,"Eurostat prc_hicp_midx (CP093, unit I15, Index 2015=100)"
PT,2013,5,102.0,"Eurostat prc_hicp_midx (CP093, unit I15, Index 2015=100)"
PT,2013,6,100.02,"Eurostat prc_hicp_midx (CP093, unit I15, Index 2015=100)"
PT,2013,7,101.15,"Eurostat prc_hicp_midx (CP093, unit I15, Index 2015=100)"
PT,2013,8,100.97,"Eurostat prc_hicp_midx (CP093, unit I15, Index 2015=100)"
PT,2013,9,101.09,"Eurostat prc_hicp_midx (CP093, unit I15, Index 2015=100)"
PT,2013,10,101.26,"Eurostat prc_hicp_midx (CP093, unit I15, Index 2015=100)"
PT,2013,11,101.45,"Eurostat prc_hicp_midx (CP093, unit I15, Index 2015=100)"
PT,2013,12,101.83,"Eurostat prc_hicp_midx (CP093, unit I15, Index 2015=100)"
PT,2014,1,101.4,"Eurostat prc_hicp_midx (CP093, unit I15, Index 2015=100)"
PT,2014,2,101.96,"Eurostat prc_hicp_midx (CP093, unit I15, Index 2015=100)"
PT,2014,3,100.91,"Eurostat prc_hicp_midx (CP093, unit I15, Index 2015=100)"
PT,2014,4,100.73,"Eurostat prc_hicp_midx (CP093, unit I15, Index 2015=100)"
PT,2014,5,100.37,"Eurostat prc_hicp_midx (CP093, unit I15, Index 2015=100)"
PT,2014,6,100.15,"Eurostat prc_hicp_midx (CP093, unit I15, Index 2015=100)"
PT,2014,7,99.43,"Eurostat prc_hicp_midx (CP093, unit I15, Index 2015=100)"
PT,2014,8,99.52,"Eurostat prc_hicp_midx (CP093, unit I15, Index 2015=100)"
PT,2014,9,99.89,"Eurostat prc_hicp_midx (CP093, unit I15, Index 2015=100)"
PT,2014,10,99.85,"Eurostat prc_hicp_midx (CP093, unit I15, Index 2015=100)"
PT,2014,11,99.66,"Eurostat prc_hicp_midx (CP093, unit I15, Index 2015=100)"
PT,2014,12,100.34,"Eurostat prc_hicp_midx (CP093, unit I15, Index 2015=100)"
PT,2015,1,100.98,"Eurostat prc_hicp_midx (CP093, unit I15, Index 2015=100)"
PT,2015,2,101.04,"Eurostat prc_hicp_midx (CP093, unit I15, Index 2015=100)"
PT,2015,3,100.57,"Eurostat prc_hicp_midx (CP093, unit I15, Index 2015=100)"
PT,2015,4,99.86,"Eurostat prc_hicp_midx (CP093, unit I15, Index 2015=100)"
PT,2015,5,99.86,"Eurostat prc_hicp_midx (CP093, unit I15, Index 2015=100)"
PT,2015,6,99.44,"Eurostat prc_hicp_midx (CP093, unit I15, Index 2015=100)"
PT,2015,7,99.33,"Eurostat prc_hicp_midx (CP093, unit I15, Index 2015=100)"
PT,2015,8,99.58,"Eurostat prc_hicp_midx (CP093, unit I15, Index 2015=100)"
PT,2015,9,99.91,"Eurostat prc_hicp_midx (CP093, unit I15, Index 2015=100)"
PT,2015,10,99.07,"Eurostat prc_hicp_midx (CP093, unit I15, Index 2015=100)"
PT,2015,11,100.14,"Eurostat prc_hicp_midx (CP093, unit I15, Index 2015=100)"
PT,2015,12,100.22,"Eurostat prc_hicp_midx (CP093, unit I15, Index 2015=100)"
PT,2016,1,99.55,"Eurostat prc_hicp_midx (CP093, unit I15, Index 2015=100)"
PT,2016,2,100.96,"Eurostat prc_hicp_midx (CP093, unit I15, Index 2015=100)"
PT,2016,3,100.1,"Eurostat prc_hicp_midx (CP093, unit I15, Index 2015=100)"
PT,2016,4,99.77,"Eurostat prc_hicp_midx (CP093, unit I15, Index 2015=100)"
PT,2016,5,98.8,"Eurostat prc_hicp_midx (CP093, unit I15, Index 2015=100)"
PT,2016,6,98.95,"Eurostat prc_hicp_midx (CP093, unit I15, Index 2015=100)"
PT,2016,7,98.61,"Eurostat prc_hicp_midx (CP093, unit I15, Index 2015=100)"
PT,2016,8,98.05,"Eurostat prc_hicp_midx (CP093, unit I15, Index 2015=100)"
PT,2016,9,98.1,"Eurostat prc_hicp_midx (CP093, unit I15, Index 2015=100)"
PT,2016,10,98.25,"Eurostat prc_hicp_midx (CP093, unit I15, Index 2015=100)"
PT,2016,11,98.5,"Eurostat prc_hicp_midx (CP093, unit I15, Index 2015=100)"
PT,2016,12,98.54,"Eurostat prc_hicp_midx (CP093, unit I15, Index 2015=100)"
PT,2017,1,98.2,"Eurostat prc_hicp_midx (CP093, unit I15, Index 2015=100)"
PT,2017,2,98.92,"Eurostat prc_hicp_midx (CP093, unit I15, Index 2015=100)"
PT,2017,3,98.01,"Eurostat prc_hicp_midx (CP093, unit I15, Index 2015=100)"
PT,2017,4,97.51,"Eurostat prc_hicp_midx (CP093, unit I15, Index 2015=100)"
PT,2017,5,97.3,"Eurostat prc_hicp_midx (CP093, unit I15, Index 2015=100)"
PT,2017,6,96.95,"Eurostat prc_hicp_midx (CP093, unit I15, Index 2015=100)"
PT,2017,7,97.1,"Eurostat prc_hicp_midx (CP093, unit I15, Index 2015=100)"
PT,2017,8,97.19,"Eurostat prc_hicp_midx (CP093, unit I15, Index 2015=100)"
PT,2017,9,96.71,"Eurostat prc_hicp_midx (CP093, unit I15, Index 2015=100)"
PT,2017,10,97.47,"Eurostat prc_hicp_midx (CP093, unit I15, Index 2015=100)"
PT,2017,11,98.05,"Eurostat prc_hicp_midx (CP093, unit I15, Index 2015=100)"
PT,2017,12,97.81,"Eurostat prc_hicp_midx (CP093, unit I15, Index 2015=100)"
PT,2018,1,97.96,"Eurostat prc_hicp_midx (CP093, unit I15, Index 2015=100)"
PT,2018,2,98.98,"Eurostat prc_hicp_midx (CP093, unit I15, Index 2015=100)"
PT,2018,3,97.56,"Eurostat prc_hicp_midx (CP093, unit I15, Index 2015=100)"
PT,2018,4,96.87,"Eurostat prc_hicp_midx (CP093, unit I15, Index 2015=100)"
PT,2018,5,95.66,"Eurostat prc_hicp_midx (CP093, unit I15, Index 2015=100)"
PT,2018,6,95.22,"Eurostat prc_hicp_midx (CP093, unit I15, Index 2015=100)"
PT,2018,7,94.54,"Eurostat prc_hicp_midx (CP093, unit I15, Index 2015=100)"
PT,2018,8,95.05,"Eurostat prc_hicp_midx (CP093, unit I15, Index 2015=100)"
PT,2018,9,95.37,"Eurostat prc_hicp_midx (CP093, unit I15, Index 2015=100)"
PT,2018,10,96.14,"Eurostat prc_hicp_midx (CP093, unit I15, Index 2015=100)"
PT,2018,11,96.21,"Eurostat prc_hicp_midx (CP093, unit I15, Index 2015=100)"
PT,2018,12,95.13,"Eurostat prc_hicp_midx (CP093, unit I15, Index 2015=100)"
PT,2019,1,95.57,"Eurostat prc_hicp_midx (CP093, unit I15, Index 2015=100)"
PT,2019,2,98.17,"Eurostat prc_hicp_midx (CP093, unit I15, Index 2015=100)"
PT,2019,3,96.32,"Eurostat prc_hicp_midx (CP093, unit I15, Index 2015=100)"
PT,2019,4,95.26,"Eurostat prc_hicp_midx (CP093, unit I15, Index 2015=100)"
PT,2019,5,95.2,"Eurostat prc_hicp_midx (CP093, unit I15, Index 2015=100)"
PT,2019,6,94.27,"Eurostat prc_hicp_midx (CP093, unit I15, Index 2015=100)"
PT,2019,7,94.1,"Eurostat prc_hicp_midx (CP093, unit I15, Index 2015=100)"
PT,2019,8,94.23,"Eurostat prc_hicp_midx (CP093, unit I15, Index 2015=100)"
PT,2019,9,94.53,"Eurostat prc_hicp_midx (CP093, unit I15, Index 2015=100)"
PT,2019,10,94.85,"Eurostat prc_hicp_midx (CP093, unit I15, Index 2015=100)"
PT,2019,11,94.73,"Eurostat prc_hicp_midx (CP093, unit I15, Index 2015=100)"
PT,2019,12,94.15,"Eurostat prc_hicp_midx (CP093, unit I15, Index 2015=100)"
PT,2020,1,94.55,"Eurostat prc_hicp_midx (CP093, unit I15, Index 2015=100)"
PT,2020,2,96.34,"Eurostat prc_hicp_midx (CP093, unit I15, Index 2015=100)"
PT,2020,3,94.54,"Eurostat prc_hicp_midx (CP093, unit I15, Index 2015=100)"
PT,2020,4,92.76,"Eurostat prc_hicp_midx (CP093, unit I15, Index 2015=100)"
PT,2020,5,92.78,"Eurostat prc_hicp_midx (CP093, unit I15, Index 2015=100)"
PT,2020,6,91.74,"Eurostat prc_hicp_midx (CP093, unit I15, Index 2015=100)"
PT,2020,7,93.06,"Eurostat prc_hicp_midx (CP093, unit I15, Index 2015=100)"
PT,2020,8,93.32,"Eurostat prc_hicp_midx (CP093, unit I15, Index 2015=100)"
PT,2020,9,92.68,"Eurostat prc_hicp_midx (CP093, unit I15, Index 2015=100)"
PT,2020,10,92.67,"Eurostat prc_hicp_midx (CP093, unit I15, Index 2015=100)"
PT,2020,11,93.24,"Eurostat prc_hicp_midx (CP093, unit I15, Index 2015=100)"
PT,2020,12,93.17,"Eurostat prc_hicp_midx (CP093, unit I15, Index 2015=100)"
PT,2021,1,93.74,"Eurostat prc_hicp_midx (CP093, unit I15, Index 2015=100)"
PT,2021,2,95.14,"Eurostat prc_hicp_midx (CP093, unit I15, Index 2015=100)"
PT,2021,3,93.93,"Eurostat prc_hicp_midx (CP093, unit I15, Index 2015=100)"
PT,2021,4,93.65,"Eurostat prc_hicp_midx (CP093, unit I15, Index 2015=100)"
PT,2021,5,93.61,"Eurostat prc_hicp_midx (CP093, unit I15, Index 2015=100)"
PT,2021,6,93.55,"Eurostat prc_hicp_midx (CP093, unit I15, Index 2015=100)"
PT,2021,7,93.21,"Eurostat prc_hicp_midx (CP093, unit I15, Index 2015=100)"
PT,2021,8,93.59,"Eurostat prc_hicp_midx (CP093, unit I15, Index 2015=100)"
PT,2021,9,93.88,"Eurostat prc_hicp_midx (CP093, unit I15, Index 2015=100)"
PT,2021,10,94.62,"Eurostat prc_hicp_midx (CP093, unit I15, Index 2015=100)"
PT,2021,11,95.57,"Eurostat prc_hicp_midx (CP093, unit I15, Index 2015=100)"
PT,2021,12,95.58,"Eurostat prc_hicp_midx (CP093, unit I15, Index 2015=100)"
PT,2022,1,95.66,"Eurostat prc_hicp_midx (CP093, unit I15, Index 2015=100)"
PT,2022,2,99.55,"Eurostat prc_hicp_midx (CP093, unit I15, Index 2015=100)"
PT,2022,3,98.59,"Eurostat prc_hicp_midx (CP093, unit I15, Index 2015=100)"
PT,2022,4,98.44,"Eurostat prc_hicp_midx (CP093, unit I15, Index 2015=100)"
PT,2022,5,99.29,"Eurostat prc_hicp_midx (CP093, unit I15, Index 2015=100)"
PT,2022,6,100.57,"Eurostat prc_hicp_midx (CP093, unit I15, Index 2015=100)"
PT,2022,7,101.3,"Eurostat prc_hicp_midx (CP093, unit I15, Index 2015=100)"
PT,2022,8,102.25,"Eurostat prc_hicp_midx (CP093, unit I15, Index 2015=100)"
PT,2022,9,103.01,"Eurostat prc_hicp_midx (CP093, unit I15, Index 2015=100)"
PT,2022,10,102.65,"Eurostat prc_hicp_midx (CP093, unit I15, Index 2015=100)"
PT,2022,11,103.6,"Eurostat prc_hicp_midx (CP093, unit I15, Index 2015=100)"
PT,2022,12,104.23,"Eurostat prc_hicp_midx (CP093, unit I15, Index 2015=100)"
PT,2023,1,106.2,"Eurostat prc_hicp_midx (CP093, unit I15, Index 2015=100)"
PT,2023,2,110.56,"Eurostat prc_hicp_midx (CP093, unit I15, Index 2015=100)"
PT,2023,3,109.05,"Eurostat prc_hicp_midx (CP093, unit I15, Index 2015=100)"
PT,2023,4,107.4,"Eurostat prc_hicp_midx (CP093, unit I15, Index 2015=100)"
PT,2023,5,107.13,"Eurostat prc_hicp_midx (CP093, unit I15, Index 2015=100)"
PT,2023,6,106.74,"Eurostat prc_hicp_midx (CP093, unit I15, Index 2015=100)"
PT,2023,7,106.61,"Eurostat prc_hicp_midx (CP093, unit I15, Index 2015=100)"
PT,2023,8,107.06,"Eurostat prc_hicp_midx (CP093, unit I15, Index 2015=100)"
PT,2023,9,107.73,"Eurostat prc_hicp_midx (CP093, unit I15, Index 2015=100)"
PT,2023,10,107.25,"Eurostat prc_hicp_midx (CP093, unit I15, Index 2015=100)"
PT,2023,11,107.38,"Eurostat prc_hicp_midx (CP093, unit I15, Index 2015=100)"
PT,2023,12,108.44,"Eurostat prc_hicp_midx (CP093, unit I15, Index 2015=100)"
PT,2024,1,109.66,"Eurostat prc_hicp_midx (CP093, unit I15, Index 2015=100)"
PT,2024,2,111.25,"Eurostat prc_hicp_midx (CP093, unit I15, Index 2015=100)"
PT,2024,3,109.86,"Eurostat prc_hicp_midx (CP093, unit I15, Index 2015=100)"
PT,2024,4,109.14,"Eurostat prc_hicp_midx (CP093, unit I15, Index 2015=100)"
PT,2024,5,108.74,"Eurostat prc_hicp_midx (CP093, unit I15, Index 2015=100)"
PT,2024,6,108.7,"Eurostat prc_hicp_midx (CP093, unit I15, Index 2015=100)"
PT,2024,7,108.69,"Eurostat prc_hicp_midx (CP093, unit I15, Index 2015=100)"
PT,2024,8,108.76,"Eurostat prc_hicp_midx (CP093, unit I15, Index 2015=100)"
PT,2024,9,109.4,"Eurostat prc_hicp_midx (CP093, unit I15, Index 2015=100)"
PT,2024,10,108.95,"Eurostat prc_hicp_midx (CP093, unit I15, Index 2015=100)"
PT,2024,11,109.84,"Eurostat prc_hicp_midx (CP093, unit I15, Index 2015=100)"
PT,2024,12,109.84,"Eurostat prc_hicp_midx (CP093, unit I15, Index 2015=100)"
RO,2010,1,91.46,"Eurostat prc_hicp_midx (CP093, unit I15, Index 2015=100)"
RO,2010,2,92.05,"Eurostat prc_hicp_midx (CP093, unit I15, Index 2015=100)"
RO,2010,3,92.69,"Eurostat prc_hicp_midx (CP093, unit I15, Index 2015=100)"
RO,2010,4,92.14,"Eurostat prc_hicp_midx (CP093, unit I15, Index 2015=100)"
RO,2010,5,91.69,"Eurostat prc_hicp_midx (CP093, unit I15, Index 2015=100)"
RO,2010,6,91.31,"Eurostat prc_hicp_midx (CP093, unit I15, Index 2015=100)"
RO,2010,7,91.81,"Eurostat prc_hicp_midx (CP093, unit I15, Index 2015=100)"
RO,2010,8,91.86,"Eurostat prc_hicp_midx (CP093, unit I15, Index 2015=100)"
RO,2010,9,92.43,"Eurostat prc_hicp_midx (CP093, unit I15, Index 2015=100)"
RO,2010,10,92.71,"Eurostat prc_hicp_midx (CP093, unit I15, Index 2015=100)"
RO,2010,11,92.78,"Eurostat prc_hicp_midx (CP093, unit I15, Index 2015=100)"
RO,2010,12,93.1,"Eurostat prc_hicp_midx (CP093, unit I15, Index 2015=100)"
RO,2011,1,93.58,"Eurostat prc_hicp_midx (CP093, unit I15, Index 2015=100)"
RO,2011,2,93.69,"Eurostat prc_hicp_midx (CP093, unit I15, Index 2015=100)"
RO,2011,3,94.11,"Eurostat prc_hicp_midx (CP093, unit I15, Index 2015=100)"
RO,2011,4,93.85,"Eurostat prc_hicp_midx (CP093, unit I15, Index 2015=100)"
RO,2011,5,93.77,"Eurostat prc_hicp_midx (CP093, unit I15, Index 2015=100)"
RO,2011,6,93.66,"Eurostat prc_hicp_midx (CP093, unit I15, Index 2015=100)"
RO,2011,7,93.54,"Eurostat prc_hicp_midx (CP093, unit I15, Index 2015=100)"
RO,2011,8,93.65,"Eurostat prc_hicp_midx (CP093, unit I15, Index 2015=100)"
RO,2011,9,93.86,"Eurostat prc_hicp_midx (CP093, unit I15, Index 2015=100)"
RO,2011,10,94.05,"Eurostat prc_hicp_midx (CP093, unit I15, Index 2015=100)"
RO,2011,11,94.25,"Eurostat prc_hicp_midx (CP093, unit I15, Index 2015=100)"
RO,2011,12,94.48,"Eurostat prc_hicp_midx (CP093, unit I15, Index 2015=100)"
RO,2012,1,94.99,"Eurostat prc_hicp_midx (CP093, unit I15, Index 2015=100)"
RO,2012,2,95.36,"Eurostat prc_hicp_midx (CP093, unit I15, Index 2015=100)"
RO,2012,3,95.77,"Eurostat prc_hicp_midx (CP093, unit I15, Index 2015=100)"
RO,2012,4,95.68,"Eurostat prc_hicp_midx (CP093, unit I15, Index 2015=100)"
RO,2012,5,95.66,"Eurostat prc_hicp_midx (CP093, unit I15, Index 2015=100)"
RO,2012,6,95.54,"Eurostat prc_hicp_midx (CP093, unit I15, Index 2015=100)"
RO,2012,7,95.4,"Eurostat prc_hicp_midx (CP093, unit I15, Index 2015=100)"
RO,2012,8,95.4,"Eurostat prc_hicp_midx (CP093, unit I15, Index 2015=100)"
RO,2012,9,95.6,"Eurostat prc_hicp_midx (CP093, unit I15, Index 2015=100)"
RO,2012,10,95.79,"Eurostat prc_hicp_midx (CP093, unit I15, Index 2015=100)"
RO,2012,11,95.92,"Eurostat prc_hicp_midx (CP093, unit I15, Index 2015=100)"
RO,2012,12,96.3,"Eurostat prc_hicp_midx (CP093, unit I15, Index 2015=100)"
RO,2013,1,96.59,"Eurostat prc_hicp_midx (CP093, unit I15, Index 2015=100)"
RO,2013,2,96.92,"Eurostat prc_hicp_midx (CP093, unit I15, Index 2015=100)"
RO,2013,3,97.29,"Eurostat prc_hicp_midx (CP093, unit I15, Index 2015=100)"
RO,2013,4,97.46,"Eurostat prc_hicp_midx (CP093, unit I15, Index 2015=100)"
RO,2013,5,97.44,"Eurostat prc_hicp_midx (CP093, unit I15, Index 2015=100)"
RO,2013,6,97.4,"Eurostat prc_hicp_midx (CP093, unit I15, Index 2015=100)"
RO,2013,7,97.14,"Eurostat prc_hicp_midx (CP093, unit I15, Index 2015=100)"
RO,2013,8,97.07,"Eurostat prc_hicp_midx (CP093, unit I15, Index 2015=100)"
RO,2013,9,97.28,"Eurostat prc_hicp_midx (CP093, unit I15, Index 2015=100)"
RO,2013,10,97.38,"Eurostat prc_hicp_midx (CP093, unit I15, Index 2015=100)"
RO,2013,11,97.57,"Eurostat prc_hicp_midx (CP093, unit I15, Index 2015=100)"
RO,2013,12,97.74,"Eurostat prc_hicp_midx (CP093, unit I15, Index 2015=100)"
RO,2014,1,98.12,"Eurostat prc_hicp_midx (CP093, unit I15, Index 2015=100)"
RO,2014,2,98.7,"Eurostat prc_hicp_midx (CP093, unit I15, Index 2015=100)"
RO,2014,3,99.21,"Eurostat prc_hicp_midx (CP093, unit I15, Index 2015=100)"
RO,2014,4,99.27,"Eurostat prc_hicp_midx (CP093, unit I15, Index 2015=100)"
RO,2014,5,99.0,"Eurostat prc_hicp_midx (CP093, unit I15, Index 2015=100)"
RO,2014,6,98.93,"Eurostat prc_hicp_midx (CP093, unit I15, Index 2015=100)"
RO,2014,7,98.38,"Eurostat prc_hicp_midx (CP093, unit I15, Index 2015=100)"
RO,2014,8,98.55,"Eurostat prc_hicp_midx (CP093, unit I15, Index 2015=100)"
RO,2014,9,98.84,"Eurostat prc_hicp_midx (CP093, unit I15, Index 2015=100)"
RO,2014,10,98.99,"Eurostat prc_hicp_midx (CP093, unit I15, Index 2015=100)"
RO,2014,11,99.35,"Eurostat prc_hicp_midx (CP093, unit I15, Index 2015=100)"
RO,2014,12,99.81,"Eurostat prc_hicp_midx (CP093, unit I15, Index 2015=100)"
RO,2015,1,100.0,"Eurostat prc_hicp_midx (CP093, unit I15, Index 2015=100)"
RO,2015,2,100.26,"Eurostat prc_hicp_midx (CP093, unit I15, Index 2015=100)"
RO,2015,3,100.62,"Eurostat prc_hicp_midx (CP093, unit I15, Index 2015=100)"
RO,2015,4,100.36,"Eurostat prc_hicp_midx (CP093, unit I15, Index 2015=100)"
RO,2015,5,100.3,"Eurostat prc_hicp_midx (CP093, unit I15, Index 2015=100)"
RO,2015,6,99.74,"Eurostat prc_hicp_midx (CP093, unit I15, Index 2015=100)"
RO,2015,7,99.65,"Eurostat prc_hicp_midx (CP093, unit I15, Index 2015=100)"
RO,2015,8,99.64,"Eurostat prc_hicp_midx (CP093, unit I15, Index 2015=100)"
RO,2015,9,99.59,"Eurostat prc_hicp_midx (CP093, unit I15, Index 2015=100)"
RO,2015,10,99.73,"Eurostat prc_hicp_midx (CP093, unit I15, Index 2015=100)"
RO,2015,11,99.88,"Eurostat prc_hicp_midx (CP093, unit I15, Index 2015=100)"
RO,2015,12,100.22,"Eurostat prc_hicp_midx (CP093, unit I15, Index 2015=100)"
RO,2016,1,99.88,"Eurostat prc_hicp_midx (CP093, unit I15, Index 2015=100)"
RO,2016,2,99.97,"Eurostat prc_hicp_midx (CP093, unit I15, Index 2015=100)"
RO,2016,3,100.13,"Eurostat prc_hicp_midx (CP093, unit I15, Index 2015=100)"
RO,2016,4,99.89,"Eurostat prc_hicp_midx (CP093, unit I15, Index 2015=100)"
RO,2016,5,99.88,"Eurostat prc_hicp_midx (CP093, unit I15, Index 2015=100)"
RO,2016,6,99.63,"Eurostat prc_hicp_midx (CP093, unit I15, Index 2015=100)"
RO,2016,7,99.48,"Eurostat prc_hicp_midx (CP093, unit I15, Index 2015=100)"
RO,2016,8,99.52,"Eurostat prc_hicp_midx (CP093, unit I15, Index 2015=100)"
RO,2016,9,99.96,"Eurostat prc_hicp_midx (CP093, unit I15, Index 2015=100)"
RO,2016,10,100.11,"Eurostat prc_hicp_midx (CP093, unit I15, Index 2015=100)"
RO,2016,11,100.34,"Eurostat prc_hicp_midx (CP093, unit I15, Index 2015=100)"
RO,2016,12,100.54,"Eurostat prc_hicp_midx (CP093, unit I15, Index 2015=100)"
RO,2017,1,100.66,"Eurostat prc_hicp_midx (CP093, unit I15, Index 2015=100)"
RO,2017,2,100.88,"Eurostat prc_hicp_midx (CP093, unit I15, Index 2015=100)"
RO,2017,3,101.58,"Eurostat prc_hicp_midx (CP093, unit I15, Index 2015=100)"
RO,2017,4,101.58,"Eurostat prc_hicp_midx (CP093, unit I15, Index 2015=100)"
RO,2017,5,101.58,"Eurostat prc_hicp_midx (CP093, unit I15, Index 2015=100)"
RO,2017,6,101.53,"Eurostat prc_hicp_midx (CP093, unit I15, Index 2015=100)"
RO,2017,7,101.44,"Eurostat prc_hicp_midx (CP093, unit I15, Index 2015=100)"
RO,2017,8,101.52,"Eurostat prc_hicp_midx (CP093, unit I15, Index 2015=100)"
RO,2017,9,101.75,"Eurostat prc_hicp_midx (CP093, unit I15, Index 2015=100)"
RO,2017,10,102.14,"Eurostat prc_hicp_midx (CP093, unit I15, Index 2015=100)"
RO,2017,11,102.57,"Eurostat prc_hicp_midx (CP093, unit I15, Index 2015=100)"
RO,2017,12,102.93,"Eurostat prc_hicp_midx (CP093, unit I15, Index 2015=100)"
RO,2018,1,103.28,"Eurostat prc_hicp_midx (CP093, unit I15, Index 2015=100)"
RO,2018,2,103.56,"Eurostat prc_hicp_midx (CP093, unit I15, Index 2015=100)"
RO,2018,3,103.95,"Eurostat prc_hicp_midx (CP093, unit I15, Index 2015=100)"
RO,2018,4,104.11,"Eurostat prc_hicp_midx (CP093, unit I15, Index 2015=100)"
RO,2018,5,104.11,"Eurostat prc_hicp_midx (CP093, unit I15, Index 2015=100)"
RO,2018,6,104.05,"Eurostat prc_hicp_midx (CP093, unit I15, Index 2015=100)"
RO,2018,7,104.25,"Eurostat prc_hicp_midx (CP093, unit I15, Index 2015=100)"
RO,2018,8,104.17,"Eurostat prc_hicp_midx (CP093, unit I15, Index 2015=100)"
RO,2018,9,104.54,"Eurostat prc_hicp_midx (CP093, unit I15, Index 2015=100)"
RO,2018,10,104.76,"Eurostat prc_hicp_midx (CP093, unit I15, Index 2015=100)"
RO,2018,11,105.1,"Eurostat prc_hicp_midx (CP093, unit I15, Index 2015=100)"
RO,2018,12,105.33,"Eurostat prc_hicp_midx (CP093, unit I15, Index 2015=100)"
RO,2019,1,105.74,"Eurostat prc_hicp_midx (CP093, unit I15, Index 2015=100)"
RO,2019,2,106.38,"Eurostat prc_hicp_midx (CP093, unit I15, Index 2015=100)"
RO,2019,3,106.81,"Eurostat prc_hicp_midx (CP093, unit I15, Index 2015=100)"
RO,2019,4,107.01,"Eurostat prc_hicp_midx (CP093, unit I15, Index 2015=100)"
RO,2019,5,107.14,"Eurostat prc_hicp_midx (CP093, unit I15, Index 2015=100)"
RO,2019,6,107.06,"Eurostat prc_hicp_midx (CP093, unit I15, Index 2015=100)"
RO,2019,7,107.1,"Eurostat prc_hicp_midx (CP093, unit I15, Index 2015=100)"
RO,2019,8,107.21,"Eurostat prc_hicp_midx (CP093, unit I15, Index 2015=100)"
RO,2019,9,107.48,"Eurostat prc_hicp_midx (CP093, unit I15, Index 2015=100)"
RO,2019,10,107.99,"Eurostat prc_hicp_midx (CP093, unit I15, Index 2015=100)"
RO,2019,11,108.13,"Eurostat prc_hicp_midx (CP093, unit I15, Index 2015=100)"
RO,2019,12,108.36,"Eurostat prc_hicp_midx (CP093, unit I15, Index 2015=100)"
RO,2020,1,108.67,"Eurostat prc_hicp_midx (CP093, unit I15, Index 2015=100)"
RO,2020,2,109.35,"Eurostat prc_hicp_midx (CP093, unit I15, Index 2015=100)"
RO,2020,3,109.77,"Eurostat prc_hicp_midx (CP093, unit I15, Index 2015=100)"
RO,2020,4,109.73,"Eurostat prc_hicp_midx (CP093, unit I15, Index 2015=100)"
RO,2020,5,109.82,"Eurostat prc_hicp_midx (CP093, unit I15, Index 2015=100)"
RO,2020,6,110.02,"Eurostat prc_hicp_midx (CP093, unit I15, Index 2015=100)"
RO,2020,7,110.19,"Eurostat prc_hicp_midx (CP093, unit I15, Index 2015=100)"
RO,2020,8,110.21,"Eurostat prc_hicp_midx (CP093, unit I15, Index 2015=100)"
RO,2020,9,110.31,"Eurostat prc_hicp_midx (CP093, unit I15, Index 2015=100)"
RO,2020,10,110.77,"Eurostat prc_hicp_midx (CP093, unit I15, Index 2015=100)"
RO,2020,11,111.25,"Eurostat prc_hicp_midx (CP093, unit I15, Index 2015=100)"
RO,2020,12,111.47,"Eurostat prc_hicp_midx (CP093, unit I15, Index 2015=100)"
RO,2021,1,112.19,"Eurostat prc_hicp_midx (CP093, unit I15, Index 2015=100)"
RO,2021,2,112.63,"Eurostat prc_hicp_midx (CP093, unit I15, Index 2015=100)"
RO,2021,3,113.08,"Eurostat prc_hicp_midx (CP093, unit I15, Index 2015=100)"
RO,2021,4,113.38,"Eurostat prc_hicp_midx (CP093, unit I15, Index 2015=100)"
RO,2021,5,113.36,"Eurostat prc_hicp_midx (CP093, unit I15, Index 2015=100)"
RO,2021,6,113.73,"Eurostat prc_hicp_midx (CP093, unit I15, Index 2015=100)"
RO,2021,7,113.99,"Eurostat prc_hicp_midx (CP093, unit I15, Index 2015=100)"
RO,2021,8,114.41,"Eurostat prc_hicp_midx (CP093, unit I15, Index 2015=100)"
RO,2021,9,115.14,"Eurostat prc_hicp_midx (CP093, unit I15, Index 2015=100)"
RO,2021,10,115.76,"Eurostat prc_hicp_midx (CP093, unit I15, Index 2015=100)"
RO,2021,11,116.83,"Eurostat prc_hicp_midx (CP093, unit I15, Index 2015=100)"
RO,2021,12,117.53,"Eurostat prc_hicp_midx (CP093, unit I15, Index 2015=100)"
RO,2022,1,118.38,"Eurostat prc_hicp_midx (CP093, unit I15, Index 2015=100)"
RO,2022,2,120.03,"Eurostat prc_hicp_midx (CP093, unit I15, Index 2015=100)"
RO,2022,3,121.25,"Eurostat prc_hicp_midx (CP093, unit I15, Index 2015=100)"
RO,2022,4,122.3,"Eurostat prc_hicp_midx (CP093, unit I15, Index 2015=100)"
RO,2022,5,123.18,"Eurostat prc_hicp_midx (CP093, unit I15, Index 2015=100)"
RO,2022,6,123.86,"Eurostat prc_hicp_midx (CP093, unit I15, Index 2015=100)"
RO,2022,7,124.35,"Eurostat prc_hicp_midx (CP093, unit I15, Index 2015=100)"
RO,2022,8,124.67,"Eurostat prc_hicp_midx (CP093, unit I15, Index 2015=100)"
RO,2022,9,126.33,"Eurostat prc_hicp_midx (CP093, unit I15, Index 2015=100)"
RO,2022,10,127.95,"Eurostat prc_hicp_midx (CP093, unit I15, Index 2015=100)"
RO,2022,11,129.28,"Eurostat prc_hicp_midx (CP093, unit I15, Index 2015=100)"
RO,2022,12,131.47,"Eurostat prc_hicp_midx (CP093, unit I15, Index 2015=100)"
RO,2023,1,132.69,"Eurostat prc_hicp_midx (CP093, unit I15, Index 2015=100)"
RO,2023,2,135.37,"Eurostat prc_hicp_midx (CP093, unit I15, Index 2015=100)"
RO,2023,3,137.9,"Eurostat prc_hicp_midx (CP093, unit I15, Index 2015=100)"
RO,2023,4,139.1,"Eurostat prc_hicp_midx (CP093, unit I15, Index 2015=100)"
RO,2023,5,140.18,"Eurostat prc_hicp_midx (CP093, unit I15, Index 2015=100)"
RO,2023,6,140.9,"Eurostat prc_hicp_midx (CP093, unit I15, Index 2015=100)"
RO,2023,7,141.1,"Eurostat prc_hicp_midx (CP093, unit I15, Index 2015=100)"
RO,2023,8,142.29,"Eurostat prc_hicp_midx (CP093, unit I15, Index 2015=100)"
RO,2023,9,143.41,"Eurostat prc_hicp_midx (CP093, unit I15, Index 2015=100)"
RO,2023,10,144.71,"Eurostat prc_hicp_midx (CP093, unit I15, Index 2015=100)"
RO,2023,11,145.39,"Eurostat prc_hicp_midx (CP093, unit I15, Index 2015=100)"
RO,2023,12,146.37,"Eurostat prc_hicp_midx (CP093, unit I15, Index 2015=100)"
RO,2024,1,147.46,"Eurostat prc_hicp_midx (CP093, unit I15, Index 2015=100)"
RO,2024,2,150.49,"Eurostat prc_hicp_midx (CP093, unit I15, Index 2015=100)"
RO,2024,3,151.43,"Eurostat prc_hicp_midx (CP093, unit I15, Index 2015=100)"
RO,2024,4,152.41,"Eurostat prc_hicp_midx (CP093, unit I15, Index 2015=100)"
RO,2024,5,152.75,"Eurostat prc_hicp_midx (CP093, unit I15, Index 2015=100)"
RO,2024,6,152.87,"Eurostat prc_hicp_midx (CP093, unit I15, Index 2015=100)"
RO,2024,7,153.95,"Eurostat prc_hicp_midx (CP093, unit I15, Index 2015=100)"
RO,2024,8,154.23,"Eurostat prc_hicp_midx (CP093, unit I15, Index 2015=100)"
RO,2024,9,155.81,"Eurostat prc_hicp_midx (CP093, unit I15, Index 2015=100)"
RO,2024,10,156.43,"Eurostat prc_hicp_midx (CP093, unit I15, Index 2015=100)"
RO,2024,11,158.31,"Eurostat prc_hicp_midx (CP093, unit I15, Index 2015=100)"
RO,2024,12,159.06,"Eurostat prc_hicp_midx (CP093, unit I15, Index 2015=100)"
SI,2010,1,96.72,"Eurostat prc_hicp_midx (CP093, unit I15, Index 2015=100)"
SI,2010,2,97.72,"Eurostat prc_hicp_midx (CP093, unit I15, Index 2015=100)"
SI,2010,3,97.09,"Eurostat prc_hicp_midx (CP093, unit I15, Index 2015=100)"
SI,2010,4,98.33,"Eurostat prc_hicp_midx (CP093, unit I15, Index 2015=100)"
SI,2010,5,99.81,"Eurostat prc_hicp_midx (CP093, unit I15, Index 2015=100)"
SI,2010,6,99.61,"Eurostat prc_hicp_midx (CP093, unit I15, Index 2015=100)"
SI,2010,7,99.12,"Eurostat prc_hicp_midx (CP093, unit I15, Index 2015=100)"
SI,2010,8,98.87,"Eurostat prc_hicp_midx (CP093, unit I15, Index 2015=100)"
SI,2010,9,98.97,"Eurostat prc_hicp_midx (CP093, unit I15, Index 2015=100)"
SI,2010,10,98.94,"Eurostat prc_hicp_midx (CP093, unit I15, Index 2015=100)"
SI,2010,11,100.63,"Eurostat prc_hicp_midx (CP093, unit I15, Index 2015=100)"
SI,2010,12,99.85,"Eurostat prc_hicp_midx (CP093, unit I15, Index 2015=100)"
SI,2011,1,98.0,"Eurostat prc_hicp_midx (CP093, unit I15, Index 2015=100)"
SI,2011,2,97.63,"Eurostat prc_hicp_midx (CP093, unit I15, Index 2015=100)"
SI,2011,3,101.35,"Eurostat prc_hicp_midx (CP093, unit I15, Index 2015=100)"
SI,2011,4,102.22,"Eurostat prc_hicp_midx (CP093, unit I15, Index 2015=100)"
SI,2011,5,102.71,"Eurostat prc_hicp_midx (CP093, unit I15, Index 2015=100)"
SI,2011,6,102.42,"Eurostat prc_hicp_midx (CP093, unit I15, Index 2015=100)"
SI,2011,7,101.38,"Eurostat prc_hicp_midx (CP093, unit I15, Index 2015=100)"
SI,2011,8,100.82,"Eurostat prc_hicp_midx (CP093, unit I15, Index 2015=100)"
SI,2011,9,100.94,"Eurostat prc_hicp_midx (CP093, unit I15, Index 2015=100)"
SI,2011,10,100.06,"Eurostat prc_hicp_midx (CP093, unit I15, Index 2015=100)"
SI,2011,11,97.26,"Eurostat prc_hicp_midx (CP093, unit I15, Index 2015=100)"
SI,2011,12,98.56,"Eurostat prc_hicp_midx (CP093, unit I15, Index 2015=100)"
SI,2012,1,97.41,"Eurostat prc_hicp_midx (CP093, unit I15, Index 2015=100)"
SI,2012,2,98.31,"Eurostat prc_hicp_midx (CP093, unit I15, Index 2015=100)"
SI,2012,3,99.87,"Eurostat prc_hicp_midx (CP093, unit I15, Index 2015=100)"
SI,2012,4,99.82,"Eurostat prc_hicp_midx (CP093, unit I15, Index 2015=100)"
SI,2012,5,101.69,"Eurostat prc_hicp_midx (CP093, unit I15, Index 2015=100)"
SI,2012,6,101.94,"Eurostat prc_hicp_midx (CP093, unit I15, Index 2015=100)"
SI,2012,7,99.75,"Eurostat prc_hicp_midx (CP093, unit I15, Index 2015=100)"
SI,2012,8,99.35,"Eurostat prc_hicp_midx (CP093, unit I15, Index 2015=100)"
SI,2012,9,100.04,"Eurostat prc_hicp_midx (CP093, unit I15, Index 2015=100)"
SI,2012,10,99.68,"Eurostat prc_hicp_midx (CP093, unit I15, Index 2015=100)"
SI,2012,11,99.9,"Eurostat prc_hicp_midx (CP093, unit I15, Index 2015=100)"
SI,2012,12,98.24,"Eurostat prc_hicp_midx (CP093, unit I15, Index 2015=100)"
SI,2013,1,95.5,"Eurostat prc_hicp_midx (CP093, unit I15, Index 2015=100)"
SI,2013,2,96.66,"Eurostat prc_hicp_midx (CP093, unit I15, Index 2015=100)"
SI,2013,3,98.76,"Eurostat prc_hicp_midx (CP093, unit I15, Index 2015=100)"
SI,2013,4,99.03,"Eurostat prc_hicp_midx (CP093, unit I15, Index 2015=100)"
SI,2013,5,100.12,"Eurostat prc_hicp_midx (CP093, unit I15, Index 2015=100)"
SI,2013,6,99.92,"Eurostat prc_hicp_midx (CP093, unit I15, Index 2015=100)"
SI,2013,7,98.48,"Eurostat prc_hicp_midx (CP093, unit I15, Index 2015=100)"
SI,2013,8,98.53,"Eurostat prc_hicp_midx (CP093, unit I15, Index 2015=100)"
SI,2013,9,99.39,"Eurostat prc_hicp_midx (CP093, unit I15, Index 2015=100)"
SI,2013,10,100.12,"Eurostat prc_hicp_midx (CP093, unit I15, Index 2015=100)"
SI,2013,11,100.1,"Eurostat prc_hicp_midx (CP093, unit I15, Index 2015=100)"
SI,2013,12,97.22,"Eurostat prc_hicp_midx (CP093, unit I15, Index 2015=100)"
SI,2014,1,95.41,"Eurostat prc_hicp_midx (CP093, unit I15, Index 2015=100)"
SI,2014,2,98.22,"Eurostat prc_hicp_midx (CP093, unit I15, Index 2015=100)"
SI,2014,3,98.59,"Eurostat prc_hicp_midx (CP093, unit I15, Index 2015=100)"
SI,2014,4,97.8,"Eurostat prc_hicp_midx (CP093, unit I15, Index 2015=100)"
SI,2014,5,96.9,"Eurostat prc_hicp_midx (CP093, unit I15, Index 2015=100)"
SI,2014,6,97.52,"Eurostat prc_hicp_midx (CP093, unit I15, Index 2015=100)"
SI,2014,7,96.46,"Eurostat prc_hicp_midx (CP093, unit I15, Index 2015=100)"
SI,2014,8,96.57,"Eurostat prc_hicp_midx (CP093, unit I15, Index 2015=100)"
SI,2014,9,97.04,"Eurostat prc_hicp_midx (CP093, unit I15, Index 2015=100)"
SI,2014,10,97.91,"Eurostat prc_hicp_midx (CP093, unit I15, Index 2015=100)"
SI,2014,11,101.0,"Eurostat prc_hicp_midx (CP093, unit I15, Index 2015=100)"
SI,2014,12,100.18,"Eurostat prc_hicp_midx (CP093, unit I15, Index 2015=100)"
SI,2015,1,97.85,"Eurostat prc_hicp_midx (CP093, unit I15, Index 2015=100)"
SI,2015,2,99.6,"Eurostat prc_hicp_midx (CP093, unit I15, Index 2015=100)"
SI,2015,3,100.89,"Eurostat prc_hicp_midx (CP093, unit I15, Index 2015=100)"
SI,2015,4,100.16,"Eurostat prc_hicp_midx (CP093, unit I15, Index 2015=100)"
SI,2015,5,100.65,"Eurostat prc_hicp_midx (CP093, unit I15, Index 2015=100)"
SI,2015,6,100.78,"Eurostat prc_hicp_midx (CP093, unit I15, Index 2015=100)"
SI,2015,7,99.24,"Eurostat prc_hicp_midx (CP093, unit I15, Index 2015=100)"
SI,2015,8,99.35,"Eurostat prc_hicp_midx (CP093, unit I15, Index 2015=100)"
SI,2015,9,99.88,"Eurostat prc_hicp_midx (CP093, unit I15, Index 2015=100)"
SI,2015,10,99.67,"Eurostat prc_hicp_midx (CP093, unit I15, Index 2015=100)"
SI,2015,11,100.99,"Eurostat prc_hicp_midx (CP093, unit I15, Index 2015=100)"
SI,2015,12,100.94,"Eurostat prc_hicp_midx (CP093, unit I15, Index 2015=100)"
SI,2016,1,100.14,"Eurostat prc_hicp_midx (CP093, unit I15, Index 2015=100)"
SI,2016,2,99.47,"Eurostat prc_hicp_midx (CP093, unit I15, Index 2015=100)"
SI,2016,3,101.58,"Eurostat prc_hicp_midx (CP093, unit I15, Index 2015=100)"
SI,2016,4,101.68,"Eurostat prc_hicp_midx (CP093, unit I15, Index 2015=100)"
SI,2016,5,101.5,"Eurostat prc_hicp_midx (CP093, unit I15, Index 2015=100)"
SI,2016,6,102.48,"Eurostat prc_hicp_midx (CP093, unit I15, Index 2015=100)"
SI,2016,7,101.12,"Eurostat prc_hicp_midx (CP093, unit I15, Index 2015=100)"
SI,2016,8,101.23,"Eurostat prc_hicp_midx (CP093, unit I15, Index 2015=100)"
SI,2016,9,101.01,"Eurostat prc_hicp_midx (CP093, unit I15, Index 2015=100)"
SI,2016,10,101.27,"Eurostat prc_hicp_midx (CP093, unit I15, Index 2015=100)"
SI,2016,11,103.09,"Eurostat prc_hicp_midx (CP093, unit I15, Index 2015=100)"
SI,2016,12,101.26,"Eurostat prc_hicp_midx (CP093, unit I15, Index 2015=100)"
SI,2017,1,100.21,"Eurostat prc_hicp_midx (CP093, unit I15, Index 2015=100)"
SI,2017,2,100.65,"Eurostat prc_hicp_midx (CP093, unit I15, Index 2015=100)"
SI,2017,3,102.65,"Eurostat prc_hicp_midx (CP093, unit I15, Index 2015=100)"
SI,2017,4,101.04,"Eurostat prc_hicp_midx (CP093, unit I15, Index 2015=100)"
SI,2017,5,101.47,"Eurostat prc_hicp_midx (CP093, unit I15, Index 2015=100)"
SI,2017,6,101.77,"Eurostat prc_hicp_midx (CP093, unit I15, Index 2015=100)"
SI,2017,7,100.48,"Eurostat prc_hicp_midx (CP093, unit I15, Index 2015=100)"
SI,2017,8,101.07,"Eurostat prc_hicp_midx (CP093, unit I15, Index 2015=100)"
SI,2017,9,101.45,"Eurostat prc_hicp_midx (CP093, unit I15, Index 2015=100)"
SI,2017,10,101.07,"Eurostat prc_hicp_midx (CP093, unit I15, Index 2015=100)"
SI,2017,11,102.86,"Eurostat prc_hicp_midx (CP093, unit I15, Index 2015=100)"
SI,2017,12,102.95,"Eurostat prc_hicp_midx (CP093, unit I15, Index 2015=100)"
SI,2018,1,101.36,"Eurostat prc_hicp_midx (CP093, unit I15, Index 2015=100)"
SI,2018,2,102.1,"Eurostat prc_hicp_midx (CP093, unit I15, Index 2015=100)"
SI,2018,3,103.55,"Eurostat prc_hicp_midx (CP093, unit I15, Index 2015=100)"
SI,2018,4,103.33,"Eurostat prc_hicp_midx (CP093, unit I15, Index 2015=100)"
SI,2018,5,104.31,"Eurostat prc_hicp_midx (CP093, unit I15, Index 2015=100)"
SI,2018,6,104.21,"Eurostat prc_hicp_midx (CP093, unit I15, Index 2015=100)"
SI,2018,7,103.7,"Eurostat prc_hicp_midx (CP093, unit I15, Index 2015=100)"
SI,2018,8,103.48,"Eurostat prc_hicp_midx (CP093, unit I15, Index 2015=100)"
SI,2018,9,104.11,"Eurostat prc_hicp_midx (CP093, unit I15, Index 2015=100)"
SI,2018,10,104.54,"Eurostat prc_hicp_midx (CP093, unit I15, Index 2015=100)"
SI,2018,11,107.09,"Eurostat prc_hicp_midx (CP093, unit I15, Index 2015=100)"
SI,2018,12,103.5,"Eurostat prc_hicp_midx (CP093, unit I15, Index 2015=100)"
SI,2019,1,105.33,"Eurostat prc_hicp_midx (CP093, unit I15, Index 2015=100)"
SI,2019,2,104.25,"Eurostat prc_hicp_midx (CP093, unit I15, Index 2015=100)"
SI,2019,3,103.5,"Eurostat prc_hicp_midx (CP093, unit I15, Index 2015=100)"
SI,2019,4,103.84,"Eurostat prc_hicp_midx (CP093, unit I15, Index 2015=100)"
SI,2019,5,104.19,"Eurostat prc_hicp_midx (CP093, unit I15, Index 2015=100)"
SI,2019,6,104.54,"Eurostat prc_hicp_midx (CP093, unit I15, Index 2015=100)"
SI,2019,7,104.28,"Eurostat prc_hicp_midx (CP093, unit I15, Index 2015=100)"
SI,2019,8,104.86,"Eurostat prc_hicp_midx (CP093, unit I15, Index 2015=100)"
SI,2019,9,105.99,"Eurostat prc_hicp_midx (CP093, unit I15, Index 2015=100)"
SI,2019,10,106.02,"Eurostat prc_hicp_midx (CP093, unit I15, Index 2015=100)"
SI,2019,11,107.33,"Eurostat prc_hicp_midx (CP093, unit I15, Index 2015=100)"
SI,2019,12,106.24,"Eurostat prc_hicp_midx (CP093, unit I15, Index 2015=100)"
SI,2020,1,106.08,"Eurostat prc_hicp_midx (CP093, unit I15, Index 2015=100)"
SI,2020,2,106.97,"Eurostat prc_hicp_midx (CP093, unit I15, Index 2015=100)"
SI,2020,3,106.59,"Eurostat prc_hicp_midx (CP093, unit I15, Index 2015=100)"
SI,2020,4,103.91,"Eurostat prc_hicp_midx (CP093, unit I15, Index 2015=100)"
SI,2020,5,106.68,"Eurostat prc_hicp_midx (CP093, unit I15, Index 2015=100)"
SI,2020,6,107.48,"Eurostat prc_hicp_midx (CP093, unit I15, Index 2015=100)"
SI,2020,7,107.4,"Eurostat prc_hicp_midx (CP093, unit I15, Index 2015=100)"
SI,2020,8,106.78,"Eurostat prc_hicp_midx (CP093, unit I15, Index 2015=100)"
SI,2020,9,107.51,"Eurostat prc_hicp_midx (CP093, unit I15, Index 2015=100)"
SI,2020,10,108.51,"Eurostat prc_hicp_midx (CP093, unit I15, Index 2015=100)"
SI,2020,11,106.93,"Eurostat prc_hicp_midx (CP093, unit I15, Index 2015=100)"
SI,2020,12,106.02,"Eurostat prc_hicp_midx (CP093, unit I15, Index 2015=100)"
SI,2021,1,105.31,"Eurostat prc_hicp_midx (CP093, unit I15, Index 2015=100)"
SI,2021,2,105.91,"Eurostat prc_hicp_midx (CP093, unit I15, Index 2015=100)"
SI,2021,3,107.7,"Eurostat prc_hicp_midx (CP093, unit I15, Index 2015=100)"
SI,2021,4,107.08,"Eurostat prc_hicp_midx (CP093, unit I15, Index 2015=100)"
SI,2021,5,108.67,"Eurostat prc_hicp_midx (CP093, unit I15, Index 2015=100)"
SI,2021,6,109.08,"Eurostat prc_hicp_midx (CP093, unit I15, Index 2015=100)"
SI,2021,7,108.38,"Eurostat prc_hicp_midx (CP093, unit I15, Index 2015=100)"
SI,2021,8,108.77,"Eurostat prc_hicp_midx (CP093, unit I15, Index 2015=100)"
SI,2021,9,108.72,"Eurostat prc_hicp_midx (CP093, unit I15, Index 2015=100)"
SI,2021,10,109.18,"Eurostat prc_hicp_midx (CP093, unit I15, Index 2015=100)"
SI,2021,11,109.66,"Eurostat prc_hicp_midx (CP093, unit I15, Index 2015=100)"
SI,2021,12,108.92,"Eurostat prc_hicp_midx (CP093, unit I15, Index 2015=100)"
SI,2022,1,108.82,"Eurostat prc_hicp_midx (CP093, unit I15, Index 2015=100)"
SI,2022,2,110.15,"Eurostat prc_hicp_midx (CP093, unit I15, Index 2015=100)"
SI,2022,3,111.84,"Eurostat prc_hicp_midx (CP093, unit I15, Index 2015=100)"
SI,2022,4,113.01,"Eurostat prc_hicp_midx (CP093, unit I15, Index 2015=100)"
SI,2022,5,113.48,"Eurostat prc_hicp_midx (CP093, unit I15, Index 2015=100)"
SI,2022,6,113.78,"Eurostat prc_hicp_midx (CP093, unit I15, Index 2015=100)"
SI,2022,7,114.02,"Eurostat prc_hicp_midx (CP093, unit I15, Index 2015=100)"
SI,2022,8,113.05,"Eurostat prc_hicp_midx (CP093, unit I15, Index 2015=100)"
SI,2022,9,114.56,"Eurostat prc_hicp_midx (CP093, unit I15, Index 2015=100)"
SI,2022,10,116.58,"Eurostat prc_hicp_midx (CP093, unit I15, Index 2015=100)"
SI,2022,11,119.79,"Eurostat prc_hicp_midx (CP093, unit I15, Index 2015=100)"
SI,2022,12,118.51,"Eurostat prc_hicp_midx (CP093, unit I15, Index 2015=100)"
SI,2023,1,118.4,"Eurostat prc_hicp_midx (CP093, unit I15, Index 2015=100)"
SI,2023,2,120.15,"Eurostat prc_hicp_midx (CP093, unit I15, Index 2015=100)"
SI,2023,3,122.92,"Eurostat prc_hicp_midx (CP093, unit I15, Index 2015=100)"
SI,2023,4,123.36,"Eurostat prc_hicp_midx (CP093, unit I15, Index 2015=100)"
SI,2023,5,123.82,"Eurostat prc_hicp_midx (CP093, unit I15, Index 2015=100)"
SI,2023,6,124.12,"Eurostat prc_hicp_midx (CP093, unit I15, Index 2015=100)"
SI,2023,7,124.17,"Eurostat prc_hicp_midx (CP093, unit I15, Index 2015=100)"
SI,2023,8,124.7,"Eurostat prc_hicp_midx (CP093, unit I15, Index 2015=100)"
SI,2023,9,125.05,"Eurostat prc_hicp_midx (CP093, unit I15, Index 2015=100)"
SI,2023,10,125.66,"Eurostat prc_hicp_midx (CP093, unit I15, Index 2015=100)"
SI,2023,11,128.56,"Eurostat prc_hicp_midx (CP093, unit I15, Index 2015=100)"
SI,2023,12,126.88,"Eurostat prc_hicp_midx (CP093, unit I15, Index 2015=100)"
SI,2024,1,126.33,"Eurostat prc_hicp_midx (CP093, unit I15, Index 2015=100)"
SI,2024,2,126.44,"Eurostat prc_hicp_midx (CP093, unit I15, Index 2015=100)"
SI,2024,3,128.15,"Eurostat prc_hicp_midx (CP093, unit I15, Index 2015=100)"
SI,2024,4,128.05,"Eurostat prc_hicp_midx (CP093, unit I15, Index 2015=100)"
SI,2024,5,128.53,"Eurostat prc_hicp_midx (CP093, unit I15, Index 2015=100)"
SI,2024,6,128.32,"Eurostat prc_hicp_midx (CP093, unit I15, Index 2015=100)"
SI,2024,7,127.42,"Eurostat prc_hicp_midx (CP093, unit I15, Index 2015=100)"
SI,2024,8,127.01,"Eurostat prc_hicp_midx (CP093, unit I15, Index 2015=100)"
SI,2024,9,127.1,"Eurostat prc_hicp_midx (CP093, unit I15, Index 2015=100)"
SI,2024,10,126.97,"Eurostat prc_hicp_midx (CP093, unit I15, Index 2015=100)"
SI,2024,11,128.69,"Eurostat prc_hicp_midx (CP093, unit I15, Index 2015=100)"
SI,2024,12,127.5,"Eurostat prc_hicp_midx (CP093, unit I15, Index 2015=100)"
SK,2010,1,89.87,"Eurostat prc_hicp_midx (CP093, unit I15, Index 2015=100)"
SK,2010,2,90.39,"Eurostat prc_hicp_midx (CP093, unit I15, Index 2015=100)"
SK,2010,3,90.73,"Eurostat prc_hicp_midx (CP093, unit I15, Index 2015=100)"
SK,2010,4,90.88,"Eurostat prc_hicp_midx (CP093, unit I15, Index 2015=100)"
SK,2010,5,90.84,"Eurostat prc_hicp_midx (CP093, unit I15, Index 2015=100)"
SK,2010,6,90.43,"Eurostat prc_hicp_midx (CP093, unit I15, Index 2015=100)"
SK,2010,7,90.16,"Eurostat prc_hicp_midx (CP093, unit I15, Index 2015=100)"
SK,2010,8,90.05,"Eurostat prc_hicp_midx (CP093, unit I15, Index 2015=100)"
SK,2010,9,90.52,"Eurostat prc_hicp_midx (CP093, unit I15, Index 2015=100)"
SK,2010,10,91.36,"Eurostat prc_hicp_midx (CP093, unit I15, Index 2015=100)"
SK,2010,11,91.9,"Eurostat prc_hicp_midx (CP093, unit I15, Index 2015=100)"
SK,2010,12,92.06,"Eurostat prc_hicp_midx (CP093, unit I15, Index 2015=100)"
SK,2011,1,92.19,"Eurostat prc_hicp_midx (CP093, unit I15, Index 2015=100)"
SK,2011,2,92.23,"Eurostat prc_hicp_midx (CP093, unit I15, Index 2015=100)"
SK,2011,3,92.61,"Eurostat prc_hicp_midx (CP093, unit I15, Index 2015=100)"
SK,2011,4,92.58,"Eurostat prc_hicp_midx (CP093, unit I15, Index 2015=100)"
SK,2011,5,92.64,"Eurostat prc_hicp_midx (CP093, unit I15, Index 2015=100)"
SK,2011,6,92.56,"Eurostat prc_hicp_midx (CP093, unit I15, Index 2015=100)"
SK,2011,7,92.48,"Eurostat prc_hicp_midx (CP093, unit I15, Index 2015=100)"
SK,2011,8,92.4,"Eurostat prc_hicp_midx (CP093, unit I15, Index 2015=100)"
SK,2011,9,92.91,"Eurostat prc_hicp_midx (CP093, unit I15, Index 2015=100)"
SK,2011,10,93.1,"Eurostat prc_hicp_midx (CP093, unit I15, Index 2015=100)"
SK,2011,11,93.42,"Eurostat prc_hicp_midx (CP093, unit I15, Index 2015=100)"
SK,2011,12,93.49,"Eurostat prc_hicp_midx (CP093, unit I15, Index 2015=100)"
SK,2012,1,93.71,"Eurostat prc_hicp_midx (CP093, unit I15, Index 2015=100)"
SK,2012,2,93.77,"Eurostat prc_hicp_midx (CP093, unit I15, Index 2015=100)"
SK,2012,3,94.29,"Eurostat prc_hicp_midx (CP093, unit I15, Index 2015=100)"
SK,2012,4,94.14,"Eurostat prc_hicp_midx (CP093, unit I15, Index 2015=100)"
SK,2012,5,94.39,"Eurostat prc_hicp_midx (CP093, unit I15, Index 2015=100)"
SK,2012,6,94.31,"Eurostat prc_hicp_midx (CP093, unit I15, Index 2015=100)"
SK,2012,7,94.32,"Eurostat prc_hicp_midx (CP093, unit I15, Index 2015=100)"
SK,2012,8,94.17,"Eurostat prc_hicp_midx (CP093, unit I15, Index 2015=100)"
SK,2012,9,94.45,"Eurostat prc_hicp_midx (CP093, unit I15, Index 2015=100)"
SK,2012,10,95.25,"Eurostat prc_hicp_midx (CP093, unit I15, Index 2015=100)"
SK,2012,11,95.93,"Eurostat prc_hicp_midx (CP093, unit I15, Index 2015=100)"
SK,2012,12,96.26,"Eurostat prc_hicp_midx (CP093, unit I15, Index 2015=100)"
SK,2013,1,97.2,"Eurostat prc_hicp_midx (CP093, unit I15, Index 2015=100)"
SK,2013,2,97.47,"Eurostat prc_hicp_midx (CP093, unit I15, Index 2015=100)"
SK,2013,3,97.75,"Eurostat prc_hicp_midx (CP093, unit I15, Index 2015=100)"
SK,2013,4,97.48,"Eurostat prc_hicp_midx (CP093, unit I15, Index 2015=100)"
SK,2013,5,97.12,"Eurostat prc_hicp_midx (CP093, unit I15, Index 2015=100)"
SK,2013,6,97.6,"Eurostat prc_hicp_midx (CP093, unit I15, Index 2015=100)"
SK,2013,7,97.18,"Eurostat prc_hicp_midx (CP093, unit I15, Index 2015=100)"
SK,2013,8,97.05,"Eurostat prc_hicp_midx (CP093, unit I15, Index 2015=100)"
SK,2013,9,97.13,"Eurostat prc_hicp_midx (CP093, unit I15, Index 2015=100)"
SK,2013,10,97.59,"Eurostat prc_hicp_midx (CP093, unit I15, Index 2015=100)"
SK,2013,11,97.86,"Eurostat prc_hicp_midx (CP093, unit I15, Index 2015=100)"
SK,2013,12,97.52,"Eurostat prc_hicp_midx (CP093, unit I15, Index 2015=100)"
SK,2014,1,97.71,"Eurostat prc_hicp_midx (CP093, unit I15, Index 2015=100)"
SK,2014,2,97.92,"Eurostat prc_hicp_midx (CP093, unit I15, Index 2015=100)"
SK,2014,3,98.78,"Eurostat prc_hicp_midx (CP093, unit I15, Index 2015=100)"
SK,2014,4,98.74,"Eurostat prc_hicp_midx (CP093, unit I15, Index 2015=100)"
SK,2014,5,98.88,"Eurostat prc_hicp_midx (CP093, unit I15, Index 2015=100)"
SK,2014,6,98.7,"Eurostat prc_hicp_midx (CP093, unit I15, Index 2015=100)"
SK,2014,7,98.61,"Eurostat prc_hicp_midx (CP093, unit I15, Index 2015=100)"
SK,2014,8,98.64,"Eurostat prc_hicp_midx (CP093, unit I15, Index 2015=100)"
SK,2014,9,98.94,"Eurostat prc_hicp_midx (CP093, unit I15, Index 2015=100)"
SK,2014,10,99.11,"Eurostat prc_hicp_midx (CP093, unit I15, Index 2015=100)"
SK,2014,11,99.39,"Eurostat prc_hicp_midx (CP093, unit I15, Index 2015=100)"
SK,2014,12,99.51,"Eurostat prc_hicp_midx (CP093, unit I15, Index 2015=100)"
SK,2015,1,99.9,"Eurostat prc_hicp_midx (CP093, unit I15, Index 2015=100)"
SK,2015,2,100.11,"Eurostat prc_hicp_midx (CP093, unit I15, Index 2015=100)"
SK,2015,3,99.98,"Eurostat prc_hicp_midx (CP093, unit I15, Index 2015=100)"
SK,2015,4,99.88,"Eurostat prc_hicp_midx (CP093, unit I15, Index 2015=100)"
SK,2015,5,99.83,"Eurostat prc_hicp_midx (CP093, unit I15, Index 2015=100)"
SK,2015,6,99.72,"Eurostat prc_hicp_midx (CP093, unit I15, Index 2015=100)"
SK,2015,7,99.61,"Eurostat prc_hicp_midx (CP093, unit I15, Index 2015=100)"
SK,2015,8,99.63,"Eurostat prc_hicp_midx (CP093, unit I15, Index 2015=100)"
SK,2015,9,99.98,"Eurostat prc_hicp_midx (CP093, unit I15, Index 2015=100)"
SK,2015,10,100.29,"Eurostat prc_hicp_midx (CP093, unit I15, Index 2015=100)"
SK,2015,11,100.57,"Eurostat prc_hicp_midx (CP093, unit I15, Index 2015=100)"
SK,2015,12,100.51,"Eurostat prc_hicp_midx (CP093, unit I15, Index 2015=100)"
SK,2016,1,101.28,"Eurostat prc_hicp_midx (CP093, unit I15, Index 2015=100)"
SK,2016,2,101.14,"Eurostat prc_hicp_midx (CP093, unit I15, Index 2015=100)"
SK,2016,3,101.03,"Eurostat prc_hicp_midx (CP093, unit I15, Index 2015=100)"
SK,2016,4,101.39,"Eurostat prc_hicp_midx (CP093, unit I15, Index 2015=100)"
SK,2016,5,101.2,"Eurostat prc_hicp_midx (CP093, unit I15, Index 2015=100)"
SK,2016,6,101.34,"Eurostat prc_hicp_midx (CP093, unit I15, Index 2015=100)"
SK,2016,7,101.52,"Eurostat prc_hicp_midx (CP093, unit I15, Index 2015=100)"
SK,2016,8,101.46,"Eurostat prc_hicp_midx (CP093, unit I15, Index 2015=100)"
SK,2016,9,101.52,"Eurostat prc_hicp_midx (CP093, unit I15, Index 2015=100)"
SK,2016,10,101.63,"Eurostat prc_hicp_midx (CP093, unit I15, Index 2015=100)"
SK,2016,11,101.78,"Eurostat prc_hicp_midx (CP093, unit I15, Index 2015=100)"
SK,2016,12,102.04,"Eurostat prc_hicp_midx (CP093, unit I15, Index 2015=100)"
SK,2017,1,102.46,"Eurostat prc_hicp_midx (CP093, unit I15, Index 2015=100)"
SK,2017,2,102.76,"Eurostat prc_hicp_midx (CP093, unit I15, Index 2015=100)"
SK,2017,3,102.69,"Eurostat prc_hicp_midx (CP093, unit I15, Index 2015=100)"
SK,2017,4,102.82,"Eurostat prc_hicp_midx (CP093, unit I15, Index 2015=100)"
SK,2017,5,102.9,"Eurostat prc_hicp_midx (CP093, unit I15, Index 2015=100)"
SK,2017,6,103.21,"Eurostat prc_hicp_midx (CP093, unit I15, Index 2015=100)"
SK,2017,7,103.09,"Eurostat prc_hicp_midx (CP093, unit I15, Index 2015=100)"
SK,2017,8,103.1,"Eurostat prc_hicp_midx (CP093, unit I15, Index 2015=100)"
SK,2017,9,103.61,"Eurostat prc_hicp_midx (CP093, unit I15, Index 2015=100)"
SK,2017,10,104.01,"Eurostat prc_hicp_midx (CP093, unit I15, Index 2015=100)"
SK,2017,11,104.07,"Eurostat prc_hicp_midx (CP093, unit I15, Index 2015=100)"
SK,2017,12,104.14,"Eurostat prc_hicp_midx (CP093, unit I15, Index 2015=100)"
SK,2018,1,104.13,"Eurostat prc_hicp_midx (CP093, unit I15, Index 2015=100)"
SK,2018,2,104.41,"Eurostat prc_hicp_midx (CP093, unit I15, Index 2015=100)"
SK,2018,3,104.44,"Eurostat prc_hicp_midx (CP093, unit I15, Index 2015=100)"
SK,2018,4,104.47,"Eurostat prc_hicp_midx (CP093, unit I15, Index 2015=100)"
SK,2018,5,104.39,"Eurostat prc_hicp_midx (CP093, unit I15, Index 2015=100)"
SK,2018,6,104.95,"Eurostat prc_hicp_midx (CP093, unit I15, Index 2015=100)"
SK,2018,7,104.71,"Eurostat prc_hicp_midx (CP093, unit I15, Index 2015=100)"
SK,2018,8,104.42,"Eurostat prc_hicp_midx (CP093, unit I15, Index 2015=100)"
SK,2018,9,105.51,"Eurostat prc_hicp_midx (CP093, unit I15, Index 2015=100)"
SK,2018,10,105.18,"Eurostat prc_hicp_midx (CP093, unit I15, Index 2015=100)"
SK,2018,11,105.72,"Eurostat prc_hicp_midx (CP093, unit I15, Index 2015=100)"
SK,2018,12,105.25,"Eurostat prc_hicp_midx (CP093, unit I15, Index 2015=100)"
SK,2019,1,105.68,"Eurostat prc_hicp_midx (CP093, unit I15, Index 2015=100)"
SK,2019,2,105.65,"Eurostat prc_hicp_midx (CP093, unit I15, Index 2015=100)"
SK,2019,3,105.32,"Eurostat prc_hicp_midx (CP093, unit I15, Index 2015=100)"
SK,2019,4,106.79,"Eurostat prc_hicp_midx (CP093, unit I15, Index 2015=100)"
SK,2019,5,106.06,"Eurostat prc_hicp_midx (CP093, unit I15, Index 2015=100)"
SK,2019,6,106.63,"Eurostat prc_hicp_midx (CP093, unit I15, Index 2015=100)"
SK,2019,7,106.33,"Eurostat prc_hicp_midx (CP093, unit I15, Index 2015=100)"
SK,2019,8,106.13,"Eurostat prc_hicp_midx (CP093, unit I15, Index 2015=100)"
SK,2019,9,105.93,"Eurostat prc_hicp_midx (CP093, unit I15, Index 2015=100)"
SK,2019,10,106.8,"Eurostat prc_hicp_midx (CP093, unit I15, Index 2015=100)"
SK,2019,11,107.43,"Eurostat prc_hicp_midx (CP093, unit I15, Index 2015=100)"
SK,2019,12,106.95,"Eurostat prc_hicp_midx (CP093, unit I15, Index 2015=100)"
SK,2020,1,107.19,"Eurostat prc_hicp_midx (CP093, unit I15, Index 2015=100)"
SK,2020,2,106.85,"Eurostat prc_hicp_midx (CP093, unit I15, Index 2015=100)"
SK,2020,3,107.38,"Eurostat prc_hicp_midx (CP093, unit I15, Index 2015=100)"
SK,2020,4,108.91,"Eurostat prc_hicp_midx (CP093, unit I15, Index 2015=100)"
SK,2020,5,110.52,"Eurostat prc_hicp_midx (CP093, unit I15, Index 2015=100)"
SK,2020,6,107.91,"Eurostat prc_hicp_midx (CP093, unit I15, Index 2015=100)"
SK,2020,7,107.61,"Eurostat prc_hicp_midx (CP093, unit I15, Index 2015=100)"
SK,2020,8,108.44,"Eurostat prc_hicp_midx (CP093, unit I15, Index 2015=100)"
SK,2020,9,108.34,"Eurostat prc_hicp_midx (CP093, unit I15, Index 2015=100)"
SK,2020,10,108.3,"Eurostat prc_hicp_midx (CP093, unit I15, Index 2015=100)"
SK,2020,11,108.68,"Eurostat prc_hicp_midx (CP093, unit I15, Index 2015=100)"
SK,2020,12,107.83,"Eurostat prc_hicp_midx (CP093, unit I15, Index 2015=100)"
SK,2021,1,108.22,"Eurostat prc_hicp_midx (CP093, unit I15, Index 2015=100)"
SK,2021,2,108.39,"Eurostat prc_hicp_midx (CP093, unit I15, Index 2015=100)"
SK,2021,3,108.46,"Eurostat prc_hicp_midx (CP093, unit I15, Index 2015=100)"
SK,2021,4,108.49,"Eurostat prc_hicp_midx (CP093, unit I15, Index 2015=100)"
SK,2021,5,108.79,"Eurostat prc_hicp_midx (CP093, unit I15, Index 2015=100)"
SK,2021,6,108.93,"Eurostat prc_hicp_midx (CP093, unit I15, Index 2015=100)"
SK,2021,7,109.08,"Eurostat prc_hicp_midx (CP093, unit I15, Index 2015=100)"
SK,2021,8,110.06,"Eurostat prc_hicp_midx (CP093, unit I15, Index 2015=100)"
SK,2021,9,111.2,"Eurostat prc_hicp_midx (CP093, unit I15, Index 2015=100)"
SK,2021,10,112.31,"Eurostat prc_hicp_midx (CP093, unit I15, Index 2015=100)"
SK,2021,11,113.12,"Eurostat prc_hicp_midx (CP093, unit I15, Index 2015=100)"
SK,2021,12,113.16,"Eurostat prc_hicp_midx (CP093, unit I15, Index 2015=100)"
SK,2022,1,113.38,"Eurostat prc_hicp_midx (CP093, unit I15, Index 2015=100)"
SK,2022,2,115.91,"Eurostat prc_hicp_midx (CP093, unit I15, Index 2015=100)"
SK,2022,3,116.93,"Eurostat prc_hicp_midx (CP093, unit I15, Index 2015=100)"
SK,2022,4,117.28,"Eurostat prc_hicp_midx (CP093, unit I15, Index 2015=100)"
SK,2022,5,118.84,"Eurostat prc_hicp_midx (CP093, unit I15, Index 2015=100)"
SK,2022,6,120.93,"Eurostat prc_hicp_midx (CP093, unit I15, Index 2015=100)"
SK,2022,7,121.55,"Eurostat prc_hicp_midx (CP093, unit I15, Index 2015=100)"
SK,2022,8,121.84,"Eurostat prc_hicp_midx (CP093, unit I15, Index 2015=100)"
SK,2022,9,123.02,"Eurostat prc_hicp_midx (CP093, unit I15, Index 2015=100)"
SK,2022,10,124.12,"Eurostat prc_hicp_midx (CP093, unit I15, Index 2015=100)"
SK,2022,11,125.75,"Eurostat prc_hicp_midx (CP093, unit I15, Index 2015=100)"
SK,2022,12,126.51,"Eurostat prc_hicp_midx (CP093, unit I15, Index 2015=100)"
SK,2023,1,127.32,"Eurostat prc_hicp_midx (CP093, unit I15, Index 2015=100)"
SK,2023,2,132.18,"Eurostat prc_hicp_midx (CP093, unit I15, Index 2015=100)"
SK,2023,3,135.89,"Eurostat prc_hicp_midx (CP093, unit I15, Index 2015=100)"
SK,2023,4,137.38,"Eurostat prc_hicp_midx (CP093, unit I15, Index 2015=100)"
SK,2023,5,137.84,"Eurostat prc_hicp_midx (CP093, unit I15, Index 2015=100)"
SK,2023,6,138.89,"Eurostat prc_hicp_midx (CP093, unit I15, Index 2015=100)"
SK,2023,7,138.35,"Eurostat prc_hicp_midx (CP093, unit I15, Index 2015=100)"
SK,2023,8,139.16,"Eurostat prc_hicp_midx (CP093, unit I15, Index 2015=100)"
SK,2023,9,138.55,"Eurostat prc_hicp_midx (CP093, unit I15, Index 2015=100)"
SK,2023,10,139.48,"Eurostat prc_hicp_midx (CP093, unit I15, Index 2015=100)"
SK,2023,11,140.85,"Eurostat prc_hicp_midx (CP093, unit I15, Index 2015=100)"
SK,2023,12,141.84,"Eurostat prc_hicp_midx (CP093, unit I15, Index 2015=100)"
SK,2024,1,141.68,"Eurostat prc_hicp_midx (CP093, unit I15, Index 2015=100)"
SK,2024,2,142.84,"Eurostat prc_hicp_midx (CP093, unit I15, Index 2015=100)"
SK,2024,3,143.24,"Eurostat prc_hicp_midx (CP093, unit I15, Index 2015=100)"
SK,2024,4,143.86,"Eurostat prc_hicp_midx (CP093, unit I15, Index 2015=100)"
SK,2024,5,143.38,"Eurostat prc_hicp_midx (CP093, unit I15, Index 2015=100)"
SK,2024,6,143.62,"Eurostat prc_hicp_midx (CP093, unit I15, Index 2015=100)"
SK,2024,7,143.41,"Eurostat prc_hicp_midx (CP093, unit I15, Index 2015=100)"
SK,2024,8,145.02,"Eurostat prc_hicp_midx (CP093, unit I15, Index 2015=100)"
SK,2024,9,144.34,"Eurostat prc_hicp_midx (CP093, unit I15, Index 2015=100)"
SK,2024,10,145.12,"Eurostat prc_hicp_midx (CP093, unit I15, Index 2015=100)"
SK,2024,11,146.59,"Eurostat prc_hicp_midx (CP093, unit I15, Index 2015=100)"
SK,2024,12,146.65,"Eurostat prc_hicp_midx (CP093, unit I15, Index 2015=100)"
FI,2010,1,103.01,"Eurostat prc_hicp_midx (CP093, unit I15, Index 2015=100)"
FI,2010,2,102.36,"Eurostat prc_hicp_midx (CP093, unit I15, Index 2015=100)"
FI,2010,3,103.65,"Eurostat prc_hicp_midx (CP093, unit I15, Index 2015=100)"
FI,2010,4,102.25,"Eurostat prc_hicp_midx (CP093, unit I15, Index 2015=100)"
FI,2010,5,102.76,"Eurostat prc_hicp_midx (CP093, unit I15, Index 2015=100)"
FI,2010,6,101.9,"Eurostat prc_hicp_midx (CP093, unit I15, Index 2015=100)"
FI,2010,7,100.91,"Eurostat prc_hicp_midx (CP093, unit I15, Index 2015=100)"
FI,2010,8,100.61,"Eurostat prc_hicp_midx (CP093, unit I15, Index 2015=100)"
FI,2010,9,101.57,"Eurostat prc_hicp_midx (CP093, unit I15, Index 2015=100)"
FI,2010,10,102.79,"Eurostat prc_hicp_midx (CP093, unit I15, Index 2015=100)"
FI,2010,11,103.26,"Eurostat prc_hicp_midx (CP093, unit I15, Index 2015=100)"
FI,2010,12,103.2,"Eurostat prc_hicp_midx (CP093, unit I15, Index 2015=100)"
FI,2011,1,101.77,"Eurostat prc_hicp_midx (CP093, unit I15, Index 2015=100)"
FI,2011,2,101.48,"Eurostat prc_hicp_midx (CP093, unit I15, Index 2015=100)"
FI,2011,3,101.52,"Eurostat prc_hicp_midx (CP093, unit I15, Index 2015=100)"
FI,2011,4,101.71,"Eurostat prc_hicp_midx (CP093, unit I15, Index 2015=100)"
FI,2011,5,102.36,"Eurostat prc_hicp_midx (CP093, unit I15, Index 2015=100)"
FI,2011,6,101.7,"Eurostat prc_hicp_midx (CP093, unit I15, Index 2015=100)"
FI,2011,7,101.09,"Eurostat prc_hicp_midx (CP093, unit I15, Index 2015=100)"
FI,2011,8,101.19,"Eurostat prc_hicp_midx (CP093, unit I15, Index 2015=100)"
FI,2011,9,101.41,"Eurostat prc_hicp_midx (CP093, unit I15, Index 2015=100)"
FI,2011,10,101.86,"Eurostat prc_hicp_midx (CP093, unit I15, Index 2015=100)"
FI,2011,11,102.36,"Eurostat prc_hicp_midx (CP093, unit I15, Index 2015=100)"
FI,2011,12,102.21,"Eurostat prc_hicp_midx (CP093, unit I15, Index 2015=100)"
FI,2012,1,100.41,"Eurostat prc_hicp_midx (CP093, unit I15, Index 2015=100)"
FI,2012,2,101.26,"Eurostat prc_hicp_midx (CP093, unit I15, Index 2015=100)"
FI,2012,3,100.51,"Eurostat prc_hicp_midx (CP093, unit I15, Index 2015=100)"
FI,2012,4,100.86,"Eurostat prc_hicp_midx (CP093, unit I15, Index 2015=100)"
FI,2012,5,101.9,"Eurostat prc_hicp_midx (CP093, unit I15, Index 2015=100)"
FI,2012,6,101.44,"Eurostat prc_hicp_midx (CP093, unit I15, Index 2015=100)"
FI,2012,7,98.95,"Eurostat prc_hicp_midx (CP093, unit I15, Index 2015=100)"
FI,2012,8,98.86,"Eurostat prc_hicp_midx (CP093, unit I15, Index 2015=100)"
FI,2012,9,99.4,"Eurostat prc_hicp_midx (CP093, unit I15, Index 2015=100)"
FI,2012,10,100.1,"Eurostat prc_hicp_midx (CP093, unit I15, Index 2015=100)"
FI,2012,11,100.92,"Eurostat prc_hicp_midx (CP093, unit I15, Index 2015=100)"
FI,2012,12,102.35,"Eurostat prc_hicp_midx (CP093, unit I15, Index 2015=100)"
FI,2013,1,102.33,"Eurostat prc_hicp_midx (CP093, unit I15, Index 2015=100)"
FI,2013,2,102.08,"Eurostat prc_hicp_midx (CP093, unit I15, Index 2015=100)"
FI,2013,3,102.78,"Eurostat prc_hicp_midx (CP093, unit I15, Index 2015=100)"
FI,2013,4,101.66,"Eurostat prc_hicp_midx (CP093, unit I15, Index 2015=100)"
FI,2013,5,102.9,"Eurostat prc_hicp_midx (CP093, unit I15, Index 2015=100)"
FI,2013,6,102.3,"Eurostat prc_hicp_midx (CP093, unit I15, Index 2015=100)"
FI,2013,7,99.99,"Eurostat prc_hicp_midx (CP093, unit I15, Index 2015=100)"
FI,2013,8,99.9,"Eurostat prc_hicp_midx (CP093, unit I15, Index 2015=100)"
FI,2013,9,101.03,"Eurostat prc_hicp_midx (CP093, unit I15, Index 2015=100)"
FI,2013,10,101.44,"Eurostat prc_hicp_midx (CP093, unit I15, Index 2015=100)"
FI,2013,11,102.15,"Eurostat prc_hicp_midx (CP093, unit I15, Index 2015=100)"
FI,2013,12,102.54,"Eurostat prc_hicp_midx (CP093, unit I15, Index 2015=100)"
FI,2014,1,101.04,"Eurostat prc_hicp_midx (CP093, unit I15, Index 2015=100)"
FI,2014,2,100.94,"Eurostat prc_hicp_midx (CP093, unit I15, Index 2015=100)"
FI,2014,3,102.61,"Eurostat prc_hicp_midx (CP093, unit I15, Index 2015=100)"
FI,2014,4,102.27,"Eurostat prc_hicp_midx (CP093, unit I15, Index 2015=100)"
FI,2014,5,102.23,"Eurostat prc_hicp_midx (CP093, unit I15, Index 2015=100)"
FI,2014,6,102.1,"Eurostat prc_hicp_midx (CP093, unit I15, Index 2015=100)"
FI,2014,7,100.66,"Eurostat prc_hicp_midx (CP093, unit I15, Index 2015=100)"
FI,2014,8,100.89,"Eurostat prc_hicp_midx (CP093, unit I15, Index 2015=100)"
FI,2014,9,102.07,"Eurostat prc_hicp_midx (CP093, unit I15, Index 2015=100)"
FI,2014,10,103.29,"Eurostat prc_hicp_midx (CP093, unit I15, Index 2015=100)"
FI,2014,11,102.58,"Eurostat prc_hicp_midx (CP093, unit I15, Index 2015=100)"
FI,2014,12,101.83,"Eurostat prc_hicp_midx (CP093, unit I15, Index 2015=100)"
FI,2015,1,101.12,"Eurostat prc_hicp_midx (CP093, unit I15, Index 2015=100)"
FI,2015,2,99.7,"Eurostat prc_hicp_midx (CP093, unit I15, Index 2015=100)"
FI,2015,3,101.44,"Eurostat prc_hicp_midx (CP093, unit I15, Index 2015=100)"
FI,2015,4,101.06,"Eurostat prc_hicp_midx (CP093, unit I15, Index 2015=100)"
FI,2015,5,100.66,"Eurostat prc_hicp_midx (CP093, unit I15, Index 2015=100)"
FI,2015,6,100.12,"Eurostat prc_hicp_midx (CP093, unit I15, Index 2015=100)"
FI,2015,7,98.99,"Eurostat prc_hicp_midx (CP093, unit I15, Index 2015=100)"
FI,2015,8,98.77,"Eurostat prc_hicp_midx (CP093, unit I15, Index 2015=100)"
FI,2015,9,99.04,"Eurostat prc_hicp_midx (CP093, unit I15, Index 2015=100)"
FI,2015,10,99.55,"Eurostat prc_hicp_midx (CP093, unit I15, Index 2015=100)"
FI,2015,11,100.26,"Eurostat prc_hicp_midx (CP093, unit I15, Index 2015=100)"
FI,2015,12,99.29,"Eurostat prc_hicp_midx (CP093, unit I15, Index 2015=100)"
FI,2016,1,97.89,"Eurostat prc_hicp_midx (CP093, unit I15, Index 2015=100)"
FI,2016,2,96.95,"Eurostat prc_hicp_midx (CP093, unit I15, Index 2015=100)"
FI,2016,3,98.02,"Eurostat prc_hicp_midx (CP093, unit I15, Index 2015=100)"
FI,2016,4,96.98,"Eurostat prc_hicp_midx (CP093, unit I15, Index 2015=100)"
FI,2016,5,96.81,"Eurostat prc_hicp_midx (CP093, unit I15, Index 2015=100)"
FI,2016,6,96.22,"Eurostat prc_hicp_midx (CP093, unit I15, Index 2015=100)"
FI,2016,7,96.5,"Eurostat prc_hicp_midx (CP093, unit I15, Index 2015=100)"
FI,2016,8,96.87,"Eurostat prc_hicp_midx (CP093, unit I15, Index 2015=100)"
FI,2016,9,96.84,"Eurostat prc_hicp_midx (CP093, unit I15, Index 2015=100)"
FI,2016,10,97.01,"Eurostat prc_hicp_midx (CP093, unit I15, Index 2015=100)"
FI,2016,11,97.27,"Eurostat prc_hicp_midx (CP093, unit I15, Index 2015=100)"
FI,2016,12,97.3,"Eurostat prc_hicp_midx (CP093, unit I15, Index 2015=100)"
FI,2017,1,94.99,"Eurostat prc_hicp_midx (CP093, unit I15, Index 2015=100)"
FI,2017,2,95.24,"Eurostat prc_hicp_midx (CP093, unit I15, Index 2015=100)"
FI,2017,3,96.54,"Eurostat prc_hicp_midx (CP093, unit I15, Index 2015=100)"
FI,2017,4,95.41,"Eurostat prc_hicp_midx (CP093, unit I15, Index 2015=100)"
FI,2017,5,95.84,"Eurostat prc_hicp_midx (CP093, unit I15, Index 2015=100)"
FI,2017,6,94.79,"Eurostat prc_hicp_midx (CP093, unit I15, Index 2015=100)"
FI,2017,7,93.8,"Eurostat prc_hicp_midx (CP093, unit I15, Index 2015=100)"
FI,2017,8,94.22,"Eurostat prc_hicp_midx (CP093, unit I15, Index 2015=100)"
FI,2017,9,94.54,"Eurostat prc_hicp_midx (CP093, unit I15, Index 2015=100)"
FI,2017,10,95.04,"Eurostat prc_hicp_midx (CP093, unit I15, Index 2015=100)"
FI,2017,11,95.61,"Eurostat prc_hicp_midx (CP093, unit I15, Index 2015=100)"
FI,2017,12,95.33,"Eurostat prc_hicp_midx (CP093, unit I15, Index 2015=100)"
FI,2018,1,94.33,"Eurostat prc_hicp_midx (CP093, unit I15, Index 2015=100)"
FI,2018,2,93.32,"Eurostat prc_hicp_midx (CP093, unit I15, Index 2015=100)"
FI,2018,3,95.12,"Eurostat prc_hicp_midx (CP093, unit I15, Index 2015=100)"
FI,2018,4,94.61,"Eurostat prc_hicp_midx (CP093, unit I15, Index 2015=100)"
FI,2018,5,92.96,"Eurostat prc_hicp_midx (CP093, unit I15, Index 2015=100)"
FI,2018,6,92.91,"Eurostat prc_hicp_midx (CP093, unit I15, Index 2015=100)"
FI,2018,7,92.43,"Eurostat prc_hicp_midx (CP093, unit I15, Index 2015=100)"
FI,2018,8,92.7,"Eurostat prc_hicp_midx (CP093, unit I15, Index 2015=100)"
FI,2018,9,92.38,"Eurostat prc_hicp_midx (CP093, unit I15, Index 2015=100)"
FI,2018,10,93.19,"Eurostat prc_hicp_midx (CP093, unit I15, Index 2015=100)"
FI,2018,11,93.96,"Eurostat prc_hicp_midx (CP093, unit I15, Index 2015=100)"
FI,2018,12,92.98,"Eurostat prc_hicp_midx (CP093, unit I15, Index 2015=100)"
FI,2019,1,93.15,"Eurostat prc_hicp_midx (CP093, unit I15, Index 2015=100)"
FI,2019,2,92.21,"Eurostat prc_hicp_midx (CP093, unit I15, Index 2015=100)"
FI,2019,3,92.96,"Eurostat prc_hicp_midx (CP093, unit I15, Index 2015=100)"
FI,2019,4,91.71,"Eurostat prc_hicp_midx (CP093, unit I15, Index 2015=100)"
FI,2019,5,91.59,"Eurostat prc_hicp_midx (CP093, unit I15, Index 2015=100)"
FI,2019,6,90.96,"Eurostat prc_hicp_midx (CP093, unit I15, Index 2015=100)"
FI,2019,7,89.63,"Eurostat prc_hicp_midx (CP093, unit I15, Index 2015=100)"
FI,2019,8,90.51,"Eurostat prc_hicp_midx (CP093, unit I15, Index 2015=100)"
FI,2019,9,90.56,"Eurostat prc_hicp_midx (CP093, unit I15, Index 2015=100)"
FI,2019,10,91.3,"Eurostat prc_hicp_midx (CP093, unit I15, Index 2015=100)"
FI,2019,11,92.63,"Eurostat prc_hicp_midx (CP093, unit I15, Index 2015=100)"
FI,2019,12,92.29,"Eurostat prc_hicp_midx (CP093, unit I15, Index 2015=100)"
FI,2020,1,91.73,"Eurostat prc_hicp_midx (CP093, unit I15, Index 2015=100)"
FI,2020,2,91.44,"Eurostat prc_hicp_midx (CP093, unit I15, Index 2015=100)"
FI,2020,3,91.92,"Eurostat prc_hicp_midx (CP093, unit I15, Index 2015=100)"
FI,2020,4,91.08,"Eurostat prc_hicp_midx (CP093, unit I15, Index 2015=100)"
FI,2020,5,92.02,"Eurostat prc_hicp_midx (CP093, unit I15, Index 2015=100)"
FI,2020,6,91.81,"Eurostat prc_hicp_midx (CP093, unit I15, Index 2015=100)"
FI,2020,7,91.52,"Eurostat prc_hicp_midx (CP093, unit I15, Index 2015=100)"
FI,2020,8,91.38,"Eurostat prc_hicp_midx (CP093, unit I15, Index 2015=100)"
FI,2020,9,91.41,"Eurostat prc_hicp_midx (CP093, unit I15, Index 2015=100)"
FI,2020,10,91.33,"Eurostat prc_hicp_midx (CP093, unit I15, Index 2015=100)"
FI,2020,11,92.01,"Eurostat prc_hicp_midx (CP093, unit I15, Index 2015=100)"
FI,2020,12,91.28,"Eurostat prc_hicp_midx (CP093, unit I15, Index 2015=100)"
FI,2021,1,91.73,"Eurostat prc_hicp_midx (CP093, unit I15, Index 2015=100)"
FI,2021,2,91.71,"Eurostat prc_hicp_midx (CP093, unit I15, Index 2015=100)"
FI,2021,3,91.33,"Eurostat prc_hicp_midx (CP093, unit I15, Index 2015=100)"
FI,2021,4,91.36,"Eurostat prc_hicp_midx (CP093, unit I15, Index 2015=100)"
FI,2021,5,92.45,"Eurostat prc_hicp_midx (CP093, unit I15, Index 2015=100)"
FI,2021,6,92.17,"Eurostat prc_hicp_midx (CP093, unit I15, Index 2015=100)"
FI,2021,7,90.79,"Eurostat prc_hicp_midx (CP093, unit I15, Index 2015=100)"
FI,2021,8,90.91,"Eurostat prc_hicp_midx (CP093, unit I15, Index 2015=100)"
FI,2021,9,90.34,"Eurostat prc_hicp_midx (CP093, unit I15, Index 2015=100)"
FI,2021,10,91.51,"Eurostat prc_hicp_midx (CP093, unit I15, Index 2015=100)"
FI,2021,11,92.68,"Eurostat prc_hicp_midx (CP093, unit I15, Index 2015=100)"
FI,2021,12,93.24,"Eurostat prc_hicp_midx (CP093, unit I15, Index 2015=100)"
FI,2022,1,94.08,"Eurostat prc_hicp_midx (CP093, unit I15, Index 2015=100)"
FI,2022,2,94.46,"Eurostat prc_hicp_midx (CP093, unit I15, Index 2015=100)"
FI,2022,3,94.78,"Eurostat prc_hicp_midx (CP093, unit I15, Index 2015=100)"
FI,2022,4,95.86,"Eurostat prc_hicp_midx (CP093, unit I15, Index 2015=100)"
FI,2022,5,97.44,"Eurostat prc_hicp_midx (CP093, unit I15, Index 2015=100)"
FI,2022,6,96.7,"Eurostat prc_hicp_midx (CP093, unit I15, Index 2015=100)"
FI,2022,7,95.56,"Eurostat prc_hicp_midx (CP093, unit I15, Index 2015=100)"
FI,2022,8,96.32,"Eurostat prc_hicp_midx (CP093, unit I15, Index 2015=100)"
FI,2022,9,97.5,"Eurostat prc_hicp_midx (CP093, unit I15, Index 2015=100)"
FI,2022,10,99.51,"Eurostat prc_hicp_midx (CP093, unit I15, Index 2015=100)"
FI,2022,11,100.33,"Eurostat prc_hicp_midx (CP093, unit I15, Index 2015=100)"
FI,2022,12,101.47,"Eurostat prc_hicp_midx (CP093, unit I15, Index 2015=100)"
FI,2023,1,100.94,"Eurostat prc_hicp_midx (CP093, unit I15, Index 2015=100)"
FI,2023,2,100.69,"Eurostat prc_hicp_midx (CP093, unit I15, Index 2015=100)"
FI,2023,3,103.12,"Eurostat prc_hicp_midx (CP093, unit I15, Index 2015=100)"
FI,2023,4,104.46,"Eurostat prc_hicp_midx (CP093, unit I15, Index 2015=100)"
FI,2023,5,105.45,"Eurostat prc_hicp_midx (CP093, unit I15, Index 2015=100)"
FI,2023,6,104.77,"Eurostat prc_hicp_midx (CP093, unit I15, Index 2015=100)"
FI,2023,7,104.46,"Eurostat prc_hicp_midx (CP093, unit I15, Index 2015=100)"
FI,2023,8,104.04,"Eurostat prc_hicp_midx (CP093, unit I15, Index 2015=100)"
FI,2023,9,104.29,"Eurostat prc_hicp_midx (CP093, unit I15, Index 2015=100)"
FI,2023,10,104.84,"Eurostat prc_hicp_midx (CP093, unit I15, Index 2015=100)"
FI,2023,11,105.0,"Eurostat prc_hicp_midx (CP093, unit I15, Index 2015=100)"
FI,2023,12,104.83,"Eurostat prc_hicp_midx (CP093, unit I15, Index 2015=100)"
FI,2024,1,104.63,"Eurostat prc_hicp_midx (CP093, unit I15, Index 2015=100)"
FI,2024,2,103.89,"Eurostat prc_hicp_midx (CP093, unit I15, Index 2015=100)"
FI,2024,3,104.54,"Eurostat prc_hicp_midx (CP093, unit I15, Index 2015=100)"
FI,2024,4,104.9,"Eurostat prc_hicp_midx (CP093, unit I15, Index 2015=100)"
FI,2024,5,105.94,"Eurostat prc_hicp_midx (CP093, unit I15, Index 2015=100)"
FI,2024,6,105.17,"Eurostat prc_hicp_midx (CP093, unit I15, Index 2015=100)"
FI,2024,7,103.88,"Eurostat prc_hicp_midx (CP093, unit I15, Index 2015=100)"
FI,2024,8,104.76,"Eurostat prc_hicp_midx (CP093, unit I15, Index 2015=100)"
FI,2024,9,104.93,"Eurostat prc_hicp_midx (CP093, unit I15, Index 2015=100)"
FI,2024,10,105.24,"Eurostat prc_hicp_midx (CP093, unit I15, Index 2015=100)"
FI,2024,11,104.89,"Eurostat prc_hicp_midx (CP093, unit I15, Index 2015=100)"
FI,2024,12,106.12,"Eurostat prc_hicp_midx (CP093, unit I15, Index 2015=100)"
SE,2010,1,99.11,"Eurostat prc_hicp_midx (CP093, unit I15, Index 2015=100)"
SE,2010,2,98.92,"Eurostat prc_hicp_midx (CP093, unit I15, Index 2015=100)"
SE,2010,3,98.52,"Eurostat prc_hicp_midx (CP093, unit I15, Index 2015=100)"
SE,2010,4,98.71,"Eurostat prc_hicp_midx (CP093, unit I15, Index 2015=100)"
SE,2010,5,98.36,"Eurostat prc_hicp_midx (CP093, unit I15, Index 2015=100)"
SE,2010,6,98.37,"Eurostat prc_hicp_midx (CP093, unit I15, Index 2015=100)"
SE,2010,7,97.3,"Eurostat prc_hicp_midx (CP093, unit I15, Index 2015=100)"
SE,2010,8,98.03,"Eurostat prc_hicp_midx (CP093, unit I15, Index 2015=100)"
SE,2010,9,98.24,"Eurostat prc_hicp_midx (CP093, unit I15, Index 2015=100)"
SE,2010,10,98.71,"Eurostat prc_hicp_midx (CP093, unit I15, Index 2015=100)"
SE,2010,11,99.45,"Eurostat prc_hicp_midx (CP093, unit I15, Index 2015=100)"
SE,2010,12,99.96,"Eurostat prc_hicp_midx (CP093, unit I15, Index 2015=100)"
SE,2011,1,99.68,"Eurostat prc_hicp_midx (CP093, unit I15, Index 2015=100)"
SE,2011,2,99.23,"Eurostat prc_hicp_midx (CP093, unit I15, Index 2015=100)"
SE,2011,3,99.84,"Eurostat prc_hicp_midx (CP093, unit I15, Index 2015=100)"
SE,2011,4,99.81,"Eurostat prc_hicp_midx (CP093, unit I15, Index 2015=100)"
SE,2011,5,99.93,"Eurostat prc_hicp_midx (CP093, unit I15, Index 2015=100)"
SE,2011,6,99.58,"Eurostat prc_hicp_midx (CP093, unit I15, Index 2015=100)"
SE,2011,7,98.86,"Eurostat prc_hicp_midx (CP093, unit I15, Index 2015=100)"
SE,2011,8,99.32,"Eurostat prc_hicp_midx (CP093, unit I15, Index 2015=100)"
SE,2011,9,99.41,"Eurostat prc_hicp_midx (CP093, unit I15, Index 2015=100)"
SE,2011,10,99.93,"Eurostat prc_hicp_midx (CP093, unit I15, Index 2015=100)"
SE,2011,11,101.04,"Eurostat prc_hicp_midx (CP093, unit I15, Index 2015=100)"
SE,2011,12,101.17,"Eurostat prc_hicp_midx (CP093, unit I15, Index 2015=100)"
SE,2012,1,100.24,"Eurostat prc_hicp_midx (CP093, unit I15, Index 2015=100)"
SE,2012,2,100.13,"Eurostat prc_hicp_midx (CP093, unit I15, Index 2015=100)"
SE,2012,3,99.78,"Eurostat prc_hicp_midx (CP093, unit I15, Index 2015=100)"
SE,2012,4,99.8,"Eurostat prc_hicp_midx (CP093, unit I15, Index 2015=100)"
SE,2012,5,100.31,"Eurostat prc_hicp_midx (CP093, unit I15, Index 2015=100)"
SE,2012,6,99.35,"Eurostat prc_hicp_midx (CP093, unit I15, Index 2015=100)"
SE,2012,7,98.98,"Eurostat prc_hicp_midx (CP093, unit I15, Index 2015=100)"
SE,2012,8,98.55,"Eurostat prc_hicp_midx (CP093, unit I15, Index 2015=100)"
SE,2012,9,98.67,"Eurostat prc_hicp_midx (CP093, unit I15, Index 2015=100)"
SE,2012,10,99.88,"Eurostat prc_hicp_midx (CP093, unit I15, Index 2015=100)"
SE,2012,11,100.19,"Eurostat prc_hicp_midx (CP093, unit I15, Index 2015=100)"
SE,2012,12,100.72,"Eurostat prc_hicp_midx (CP093, unit I15, Index 2015=100)"
SE,2013,1,99.13,"Eurostat prc_hicp_midx (CP093, unit I15, Index 2015=100)"
SE,2013,2,99.67,"Eurostat prc_hicp_midx (CP093, unit I15, Index 2015=100)"
SE,2013,3,100.02,"Eurostat prc_hicp_midx (CP093, unit I15, Index 2015=100)"
SE,2013,4,101.04,"Eurostat prc_hicp_midx (CP093, unit I15, Index 2015=100)"
SE,2013,5,100.44,"Eurostat prc_hicp_midx (CP093, unit I15, Index 2015=100)"
SE,2013,6,99.01,"Eurostat prc_hicp_midx (CP093, unit I15, Index 2015=100)"
SE,2013,7,98.76,"Eurostat prc_hicp_midx (CP093, unit I15, Index 2015=100)"
SE,2013,8,98.59,"Eurostat prc_hicp_midx (CP093, unit I15, Index 2015=100)"
SE,2013,9,99.55,"Eurostat prc_hicp_midx (CP093, unit I15, Index 2015=100)"
SE,2013,10,100.67,"Eurostat prc_hicp_midx (CP093, unit I15, Index 2015=100)"
SE,2013,11,101.29,"Eurostat prc_hicp_midx (CP093, unit I15, Index 2015=100)"
SE,2013,12,101.7,"Eurostat prc_hicp_midx (CP093, unit I15, Index 2015=100)"
SE,2014,1,100.95,"Eurostat prc_hicp_midx (CP093, unit I15, Index 2015=100)"
SE,2014,2,100.72,"Eurostat prc_hicp_midx (CP093, unit I15, Index 2015=100)"
SE,2014,3,99.93,"Eurostat prc_hicp_midx (CP093, unit I15, Index 2015=100)"
SE,2014,4,100.19,"Eurostat prc_hicp_midx (CP093, unit I15, Index 2015=100)"
SE,2014,5,100.17,"Eurostat prc_hicp_midx (CP093, unit I15, Index 2015=100)"
SE,2014,6,100.12,"Eurostat prc_hicp_midx (CP093, unit I15, Index 2015=100)"
SE,2014,7,99.25,"Eurostat prc_hicp_midx (CP093, unit I15, Index 2015=100)"
SE,2014,8,99.7,"Eurostat prc_hicp_midx (CP093, unit I15, Index 2015=100)"
SE,2014,9,100.09,"Eurostat prc_hicp_midx (CP093, unit I15, Index 2015=100)"
SE,2014,10,100.02,"Eurostat prc_hicp_midx (CP093, unit I15, Index 2015=100)"
SE,2014,11,101.28,"Eurostat prc_hicp_midx (CP093, unit I15, Index 2015=100)"
SE,2014,12,100.76,"Eurostat prc_hicp_midx (CP093, unit I15, Index 2015=100)"
SE,2015,1,100.15,"Eurostat prc_hicp_midx (CP093, unit I15, Index 2015=100)"
SE,2015,2,100.16,"Eurostat prc_hicp_midx (CP093, unit I15, Index 2015=100)"
SE,2015,3,99.03,"Eurostat prc_hicp_midx (CP093, unit I15, Index 2015=100)"
SE,2015,4,99.04,"Eurostat prc_hicp_midx (CP093, unit I15, Index 2015=100)"
SE,2015,5,99.53,"Eurostat prc_hicp_midx (CP093, unit I15, Index 2015=100)"
SE,2015,6,99.78,"Eurostat prc_hicp_midx (CP093, unit I15, Index 2015=100)"
SE,2015,7,98.87,"Eurostat prc_hicp_midx (CP093, unit I15, Index 2015=100)"
SE,2015,8,98.97,"Eurostat prc_hicp_midx (CP093, unit I15, Index 2015=100)"
SE,2015,9,100.35,"Eurostat prc_hicp_midx (CP093, unit I15, Index 2015=100)"
SE,2015,10,100.32,"Eurostat prc_hicp_midx (CP093, unit I15, Index 2015=100)"
SE,2015,11,101.35,"Eurostat prc_hicp_midx (CP093, unit I15, Index 2015=100)"
SE,2015,12,102.45,"Eurostat prc_hicp_midx (CP093, unit I15, Index 2015=100)"
SE,2016,1,100.9,"Eurostat prc_hicp_midx (CP093, unit I15, Index 2015=100)"
SE,2016,2,101.05,"Eurostat prc_hicp_midx (CP093, unit I15, Index 2015=100)"
SE,2016,3,101.4,"Eurostat prc_hicp_midx (CP093, unit I15, Index 2015=100)"
SE,2016,4,101.53,"Eurostat prc_hicp_midx (CP093, unit I15, Index 2015=100)"
SE,2016,5,101.69,"Eurostat prc_hicp_midx (CP093, unit I15, Index 2015=100)"
SE,2016,6,101.34,"Eurostat prc_hicp_midx (CP093, unit I15, Index 2015=100)"
SE,2016,7,100.78,"Eurostat prc_hicp_midx (CP093, unit I15, Index 2015=100)"
SE,2016,8,101.13,"Eurostat prc_hicp_midx (CP093, unit I15, Index 2015=100)"
SE,2016,9,101.61,"Eurostat prc_hicp_midx (CP093, unit I15, Index 2015=100)"
SE,2016,10,102.61,"Eurostat prc_hicp_midx (CP093, unit I15, Index 2015=100)"
SE,2016,11,103.3,"Eurostat prc_hicp_midx (CP093, unit I15, Index 2015=100)"
SE,2016,12,102.8,"Eurostat prc_hicp_midx (CP093, unit I15, Index 2015=100)"
SE,2017,1,101.7,"Eurostat prc_hicp_midx (CP093, unit I15, Index 2015=100)"
SE,2017,2,101.32,"Eurostat prc_hicp_midx (CP093, unit I15, Index 2015=100)"
SE,2017,3,101.62,"Eurostat prc_hicp_midx (CP093, unit I15, Index 2015=100)"
SE,2017,4,101.21,"Eurostat prc_hicp_midx (CP093, unit I15, Index 2015=100)"
SE,2017,5,101.2,"Eurostat prc_hicp_midx (CP093, unit I15, Index 2015=100)"
SE,2017,6,100.44,"Eurostat prc_hicp_midx (CP093, unit I15, Index 2015=100)"
SE,2017,7,100.32,"Eurostat prc_hicp_midx (CP093, unit I15, Index 2015=100)"
SE,2017,8,99.69,"Eurostat prc_hicp_midx (CP093, unit I15, Index 2015=100)"
SE,2017,9,99.28,"Eurostat prc_hicp_midx (CP093, unit I15, Index 2015=100)"
SE,2017,10,100.9,"Eurostat prc_hicp_midx (CP093, unit I15, Index 2015=100)"
SE,2017,11,101.56,"Eurostat prc_hicp_midx (CP093, unit I15, Index 2015=100)"
SE,2017,12,101.83,"Eurostat prc_hicp_midx (CP093, unit I15, Index 2015=100)"
SE,2018,1,100.67,"Eurostat prc_hicp_midx (CP093, unit I15, Index 2015=100)"
SE,2018,2,100.18,"Eurostat prc_hicp_midx (CP093, unit I15, Index 2015=100)"
SE,2018,3,100.37,"Eurostat prc_hicp_midx (CP093, unit I15, Index 2015=100)"
SE,2018,4,100.21,"Eurostat prc_hicp_midx (CP093, unit I15, Index 2015=100)"
SE,2018,5,100.32,"Eurostat prc_hicp_midx (CP093, unit I15, Index 2015=100)"
SE,2018,6,100.46,"Eurostat prc_hicp_midx (CP093, unit I15, Index 2015=100)"
SE,2018,7,100.71,"Eurostat prc_hicp_midx (CP093, unit I15, Index 2015=100)"
SE,2018,8,99.05,"Eurostat prc_hicp_midx (CP093, unit I15, Index 2015=100)"
SE,2018,9,102.16,"Eurostat prc_hicp_midx (CP093, unit I15, Index 2015=100)"
SE,2018,10,103.15,"Eurostat prc_hicp_midx (CP093, unit I15, Index 2015=100)"
SE,2018,11,104.02,"Eurostat prc_hicp_midx (CP093, unit I15, Index 2015=100)"
SE,2018,12,102.87,"Eurostat prc_hicp_midx (CP093, unit I15, Index 2015=100)"
SE,2019,1,103.38,"Eurostat prc_hicp_midx (CP093, unit I15, Index 2015=100)"
SE,2019,2,103.36,"Eurostat prc_hicp_midx (CP093, unit I15, Index 2015=100)"
SE,2019,3,104.26,"Eurostat prc_hicp_midx (CP093, unit I15, Index 2015=100)"
SE,2019,4,102.35,"Eurostat prc_hicp_midx (CP093, unit I15, Index 2015=100)"
SE,2019,5,103.03,"Eurostat prc_hicp_midx (CP093, unit I15, Index 2015=100)"
SE,2019,6,102.79,"Eurostat prc_hicp_midx (CP093, unit I15, Index 2015=100)"
SE,2019,7,100.87,"Eurostat prc_hicp_midx (CP093, unit I15, Index 2015=100)"
SE,2019,8,102.0,"Eurostat prc_hicp_midx (CP093, unit I15, Index 2015=100)"
SE,2019,9,102.54,"Eurostat prc_hicp_midx (CP093, unit I15, Index 2015=100)"
SE,2019,10,102.97,"Eurostat prc_hicp_midx (CP093, unit I15, Index 2015=100)"
SE,2019,11,103.29,"Eurostat prc_hicp_midx (CP093, unit I15, Index 2015=100)"
SE,2019,12,102.98,"Eurostat prc_hicp_midx (CP093, unit I15, Index 2015=100)"
SE,2020,1,103.4,"Eurostat prc_hicp_midx (CP093, unit I15, Index 2015=100)"
SE,2020,2,102.48,"Eurostat prc_hicp_midx (CP093, unit I15, Index 2015=100)"
SE,2020,3,99.63,"Eurostat prc_hicp_midx (CP093, unit I15, Index 2015=100)"
SE,2020,4,102.1,"Eurostat prc_hicp_midx (CP093, unit I15, Index 2015=100)"
SE,2020,5,103.66,"Eurostat prc_hicp_midx (CP093, unit I15, Index 2015=100)"
SE,2020,6,104.2,"Eurostat prc_hicp_midx (CP093, unit I15, Index 2015=100)"
SE,2020,7,104.64,"Eurostat prc_hicp_midx (CP093, unit I15, Index 2015=100)"
SE,2020,8,103.84,"Eurostat prc_hicp_midx (CP093, unit I15, Index 2015=100)"
SE,2020,9,106.22,"Eurostat prc_hicp_midx (CP093, unit I15, Index 2015=100)"
SE,2020,10,105.35,"Eurostat prc_hicp_midx (CP093, unit I15, Index 2015=100)"
SE,2020,11,105.48,"Eurostat prc_hicp_midx (CP093, unit I15, Index 2015=100)"
SE,2020,12,106.0,"Eurostat prc_hicp_midx (CP093, unit I15, Index 2015=100)"
SE,2021,1,105.08,"Eurostat prc_hicp_midx (CP093, unit I15, Index 2015=100)"
SE,2021,2,104.64,"Eurostat prc_hicp_midx (CP093, unit I15, Index 2015=100)"
SE,2021,3,106.26,"Eurostat prc_hicp_midx (CP093, unit I15, Index 2015=100)"
SE,2021,4,106.46,"Eurostat prc_hicp_midx (CP093, unit I15, Index 2015=100)"
SE,2021,5,106.19,"Eurostat prc_hicp_midx (CP093, unit I15, Index 2015=100)"
SE,2021,6,106.06,"Eurostat prc_hicp_midx (CP093, unit I15, Index 2015=100)"
SE,2021,7,106.61,"Eurostat prc_hicp_midx (CP093, unit I15, Index 2015=100)"
SE,2021,8,105.79,"Eurostat prc_hicp_midx (CP093, unit I15, Index 2015=100)"
SE,2021,9,106.86,"Eurostat prc_hicp_midx (CP093, unit I15, Index 2015=100)"
SE,2021,10,108.33,"Eurostat prc_hicp_midx (CP093, unit I15, Index 2015=100)"
SE,2021,11,108.11,"Eurostat prc_hicp_midx (CP093, unit I15, Index 2015=100)"
SE,2021,12,107.31,"Eurostat prc_hicp_midx (CP093, unit I15, Index 2015=100)"
SE,2022,1,106.66,"Eurostat prc_hicp_midx (CP093, unit I15, Index 2015=100)"
SE,2022,2,109.02,"Eurostat prc_hicp_midx (CP093, unit I15, Index 2015=100)"
SE,2022,3,110.18,"Eurostat prc_hicp_midx (CP093, unit I15, Index 2015=100)"
SE,2022,4,108.81,"Eurostat prc_hicp_midx (CP093, unit I15, Index 2015=100)"
SE,2022,5,110.75,"Eurostat prc_hicp_midx (CP093, unit I15, Index 2015=100)"
SE,2022,6,110.32,"Eurostat prc_hicp_midx (CP093, unit I15, Index 2015=100)"
SE,2022,7,109.92,"Eurostat prc_hicp_midx (CP093, unit I15, Index 2015=100)"
SE,2022,8,110.34,"Eurostat prc_hicp_midx (CP093, unit I15, Index 2015=100)"
SE,2022,9,110.85,"Eurostat prc_hicp_midx (CP093, unit I15, Index 2015=100)"
SE,2022,10,115.95,"Eurostat prc_hicp_midx (CP093, unit I15, Index 2015=100)"
SE,2022,11,115.89,"Eurostat prc_hicp_midx (CP093, unit I15, Index 2015=100)"
SE,2022,12,116.89,"Eurostat prc_hicp_midx (CP093, unit I15, Index 2015=100)"
SE,2023,1,117.55,"Eurostat prc_hicp_midx (CP093, unit I15, Index 2015=100)"
SE,2023,2,118.66,"Eurostat prc_hicp_midx (CP093, unit I15, Index 2015=100)"
SE,2023,3,118.5,"Eurostat prc_hicp_midx (CP093, unit I15, Index 2015=100)"
SE,2023,4,117.73,"Eurostat prc_hicp_midx (CP093, unit I15, Index 2015=100)"
SE,2023,5,121.96,"Eurostat prc_hicp_midx (CP093, unit I15, Index 2015=100)"
SE,2023,6,122.62,"Eurostat prc_hicp_midx (CP093, unit I15, Index 2015=100)"
SE,2023,7,123.17,"Eurostat prc_hicp_midx (CP093, unit I15, Index 2015=100)"
SE,2023,8,122.36,"Eurostat prc_hicp_midx (CP093, unit I15, Index 2015=100)"
SE,2023,9,123.23,"Eurostat prc_hicp_midx (CP093, unit I15, Index 2015=100)"
SE,2023,10,125.71,"Eurostat prc_hicp_midx (CP093, unit I15, Index 2015=100)"
SE,2023,11,123.89,"Eurostat prc_hicp_midx (CP093, unit I15, Index 2015=100)"
SE,2023,12,125.64,"Eurostat prc_hicp_midx (CP093, unit I15, Index 2015=100)"
SE,2024,1,126.4,"Eurostat prc_hicp_midx (CP093, unit I15, Index 2015=100)"
SE,2024,2,125.3,"Eurostat prc_hicp_midx (CP093, unit I15, Index 2015=100)"
SE,2024,3,124.56,"Eurostat prc_hicp_midx (CP093, unit I15, Index 2015=100)"
SE,2024,4,125.54,"Eurostat prc_hicp_midx (CP093, unit I15, Index 2015=100)"
SE,2024,5,126.12,"Eurostat prc_hicp_midx (CP093, unit I15, Index 2015=100)"
SE,2024,6,124.76,"Eurostat prc_hicp_midx (CP093, unit I15, Index 2015=100)"
SE,2024,7,123.44,"Eurostat prc_hicp_midx (CP093, unit I15, Index 2015=100)"
SE,2024,8,123.43,"Eurostat prc_hicp_midx (CP093, unit I15, Index 2015=100)"
SE,2024,9,124.11,"Eurostat prc_hicp_midx (CP093, unit I15, Index 2015=100)"
SE,2024,10,124.36,"Eurostat prc_hicp_midx (CP093, unit I15, Index 2015=100)"
SE,2024,11,124.14,"Eurostat prc_hicp_midx (CP093, unit I15, Index 2015=100)"
SE,2024,12,125.1,"Eurostat prc_hicp_midx (CP093, unit I15, Index 2015=100)"
IS,2010,1,87.4,"Eurostat prc_hicp_midx (CP093, unit I15, Index 2015=100)"
IS,2010,2,88.11,"Eurostat prc_hicp_midx (CP093, unit I15, Index 2015=100)"
IS,2010,3,89.38,"Eurostat prc_hicp_midx (CP093, unit I15, Index 2015=100)"
IS,2010,4,87.75,"Eurostat prc_hicp_midx (CP093, unit I15, Index 2015=100)"
IS,2010,5,87.96,"Eurostat prc_hicp_midx (CP093, unit I15, Index 2015=100)"
IS,2010,6,89.07,"Eurostat prc_hicp_midx (CP093, unit I15, Index 2015=100)"
IS,2010,7,87.85,"Eurostat prc_hicp_midx (CP093, unit I15, Index 2015=100)"
IS,2010,8,87.81,"Eurostat prc_hicp_midx (CP093, unit I15, Index 2015=100)"
IS,2010,9,86.22,"Eurostat prc_hicp_midx (CP093, unit I15, Index 2015=100)"
IS,2010,10,86.85,"Eurostat prc_hicp_midx (CP093, unit I15, Index 2015=100)"
IS,2010,11,86.8,"Eurostat prc_hicp_midx (CP093, unit I15, Index 2015=100)"
IS,2010,12,86.91,"Eurostat prc_hicp_midx (CP093, unit I15, Index 2015=100)"
IS,2011,1,86.21,"Eurostat prc_hicp_midx (CP093, unit I15, Index 2015=100)"
IS,2011,2,86.2,"Eurostat prc_hicp_midx (CP093, unit I15, Index 2015=100)"
IS,2011,3,87.23,"Eurostat prc_hicp_midx (CP093, unit I15, Index 2015=100)"
IS,2011,4,87.66,"Eurostat prc_hicp_midx (CP093, unit I15, Index 2015=100)"
IS,2011,5,88.82,"Eurostat prc_hicp_midx (CP093, unit I15, Index 2015=100)"
IS,2011,6,91.19,"Eurostat prc_hicp_midx (CP093, unit I15, Index 2015=100)"
IS,2011,7,90.99,"Eurostat prc_hicp_midx (CP093, unit I15, Index 2015=100)"
IS,2011,8,91.2,"Eurostat prc_hicp_midx (CP093, unit I15, Index 2015=100)"
IS,2011,9,91.94,"Eurostat prc_hicp_midx (CP093, unit I15, Index 2015=100)"
IS,2011,10,92.2,"Eurostat prc_hicp_midx (CP093, unit I15, Index 2015=100)"
IS,2011,11,92.35,"Eurostat prc_hicp_midx (CP093, unit I15, Index 2015=100)"
IS,2011,12,92.64,"Eurostat prc_hicp_midx (CP093, unit I15, Index 2015=100)"
IS,2012,1,92.56,"Eurostat prc_hicp_midx (CP093, unit I15, Index 2015=100)"
IS,2012,2,93.18,"Eurostat prc_hicp_midx (CP093, unit I15, Index 2015=100)"
IS,2012,3,94.02,"Eurostat prc_hicp_midx (CP093, unit I15, Index 2015=100)"
IS,2012,4,94.25,"Eurostat prc_hicp_midx (CP093, unit I15, Index 2015=100)"
IS,2012,5,94.8,"Eurostat prc_hicp_midx (CP093, unit I15, Index 2015=100)"
IS,2012,6,95.76,"Eurostat prc_hicp_midx (CP093, unit I15, Index 2015=100)"
IS,2012,7,93.77,"Eurostat prc_hicp_midx (CP093, unit I15, Index 2015=100)"
IS,2012,8,93.45,"Eurostat prc_hicp_midx (CP093, unit I15, Index 2015=100)"
IS,2012,9,93.68,"Eurostat prc_hicp_midx (CP093, unit I15, Index 2015=100)"
IS,2012,10,94.5,"Eurostat prc_hicp_midx (CP093, unit I15, Index 2015=100)"
IS,2012,11,94.25,"Eurostat prc_hicp_midx (CP093, unit I15, Index 2015=100)"
IS,2012,12,95.14,"Eurostat prc_hicp_midx (CP093, unit I15, Index 2015=100)"
IS,2013,1,95.49,"Eurostat prc_hicp_midx (CP093, unit I15, Index 2015=100)"
IS,2013,2,97.1,"Eurostat prc_hicp_midx (CP093, unit I15, Index 2015=100)"
IS,2013,3,97.77,"Eurostat prc_hicp_midx (CP093, unit I15, Index 2015=100)"
IS,2013,4,97.83,"Eurostat prc_hicp_midx (CP093, unit I15, Index 2015=100)"
IS,2013,5,96.04,"Eurostat prc_hicp_midx (CP093, unit I15, Index 2015=100)"
IS,2013,6,96.47,"Eurostat prc_hicp_midx (CP093, unit I15, Index 2015=100)"
IS,2013,7,96.06,"Eurostat prc_hicp_midx (CP093, unit I15, Index 2015=100)"
IS,2013,8,96.28,"Eurostat prc_hicp_midx (CP093, unit I15, Index 2015=100)"
IS,2013,9,96.35,"Eurostat prc_hicp_midx (CP093, unit I15, Index 2015=100)"
IS,2013,10,96.32,"Eurostat prc_hicp_midx (CP093, unit I15, Index 2015=100)"
IS,2013,11,97.1,"Eurostat prc_hicp_midx (CP093, unit I15, Index 2015=100)"
IS,2013,12,97.16,"Eurostat prc_hicp_midx (CP093, unit I15, Index 2015=100)"
IS,2014,1,97.76,"Eurostat prc_hicp_midx (CP093, unit I15, Index 2015=100)"
IS,2014,2,97.81,"Eurostat prc_hicp_midx (CP093, unit I15, Index 2015=100)"
IS,2014,3,98.1,"Eurostat prc_hicp_midx (CP093, unit I15, Index 2015=100)"
IS,2014,4,98.25,"Eurostat prc_hicp_midx (CP093, unit I15, Index 2015=100)"
IS,2014,5,98.39,"Eurostat prc_hicp_midx (CP093, unit I15, Index 2015=100)"
IS,2014,6,98.02,"Eurostat prc_hicp_midx (CP093, unit I15, Index 2015=100)"
IS,2014,7,97.74,"Eurostat prc_hicp_midx (CP093, unit I15, Index 2015=100)"
IS,2014,8,97.36,"Eurostat prc_hicp_midx (CP093, unit I15, Index 2015=100)"
IS,2014,9,97.05,"Eurostat prc_hicp_midx (CP093, unit I15, Index 2015=100)"
IS,2014,10,98.42,"Eurostat prc_hicp_midx (CP093, unit I15, Index 2015=100)"
IS,2014,11,98.6,"Eurostat prc_hicp_midx (CP093, unit I15, Index 2015=100)"
IS,2014,12,98.39,"Eurostat prc_hicp_midx (CP093, unit I15, Index 2015=100)"
IS,2015,1,98.23,"Eurostat prc_hicp_midx (CP093, unit I15, Index 2015=100)"
IS,2015,2,98.0,"Eurostat prc_hicp_midx (CP093, unit I15, Index 2015=100)"
IS,2015,3,99.68,"Eurostat prc_hicp_midx (CP093, unit I15, Index 2015=100)"
IS,2015,4,101.15,"Eurostat prc_hicp_midx (CP093, unit I15, Index 2015=100)"
IS,2015,5,101.09,"Eurostat prc_hicp_midx (CP093, unit I15, Index 2015=100)"
IS,2015,6,100.74,"Eurostat prc_hicp_midx (CP093, unit I15, Index 2015=100)"
IS,2015,7,100.61,"Eurostat prc_hicp_midx (CP093, unit I15, Index 2015=100)"
IS,2015,8,100.83,"Eurostat prc_hicp_midx (CP093, unit I15, Index 2015=100)"
IS,2015,9,101.08,"Eurostat prc_hicp_midx (CP093, unit I15, Index 2015=100)"
IS,2015,10,99.59,"Eurostat prc_hicp_midx (CP093, unit I15, Index 2015=100)"
IS,2015,11,99.39,"Eurostat prc_hicp_midx (CP093, unit I15, Index 2015=100)"
IS,2015,12,99.61,"Eurostat prc_hicp_midx (CP093, unit I15, Index 2015=100)"
IS,2016,1,99.77,"Eurostat prc_hicp_midx (CP093, unit I15, Index 2015=100)"
IS,2016,2,99.8,"Eurostat prc_hicp_midx (CP093, unit I15, Index 2015=100)"
IS,2016,3,99.96,"Eurostat prc_hicp_midx (CP093, unit I15, Index 2015=100)"
IS,2016,4,98.22,"Eurostat prc_hicp_midx (CP093, unit I15, Index 2015=100)"
IS,2016,5,100.33,"Eurostat prc_hicp_midx (CP093, unit I15, Index 2015=100)"
IS,2016,6,100.55,"Eurostat prc_hicp_midx (CP093, unit I15, Index 2015=100)"
IS,2016,7,98.09,"Eurostat prc_hicp_midx (CP093, unit I15, Index 2015=100)"
IS,2016,8,97.76,"Eurostat prc_hicp_midx (CP093, unit I15, Index 2015=100)"
IS,2016,9,100.44,"Eurostat prc_hicp_midx (CP093, unit I15, Index 2015=100)"
IS,2016,10,100.59,"Eurostat prc_hicp_midx (CP093, unit I15, Index 2015=100)"
IS,2016,11,99.87,"Eurostat prc_hicp_midx (CP093, unit I15, Index 2015=100)"
IS,2016,12,98.87,"Eurostat prc_hicp_midx (CP093, unit I15, Index 2015=100)"
IS,2017,1,98.02,"Eurostat prc_hicp_midx (CP093, unit I15, Index 2015=100)"
IS,2017,2,96.67,"Eurostat prc_hicp_midx (CP093, unit I15, Index 2015=100)"
IS,2017,3,95.74,"Eurostat prc_hicp_midx (CP093, unit I15, Index 2015=100)"
IS,2017,4,97.54,"Eurostat prc_hicp_midx (CP093, unit I15, Index 2015=100)"
IS,2017,5,96.31,"Eurostat prc_hicp_midx (CP093, unit I15, Index 2015=100)"
IS,2017,6,94.8,"Eurostat prc_hicp_midx (CP093, unit I15, Index 2015=100)"
IS,2017,7,93.61,"Eurostat prc_hicp_midx (CP093, unit I15, Index 2015=100)"
IS,2017,8,92.35,"Eurostat prc_hicp_midx (CP093, unit I15, Index 2015=100)"
IS,2017,9,93.34,"Eurostat prc_hicp_midx (CP093, unit I15, Index 2015=100)"
IS,2017,10,93.67,"Eurostat prc_hicp_midx (CP093, unit I15, Index 2015=100)"
IS,2017,11,94.51,"Eurostat prc_hicp_midx (CP093, unit I15, Index 2015=100)"
IS,2017,12,93.6,"Eurostat prc_hicp_midx (CP093, unit I15, Index 2015=100)"
IS,2018,1,93.15,"Eurostat prc_hicp_midx (CP093, unit I15, Index 2015=100)"
IS,2018,2,92.87,"Eurostat prc_hicp_midx (CP093, unit I15, Index 2015=100)"
IS,2018,3,91.95,"Eurostat prc_hicp_midx (CP093, unit I15, Index 2015=100)"
IS,2018,4,92.07,"Eurostat prc_hicp_midx (CP093, unit I15, Index 2015=100)"
IS,2018,5,91.99,"Eurostat prc_hicp_midx (CP093, unit I15, Index 2015=100)"
IS,2018,6,92.39,"Eurostat prc_hicp_midx (CP093, unit I15, Index 2015=100)"
IS,2018,7,90.6,"Eurostat prc_hicp_midx (CP093, unit I15, Index 2015=100)"
IS,2018,8,90.41,"Eurostat prc_hicp_midx (CP093, unit I15, Index 2015=100)"
IS,2018,9,90.8,"Eurostat prc_hicp_midx (CP093, unit I15, Index 2015=100)"
IS,2018,10,91.59,"Eurostat prc_hicp_midx (CP093, unit I15, Index 2015=100)"
IS,2018,11,92.56,"Eurostat prc_hicp_midx (CP093, unit I15, Index 2015=100)"
IS,2018,12,92.24,"Eurostat prc_hicp_midx (CP093, unit I15, Index 2015=100)"
IS,2019,1,92.13,"Eurostat prc_hicp_midx (CP093, unit I15, Index 2015=100)"
IS,2019,2,92.52,"Eurostat prc_hicp_midx (CP093, unit I15, Index 2015=100)"
IS,2019,3,91.44,"Eurostat prc_hicp_midx (CP093, unit I15, Index 2015=100)"
IS,2019,4,91.69,"Eurostat prc_hicp_midx (CP093, unit I15, Index 2015=100)"
IS,2019,5,92.32,"Eurostat prc_hicp_midx (CP093, unit I15, Index 2015=100)"
IS,2019,6,92.94,"Eurostat prc_hicp_midx (CP093, unit I15, Index 2015=100)"
IS,2019,7,93.19,"Eurostat prc_hicp_midx (CP093, unit I15, Index 2015=100)"
IS,2019,8,92.13,"Eurostat prc_hicp_midx (CP093, unit I15, Index 2015=100)"
IS,2019,9,92.66,"Eurostat prc_hicp_midx (CP093, unit I15, Index 2015=100)"
IS,2019,10,94.05,"Eurostat prc_hicp_midx (CP093, unit I15, Index 2015=100)"
IS,2019,11,95.11,"Eurostat prc_hicp_midx (CP093, unit I15, Index 2015=100)"
IS,2019,12,94.97,"Eurostat prc_hicp_midx (CP093, unit I15, Index 2015=100)"
IS,2020,1,94.47,"Eurostat prc_hicp_midx (CP093, unit I15, Index 2015=100)"
IS,2020,2,95.41,"Eurostat prc_hicp_midx (CP093, unit I15, Index 2015=100)"
IS,2020,3,95.19,"Eurostat prc_hicp_midx (CP093, unit I15, Index 2015=100)"
IS,2020,4,94.66,"Eurostat prc_hicp_midx (CP093, unit I15, Index 2015=100)"
IS,2020,5,96.3,"Eurostat prc_hicp_midx (CP093, unit I15, Index 2015=100)"
IS,2020,6,96.99,"Eurostat prc_hicp_midx (CP093, unit I15, Index 2015=100)"
IS,2020,7,97.82,"Eurostat prc_hicp_midx (CP093, unit I15, Index 2015=100)"
IS,2020,8,98.83,"Eurostat prc_hicp_midx (CP093, unit I15, Index 2015=100)"
IS,2020,9,98.63,"Eurostat prc_hicp_midx (CP093, unit I15, Index 2015=100)"
IS,2020,10,99.08,"Eurostat prc_hicp_midx (CP093, unit I15, Index 2015=100)"
IS,2020,11,99.61,"Eurostat prc_hicp_midx (CP093, unit I15, Index 2015=100)"
IS,2020,12,101.29,"Eurostat prc_hicp_midx (CP093, unit I15, Index 2015=100)"
IS,2021,1,101.05,"Eurostat prc_hicp_midx (CP093, unit I15, Index 2015=100)"
IS,2021,2,101.33,"Eurostat prc_hicp_midx (CP093, unit I15, Index 2015=100)"
IS,2021,3,101.54,"Eurostat prc_hicp_midx (CP093, unit I15, Index 2015=100)"
IS,2021,4,102.31,"Eurostat prc_hicp_midx (CP093, unit I15, Index 2015=100)"
IS,2021,5,102.66,"Eurostat prc_hicp_midx (CP093, unit I15, Index 2015=100)"
IS,2021,6,102.34,"Eurostat prc_hicp_midx (CP093, unit I15, Index 2015=100)"
IS,2021,7,102.39,"Eurostat prc_hicp_midx (CP093, unit I15, Index 2015=100)"
IS,2021,8,102.74,"Eurostat prc_hicp_midx (CP093, unit I15, Index 2015=100)"
IS,2021,9,103.03,"Eurostat prc_hicp_midx (CP093, unit I15, Index 2015=100)"
IS,2021,10,103.12,"Eurostat prc_hicp_midx (CP093, unit I15, Index 2015=100)"
IS,2021,11,102.92,"Eurostat prc_hicp_midx (CP093, unit I15, Index 2015=100)"
IS,2021,12,103.55,"Eurostat prc_hicp_midx (CP093, unit I15, Index 2015=100)"
IS,2022,1,103.36,"Eurostat prc_hicp_midx (CP093, unit I15, Index 2015=100)"
IS,2022,2,104.52,"Eurostat prc_hicp_midx (CP093, unit I15, Index 2015=100)"
IS,2022,3,103.95,"Eurostat prc_hicp_midx (CP093, unit I15, Index 2015=100)"
IS,2022,4,103.46,"Eurostat prc_hicp_midx (CP093, unit I15, Index 2015=100)"
IS,2022,5,105.28,"Eurostat prc_hicp_midx (CP093, unit I15, Index 2015=100)"
IS,2022,6,104.8,"Eurostat prc_hicp_midx (CP093, unit I15, Index 2015=100)"
IS,2022,7,104.84,"Eurostat prc_hicp_midx (CP093, unit I15, Index 2015=100)"
IS,2022,8,105.42,"Eurostat prc_hicp_midx (CP093, unit I15, Index 2015=100)"
IS,2022,9,104.98,"Eurostat prc_hicp_midx (CP093, unit I15, Index 2015=100)"
IS,2022,10,106.49,"Eurostat prc_hicp_midx (CP093, unit I15, Index 2015=100)"
IS,2022,11,105.99,"Eurostat prc_hicp_midx (CP093, unit I15, Index 2015=100)"
IS,2022,12,105.18,"Eurostat prc_hicp_midx (CP093, unit I15, Index 2015=100)"
IS,2023,1,106.12,"Eurostat prc_hicp_midx (CP093, unit I15, Index 2015=100)"
IS,2023,2,106.69,"Eurostat prc_hicp_midx (CP093, unit I15, Index 2015=100)"
IS,2023,3,107.11,"Eurostat prc_hicp_midx (CP093, unit I15, Index 2015=100)"
IS,2023,4,107.06,"Eurostat prc_hicp_midx (CP093, unit I15, Index 2015=100)"
IS,2023,5,105.37,"Eurostat prc_hicp_midx (CP093, unit I15, Index 2015=100)"
IS,2023,6,107.98,"Eurostat prc_hicp_midx (CP093, unit I15, Index 2015=100)"
IS,2023,7,107.65,"Eurostat prc_hicp_midx (CP093, unit I15, Index 2015=100)"
IS,2023,8,106.82,"Eurostat prc_hicp_midx (CP093, unit I15, Index 2015=100)"
IS,2023,9,108.93,"Eurostat prc_hicp_midx (CP093, unit I15, Index 2015=100)"
IS,2023,10,110.22,"Eurostat prc_hicp_midx (CP093, unit I15, Index 2015=100)"
IS,2023,11,110.36,"Eurostat prc_hicp_midx (CP093, unit I15, Index 2015=100)"
IS,2023,12,109.98,"Eurostat prc_hicp_midx (CP093, unit I15, Index 2015=100)"
IS,2024,1,108.56,"Eurostat prc_hicp_midx (CP093, unit I15, Index 2015=100)"
IS,2024,2,110.16,"Eurostat prc_hicp_midx (CP093, unit I15, Index 2015=100)"
IS,2024,3,109.51,"Eurostat prc_hicp_midx (CP093, unit I15, Index 2015=100)"
IS,2024,4,109.03,"Eurostat prc_hicp_midx (CP093, unit I15, Index 2015=100)"
IS,2024,5,110.02,"Eurostat prc_hicp_midx (CP093, unit I15, Index 2015=100)"
IS,2024,6,110.42,"Eurostat prc_hicp_midx (CP093, unit I15, Index 2015=100)"
IS,2024,7,109.81,"Eurostat prc_hicp_midx (CP093, unit I15, Index 2015=100)"
IS,2024,8,109.48,"Eurostat prc_hicp_midx (CP093, unit I15, Index 2015=100)"
IS,2024,9,109.77,"Eurostat prc_hicp_midx (CP093, unit I15, Index 2015=100)"
IS,2024,10,109.19,"Eurostat prc_hicp_midx (CP093, unit I15, Index 2015=100)"
IS,2024,11,110.54,"Eurostat prc_hicp_midx (CP093, unit I15, Index 2015=100)"
IS,2024,12,110.4,"Eurostat prc_hicp_midx (CP093, unit I15, Index 2015=100)"
NO,2010,1,95.0,"Eurostat prc_hicp_midx (CP093, unit I15, Index 2015=100)"
NO,2010,2,95.8,"Eurostat prc_hicp_midx (CP093, unit I15, Index 2015=100)"
NO,2010,3,95.3,"Eurostat prc_hicp_midx (CP093, unit I15, Index 2015=100)"
NO,2010,4,94.7,"Eurostat prc_hicp_midx (CP093, unit I15, Index 2015=100)"
NO,2010,5,95.0,"Eurostat prc_hicp_midx (CP093, unit I15, Index 2015=100)"
NO,2010,6,94.8,"Eurostat prc_hicp_midx (CP093, unit I15, Index 2015=100)"
NO,2010,7,95.1,"Eurostat prc_hicp_midx (CP093, unit I15, Index 2015=100)"
NO,2010,8,94.6,"Eurostat prc_hicp_midx (CP093, unit I15, Index 2015=100)"
NO,2010,9,94.3,"Eurostat prc_hicp_midx (CP093, unit I15, Index 2015=100)"
NO,2010,10,94.2,"Eurostat prc_hicp_midx (CP093, unit I15, Index 2015=100)"
NO,2010,11,94.4,"Eurostat prc_hicp_midx (CP093, unit I15, Index 2015=100)"
NO,2010,12,94.8,"Eurostat prc_hicp_midx (CP093, unit I15, Index 2015=100)"
NO,2011,1,94.7,"Eurostat prc_hicp_midx (CP093, unit I15, Index 2015=100)"
NO,2011,2,95.0,"Eurostat prc_hicp_midx (CP093, unit I15, Index 2015=100)"
NO,2011,3,95.3,"Eurostat prc_hicp_midx (CP093, unit I15, Index 2015=100)"
NO,2011,4,94.6,"Eurostat prc_hicp_midx (CP093, unit I15, Index 2015=100)"
NO,2011,5,95.5,"Eurostat prc_hicp_midx (CP093, unit I15, Index 2015=100)"
NO,2011,6,95.6,"Eurostat prc_hicp_midx (CP093, unit I15, Index 2015=100)"
NO,2011,7,95.6,"Eurostat prc_hicp_midx (CP093, unit I15, Index 2015=100)"
NO,2011,8,96.2,"Eurostat prc_hicp_midx (CP093, unit I15, Index 2015=100)"
NO,2011,9,96.2,"Eurostat prc_hicp_midx (CP093, unit I15, Index 2015=100)"
NO,2011,10,96.2,"Eurostat prc_hicp_midx (CP093, unit I15, Index 2015=100)"
NO,2011,11,96.0,"Eurostat prc_hicp_midx (CP093, unit I15, Index 2015=100)"
NO,2011,12,96.3,"Eurostat prc_hicp_midx (CP093, unit I15, Index 2015=100)"
NO,2012,1,95.1,"Eurostat prc_hicp_midx (CP093, unit I15, Index 2015=100)"
NO,2012,2,96.1,"Eurostat prc_hicp_midx (CP093, unit I15, Index 2015=100)"
NO,2012,3,97.1,"Eurostat prc_hicp_midx (CP093, unit I15, Index 2015=100)"
NO,2012,4,96.5,"Eurostat prc_hicp_midx (CP093, unit I15, Index 2015=100)"
NO,2012,5,97.3,"Eurostat prc_hicp_midx (CP093, unit I15, Index 2015=100)"
NO,2012,6,96.3,"Eurostat prc_hicp_midx (CP093, unit I15, Index 2015=100)"
NO,2012,7,96.0,"Eurostat prc_hicp_midx (CP093, unit I15, Index 2015=100)"
NO,2012,8,94.4,"Eurostat prc_hicp_midx (CP093, unit I15, Index 2015=100)"
NO,2012,9,95.3,"Eurostat prc_hicp_midx (CP093, unit I15, Index 2015=100)"
NO,2012,10,96.1,"Eurostat prc_hicp_midx (CP093, unit I15, Index 2015=100)"
NO,2012,11,95.7,"Eurostat prc_hicp_midx (CP093, unit I15, Index 2015=100)"
NO,2012,12,96.0,"Eurostat prc_hicp_midx (CP093, unit I15, Index 2015=100)"
NO,2013,1,95.7,"Eurostat prc_hicp_midx (CP093, unit I15, Index 2015=100)"
NO,2013,2,96.5,"Eurostat prc_hicp_midx (CP093, unit I15, Index 2015=100)"
NO,2013,3,95.4,"Eurostat prc_hicp_midx (CP093, unit I15, Index 2015=100)"
NO,2013,4,95.0,"Eurostat prc_hicp_midx (CP093, unit I15, Index 2015=100)"
NO,2013,5,95.7,"Eurostat prc_hicp_midx (CP093, unit I15, Index 2015=100)"
NO,2013,6,96.0,"Eurostat prc_hicp_midx (CP093, unit I15, Index 2015=100)"
NO,2013,7,95.9,"Eurostat prc_hicp_midx (CP093, unit I15, Index 2015=100)"
NO,2013,8,94.1,"Eurostat prc_hicp_midx (CP093, unit I15, Index 2015=100)"
NO,2013,9,94.4,"Eurostat prc_hicp_midx (CP093, unit I15, Index 2015=100)"
NO,2013,10,94.8,"Eurostat prc_hicp_midx (CP093, unit I15, Index 2015=100)"
NO,2013,11,94.9,"Eurostat prc_hicp_midx (CP093, unit I15, Index 2015=100)"
NO,2013,12,96.1,"Eurostat prc_hicp_midx (CP093, unit I15, Index 2015=100)"
NO,2014,1,95.7,"Eurostat prc_hicp_midx (CP093, unit I15, Index 2015=100)"
NO,2014,2,96.6,"Eurostat prc_hicp_midx (CP093, unit I15, Index 2015=100)"
NO,2014,3,95.8,"Eurostat prc_hicp_midx (CP093, unit I15, Index 2015=100)"
NO,2014,4,97.1,"Eurostat prc_hicp_midx (CP093, unit I15, Index 2015=100)"
NO,2014,5,96.9,"Eurostat prc_hicp_midx (CP093, unit I15, Index 2015=100)"
NO,2014,6,97.1,"Eurostat prc_hicp_midx (CP093, unit I15, Index 2015=100)"
NO,2014,7,96.6,"Eurostat prc_hicp_midx (CP093, unit I15, Index 2015=100)"
NO,2014,8,96.8,"Eurostat prc_hicp_midx (CP093, unit I15, Index 2015=100)"
NO,2014,9,97.3,"Eurostat prc_hicp_midx (CP093, unit I15, Index 2015=100)"
NO,2014,10,98.9,"Eurostat prc_hicp_midx (CP093, unit I15, Index 2015=100)"
NO,2014,11,98.9,"Eurostat prc_hicp_midx (CP093, unit I15, Index 2015=100)"
NO,2014,12,99.6,"Eurostat prc_hicp_midx (CP093, unit I15, Index 2015=100)"
NO,2015,1,99.2,"Eurostat prc_hicp_midx (CP093, unit I15, Index 2015=100)"
NO,2015,2,99.8,"Eurostat prc_hicp_midx (CP093, unit I15, Index 2015=100)"
NO,2015,3,99.2,"Eurostat prc_hicp_midx (CP093, unit I15, Index 2015=100)"
NO,2015,4,99.3,"Eurostat prc_hicp_midx (CP093, unit I15, Index 2015=100)"
NO,2015,5,99.8,"Eurostat prc_hicp_midx (CP093, unit I15, Index 2015=100)"
NO,2015,6,99.7,"Eurostat prc_hicp_midx (CP093, unit I15, Index 2015=100)"
NO,2015,7,99.7,"Eurostat prc_hicp_midx (CP093, unit I15, Index 2015=100)"
NO,2015,8,100.0,"Eurostat prc_hicp_midx (CP093, unit I15, Index 2015=100)"
NO,2015,9,98.7,"Eurostat prc_hicp_midx (CP093, unit I15, Index 2015=100)"
NO,2015,10,100.6,"Eurostat prc_hicp_midx (CP093, unit I15, Index 2015=100)"
NO,2015,11,101.9,"Eurostat prc_hicp_midx (CP093, unit I15, Index 2015=100)"
NO,2015,12,102.0,"Eurostat prc_hicp_midx (CP093, unit I15, Index 2015=100)"
NO,2016,1,102.1,"Eurostat prc_hicp_midx (CP093, unit I15, Index 2015=100)"
NO,2016,2,103.1,"Eurostat prc_hicp_midx (CP093, unit I15, Index 2015=100)"
NO,2016,3,101.9,"Eurostat prc_hicp_midx (CP093, unit I15, Index 2015=100)"
NO,2016,4,102.2,"Eurostat prc_hicp_midx (CP093, unit I15, Index 2015=100)"
NO,2016,5,102.8,"Eurostat prc_hicp_midx (CP093, unit I15, Index 2015=100)"
NO,2016,6,103.0,"Eurostat prc_hicp_midx (CP093, unit I15, Index 2015=100)"
NO,2016,7,102.9,"Eurostat prc_hicp_midx (CP093, unit I15, Index 2015=100)"
NO,2016,8,103.0,"Eurostat prc_hicp_midx (CP093, unit I15, Index 2015=100)"
NO,2016,9,103.1,"Eurostat prc_hicp_midx (CP093, unit I15, Index 2015=100)"
NO,2016,10,102.6,"Eurostat prc_hicp_midx (CP093, unit I15, Index 2015=100)"
NO,2016,11,103.1,"Eurostat prc_hicp_midx (CP093, unit I15, Index 2015=100)"
NO,2016,12,103.9,"Eurostat prc_hicp_midx (CP093, unit I15, Index 2015=100)"
NO,2017,1,103.7,"Eurostat prc_hicp_midx (CP093, unit I15, Index 2015=100)"
NO,2017,2,103.1,"Eurostat prc_hicp_midx (CP093, unit I15, Index 2015=100)"
NO,2017,3,102.2,"Eurostat prc_hicp_midx (CP093, unit I15, Index 2015=100)"
NO,2017,4,102.5,"Eurostat prc_hicp_midx (CP093, unit I15, Index 2015=100)"
NO,2017,5,103.7,"Eurostat prc_hicp_midx (CP093, unit I15, Index 2015=100)"
NO,2017,6,104.9,"Eurostat prc_hicp_midx (CP093, unit I15, Index 2015=100)"
NO,2017,7,104.7,"Eurostat prc_hicp_midx (CP093, unit I15, Index 2015=100)"
NO,2017,8,104.6,"Eurostat prc_hicp_midx (CP093, unit I15, Index 2015=100)"
NO,2017,9,104.3,"Eurostat prc_hicp_midx (CP093, unit I15, Index 2015=100)"
NO,2017,10,103.3,"Eurostat prc_hicp_midx (CP093, unit I15, Index 2015=100)"
NO,2017,11,105.6,"Eurostat prc_hicp_midx (CP093, unit I15, Index 2015=100)"
NO,2017,12,105.0,"Eurostat prc_hicp_midx (CP093, unit I15, Index 2015=100)"
NO,2018,1,101.5,"Eurostat prc_hicp_midx (CP093, unit I15, Index 2015=100)"
NO,2018,2,103.1,"Eurostat prc_hicp_midx (CP093, unit I15, Index 2015=100)"
NO,2018,3,103.3,"Eurostat prc_hicp_midx (CP093, unit I15, Index 2015=100)"
NO,2018,4,102.1,"Eurostat prc_hicp_midx (CP093, unit I15, Index 2015=100)"
NO,2018,5,104.6,"Eurostat prc_hicp_midx (CP093, unit I15, Index 2015=100)"
NO,2018,6,104.6,"Eurostat prc_hicp_midx (CP093, unit I15, Index 2015=100)"
NO,2018,7,104.7,"Eurostat prc_hicp_midx (CP093, unit I15, Index 2015=100)"
NO,2018,8,105.0,"Eurostat prc_hicp_midx (CP093, unit I15, Index 2015=100)"
NO,2018,9,104.5,"Eurostat prc_hicp_midx (CP093, unit I15, Index 2015=100)"
NO,2018,10,104.3,"Eurostat prc_hicp_midx (CP093, unit I15, Index 2015=100)"
NO,2018,11,104.9,"Eurostat prc_hicp_midx (CP093, unit I15, Index 2015=100)"
NO,2018,12,106.4,"Eurostat prc_hicp_midx (CP093, unit I15, Index 2015=100)"
NO,2019,1,105.6,"Eurostat prc_hicp_midx (CP093, unit I15, Index 2015=100)"
NO,2019,2,105.5,"Eurostat prc_hicp_midx (CP093, unit I15, Index 2015=100)"
NO,2019,3,105.8,"Eurostat prc_hicp_midx (CP093, unit I15, Index 2015=100)"
NO,2019,4,105.5,"Eurostat prc_hicp_midx (CP093, unit I15, Index 2015=100)"
NO,2019,5,107.1,"Eurostat prc_hicp_midx (CP093, unit I15, Index 2015=100)"
NO,2019,6,105.4,"Eurostat prc_hicp_midx (CP093, unit I15, Index 2015=100)"
NO,2019,7,105.9,"Eurostat prc_hicp_midx (CP093, unit I15, Index 2015=100)"
NO,2019,8,104.5,"Eurostat prc_hicp_midx (CP093, unit I15, Index 2015=100)"
NO,2019,9,104.0,"Eurostat prc_hicp_midx (CP093, unit I15, Index 2015=100)"
NO,2019,10,104.8,"Eurostat prc_hicp_midx (CP093, unit I15, Index 2015=100)"
NO,2019,11,107.5,"Eurostat prc_hicp_midx (CP093, unit I15, Index 2015=100)"
NO,2019,12,107.4,"Eurostat prc_hicp_midx (CP093, unit I15, Index 2015=100)"
NO,2020,1,105.8,"Eurostat prc_hicp_midx (CP093, unit I15, Index 2015=100)"
NO,2020,2,107.5,"Eurostat prc_hicp_midx (CP093, unit I15, Index 2015=100)"
NO,2020,3,105.6,"Eurostat prc_hicp_midx (CP093, unit I15, Index 2015=100)"
NO,2020,4,108.2,"Eurostat prc_hicp_midx (CP093, unit I15, Index 2015=100)"
NO,2020,5,109.5,"Eurostat prc_hicp_midx (CP093, unit I15, Index 2015=100)"
NO,2020,6,109.3,"Eurostat prc_hicp_midx (CP093, unit I15, Index 2015=100)"
NO,2020,7,109.0,"Eurostat prc_hicp_midx (CP093, unit I15, Index 2015=100)"
NO,2020,8,110.0,"Eurostat prc_hicp_midx (CP093, unit I15, Index 2015=100)"
NO,2020,9,109.1,"Eurostat prc_hicp_midx (CP093, unit I15, Index 2015=100)"
NO,2020,10,109.5,"Eurostat prc_hicp_midx (CP093, unit I15, Index 2015=100)"
NO,2020,11,109.5,"Eurostat prc_hicp_midx (CP093, unit I15, Index 2015=100)"
NO,2020,12,110.9,"Eurostat prc_hicp_midx (CP093, unit I15, Index 2015=100)"
NO,2021,1,110.7,"Eurostat prc_hicp_midx (CP093, unit I15, Index 2015=100)"
NO,2021,2,112.2,"Eurostat prc_hicp_midx (CP093, unit I15, Index 2015=100)"
NO,2021,3,112.1,"Eurostat prc_hicp_midx (CP093, unit I15, Index 2015=100)"
NO,2021,4,113.5,"Eurostat prc_hicp_midx (CP093, unit I15, Index 2015=100)"
NO,2021,5,114.3,"Eurostat prc_hicp_midx (CP093, unit I15, Index 2015=100)"
NO,2021,6,114.2,"Eurostat prc_hicp_midx (CP093, unit I15, Index 2015=100)"
NO,2021,7,113.7,"Eurostat prc_hicp_midx (CP093, unit I15, Index 2015=100)"
NO,2021,8,114.9,"Eurostat prc_hicp_midx (CP093, unit I15, Index 2015=100)"
NO,2021,9,114.7,"Eurostat prc_hicp_midx (CP093, unit I15, Index 2015=100)"
NO,2021,10,114.0,"Eurostat prc_hicp_midx (CP093, unit I15, Index 2015=100)"
NO,2021,11,116.3,"Eurostat prc_hicp_midx (CP093, unit I15, Index 2015=100)"
NO,2021,12,116.7,"Eurostat prc_hicp_midx (CP093, unit I15, Index 2015=100)"
NO,2022,1,116.3,"Eurostat prc_hicp_midx (CP093, unit I15, Index 2015=100)"
NO,2022,2,118.2,"Eurostat prc_hicp_midx (CP093, unit I15, Index 2015=100)"
NO,2022,3,116.8,"Eurostat prc_hicp_midx (CP093, unit I15, Index 2015=100)"
NO,2022,4,117.8,"Eurostat prc_hicp_midx (CP093, unit I15, Index 2015=100)"
NO,2022,5,118.5,"Eurostat prc_hicp_midx (CP093, unit I15, Index 2015=100)"
NO,2022,6,118.5,"Eurostat prc_hicp_midx (CP093, unit I15, Index 2015=100)"
NO,2022,7,118.6,"Eurostat prc_hicp_midx (CP093, unit I15, Index 2015=100)"
NO,2022,8,118.1,"Eurostat prc_hicp_midx (CP093, unit I15, Index 2015=100)"
NO,2022,9,117.9,"Eurostat prc_hicp_midx (CP093, unit I15, Index 2015=100)"
NO,2022,10,119.4,"Eurostat prc_hicp_midx (CP093, unit I15, Index 2015=100)"
NO,2022,11,119.5,"Eurostat prc_hicp_midx (CP093, unit I15, Index 2015=100)"
NO,2022,12,121.6,"Eurostat prc_hicp_midx (CP093, unit I15, Index 2015=100)"
NO,2023,1,119.5,"Eurostat prc_hicp_midx (CP093, unit I15, Index 2015=100)"
NO,2023,2,120.4,"Eurostat prc_hicp_midx (CP093, unit I15, Index 2015=100)"
NO,2023,3,121.2,"Eurostat prc_hicp_midx (CP093, unit I15, Index 2015=100)"
NO,2023,4,121.6,"Eurostat prc_hicp_midx (CP093, unit I15, Index 2015=100)"
NO,2023,5,123.6,"Eurostat prc_hicp_midx (CP093, unit I15, Index 2015=100)"
NO,2023,6,124.8,"Eurostat prc_hicp_midx (CP093, unit I15, Index 2015=100)"
NO,2023,7,125.8,"Eurostat prc_hicp_midx (CP093, unit I15, Index 2015=100)"
NO,2023,8,124.0,"Eurostat prc_hicp_midx (CP093, unit I15, Index 2015=100)"
NO,2023,9,124.1,"Eurostat prc_hicp_midx (CP093, unit I15, Index 2015=100)"
NO,2023,10,125.2,"Eurostat prc_hicp_midx (CP093, unit I15, Index 2015=100)"
NO,2023,11,126.0,"Eurostat prc_hicp_midx (CP093, unit I15, Index 2015=100)"
NO,2023,12,126.8,"Eurostat prc_hicp_midx (CP093, unit I15, Index 2015=100)"
NO,2024,1,125.9,"Eurostat prc_hicp_midx (CP093, unit I15, Index 2015=100)"
NO,2024,2,126.3,"Eurostat prc_hicp_midx (CP093, unit I15, Index 2015=100)"
NO,2024,3,126.4,"Eurostat prc_hicp_midx (CP093, unit I15, Index 2015=100)"
NO,2024,4,127.0,"Eurostat prc_hicp_midx (CP093, unit I15, Index 2015=100)"
NO,2024,5,127.3,"Eurostat prc_hicp_midx (CP093, unit I15, Index 2015=100)"
NO,2024,6,128.4,"Eurostat prc_hicp_midx (CP093, unit I15, Index 2015=100)"
NO,2024,7,126.5,"Eurostat prc_hicp_midx (CP093, unit I15, Index 2015=100)"
NO,2024,8,126.5,"Eurostat prc_hicp_midx (CP093, unit I15, Index 2015=100)"
NO,2024,9,128.2,"Eurostat prc_hicp_midx (CP093, unit I15, Index 2015=100)"
NO,2024,10,128.6,"Eurostat prc_hicp_midx (CP093, unit I15, Index 2015=100)"
NO,2024,11,129.9,"Eurostat prc_hicp_midx (CP093, unit I15, Index 2015=100)"
NO,2024,12,130.7,"Eurostat prc_hicp_midx (CP093, unit I15, Index 2015=100)"
CH,2010,1,104.1,"Eurostat prc_hicp_midx (CP093, unit I15, Index 2015=100)"
CH,2010,2,103.7,"Eurostat prc_hicp_midx (CP093, unit I15, Index 2015=100)"
CH,2010,3,104.3,"Eurostat prc_hicp_midx (CP093, unit I15, Index 2015=100)"
CH,2010,4,103.8,"Eurostat prc_hicp_midx (CP093, unit I15, Index 2015=100)"
CH,2010,5,104.3,"Eurostat prc_hicp_midx (CP093, unit I15, Index 2015=100)"
CH,2010,6,104.1,"Eurostat prc_hicp_midx (CP093, unit I15, Index 2015=100)"
CH,2010,7,103.8,"Eurostat prc_hicp_midx (CP093, unit I15, Index 2015=100)"
CH,2010,8,104.1,"Eurostat prc_hicp_midx (CP093, unit I15, Index 2015=100)"
CH,2010,9,103.7,"Eurostat prc_hicp_midx (CP093, unit I15, Index 2015=100)"
CH,2010,10,103.7,"Eurostat prc_hicp_midx (CP093, unit I15, Index 2015=100)"
CH,2010,11,103.9,"Eurostat prc_hicp_midx (CP093, unit I15, Index 2015=100)"
CH,2010,12,104.3,"Eurostat prc_hicp_midx (CP093, unit I15, Index 2015=100)"
CH,2011,1,103.8,"Eurostat prc_hicp_midx (CP093, unit I15, Index 2015=100)"
CH,2011,2,103.5,"Eurostat prc_hicp_midx (CP093, unit I15, Index 2015=100)"
CH,2011,3,103.9,"Eurostat prc_hicp_midx (CP093, unit I15, Index 2015=100)"
CH,2011,4,103.7,"Eurostat prc_hicp_midx (CP093, unit I15, Index 2015=100)"
CH,2011,5,103.9,"Eurostat prc_hicp_midx (CP093, unit I15, Index 2015=100)"
CH,2011,6,103.1,"Eurostat prc_hicp_midx (CP093, unit I15, Index 2015=100)"
CH,2011,7,103.1,"Eurostat prc_hicp_midx (CP093, unit I15, Index 2015=100)"
CH,2011,8,102.8,"Eurostat prc_hicp_midx (CP093, unit I15, Index 2015=100)"
CH,2011,9,103.3,"Eurostat prc_hicp_midx (CP093, unit I15, Index 2015=100)"
CH,2011,10,102.8,"Eurostat prc_hicp_midx (CP093, unit I15, Index 2015=100)"
CH,2011,11,102.5,"Eurostat prc_hicp_midx (CP093, unit I15, Index 2015=100)"
CH,2011,12,102.6,"Eurostat prc_hicp_midx (CP093, unit I15, Index 2015=100)"
CH,2012,1,101.7,"Eurostat prc_hicp_midx (CP093, unit I15, Index 2015=100)"
CH,2012,2,100.7,"Eurostat prc_hicp_midx (CP093, unit I15, Index 2015=100)"
CH,2012,3,100.7,"Eurostat prc_hicp_midx (CP093, unit I15, Index 2015=100)"
CH,2012,4,100.9,"Eurostat prc_hicp_midx (CP093, unit I15, Index 2015=100)"
CH,2012,5,100.8,"Eurostat prc_hicp_midx (CP093, unit I15, Index 2015=100)"
CH,2012,6,100.8,"Eurostat prc_hicp_midx (CP093, unit I15, Index 2015=100)"
CH,2012,7,100.5,"Eurostat prc_hicp_midx (CP093, unit I15, Index 2015=100)"
CH,2012,8,100.3,"Eurostat prc_hicp_midx (CP093, unit I15, Index 2015=100)"
CH,2012,9,99.9,"Eurostat prc_hicp_midx (CP093, unit I15, Index 2015=100)"
CH,2012,10,101.3,"Eurostat prc_hicp_midx (CP093, unit I15, Index 2015=100)"
CH,2012,11,102.1,"Eurostat prc_hicp_midx (CP093, unit I15, Index 2015=100)"
CH,2012,12,102.0,"Eurostat prc_hicp_midx (CP093, unit I15, Index 2015=100)"
CH,2013,1,101.5,"Eurostat prc_hicp_midx (CP093, unit I15, Index 2015=100)"
CH,2013,2,101.1,"Eurostat prc_hicp_midx (CP093, unit I15, Index 2015=100)"
CH,2013,3,101.6,"Eurostat prc_hicp_midx (CP093, unit I15, Index 2015=100)"
CH,2013,4,101.4,"Eurostat prc_hicp_midx (CP093, unit I15, Index 2015=100)"
CH,2013,5,101.0,"Eurostat prc_hicp_midx (CP093, unit I15, Index 2015=100)"
CH,2013,6,101.3,"Eurostat prc_hicp_midx (CP093, unit I15, Index 2015=100)"
CH,2013,7,101.0,"Eurostat prc_hicp_midx (CP093, unit I15, Index 2015=100)"
CH,2013,8,100.5,"Eurostat prc_hicp_midx (CP093, unit I15, Index 2015=100)"
CH,2013,9,100.9,"Eurostat prc_hicp_midx (CP093, unit I15, Index 2015=100)"
CH,2013,10,101.2,"Eurostat prc_hicp_midx (CP093, unit I15, Index 2015=100)"
CH,2013,11,101.5,"Eurostat prc_hicp_midx (CP093, unit I15, Index 2015=100)"
CH,2013,12,102.0,"Eurostat prc_hicp_midx (CP093, unit I15, Index 2015=100)"
CH,2014,1,101.6,"Eurostat prc_hicp_midx (CP093, unit I15, Index 2015=100)"
CH,2014,2,101.4,"Eurostat prc_hicp_midx (CP093, unit I15, Index 2015=100)"
CH,2014,3,101.5,"Eurostat prc_hicp_midx (CP093, unit I15, Index 2015=100)"
CH,2014,4,100.6,"Eurostat prc_hicp_midx (CP093, unit I15, Index 2015=100)"
CH,2014,5,100.7,"Eurostat prc_hicp_midx (CP093, unit I15, Index 2015=100)"
CH,2014,6,100.8,"Eurostat prc_hicp_midx (CP093, unit I15, Index 2015=100)"
CH,2014,7,100.2,"Eurostat prc_hicp_midx (CP093, unit I15, Index 2015=100)"
CH,2014,8,99.9,"Eurostat prc_hicp_midx (CP093, unit I15, Index 2015=100)"
CH,2014,9,100.2,"Eurostat prc_hicp_midx (CP093, unit I15, Index 2015=100)"
CH,2014,10,100.5,"Eurostat prc_hicp_midx (CP093, unit I15, Index 2015=100)"
CH,2014,11,101.4,"Eurostat prc_hicp_midx (CP093, unit I15, Index 2015=100)"
CH,2014,12,101.6,"Eurostat prc_hicp_midx (CP093, unit I15, Index 2015=100)"
CH,2015,1,101.0,"Eurostat prc_hicp_midx (CP093, unit I15, Index 2015=100)"
CH,2015,2,101.16,"Eurostat prc_hicp_midx (CP093, unit I15, Index 2015=100)"
CH,2015,3,100.63,"Eurostat prc_hicp_midx (CP093, unit I15, Index 2015=100)"
CH,2015,4,100.16,"Eurostat prc_hicp_midx (CP093, unit I15, Index 2015=100)"
CH,2015,5,100.0,"Eurostat prc_hicp_midx (CP093, unit I15, Index 2015=100)"
CH,2015,6,99.52,"Eurostat prc_hicp_midx (CP093, unit I15, Index 2015=100)"
CH,2015,7,99.45,"Eurostat prc_hicp_midx (CP093, unit I15, Index 2015=100)"
CH,2015,8,99.02,"Eurostat prc_hicp_midx (CP093, unit I15, Index 2015=100)"
CH,2015,9,98.97,"Eurostat prc_hicp_midx (CP093, unit I15, Index 2015=100)"
CH,2015,10,99.62,"Eurostat prc_hicp_midx (CP093, unit I15, Index 2015=100)"
CH,2015,11,99.79,"Eurostat prc_hicp_midx (CP093, unit I15, Index 2015=100)"
CH,2015,12,100.67,"Eurostat prc_hicp_midx (CP093, unit I15, Index 2015=100)"
CH,2016,1,99.64,"Eurostat prc_hicp_midx (CP093, unit I15, Index 2015=100)"
CH,2016,2,98.65,"Eurostat prc_hicp_midx (CP093, unit I15, Index 2015=100)"
CH,2016,3,97.6,"Eurostat prc_hicp_midx (CP093, unit I15, Index 2015=100)"
CH,2016,4,98.42,"Eurostat prc_hicp_midx (CP093, unit I15, Index 2015=100)"
CH,2016,5,98.44,"Eurostat prc_hicp_midx (CP093, unit I15, Index 2015=100)"
CH,2016,6,98.75,"Eurostat prc_hicp_midx (CP093, unit I15, Index 2015=100)"
CH,2016,7,98.61,"Eurostat prc_hicp_midx (CP093, unit I15, Index 2015=100)"
CH,2016,8,98.72,"Eurostat prc_hicp_midx (CP093, unit I15, Index 2015=100)"
CH,2016,9,98.61,"Eurostat prc_hicp_midx (CP093, unit I15, Index 2015=100)"
CH,2016,10,98.45,"Eurostat prc_hicp_midx (CP093, unit I15, Index 2015=100)"
CH,2016,11,98.44,"Eurostat prc_hicp_midx (CP093, unit I15, Index 2015=100)"
CH,2016,12,98.92,"Eurostat prc_hicp_midx (CP093, unit I15, Index 2015=100)"
CH,2017,1,98.38,"Eurostat prc_hicp_midx (CP093, unit I15, Index 2015=100)"
CH,2017,2,97.61,"Eurostat prc_hicp_midx (CP093, unit I15, Index 2015=100)"
CH,2017,3,97.65,"Eurostat prc_hicp_midx (CP093, unit I15, Index 2015=100)"
CH,2017,4,97.51,"Eurostat prc_hicp_midx (CP093, unit I15, Index 2015=100)"
CH,2017,5,97.3,"Eurostat prc_hicp_midx (CP093, unit I15, Index 2015=100)"
CH,2017,6,97.04,"Eurostat prc_hicp_midx (CP093, unit I15, Index 2015=100)"
CH,2017,7,96.41,"Eurostat prc_hicp_midx (CP093, unit I15, Index 2015=100)"
CH,2017,8,96.76,"Eurostat prc_hicp_midx (CP093, unit I15, Index 2015=100)"
CH,2017,9,96.8,"Eurostat prc_hicp_midx (CP093, unit I15, Index 2015=100)"
CH,2017,10,96.93,"Eurostat prc_hicp_midx (CP093, unit I15, Index 2015=100)"
CH,2017,11,97.4,"Eurostat prc_hicp_midx (CP093, unit I15, Index 2015=100)"
CH,2017,12,97.95,"Eurostat prc_hicp_midx (CP093, unit I15, Index 2015=100)"
CH,2018,1,97.69,"Eurostat prc_hicp_midx (CP093, unit I15, Index 2015=100)"
CH,2018,2,97.71,"Eurostat prc_hicp_midx (CP093, unit I15, Index 2015=100)"
CH,2018,3,98.02,"Eurostat prc_hicp_midx (CP093, unit I15, Index 2015=100)"
CH,2018,4,97.76,"Eurostat prc_hicp_midx (CP093, unit I15, Index 2015=100)"
CH,2018,5,98.4,"Eurostat prc_hicp_midx (CP093, unit I15, Index 2015=100)"
CH,2018,6,98.43,"Eurostat prc_hicp_midx (CP093, unit I15, Index 2015=100)"
CH,2018,7,97.66,"Eurostat prc_hicp_midx (CP093, unit I15, Index 2015=100)"
CH,2018,8,98.16,"Eurostat prc_hicp_midx (CP093, unit I15, Index 2015=100)"
CH,2018,9,98.33,"Eurostat prc_hicp_midx (CP093, unit I15, Index 2015=100)"
CH,2018,10,98.77,"Eurostat prc_hicp_midx (CP093, unit I15, Index 2015=100)"
CH,2018,11,98.7,"Eurostat prc_hicp_midx (CP093, unit I15, Index 2015=100)"
CH,2018,12,98.96,"Eurostat prc_hicp_midx (CP093, unit I15, Index 2015=100)"
CH,2019,1,98.0,"Eurostat prc_hicp_midx (CP093, unit I15, Index 2015=100)"
CH,2019,2,98.15,"Eurostat prc_hicp_midx (CP093, unit I15, Index 2015=100)"
CH,2019,3,98.71,"Eurostat prc_hicp_midx (CP093, unit I15, Index 2015=100)"
CH,2019,4,98.81,"Eurostat prc_hicp_midx (CP093, unit I15, Index 2015=100)"
CH,2019,5,98.68,"Eurostat prc_hicp_midx (CP093, unit I15, Index 2015=100)"
CH,2019,6,98.48,"Eurostat prc_hicp_midx (CP093, unit I15, Index 2015=100)"
CH,2019,7,98.03,"Eurostat prc_hicp_midx (CP093, unit I15, Index 2015=100)"
CH,2019,8,98.37,"Eurostat prc_hicp_midx (CP093, unit I15, Index 2015=100)"
CH,2019,9,97.53,"Eurostat prc_hicp_midx (CP093, unit I15, Index 2015=100)"
CH,2019,10,98.75,"Eurostat prc_hicp_midx (CP093, unit I15, Index 2015=100)"
CH,2019,11,98.55,"Eurostat prc_hicp_midx (CP093, unit I15, Index 2015=100)"
CH,2019,12,98.35,"Eurostat prc_hicp_midx (CP093, unit I15, Index 2015=100)"
CH,2020,1,98.6,"Eurostat prc_hicp_midx (CP093, unit I15, Index 2015=100)"
CH,2020,2,98.44,"Eurostat prc_hicp_midx (CP093, unit I15, Index 2015=100)"
CH,2020,3,98.48,"Eurostat prc_hicp_midx (CP093, unit I15, Index 2015=100)"
CH,2020,4,99.12,"Eurostat prc_hicp_midx (CP093, unit I15, Index 2015=100)"
CH,2020,5,99.73,"Eurostat prc_hicp_midx (CP093, unit I15, Index 2015=100)"
CH,2020,6,98.89,"Eurostat prc_hicp_midx (CP093, unit I15, Index 2015=100)"
CH,2020,7,98.71,"Eurostat prc_hicp_midx (CP093, unit I15, Index 2015=100)"
CH,2020,8,99.29,"Eurostat prc_hicp_midx (CP093, unit I15, Index 2015=100)"
CH,2020,9,99.28,"Eurostat prc_hicp_midx (CP093, unit I15, Index 2015=100)"
CH,2020,10,99.49,"Eurostat prc_hicp_midx (CP093, unit I15, Index 2015=100)"
CH,2020,11,99.07,"Eurostat prc_hicp_midx (CP093, unit I15, Index 2015=100)"
CH,2020,12,99.54,"Eurostat prc_hicp_midx (CP093, unit I15, Index 2015=100)"
CH,2021,1,99.42,"Eurostat prc_hicp_midx (CP093, unit I15, Index 2015=100)"
CH,2021,2,99.37,"Eurostat prc_hicp_midx (CP093, unit I15, Index 2015=100)"
CH,2021,3,99.4,"Eurostat prc_hicp_midx (CP093, unit I15, Index 2015=100)"
CH,2021,4,99.15,"Eurostat prc_hicp_midx (CP093, unit I15, Index 2015=100)"
CH,2021,5,99.34,"Eurostat prc_hicp_midx (CP093, unit I15, Index 2015=100)"
CH,2021,6,99.05,"Eurostat prc_hicp_midx (CP093, unit I15, Index 2015=100)"
CH,2021,7,98.97,"Eurostat prc_hicp_midx (CP093, unit I15, Index 2015=100)"
CH,2021,8,99.23,"Eurostat prc_hicp_midx (CP093, unit I15, Index 2015=100)"
CH,2021,9,98.9,"Eurostat prc_hicp_midx (CP093, unit I15, Index 2015=100)"
CH,2021,10,98.86,"Eurostat prc_hicp_midx (CP093, unit I15, Index 2015=100)"
CH,2021,11,99.2,"Eurostat prc_hicp_midx (CP093, unit I15, Index 2015=100)"
CH,2021,12,99.71,"Eurostat prc_hicp_midx (CP093, unit I15, Index 2015=100)"
CH,2022,1,100.28,"Eurostat prc_hicp_midx (CP093, unit I15, Index 2015=100)"
CH,2022,2,100.2,"Eurostat prc_hicp_midx (CP093, unit I15, Index 2015=100)"
CH,2022,3,100.97,"Eurostat prc_hicp_midx (CP093, unit I15, Index 2015=100)"
CH,2022,4,101.09,"Eurostat prc_hicp_midx (CP093, unit I15, Index 2015=100)"
CH,2022,5,101.62,"Eurostat prc_hicp_midx (CP093, unit I15, Index 2015=100)"
CH,2022,6,101.55,"Eurostat prc_hicp_midx (CP093, unit I15, Index 2015=100)"
CH,2022,7,101.19,"Eurostat prc_hicp_midx (CP093, unit I15, Index 2015=100)"
CH,2022,8,101.38,"Eurostat prc_hicp_midx (CP093, unit I15, Index 2015=100)"
CH,2022,9,101.61,"Eurostat prc_hicp_midx (CP093, unit I15, Index 2015=100)"
CH,2022,10,101.8,"Eurostat prc_hicp_midx (CP093, unit I15, Index 2015=100)"
CH,2022,11,102.74,"Eurostat prc_hicp_midx (CP093, unit I15, Index 2015=100)"
CH,2022,12,102.73,"Eurostat prc_hicp_midx (CP093, unit I15, Index 2015=100)"
CH,2023,1,104.05,"Eurostat prc_hicp_midx (CP093, unit I15, Index 2015=100)"
CH,2023,2,104.28,"Eurostat prc_hicp_midx (CP093, unit I15, Index 2015=100)"
CH,2023,3,104.66,"Eurostat prc_hicp_midx (CP093, unit I15, Index 2015=100)"
CH,2023,4,105.29,"Eurostat prc_hicp_midx (CP093, unit I15, Index 2015=100)"
CH,2023,5,105.35,"Eurostat prc_hicp_midx (CP093, unit I15, Index 2015=100)"
CH,2023,6,105.59,"Eurostat prc_hicp_midx (CP093, unit I15, Index 2015=100)"
CH,2023,7,105.31,"Eurostat prc_hicp_midx (CP093, unit I15, Index 2015=100)"
CH,2023,8,104.9,"Eurostat prc_hicp_midx (CP093, unit I15, Index 2015=100)"
CH,2023,9,104.69,"Eurostat prc_hicp_midx (CP093, unit I15, Index 2015=100)"
CH,2023,10,104.73,"Eurostat prc_hicp_midx (CP093, unit I15, Index 2015=100)"
CH,2023,11,104.21,"Eurostat prc_hicp_midx (CP093, unit I15, Index 2015=100)"
CH,2023,12,104.72,"Eurostat prc_hicp_midx (CP093, unit I15, Index 2015=100)"
CH,2024,1,105.06,"Eurostat prc_hicp_midx (CP093, unit I15, Index 2015=100)"
CH,2024,2,105.45,"Eurostat prc_hicp_midx (CP093, unit I15, Index 2015=100)"
CH,2024,3,105.03,"Eurostat prc_hicp_midx (CP093, unit I15, Index 2015=100)"
CH,2024,4,105.21,"Eurostat prc_hicp_midx (CP093, unit I15, Index 2015=100)"
CH,2024,5,104.0,"Eurostat prc_hicp_midx (CP093, unit I15, Index 2015=100)"
CH,2024,6,104.99,"Eurostat prc_hicp_midx (CP093, unit I15, Index 2015=100)"
CH,2024,7,104.46,"Eurostat prc_hicp_midx (CP093, unit I15, Index 2015=100)"
CH,2024,8,105.18,"Eurostat prc_hicp_midx (CP093, unit I15, Index 2015=100)"
CH,2024,9,105.43,"Eurostat prc_hicp_midx (CP093, unit I15, Index 2015=100)"
CH,2024,10,105.39,"Eurostat prc_hicp_midx (CP093, unit I15, Index 2015=100)"
CH,2024,11,105.91,"Eurostat prc_hicp_midx (CP093, unit I15, Index 2015=100)"
CH,2024,12,105.88,"Eurostat prc_hicp_midx (CP093, unit I15, Index 2015=100)"
UK,2010,1,102.4,"Eurostat prc_hicp_midx (CP093, unit I15, Index 2015=100)"
UK,2010,2,101.6,"Eurostat prc_hicp_midx (CP093, unit I15, Index 2015=100)"
UK,2010,3,102.2,"Eurostat prc_hicp_midx (CP093, unit I15, Index 2015=100)"
UK,2010,4,101.3,"Eurostat prc_hicp_midx (CP093, unit I15, Index 2015=100)"
UK,2010,5,100.4,"Eurostat prc_hicp_midx (CP093, unit I15, Index 2015=100)"
UK,2010,6,101.8,"Eurostat prc_hicp_midx (CP093, unit I15, Index 2015=100)"
UK,2010,7,101.1,"Eurostat prc_hicp_midx (CP093, unit I15, Index 2015=100)"
UK,2010,8,101.4,"Eurostat prc_hicp_midx (CP093, unit I15, Index 2015=100)"
UK,2010,9,100.8,"Eurostat prc_hicp_midx (CP093, unit I15, Index 2015=100)"
UK,2010,10,101.8,"Eurostat prc_hicp_midx (CP093, unit I15, Index 2015=100)"
UK,2010,11,101.7,"Eurostat prc_hicp_midx (CP093, unit I15, Index 2015=100)"
UK,2010,12,101.8,"Eurostat prc_hicp_midx (CP093, unit I15, Index 2015=100)"
UK,2011,1,102.3,"Eurostat prc_hicp_midx (CP093, unit I15, Index 2015=100)"
UK,2011,2,102.6,"Eurostat prc_hicp_midx (CP093, unit I15, Index 2015=100)"
UK,2011,3,102.0,"Eurostat prc_hicp_midx (CP093, unit I15, Index 2015=100)"
UK,2011,4,100.6,"Eurostat prc_hicp_midx (CP093, unit I15, Index 2015=100)"
UK,2011,5,101.3,"Eurostat prc_hicp_midx (CP093, unit I15, Index 2015=100)"
UK,2011,6,100.0,"Eurostat prc_hicp_midx (CP093, unit I15, Index 2015=100)"
UK,2011,7,99.3,"Eurostat prc_hicp_midx (CP093, unit I15, Index 2015=100)"
UK,2011,8,98.3,"Eurostat prc_hicp_midx (CP093, unit I15, Index 2015=100)"
UK,2011,9,99.1,"Eurostat prc_hicp_midx (CP093, unit I15, Index 2015=100)"
UK,2011,10,100.7,"Eurostat prc_hicp_midx (CP093, unit I15, Index 2015=100)"
UK,2011,11,100.3,"Eurostat prc_hicp_midx (CP093, unit I15, Index 2015=100)"
UK,2011,12,100.7,"Eurostat prc_hicp_midx (CP093, unit I15, Index 2015=100)"
UK,2012,1,101.6,"Eurostat prc_hicp_midx (CP093, unit I15, Index 2015=100)"
UK,2012,2,100.9,"Eurostat prc_hicp_midx (CP093, unit I15, Index 2015=100)"
UK,2012,3,101.4,"Eurostat prc_hicp_midx (CP093, unit I15, Index 2015=100)"
UK,2012,4,101.1,"Eurostat prc_hicp_midx (CP093, unit I15, Index 2015=100)"
UK,2012,5,100.7,"Eurostat prc_hicp_midx (CP093, unit I15, Index 2015=100)"
UK,2012,6,100.1,"Eurostat prc_hicp_midx (CP093, unit I15, Index 2015=100)"
UK,2012,7,100.0,"Eurostat prc_hicp_midx (CP093, unit I15, Index 2015=100)"
UK,2012,8,99.6,"Eurostat prc_hicp_midx (CP093, unit I15, Index 2015=100)"
UK,2012,9,99.6,"Eurostat prc_hicp_midx (CP093, unit I15, Index 2015=100)"
UK,2012,10,100.2,"Eurostat prc_hicp_midx (CP093, unit I15, Index 2015=100)"
UK,2012,11,100.9,"Eurostat prc_hicp_midx (CP093, unit I15, Index 2015=100)"
UK,2012,12,100.2,"Eurostat prc_hicp_midx (CP093, unit I15, Index 2015=100)"
UK,2013,1,100.8,"Eurostat prc_hicp_midx (CP093, unit I15, Index 2015=100)"
UK,2013,2,102.0,"Eurostat prc_hicp_midx (CP093, unit I15, Index 2015=100)"
UK,2013,3,102.4,"Eurostat prc_hicp_midx (CP093, unit I15, Index 2015=100)"
UK,2013,4,101.4,"Eurostat prc_hicp_midx (CP093, unit I15, Index 2015=100)"
UK,2013,5,100.5,"Eurostat prc_hicp_midx (CP093, unit I15, Index 2015=100)"
UK,2013,6,100.2,"Eurostat prc_hicp_midx (CP093, unit I15, Index 2015=100)"
UK,2013,7,99.3,"Eurostat prc_hicp_midx (CP093, unit I15, Index 2015=100)"
UK,2013,8,100.2,"Eurostat prc_hicp_midx (CP093, unit I15, Index 2015=100)"
UK,2013,9,101.3,"Eurostat prc_hicp_midx (CP093, unit I15, Index 2015=100)"
UK,2013,10,100.0,"Eurostat prc_hicp_midx (CP093, unit I15, Index 2015=100)"
UK,2013,11,101.8,"Eurostat prc_hicp_midx (CP093, unit I15, Index 2015=100)"
UK,2013,12,100.4,"Eurostat prc_hicp_midx (CP093, unit I15, Index 2015=100)"
UK,2014,1,101.2,"Eurostat prc_hicp_midx (CP093, unit I15, Index 2015=100)"
UK,2014,2,101.8,"Eurostat prc_hicp_midx (CP093, unit I15, Index 2015=100)"
UK,2014,3,103.1,"Eurostat prc_hicp_midx (CP093, unit I15, Index 2015=100)"
UK,2014,4,100.4,"Eurostat prc_hicp_midx (CP093, unit I15, Index 2015=100)"
UK,2014,5,102.4,"Eurostat prc_hicp_midx (CP093, unit I15, Index 2015=100)"
UK,2014,6,101.4,"Eurostat prc_hicp_midx (CP093, unit I15, Index 2015=100)"
UK,2014,7,100.7,"Eurostat prc_hicp_midx (CP093, unit I15, Index 2015=100)"
UK,2014,8,100.1,"Eurostat prc_hicp_midx (CP093, unit I15, Index 2015=100)"
UK,2014,9,100.0,"Eurostat prc_hicp_midx (CP093, unit I15, Index 2015=100)"
UK,2014,10,101.2,"Eurostat prc_hicp_midx (CP093, unit I15, Index 2015=100)"
UK,2014,11,102.0,"Eurostat prc_hicp_midx (CP093, unit I15, Index 2015=100)"
UK,2014,12,100.9,"Eurostat prc_hicp_midx (CP093, unit I15, Index 2015=100)"
UK,2015,1,100.4,"Eurostat prc_hicp_midx (CP093, unit I15, Index 2015=100)"
UK,2015,2,99.8,"Eurostat prc_hicp_midx (CP093, unit I15, Index 2015=100)"
UK,2015,3,101.4,"Eurostat prc_hicp_midx (CP093, unit I15, Index 2015=100)"
UK,2015,4,99.8,"Eurostat prc_hicp_midx (CP093, unit I15, Index 2015=100)"
UK,2015,5,100.2,"Eurostat prc_hicp_midx (CP093, unit I15, Index 2015=100)"
UK,2015,6,99.0,"Eurostat prc_hicp_midx (CP093, unit I15, Index 2015=100)"
UK,2015,7,99.8,"Eurostat prc_hicp_midx (CP093, unit I15, Index 2015=100)"
UK,2015,8,99.0,"Eurostat prc_hicp_midx (CP093, unit I15, Index 2015=100)"
UK,2015,9,99.0,"Eurostat prc_hicp_midx (CP093, unit I15, Index 2015=100)"
UK,2015,10,101.0,"Eurostat prc_hicp_midx (CP093, unit I15, Index 2015=100)"
UK,2015,11,100.8,"Eurostat prc_hicp_midx (CP093, unit I15, Index 2015=100)"
UK,2015,12,100.0,"Eurostat prc_hicp_midx (CP093, unit I15, Index 2015=100)"
UK,2016,1,99.6,"Eurostat prc_hicp_midx (CP093, unit I15, Index 2015=100)"
UK,2016,2,98.7,"Eurostat prc_hicp_midx (CP093, unit I15, Index 2015=100)"
UK,2016,3,100.1,"Eurostat prc_hicp_midx (CP093, unit I15, Index 2015=100)"
UK,2016,4,100.5,"Eurostat prc_hicp_midx (CP093, unit I15, Index 2015=100)"
UK,2016,5,99.5,"Eurostat prc_hicp_midx (CP093, unit I15, Index 2015=100)"
UK,2016,6,99.9,"Eurostat prc_hicp_midx (CP093, unit I15, Index 2015=100)"
UK,2016,7,99.3,"Eurostat prc_hicp_midx (CP093, unit I15, Index 2015=100)"
UK,2016,8,98.4,"Eurostat prc_hicp_midx (CP093, unit I15, Index 2015=100)"
UK,2016,9,99.1,"Eurostat prc_hicp_midx (CP093, unit I15, Index 2015=100)"
UK,2016,10,99.4,"Eurostat prc_hicp_midx (CP093, unit I15, Index 2015=100)"
UK,2016,11,99.8,"Eurostat prc_hicp_midx (CP093, unit I15, Index 2015=100)"
UK,2016,12,99.4,"Eurostat prc_hicp_midx (CP093, unit I15, Index 2015=100)"
UK,2017,1,99.2,"Eurostat prc_hicp_midx (CP093, unit I15, Index 2015=100)"
UK,2017,2,98.9,"Eurostat prc_hicp_midx (CP093, unit I15, Index 2015=100)"
UK,2017,3,100.6,"Eurostat prc_hicp_midx (CP093, unit I15, Index 2015=100)"
UK,2017,4,98.3,"Eurostat prc_hicp_midx (CP093, unit I15, Index 2015=100)"
UK,2017,5,99.7,"Eurostat prc_hicp_midx (CP093, unit I15, Index 2015=100)"
UK,2017,6,99.3,"Eurostat prc_hicp_midx (CP093, unit I15, Index 2015=100)"
UK,2017,7,98.3,"Eurostat prc_hicp_midx (CP093, unit I15, Index 2015=100)"
UK,2017,8,97.3,"Eurostat prc_hicp_midx (CP093, unit I15, Index 2015=100)"
UK,2017,9,100.0,"Eurostat prc_hicp_midx (CP093, unit I15, Index 2015=100)"
UK,2017,10,101.1,"Eurostat prc_hicp_midx (CP093, unit I15, Index 2015=100)"
UK,2017,11,102.6,"Eurostat prc_hicp_midx (CP093, unit I15, Index 2015=100)"
UK,2017,12,100.9,"Eurostat prc_hicp_midx (CP093, unit I15, Index 2015=100)"
UK,2018,1,101.3,"Eurostat prc_hicp_midx (CP093, unit I15, Index 2015=100)"
UK,2018,2,100.9,"Eurostat prc_hicp_midx (CP093, unit I15, Index 2015=100)"
UK,2018,3,102.6,"Eurostat prc_hicp_midx (CP093, unit I15, Index 2015=100)"
UK,2018,4,101.8,"Eurostat prc_hicp_midx (CP093, unit I15, Index 2015=100)"
UK,2018,5,101.0,"Eurostat prc_hicp_midx (CP093, unit I15, Index 2015=100)"
UK,2018,6,99.1,"Eurostat prc_hicp_midx (CP093, unit I15, Index 2015=100)"
UK,2018,7,101.2,"Eurostat prc_hicp_midx (CP093, unit I15, Index 2015=100)"
UK,2018,8,101.1,"Eurostat prc_hicp_midx (CP093, unit I15, Index 2015=100)"
UK,2018,9,102.1,"Eurostat prc_hicp_midx (CP093, unit I15, Index 2015=100)"
UK,2018,10,103.5,"Eurostat prc_hicp_midx (CP093, unit I15, Index 2015=100)"
UK,2018,11,103.5,"Eurostat prc_hicp_midx (CP093, unit I15, Index 2015=100)"
UK,2018,12,102.7,"Eurostat prc_hicp_midx (CP093, unit I15, Index 2015=100)"
UK,2019,1,103.2,"Eurostat prc_hicp_midx (CP093, unit I15, Index 2015=100)"
UK,2019,2,103.3,"Eurostat prc_hicp_midx (CP093, unit I15, Index 2015=100)"
UK,2019,3,104.0,"Eurostat prc_hicp_midx (CP093, unit I15, Index 2015=100)"
UK,2019,4,100.4,"Eurostat prc_hicp_midx (CP093, unit I15, Index 2015=100)"
UK,2019,5,102.0,"Eurostat prc_hicp_midx (CP093, unit I15, Index 2015=100)"
UK,2019,6,99.2,"Eurostat prc_hicp_midx (CP093, unit I15, Index 2015=100)"
UK,2019,7,104.1,"Eurostat prc_hicp_midx (CP093, unit I15, Index 2015=100)"
UK,2019,8,100.9,"Eurostat prc_hicp_midx (CP093, unit I15, Index 2015=100)"
UK,2019,9,102.4,"Eurostat prc_hicp_midx (CP093, unit I15, Index 2015=100)"
UK,2019,10,103.1,"Eurostat prc_hicp_midx (CP093, unit I15, Index 2015=100)"
UK,2019,11,103.5,"Eurostat prc_hicp_midx (CP093, unit I15, Index 2015=100)"
UK,2019,12,103.5,"Eurostat prc_hicp_midx (CP093, unit I15, Index 2015=100)"
UK,2020,1,104.4,"Eurostat prc_hicp_midx (CP093, unit I15, Index 2015=100)"
UK,2020,2,102.5,"Eurostat prc_hicp_midx (CP093, unit I15, Index 2015=100)"
UK,2020,3,103.8,"Eurostat prc_hicp_midx (CP093, unit I15, Index 2015=100)"
UK,2020,4,104.0,"Eurostat prc_hicp_midx (CP093, unit I15, Index 2015=100)"
UK,2020,5,103.8,"Eurostat prc_hicp_midx (CP093, unit I15, Index 2015=100)"
UK,2020,6,104.2,"Eurostat prc_hicp_midx (CP093, unit I15, Index 2015=100)"
UK,2020,7,105.0,"Eurostat prc_hicp_midx (CP093, unit I15, Index 2015=100)"
UK,2020,8,103.2,"Eurostat prc_hicp_midx (CP093, unit I15, Index 2015=100)"
UK,2020,9,102.5,"Eurostat prc_hicp_midx (CP093, unit I15, Index 2015=100)"
UK,2020,10,104.3,"Eurostat prc_hicp_midx (CP093, unit I15, Index 2015=100)"
UK,2020,11,106.5,"Eurostat prc_hicp_midx (CP093, unit I15, Index 2015=100)"
