iso,YEAR,MONTH,CO2_t,flights,n_source,ets_covered,co2_per_flight,ln_co2,ln_flights,ln_intensity,post2012,did
AL,2010,1,8318.42,821,1,0,10.132058465286237,9.026227611935083,6.710523109452428,2.3157045024826535,0,0
AL,2010,2,6279.474,668,1,0,9.40041017964072,8.745041497992567,6.504288173536645,2.2407533244559215,0,0
AL,2010,3,7085.252,754,1,0,9.396885941644562,8.865770719593874,6.625392368007956,2.240378351585918,0,0
AL,2010,4,7131.174,753,1,0,9.470350597609562,8.872231156235454,6.6240652277998935,2.2481659284355606,0,0
AL,2010,5,7697.427,813,1,0,9.467929889298892,8.948641396155114,6.70073110954781,2.247910286607304,0,0
AL,2010,6,8689.703,910,1,0,9.549124175824176,9.069894040460193,6.813444599510896,2.256449440949298,0,0
AL,2010,7,11910.345,1149,1,0,10.36583550913838,9.385162629184212,7.046647277848756,2.338515351335455,0,0
AL,2010,8,14275.452,1336,1,0,10.685218562874251,9.566296697770737,7.197435354096591,2.368861343674145,0,0
AL,2010,9,9341.757,958,1,0,9.751312108559498,9.142249629163054,6.86484777797086,2.2774018511921925,0,0
AL,2010,10,7598.978,827,1,0,9.188607013301088,8.935769043547815,6.717804695023691,2.217964348524124,0,0
AL,2010,11,6064.878,669,1,0,9.065587443946187,8.71026970575951,6.505784060128229,2.204485645631281,0,0
AL,2010,12,7869.181,810,1,0,9.715038271604937,8.970709269922502,6.697034247666484,2.2736750222560174,0,0
AL,2011,1,8244.012,834,1,0,9.884906474820145,9.017242397613366,6.726233402358747,2.2910089952546193,0,0
AL,2011,2,6688.871,693,1,0,9.652050505050505,8.808200379538512,6.541029999189903,2.2671703803486087,0,0
AL,2011,3,7381.194,793,1,0,9.307936948297604,8.906690693126038,6.675823221634848,2.2308674714911896,0,0
AL,2011,4,8812.214,910,1,0,9.683751648351649,9.083893992693175,6.813444599510896,2.27044939318228,0,0
AL,2011,5,8711.135,935,1,0,9.31672192513369,9.072357371345458,6.840546529288687,2.2318108420567713,0,0
AL,2011,6,9752.398,1010,1,0,9.655839603960395,9.185268482469414,6.917705609835305,2.267562872634109,0,0
AL,2011,7,12597.761,1220,1,0,10.326033606557377,9.441274378736637,7.106606137727303,2.3346682410093353,0,0
AL,2011,8,14164.2,1332,1,0,10.633783783783784,9.558472933437102,7.194436851100335,2.364036082336768,0,0
AL,2011,9,11344.753,1083,1,0,10.475302862419207,9.336510625271337,6.9874902470009905,2.3490203782703474,0,0
AL,2011,10,9415.321,950,1,0,9.910864210526316,9.150093535040053,6.856461984594587,2.2936315504454665,0,0
AL,2011,11,7508.863,828,1,0,9.068675120772948,8.923839335160507,6.71901315438526,2.2048261807752474,0,0
AL,2011,12,8161.287,883,1,0,9.242680634201585,9.007157156109804,6.78332520060396,2.2238319555058434,0,0
AL,2012,1,8423.29,911,1,0,9.246201975850715,9.03875576726085,6.814542897259958,2.224212870000892,1,0
AL,2012,2,6361.767,713,1,0,8.922534361851332,8.758061447935187,6.569481420414296,2.1885800275208913,1,0
AL,2012,3,6644.979,748,1,0,8.883661764705883,8.801616810871472,6.617402977974478,2.1842138328969947,1,0
AL,2012,4,7189.96,750,1,0,9.586613333333334,8.880440887417281,6.620073206530356,2.2603676808869246,1,0
AL,2012,5,7241.472,799,1,0,9.063168961201502,8.887579779631212,6.683360945766275,2.2042188338649376,1,0
AL,2012,6,7957.181,833,1,0,9.552438175270108,8.981830070385378,6.725033642166843,2.256796428218535,1,0
AL,2012,7,10068.58,1003,1,0,10.038464606181456,9.21717496285972,6.910750787961936,2.306424174897785,1,0
AL,2012,8,10607.145,1072,1,0,9.894724813432836,9.269283109629814,6.977281341630747,2.292001767999067,1,0
AL,2012,9,9003.173,938,1,0,9.598265458422176,9.105332349740806,6.843749949006225,2.261582400734581,1,0
AL,2012,10,7572.133,841,1,0,9.003725326991676,8.932230076887054,6.734591659972948,2.1976384169141046,1,0
AL,2012,11,7578.828,825,1,0,9.186458181818182,8.933113849267665,6.715383386334681,2.2177304629329835,1,0
AL,2012,12,8024.168,831,1,0,9.6560385078219,8.990213266611025,6.7226297948554485,2.267583471755578,1,0
AL,2013,1,7291.4,785,1,0,9.288407643312102,8.894450850460384,6.665683717782408,2.2287671326779748,1,0
AL,2013,2,5918.586,660,1,0,8.967554545454545,8.685852847997173,6.492239835020471,2.193613012976702,1,0
AL,2013,3,6907.884,731,1,0,9.449909712722299,8.840418647000508,6.594413459749778,2.246005187250729,1,0
AL,2013,4,7270.235,755,1,0,9.629450331125827,8.891543894626869,6.626717749249025,2.264826145377844,1,0
AL,2013,5,7501.445,783,1,0,9.580389527458493,8.92285094763323,6.663132695990803,2.259718251642427,1,0
AL,2013,6,8278.194,868,1,0,9.537089861751152,9.021380107646534,6.7661917146603505,2.2551883929861845,1,0
AL,2013,7,10135.786,1016,1,0,9.976167322834646,9.22382760891306,6.923628628138427,2.3001989807746326,1,0
AL,2013,8,10862.406,1065,1,0,10.199442253521127,9.293063115911348,6.970730078143525,2.322333037767823,1,0
AL,2013,9,9112.053,951,1,0,9.581548895899054,9.11735332161581,6.85751406254539,2.259839259070419,1,0
AL,2013,10,8065.566,874,1,0,9.228336384439359,8.995359167886036,6.773080375655535,2.2222787922305,1,0
AL,2013,11,6492.396,717,1,0,9.05494560669456,8.77838692492574,6.57507584059962,2.203311084326121,1,0
AL,2013,12,8129.737,751,1,0,10.82521571238349,9.003283852695112,6.621405651764134,2.3818782009309776,1,0
AL,2014,1,8385.115,786,1,0,10.66808524173028,9.034213389130464,6.666956792429207,2.3672565967012567,1,0
AL,2014,2,6391.973,634,1,0,10.081976340694006,8.762798263407152,6.452048954437226,2.3107493089699256,1,0
AL,2014,3,7433.668,717,1,0,10.36773779637378,8.913774690188147,6.57507584059962,2.3386988495885257,1,0
AL,2014,4,7238.136,709,1,0,10.2089365303244,8.88711899366808,6.5638555265321274,2.323263467135953,1,0
AL,2014,5,7087.838,713,1,0,9.940866760168303,8.86613563649325,6.569481420414296,2.2966542160789554,1,0
AL,2014,6,7333.856,720,1,0,10.18591111111111,8.900256713859836,6.579251212010101,2.3210055018497346,1,0
AL,2014,7,9229.639,857,1,0,10.769707117852974,9.130175215139387,6.75343791859778,2.3767372965416067,1,0
AL,2014,8,10248.621,902,1,0,11.36210753880266,9.23489843893033,6.804614520062624,2.4302839188677066,1,0
AL,2014,9,10427.187,854,1,0,12.209820843091334,9.25217180883804,6.74993119378857,2.502240615049472,1,0
AL,2014,10,7605.408,755,1,0,10.073388079470199,8.936614852169528,6.626717749249025,2.3098971029205044,1,0
AL,2014,11,6759.091,662,1,0,10.210107250755287,8.81864369253983,6.495265555937008,2.3233781366028214,1,0
AL,2014,12,7152.977,715,1,0,10.004163636363636,8.875283912669131,6.5722825426940075,2.303001369975123,1,0
AL,2015,1,6785.255,690,1,0,9.833702898550724,8.822507154466214,6.536691597591305,2.2858155568749083,1,0
AL,2015,2,5781.615,620,1,0,9.325185483870968,8.662438334402932,6.429719478039138,2.2327188563637943,1,0
AL,2015,3,6771.908,721,1,0,9.392382801664356,8.820538157809297,6.580639137284949,2.239899020524348,1,0
AL,2015,4,8498.335,870,1,0,9.768201149425286,9.047625540938013,6.76849321164863,2.2791323292893835,1,0
AL,2015,5,8289.794,905,1,0,9.159993370165745,9.02278039860467,6.807934943699926,2.214845454904745,1,0
AL,2015,6,8918.219,956,1,0,9.328680962343096,9.09585154196148,6.862757913051401,2.233093628910078,1,0
AL,2015,7,10386.507,1066,1,0,9.743439962476547,9.248262838926276,6.97166860472579,2.2765942342004863,1,0
AL,2015,8,10979.979,1098,1,0,9.99998087431694,9.303828802493387,7.001245622069476,2.3025831804239107,1,0
AL,2015,9,9694.315,974,1,0,9.953095482546201,9.17929491020378,6.881411303642535,2.2978836065612445,1,0
AL,2015,10,8844.261,901,1,0,9.816049944506105,9.087524053075123,6.803505257608338,2.284018795466785,1,0
AL,2015,11,7650.25,784,1,0,9.75797193877551,8.942493606025172,6.664409020350408,2.278084585674765,1,0
AL,2015,12,8725.37,853,1,0,10.229038686987105,9.073990153048273,6.748759547491679,2.3252306055565937,1,0
AL,2016,1,8134.369,830,1,0,9.800444578313252,9.003853450572208,6.721425700790643,2.282427749781565,1,0
AL,2016,2,7244.245,755,1,0,9.595026490066225,8.887962639524702,6.626717749249025,2.2612448902756777,1,0
AL,2016,3,8450.441,836,1,0,10.108183014354069,9.041973908338516,6.728628613084702,2.313345295253814,1,0
AL,2016,4,8313.7,840,1,0,9.897261904761905,9.025660035447332,6.733401891837359,2.2922581436099736,1,0
AL,2016,5,8408.82,853,1,0,9.857936694021102,9.037036433966977,6.748759547491679,2.2882768864752974,1,0
AL,2016,6,9231.455,861,1,0,10.72178281068525,9.130371953209824,6.7580945044277305,2.372277448782093,1,0
AL,2016,7,11223.878,1051,1,0,10.679236917221694,9.325798752158006,6.957497370876951,2.368301381281054,1,0
AL,2016,8,12157.049,1178,1,0,10.320075551782683,9.405664445147325,7.071573364211532,2.3340910809357935,1,0
AL,2016,9,11251.445,1072,1,0,10.49575093283582,9.32825184382873,6.977281341630747,2.350970502197982,1,0
AL,2016,10,9865.575,1011,1,0,9.758234421364985,9.196806703630884,6.918695219020472,2.278111484610413,1,0
AL,2016,11,8677.764,902,1,0,9.620580931263857,9.068519170782231,6.804614520062624,2.2639046507196072,1,0
AL,2016,12,9707.154,963,1,0,10.080118380062306,9.180618418426187,6.870053411798126,2.310565006628062,1,0
AL,2017,1,8982.333,903,1,0,9.947212624584719,9.10301492710875,6.805722553416985,2.297292373691765,1,0
AL,2017,2,7608.015,786,1,0,9.679408396946565,8.936957575832116,6.666956792429207,2.270000783402909,1,0
AL,2017,3,8503.752,871,1,0,9.763205510907003,9.0482627568496,6.769641976852503,2.2786207799970972,1,0
AL,2017,4,9244.156,891,1,0,10.375034792368126,9.131746847063214,6.792344427470809,2.339402419592404,1,0
AL,2017,5,9615.686,920,1,0,10.451832608695652,9.171151002331689,6.824373670043086,2.3467773322886023,1,0
AL,2017,6,11493.13,1030,1,0,11.158378640776698,9.349504744537711,6.937314081223682,2.41219066331403,1,0
AL,2017,7,13773.034,1253,1,0,10.992046288906623,9.530467901512266,7.133295954896068,2.397171946616198,1,0
AL,2017,8,14690.821,1330,1,0,11.04573007518797,9.594978155965656,7.1929342212158,2.4020439347498557,1,0
AL,2017,9,13235.249,1227,1,0,10.786674001629992,9.490638928235642,7.112327444710911,2.3783114835247305,1,0
AL,2017,10,10480.825,1030,1,0,10.175558252427185,9.257302676150715,6.937314081223682,2.319988594927033,1,0
AL,2017,11,9633.484,941,1,0,10.237496280552604,9.173000225448517,6.846943139585379,2.3260570858631366,1,0
AL,2017,12,11136.114,1092,1,0,10.197906593406593,9.317948619590767,6.9957661563048505,2.3221824632859174,1,0
AL,2018,1,10624.795,1023,1,0,10.385918866080157,9.270945699488836,6.930494765951626,2.3404509335372103,1,0
AL,2018,2,7922.322,785,1,0,10.092129936305733,8.977439623657263,6.665683717782408,2.311755905874854,1,0
AL,2018,3,9538.698,901,1,0,10.586790233074362,9.163112277140943,6.803505257608338,2.359607019532605,1,0
AL,2018,4,10718.944,996,1,0,10.761991967871486,9.279767922309928,6.903747257584598,2.3760206647253295,1,0
AL,2018,5,11194.048,1022,1,0,10.95308023483366,9.323137487453547,6.92951677076365,2.393620716689896,1,0
AL,2018,6,13670.33,1157,1,0,11.81532411408816,9.522983069880167,7.053585727193677,2.4693973426864906,1,0
AL,2018,7,16518.246,1377,1,0,11.995821350762526,9.712220867103936,7.227662498728654,2.48455836837528,1,0
AL,2018,8,17471.914,1440,1,0,12.133273611111111,9.768349956371345,7.272398392570047,2.4959515638012992,1,0
AL,2018,9,14805.192,1214,1,0,12.195380560131795,9.602733209043292,7.101675971619444,2.5010572374238484,1,0
AL,2018,10,10587.33,956,1,0,11.074612970711296,9.267413282160797,6.862757913051401,2.404655369109397,1,0
AL,2018,11,9841.87,884,1,0,11.1333371040724,9.194401012641269,6.784457062637643,2.4099439500036253,1,0
AL,2018,12,10977.57,989,1,0,11.099666329625885,9.303609379095114,6.8966943316227125,2.4069150474724013,1,0
AL,2019,1,10895.621,987,1,0,11.039129685916919,9.296116244377583,6.894670039433482,2.4014462049441003,1,0
AL,2019,2,9184.611,841,1,0,10.921059453032106,9.125284645092053,6.734591659972948,2.3906929851191054,1,0
AL,2019,3,10184.113,925,1,0,11.009851891891891,9.22858423601229,6.829793737512425,2.3987904984998654,1,0
AL,2019,4,12340.132,1088,1,0,11.342033088235294,9.420611994322751,6.992096427415888,2.4285155669068628,1,0
AL,2019,5,13342.071,1198,1,0,11.136954090150251,9.4986775547963,7.088408778675395,2.410268776120905,1,0
AL,2019,6,15562.883,1306,1,0,11.916449464012251,9.652644063346,7.174724309836376,2.4779197535096222,1,0
AL,2019,7,19237.772,1557,1,0,12.35566602440591,9.864630917098511,7.350516171833998,2.514114745264513,1,0
AL,2019,8,19970.8,1579,1,0,12.647751741608612,9.902026485697611,7.364547014255642,2.53747947144197,1,0
AL,2019,9,16560.084,1366,1,0,12.123048316251829,9.714750500390155,7.2196420401307355,2.4951084602594182,1,0
AL,2019,10,13197.194,1177,1,0,11.21256924384027,9.487759510219458,7.0707241072602764,2.417035402959181,1,0
AL,2019,11,11907.78,1062,1,0,11.212598870056498,9.384947246990196,6.967909201801884,2.4170380451883116,1,0
AL,2019,12,13335.642,1165,1,0,11.446903004291846,9.498195579439233,7.060476365999801,2.437719213439432,1,0
AL,2020,1,11834.426,1034,1,0,11.445286266924564,9.378768020560672,6.9411900550683745,2.4375779654922987,1,0
AL,2020,2,10022.229,876,1,0,11.440900684931506,9.212560804989211,6.775366090936392,2.43719471405282,1,0
AL,2020,3,5048.149,461,1,0,10.950431670281997,8.526776920425695,6.133398042996649,2.393378877429047,1,0
AL,2020,4,507.426,76,1,0,6.676657894736842,6.22935088747634,4.330733340286331,1.8986175471900084,1,0
AL,2020,5,1106.599,111,1,0,9.96936036036036,7.009046626794706,4.709530201312334,2.2995164254823712,1,0
AL,2020,6,2204.733,230,1,0,9.585795652173914,7.698361692113775,5.438079308923196,2.2602823831905803,1,0
AL,2020,7,11300.977,963,1,0,11.735178608515058,9.332644461139957,6.870053411798126,2.462591049341832,1,0
AL,2020,8,13321.763,1139,1,0,11.696016681299387,9.497154292693276,7.037905963447182,2.459248329246093,1,0
AL,2020,9,9504.529,848,1,0,11.208170990566039,9.159523700827833,6.742880635791903,2.4166430650359305,1,0
AL,2020,10,7139.074,751,1,0,9.506090545938747,8.87333835504616,6.621405651764134,2.251932703282026,1,0
AL,2020,11,5085.959,623,1,0,8.163658105939005,8.534238884604704,6.434546518787453,2.099692365817251,1,0
AL,2020,12,5212.267,527,1,0,9.89044971537002,8.558770164868163,6.267200548541362,2.291569616326801,1,0
AL,2021,1,4879.1484,519,1,0,9.401056647398844,8.492725975422145,6.251903883165888,2.240822092256256,1,0
AL,2021,2,3954.4657,486,1,0,8.136760699588478,8.28260077625894,6.186208623900494,2.096392152358446,1,0
AL,2021,3,5118.939,564,1,0,9.076132978723404,8.540702469996663,6.335054251498059,2.2056482184986037,1,0
AL,2021,4,6162.00165,603,1,0,10.218908208955224,8.726156946926782,6.401917196727186,2.3242397501995966,1,0
AL,2021,5,9509.95285,806,1,0,11.798948945409428,9.160094197588133,6.692083742506628,2.4680104550815054,1,0
AL,2021,6,14561.34425,1191,1,0,12.226149664147774,9.586125642351636,7.0825485693553,2.5035770729963365,1,0
AL,2021,7,22277.5234,1665,1,0,13.379893933933932,10.011333529873484,7.417580402414544,2.5937531274589407,1,0
AL,2021,8,28739.379,2053,1,0,13.998723331709694,10.266023551883913,7.627057417018934,2.638966134864979,1,0
AL,2021,9,23539.50745,1699,1,0,13.854919040612126,10.06643545663614,7.4377951216719325,2.6286403349642082,1,0
AL,2021,10,18178.42065,1310,1,0,13.876656984732824,9.807990491020504,7.177782416195197,2.6302080748253065,1,0
AL,2021,11,13669.3242,1061,1,0,12.88343468426013,9.52290949177321,6.966967138613983,2.5559423531592262,1,0
AL,2021,12,15910.76025,1204,1,0,13.21491715116279,9.674750904602513,7.093404625868766,2.5813462787337467,1,0
AL,2022,1,14642.8632,1121,1,0,13.062322212310438,9.591708342163738,7.02197642307216,2.569731919091578,1,0
AL,2022,2,11565.54,908,1,0,12.737378854625552,9.355785266182478,6.811244378601294,2.5445408875811846,1,0
AL,2022,3,15527.98485,1163,1,0,13.351663671539123,9.650399149191493,7.0587581525186645,2.5916409966728278,1,0
AL,2022,4,20676.04875,1483,1,0,13.9420423128793,9.936731244119303,7.301822342137932,2.6349089019813703,1,0
AL,2022,5,24439.48605,1794,1,0,13.622901923076922,10.103955384013682,7.492203042618741,2.61175234139494,1,0
AL,2022,6,25751.33715,1866,1,0,13.800287861736335,10.156241832899003,7.531552381407289,2.624689451491713,1,0
AL,2022,7,30960.72135,2214,1,0,13.984065650406505,10.34047462685084,7.7025561132685825,2.6379185135822585,1,0
AL,2022,8,33039.65545,2363,1,0,13.982080173508251,10.405463799311775,7.767687277186908,2.6377765221248666,1,0
AL,2022,9,27968.4053,1990,1,0,14.054475025125628,10.238830769912045,7.595889917718538,2.642940852193507,1,0
AL,2022,10,23093.56665,1704,1,0,13.55256258802817,10.047309357721558,7.440733707389261,2.606575650332297,1,0
AL,2022,11,18679.40485,1413,1,0,13.219677883934889,9.83517685099691,7.253470382684528,2.581706468312384,1,0
AL,2022,12,19383.2919,1511,1,0,12.828121707478491,9.87216673170118,7.32052696227274,2.5516397694284403,1,0
AL,2023,1,18498.33075,1440,1,0,12.846063020833334,9.82543577726574,7.272398392570047,2.5530373846956933,1,0
AL,2023,2,15561.0693,1233,1,0,12.620494160583942,9.652527516450888,7.117205503164344,2.5353220132865446,1,0
AL,2023,3,18147.4776,1518,1,0,11.954860079051382,9.806286854828436,7.325148957955575,2.4811378968728612,1,0
AL,2023,4,23235.7104,1833,1,0,12.676328641571194,10.05344561561592,7.513709247839705,2.539736367776216,1,0
AL,2023,5,25894.08045,2043,1,0,12.674537665198239,10.161769667511116,7.622174594817622,2.539595072693495,1,0
AL,2023,6,30565.04375,2358,1,0,12.962274703138252,10.327612273837557,7.765569081097317,2.5620431927402416,1,0
AL,2023,7,37181.22225,2815,1,0,13.20824946714032,10.523559134592015,7.942717540573791,2.580841594018223,1,0
AL,2023,8,38011.00985,2869,1,0,13.248870634367377,10.54563112963879,7.9617188159813645,2.583912313657425,1,0
AL,2023,9,32205.9598,2490,1,0,12.934120401606426,10.379906801362544,7.820037989458753,2.5598688119037907,1,0
AL,2023,10,27865.8148,2201,1,0,12.660524670604271,10.23515594055944,7.696667081526462,2.538488859032978,1,0
AL,2023,11,29784.9447,2267,1,0,13.138484649316277,10.301758333421816,7.726212650507529,2.5755456829142873,1,0
AL,2023,12,32440.73155,2450,1,0,13.241114918367348,10.387170058838214,7.803843303538772,2.5833267552994417,1,0
AL,2024,1,31744.03322,2361,1,0,13.445164430326134,10.365460056581028,7.766840537085513,2.598619519495515,1,0
AL,2024,2,28444.99912,2052,1,0,13.862085341130605,10.255727646247852,7.62657020629066,2.6291574399571913,1,0
AL,2024,3,31670.45536,2259,1,0,14.0196792208942,10.36313951770529,7.7226775164680035,2.6404620012372866,1,0
AL,2024,4,38595.39944,2785,1,0,13.858312186714542,10.56088836285754,7.932003152361385,2.6288852104961546,1,0
AL,2024,5,43135.94068,3090,1,0,13.959851352750809,10.672111819085574,8.035926369891792,2.6361854491937824,1,0
AL,2024,6,47658.56366,3425,1,0,13.914909097810218,10.771817612976609,8.138856750696325,2.632960862280283,1,0
AL,2024,7,50913.96956,3662,1,0,13.903323200436919,10.837892615964355,8.205764725234456,2.6321278907298997,1,0
AL,2024,8,52124.6243,3690,1,0,14.125914444444446,10.861392751401267,8.213381737034572,2.6480110143666935,1,0
AL,2024,9,48017.00158,3436,1,0,13.974680320139695,10.779310426759498,8.142063283104147,2.637247143655351,1,0
AL,2024,10,41375.32096,2969,1,0,13.935776679016502,10.630439869990665,7.99598047476376,2.634459395226906,1,0
AL,2024,11,30601.97246,2236,1,0,13.686034194991056,10.328819745340173,7.71244383427499,2.616375911065184,1,0
AL,2024,12,31722.53848,2331,1,0,13.608982616902617,10.364782700289485,7.754052639035757,2.610730061253727,1,0
AL,2025,1,30703.83982,2269,1,0,13.53188180696342,10.332143001324024,7.727094484779841,2.6050485165441826,1,0
AL,2025,2,26993.22746,2034,1,0,13.271006617502458,10.203341278707338,7.617759576608505,2.5855817020988323,1,0
AL,2025,3,31655.63958,2355,1,0,13.441885171974523,10.362671597481112,7.764296006450518,2.5983755910305937,1,0
AL,2025,4,37631.31188,2720,1,0,13.835041132352941,10.535591745589416,7.908387159290043,2.6272045862993734,1,0
AL,2025,5,41878.93088,3087,1,0,13.566223155166828,10.642538136482884,8.034955024502159,2.6075831119807242,1,0
AL,2025,6,47510.44308,3425,1,0,13.871662213138686,10.768704820174104,8.138856750696325,2.629848069477778,1,0
AL,2025,7,54441.81992,3866,1,0,14.08220898085877,10.904887886037645,8.259975659768276,2.6449122262693687,1,0
AL,2025,8,56819.58568,4072,1,0,13.953729292730843,10.947636363582932,8.311889558230359,2.6357468053525723,1,0
AL,2025,9,48815.31152,3531,1,0,13.824783777966582,10.795799303284396,8.169336395928386,2.626462907356009,1,0
AL,2025,10,42273.60448,3091,1,0,13.676352144936914,10.651918162695607,8.036249942132116,2.6156682205634896,1,0
AL,2025,11,29363.8134,2249,1,0,13.056386571809693,10.287518358490415,7.718240951959316,2.5692774065310995,1,0
AL,2025,12,31784.58664,2358,1,0,13.479468464800679,10.36673675440943,7.765569081097317,2.6011676733121147,1,0
AL,2026,1,28740.93944,2158,1,0,13.318322261353105,10.266077846642283,7.67693714581808,2.589140700824203,1,0
AL,2026,2,24701.59992,1889,1,0,13.076548395976708,10.114623294607387,7.543802867501509,2.570820427105877,1,0
AL,2026,3,32381.31948,2402,1,0,13.480982298084928,10.385336976246958,7.784057002639929,2.6012799736070287,1,0
AL,2026,4,47788.0463,3456,1,0,13.827559693287037,10.77453080979912,8.147867129923947,2.6266636798751746,1,0
AL,2026,5,52953.44404,3781,1,0,14.005142565458874,10.87716839216268,8.237743803890933,2.639424588271747,1,0
AL,2026,6,61430.27468,4371,1,0,14.054055062914665,11.025658065578874,8.382747094863314,2.6429109707155587,1,0
AL,2026,7,69266.55536,4849,1,0,14.284709292637658,11.145717462048124,8.486527777105353,2.659189684942771,1,0
AM,2010,1,13456.676,662,1,0,20.32730513595166,9.50723061876298,6.495265555937008,3.011965062825973,0,0
AM,2010,2,11213.872,558,1,0,20.09654480286738,9.324906862314926,6.324358962381311,3.000547899933614,0,0
AM,2010,3,13872.043,694,1,0,19.988534582132566,9.537630798784837,6.542471960506805,2.9951588382780336,0,0
AM,2010,4,14906.83,710,1,0,20.995535211267605,9.609574776167033,6.565264970035361,3.0443098061316713,0,0
AM,2010,5,18961.726,889,1,0,21.32927559055118,9.850177805420966,6.790097235513905,3.0600805699070617,0,0
AM,2010,6,21274.225,987,1,0,21.554432624113474,9.96525152504599,6.894670039433482,3.0705814856125073,0,0
AM,2010,7,22388.596,1105,1,0,20.261172850678733,10.01630700106123,7.007600613951853,3.0087063871093775,0,0
AM,2010,8,22863.388,1097,1,0,20.84173928896992,10.037292132841499,7.00033446027523,3.0369576725662677,0,0
AM,2010,9,18832.277,943,1,0,19.970601272534463,9.843327538397828,6.849066282633458,2.9942612557643713,0,0
AM,2010,10,18400.032,942,1,0,19.532942675159234,9.820107682726,6.848005274576363,2.9721024081496363,0,0
AM,2010,11,16247.712,839,1,0,19.36556853396901,9.695707377844633,6.732210706467206,2.9634966713774267,0,0
AM,2010,12,18391.803,900,1,0,20.435336666666668,9.81966035520688,6.802394763324311,3.0172655918825684,0,0
AM,2011,1,14519.333,727,1,0,19.97157221458047,9.58323635068455,6.588926477533519,2.9943098731510296,0,0
AM,2011,2,12514.178,628,1,0,19.927035031847133,9.43461752052619,6.4425401664681985,2.9920773540579915,0,0
AM,2011,3,14353.388,700,1,0,20.50484,9.5717412908821,6.551080335043404,3.020660955838695,0,0
AM,2011,4,15767.374,745,1,0,21.16426040268456,9.6656981473849,6.61338421837956,3.052313929005341,0,0
AM,2011,5,18810.807,881,1,0,21.351653802497164,9.842186824086104,6.78105762593618,3.0611291981499256,0,0
AM,2011,6,19931.966,949,1,0,21.003125395152793,9.90008005360012,6.855408798609928,3.0446712549901935,0,0
AM,2011,7,22117.487,1064,1,0,20.787111842105265,10.004123841587504,6.96979066990159,3.034333171685913,0,0
AM,2011,8,22688.285,1138,1,0,19.936981546572934,10.029603990959586,7.037027614686276,2.992576376273309,0,0
AM,2011,9,19908.885,1012,1,0,19.672811264822133,9.89892139348103,6.919683849847411,2.9792375436336194,0,0
AM,2011,10,18699.6,965,1,0,19.37782383419689,9.836257412239569,6.872128101338986,2.964129310900583,0,0
AM,2011,11,15949.707,793,1,0,20.113123581336698,9.677195738138305,6.675823221634848,3.0013725165034577,0,0
AM,2011,12,17809.808,868,1,0,20.51821198156682,9.787504595765183,6.7661917146603505,3.021312881104832,0,0
AM,2012,1,15565.678,774,1,0,20.110695090439275,9.652823641194619,6.651571873589727,3.0012517676048915,1,0
AM,2012,2,13334.045,683,1,0,19.522759882869693,9.498075818003569,6.52649485957079,2.971580958432779,1,0
AM,2012,3,15658.187,783,1,0,19.99768454661558,9.6587491901734,6.663132695990803,2.995616494182597,1,0
AM,2012,4,18402.368,884,1,0,20.817158371040723,9.820234630968676,6.784457062637643,3.0357775683310324,1,0
AM,2012,5,20000.769,945,1,0,21.16483492063492,9.903526001796946,6.851184927493743,3.052341074303203,1,0
AM,2012,6,20438.406,980,1,0,20.855516326530612,9.925171056932282,6.887552571664617,3.0376184852676635,1,0
AM,2012,7,22796.711,1073,1,0,21.245769804287043,10.034371550150903,6.9782137426306985,3.056157807520204,1,0
AM,2012,8,22989.294,1108,1,0,20.748460288808666,10.042783908281782,7.010311867307229,3.0324720409745525,1,0
AM,2012,9,20870.632,1014,1,0,20.582477317554243,9.946098282315178,6.921658184151129,3.02444009816405,1,0
AM,2012,10,18757.358,901,1,0,20.818377358490565,9.839341381086017,6.803505257608338,3.03583612347768,1,0
AM,2012,11,16092.194,784,1,0,20.525757653061223,9.68608958867685,6.664409020350408,3.0216805683264427,1,0
AM,2012,12,16791.901,820,1,0,20.47792804878049,9.728651965818488,6.709304340258298,3.0193476255601888,1,0
AM,2013,1,13666.505,688,1,0,19.86410610465116,9.522703227680076,6.5337888379333435,2.9889143897467325,1,0
AM,2013,2,12884.795,664,1,0,19.404811746987953,9.463803212987063,6.498282149476434,2.96552106351063,1,0
AM,2013,3,13581.285,697,1,0,19.485344332855092,9.516448021083793,6.546785410760524,2.9696626103232697,1,0
AM,2013,4,14349.23,671,1,0,21.3848435171386,9.57145156121151,6.508769136971682,3.062682424239829,1,0
AM,2013,5,14591.528,697,1,0,20.934760401721665,9.588196365299726,6.546785410760524,3.041410954539202,1,0
AM,2013,6,16083.863,759,1,0,21.190860342555993,9.68557175019924,6.63200177739563,3.053569972803612,1,0
AM,2013,7,17818.325,859,1,0,20.743102444703144,9.787982701096283,6.755768921984255,3.032213779112028,1,0
AM,2013,8,18385.464,894,1,0,20.565395973154363,9.819315631382633,6.795705775173514,3.023609856209119,1,0
AM,2013,9,16921.078,829,1,0,20.411433051869725,9.736315342714642,6.720220155135295,3.016095187579347,1,0
AM,2013,10,16710.87,807,1,0,20.707397769516728,9.723814684866081,6.693323668269949,3.0304910165961316,1,0
AM,2013,11,16368.406,818,1,0,20.010276283618584,9.70310829238036,6.706862336602747,2.996245955777613,1,0
AM,2013,12,18354.484,907,1,0,20.236476295479605,9.81762918330478,6.810142450115136,3.0074867331896424,1,0
AM,2014,1,15061.587,770,1,0,19.560502597402596,9.619902874288018,6.646390514847729,2.973512359440288,1,0
AM,2014,2,13478.96,711,1,0,18.95774964838256,9.50888523015467,6.566672429803241,2.9422128003514283,1,0
AM,2014,3,15586.351,809,1,0,19.266194066749073,9.654150874360376,6.695798917058491,2.9583519573018835,1,0
AM,2014,4,16579.978,860,1,0,19.279044186046512,9.715951101788527,6.756932389247553,2.959018712540973,1,0
AM,2014,5,18749.954,951,1,0,19.716039957939014,9.838946578062215,6.85751406254539,2.9814325155168238,1,0
AM,2014,6,19913.241,1021,1,0,19.50366405484819,9.899140166331952,6.928537818164665,2.9706023481672856,1,0
AM,2014,7,22100.033,1117,1,0,19.78516830796777,10.0033343807174,7.018401799069201,2.984932581648198,1,0
AM,2014,8,23426.975,1159,1,0,20.21309318377912,10.061643415185468,7.055312843339752,3.0063305718457163,1,0
AM,2014,9,19437.398,937,1,0,20.744288153681964,9.874954221319397,6.842683282238422,3.032270939080975,1,0
AM,2014,10,17912.057,852,1,0,21.023541079812208,9.793229340497735,6.747586526829315,3.0456428136684193,1,0
AM,2014,11,15036.689,730,1,0,20.59820410958904,9.618248426991487,6.593044534142437,3.0252038928490497,1,0
AM,2014,12,17809.217,833,1,0,21.37961224489796,9.787471411252127,6.725033642166843,3.062437769085285,1,0
AM,2015,1,14830.448,739,1,0,20.068265223274697,9.604437643711432,6.6052979209482015,2.9991397227632306,1,0
AM,2015,2,12869.366,656,1,0,19.617935975609758,9.462605037527506,6.486160788944089,2.976444248583417,1,0
AM,2015,3,14783.733,763,1,0,19.375796854521624,9.601282733653445,6.637258031284457,2.9640247023689885,1,0
AM,2015,4,16506.349,788,1,0,20.947143401015225,9.71150037375559,6.669498089857879,3.04200228389771,1,0
AM,2015,5,15212.902,765,1,0,19.886146405228757,9.629899162583444,6.639875833826536,2.990023328756908,1,0
AM,2015,6,15234.829,774,1,0,19.683241602067184,9.631339467201911,6.651571873589727,2.9797675936121846,1,0
AM,2015,7,18480.445,910,1,0,20.308181318681317,9.824468424992334,6.813444599510896,3.011023825481439,1,0
AM,2015,8,19911.161,962,1,0,20.697672557172556,9.899035707763966,6.8690144506657065,3.030021257098259,1,0
AM,2015,9,16139.406,827,1,0,19.515605804111246,9.689019138172716,6.717804695023691,2.971214443149025,1,0
AM,2015,10,14478.207,780,1,0,18.561803846153847,9.580399832305789,6.659293919683638,2.921105912622151,1,0
AM,2015,11,13217.752,718,1,0,18.409125348189416,9.489316053560543,6.576469569048224,2.9128464845123183,1,0
AM,2015,12,15806.249,780,1,0,20.264421794871794,9.66816064715216,6.659293919683638,3.0088667274685226,1,0
AM,2016,1,13408.554,699,1,0,19.18248068669528,9.503648140484026,6.54965074223381,2.9539973982502152,1,0
AM,2016,2,11573.208,591,1,0,19.582416243654823,9.35644805055445,6.3818160174060985,2.974632033148352,1,0
AM,2016,3,12282.168,655,1,0,18.751401526717558,9.415903733349776,6.484635235635252,2.9312684977145236,1,0
AM,2016,4,13457.421,646,1,0,20.83192105263158,9.507285980085353,6.470799503782602,3.0364864763027515,1,0
AM,2016,5,14557.505,706,1,0,20.619695467422094,9.585861947176783,6.559615237493242,3.0262467096835413,1,0
AM,2016,6,14886.919,733,1,0,20.30957571623465,9.608238186873473,6.597145701886651,3.0110924849868215,1,0
AM,2016,7,18402.017,912,1,0,20.177650219298247,9.820215557154508,6.815639990074331,3.0045755670801775,1,0
AM,2016,8,20531.003,1014,1,0,20.24753747534517,9.929691364153255,6.921658184151129,3.008033180002126,1,0
AM,2016,9,18309.443,919,1,0,19.923224156692054,9.815172216670616,6.823286122355687,2.991886094314929,1,0
AM,2016,10,18338.775,916,1,0,20.02049672489083,9.816772949686515,6.82001636467413,2.9967565850123843,1,0
AM,2016,11,15913.036,794,1,0,20.041607052896726,9.674893926508888,6.677083461247136,2.997810465261752,1,0
AM,2016,12,17754.814,857,1,0,20.717402567094513,9.78441196940004,6.75343791859778,3.0309740508022602,1,0
AM,2017,1,16297.374,786,1,0,20.73457251908397,9.698759269521684,6.666956792429207,3.031802477092478,1,0
AM,2017,2,12901.671,617,1,0,20.910325769854133,9.465112116844566,6.424869023905388,3.040243092939178,1,0
AM,2017,3,17331.649,839,1,0,20.65750774731824,9.760289531096923,6.732210706467206,3.0280788246297163,1,0
AM,2017,4,19023.446,879,1,0,21.642145620022752,9.853427497396359,6.778784897685177,3.0746425997111815,1,0
AM,2017,5,17927.994,922,1,0,19.444678958785246,9.794118680808685,6.826545223556594,2.9675734572520915,1,0
AM,2017,6,18895.752,941,1,0,20.080501594048883,9.846692413880229,6.846943139585379,2.99974927429485,1,0
AM,2017,7,22576.046,1117,1,0,20.21132139659803,10.024644711652533,7.018401799069201,3.0062429125833314,1,0
AM,2017,8,22998.966,1138,1,0,20.20998769771529,10.043204537378973,7.037027614686276,3.006176922692697,1,0
AM,2017,9,22090.588,1080,1,0,20.45424814814815,10.002906914439258,6.984716320118266,3.018190594320992,1,0
AM,2017,10,21126.836,1033,1,0,20.451922555663117,9.958299359691415,6.940222469119639,3.0180768905717765,1,0
AM,2017,11,18211.189,910,1,0,20.012295604395604,9.809791464384725,6.813444599510896,2.9963468648738294,1,0
AM,2017,12,18776.737,953,1,0,19.70276705141658,9.840373988997408,6.859614903654202,2.9807590853432067,1,0
AM,2018,1,16790.18,875,1,0,19.188777142857145,9.728549470681184,6.774223886357614,2.95432558432357,1,0
AM,2018,2,14935.907,744,1,0,20.0751438172043,9.611523458635489,6.612041034833092,2.9994824238023967,1,0
AM,2018,3,17177.483,892,1,0,19.25726793721973,9.751354677238027,6.79346613258001,2.9578885446580165,1,0
AM,2018,4,19852.298,1003,1,0,19.79291924227318,9.896075047676673,6.910750787961936,2.9853242597147376,1,0
AM,2018,5,20349.749,1011,1,0,20.128337289812066,9.920823856642341,6.918695219020472,3.002128637621869,1,0
AM,2018,6,20914.59,1031,1,0,20.285732298739088,9.948202280528525,6.93828448401696,3.0099177965115644,1,0
AM,2018,7,25209.236,1229,1,0,20.5119902359642,10.134965714288395,7.113956109566034,3.0210096047223605,1,0
AM,2018,8,26424.401,1271,1,0,20.790244689221087,10.182043142553418,7.147559271189454,3.034483871363965,1,0
AM,2018,9,21717.646,1082,1,0,20.071761552680222,9.985880388800554,6.9865664594064265,2.9993139293941273,1,0
AM,2018,10,20932.492,1070,1,0,19.56307663551402,9.949057871897695,6.975413927455952,2.9736439444417426,1,0
AM,2018,11,18138.541,954,1,0,19.01314570230608,9.805794290445489,6.860663671448287,2.9451306189972013,1,0
AM,2018,12,20026.108,1042,1,0,19.218913627639157,9.90479210124232,6.948897222313312,2.955894878929008,1,0
AM,2019,1,18597.138,979,1,0,18.996055158324822,9.8307629768942,6.88653164253051,2.9442313343636886,1,0
AM,2019,2,14635.82,784,1,0,18.66813775510204,9.591227227621273,6.664409020350408,2.9268182072708657,1,0
AM,2019,3,16968.048,916,1,0,18.524069868995632,9.73908732509483,6.82001636467413,2.919070960420701,1,0
AM,2019,4,17168.766,882,1,0,19.465721088435373,9.750847081768887,6.782192056006791,2.9686550257620956,1,0
AM,2019,5,19223.614,977,1,0,19.676165813715457,9.863894698146886,6.884486652042782,2.979408046104103,1,0
AM,2019,6,22782.595,1190,1,0,19.145037815126052,10.03375214622881,7.081708586105575,2.9520435601232355,1,0
AM,2019,7,28885.97,1520,1,0,19.003927631578946,10.271111289095177,7.326465613840322,2.9446456752548555,1,0
AM,2019,8,30294.759,1626,1,0,18.631463099630995,10.318730006239344,7.3938782901077555,2.9248517161315877,1,0
AM,2019,9,25949.932,1389,1,0,18.682456443484522,10.16392426816671,7.236339342754344,2.9275849254123654,1,0
AM,2019,10,25696.51,1272,1,0,20.201658805031446,10.154110463996604,7.148345743900068,3.0057647200965363,1,0
AM,2019,11,19822.488,1048,1,0,18.914587786259542,9.894572329773688,6.954638864880987,2.9399334648927007,1,0
AM,2019,12,21462.117,1117,1,0,19.214070725156667,9.97404465996788,7.018401799069201,2.955642860898679,1,0
AM,2020,1,20693.241,1100,1,0,18.812037272727274,9.9375624041945,7.003065458786462,2.934496945408038,1,0
AM,2020,2,17186.818,911,1,0,18.86588144895719,9.751897973621656,6.814542897259958,2.9373550763616967,1,0
AM,2020,3,12642.022,668,1,0,18.92518263473054,9.444781623261706,6.504288173536645,2.9404934497250603,1,0
AM,2020,4,2517.713,110,1,0,22.8883,7.831106228759464,4.700480365792417,3.1306258629670474,1,0
AM,2020,5,2311.543,109,1,0,21.20681651376147,7.7456705458942325,4.6913478822291435,3.0543226636650886,1,0
AM,2020,6,3497.915,156,1,0,22.42253205128205,8.159922355683536,5.049856007249537,3.1100663484339988,1,0
AM,2020,7,3860.707,156,1,0,24.748121794871793,8.25860560630878,5.049856007249537,3.2087495990592423,1,0
AM,2020,8,5453.344,237,1,0,23.00989029535865,8.603984277476936,5.4680601411351315,3.1359241363418042,1,0
AM,2020,9,6850.911,311,1,0,22.02865273311897,8.832136915114255,5.739792912179234,3.0923440029350218,1,0
AM,2020,10,8890.001,402,1,0,22.114430348258708,9.092682440993883,5.996452088619021,3.096230352374862,1,0
AM,2020,11,15813.746,667,1,0,23.708764617691152,9.668634840784415,6.502790045915623,3.1658447948687924,1,0
AM,2020,12,11982.561,547,1,0,21.905961608775137,9.391207621778182,6.304448802421981,3.0867588193562017,1,0
AM,2021,1,8157.91375,371,1,0,21.988985849056604,9.006743747377389,5.916202062607435,3.0905416847699536,1,0
AM,2021,2,10419.365,499,1,0,20.880490981963927,9.25142137295137,6.212606095751519,3.038815277199851,1,0
AM,2021,3,13334.03215,669,1,0,19.931288714499253,9.498074854304543,6.505784060128229,2.9922907941763137,1,0
AM,2021,4,13184.451,670,1,0,19.678285074626864,9.486793459695235,6.507277712385012,2.979515747310224,1,0
AM,2021,5,16450.9065,792,1,0,20.771346590909094,9.708135861058196,6.674561391814426,3.03357446924377,1,0
AM,2021,6,18210.8869,872,1,0,20.884044610091745,9.809774875544438,6.77078942390898,3.0389854516354586,1,0
AM,2021,7,26326.1267,1239,1,0,21.247882728006456,10.17831713570643,7.122059881629142,3.056257254077289,1,0
AM,2021,8,30188.02185,1410,1,0,21.409944574468085,10.315200497202033,7.251344983372214,3.0638555138298185,1,0
AM,2021,9,24413.94585,1149,1,0,21.247994647519583,10.102909799237608,7.046647277848756,3.0562625213888515,1,0
AM,2021,10,22406.14125,1064,1,0,21.05840343045113,10.017090363213766,6.96979066990159,3.047299693312177,1,0
AM,2021,11,20179.03545,959,1,0,21.04174708029197,9.912399495441187,6.8658910748834385,3.0465084205577497,1,0
AM,2021,12,20720.637,986,1,0,21.014844827586206,9.938885439144098,6.893656354602635,3.045229084541463,1,0
AM,2022,1,18198.3816,877,1,0,20.750720182440137,9.809087946034072,6.776506992372183,3.0325809536618893,1,0
AM,2022,2,13796.34735,691,1,0,19.96577040520984,9.532159151327487,6.53813982376767,2.994019327559818,1,0
AM,2022,3,21144.32775,1036,1,0,20.40958277027027,9.959126957015293,6.943122422819428,3.016004534195865,1,0
AM,2022,4,22778.1225,1145,1,0,19.893556768558952,10.033555814816147,7.0431599159883405,2.990395898827807,1,0
AM,2022,5,25343.8405,1337,1,0,18.95575205684368,10.14029100119157,7.198183577101943,2.942107424089628,1,0
AM,2022,6,31891.22685,1617,1,0,19.722465584415584,10.370086230571722,7.388327859577107,2.9817583709946147,1,0
AM,2022,7,40028.6313,2001,1,0,20.004313493253374,10.597350259545957,7.601402334583733,2.995947924962223,1,0
AM,2022,8,41507.13105,2084,1,0,19.917049448176584,10.633620523987393,7.642044402873258,2.9915761211141345,1,0
AM,2022,9,37583.9982,1870,1,0,20.09839475935829,10.534333659005972,7.533693709848633,3.0006399491573403,1,0
AM,2022,10,37762.515,1821,1,0,20.737240527182866,10.539072222914312,7.507141079727608,3.0319311431867044,1,0
AM,2022,11,31794.3927,1540,1,0,20.645709545454547,10.367045223031594,7.3395376954076745,3.0275075276239187,1,0
AM,2022,12,35903.0892,1687,1,0,21.282210551274453,10.488578620913545,7.430707082545968,3.0578715383675767,1,0
AM,2023,1,35729.757,1702,1,0,20.992806698002347,10.483739149986771,7.43955930913332,3.0441798408534524,1,0
AM,2023,2,28850.0814,1403,1,0,20.563137134711333,10.269868093422733,7.246368080102461,3.0235000133202723,1,0
AM,2023,3,33799.38345,1659,1,0,20.37334746835443,10.428197840180479,7.413970290190444,3.014227549990034,1,0
AM,2023,4,36762.3616,1747,1,0,21.04313772180881,10.512229818149281,7.465655310134056,3.0465745080152247,1,0
AM,2023,5,41141.23965,1854,1,0,22.190528398058255,10.624766295227452,7.5251007461258,3.099665549101651,1,0
AM,2023,6,44456.6619,2038,1,0,21.813867468105986,10.70227010372781,7.61972421378267,3.0825458899451403,1,0
AM,2023,7,50405.39595,2310,1,0,21.820517727272726,10.82785351082868,7.745002803515839,3.0828507073128404,1,0
AM,2023,8,52651.22095,2365,1,0,22.26267270613108,10.871444707226763,7.768533300926033,3.1029114063007293,1,0
AM,2023,9,46260.2705,2131,1,0,21.708245190051617,10.742038783152683,7.664346632098617,3.0776921510540665,1,0
AM,2023,10,41989.9948,1910,1,0,21.98429047120419,10.645186649839221,7.554858521040676,3.0903281287985465,1,0
AM,2023,11,30897.76715,1458,1,0,21.191884190672152,10.33843919975712,7.284820912568604,3.053618287188517,1,0
AM,2023,12,33370.28155,1542,1,0,21.64090891699092,10.415421008928886,7.340835554123275,3.074585454805611,1,0
AM,2024,1,32008.70176,1483,1,0,21.583750343897506,10.373763074815603,7.301822342137932,3.0719407326776706,1,0
AM,2024,2,25651.06616,1180,1,0,21.73819166101695,10.152340415427094,7.07326971745971,3.0790706979673836,1,0
AM,2024,3,29186.06744,1374,1,0,21.241679359534206,10.28144673192193,7.2254814727822945,3.055965259139636,1,0
AM,2024,4,31137.84368,1452,1,0,21.444795922865016,10.346179197004505,7.280697195384741,3.0654820016197637,1,0
AM,2024,5,35956.33572,1649,1,0,21.80493372953305,10.490060584617105,7.407924322559599,3.0821362620575066,1,0
AM,2024,6,39200.25188,1816,1,0,21.58604178414097,10.576438451268114,7.504391559161238,3.0720468921068758,1,0
AM,2024,7,46046.0506,2025,1,0,22.738790419753087,10.737397274704811,7.613324979540639,3.1240722951641713,1,0
AM,2024,8,47615.7806,2109,1,0,22.577420862968232,10.770919510487255,7.653969180478774,3.116950330008481,1,0
AM,2024,9,42049.09886,1876,1,0,22.414231801705757,10.646593234969323,7.53689712956617,3.1096961054031538,1,0
AM,2024,10,39818.75868,1686,1,0,23.61729459074733,10.592093403852532,7.430114138561801,3.161979265290731,1,0
AM,2024,11,32216.9364,1483,1,0,21.724164801078892,10.380247568411331,7.301822342137932,3.0784252262733993,1,0
AM,2024,12,37398.679,1697,1,0,22.03811373011196,10.529390661923212,7.436617265234227,3.092773396688986,1,0
AM,2025,1,34212.18472,1573,1,0,21.749640635727907,10.440337137961205,7.360739903058278,3.0795972349029266,1,0
AM,2025,2,25633.68932,1181,1,0,21.705071397121085,10.151662754375486,7.074116816197362,3.0775459381781247,1,0
AM,2025,3,31069.44548,1406,1,0,22.09775638691323,10.343980154786564,7.2485040723706105,3.0954760824159537,1,0
AM,2025,4,34763.76672,1614,1,0,21.538888921933086,10.456330937144777,7.3864708488298945,3.069860088314883,1,0
AM,2025,5,39311.73668,1786,1,0,22.011050772676374,10.579278396529329,7.487733761436444,3.091544635092885,1,0
AM,2025,6,45985.01284,1948,1,0,23.606269425051337,10.736070814558245,7.5745584842024805,3.161512330355764,1,0
AM,2025,7,52057.79892,2254,1,0,23.095740425909494,10.86010989797745,7.720461694599722,3.1396482033777287,1,0
AM,2025,8,53084.43296,2365,1,0,22.445849031712473,10.879638999653785,7.768533300926033,3.1111056987277528,1,0
AM,2025,9,45141.04344,1990,1,0,22.68394142713568,10.717547165744595,7.595889917718538,3.121657248026057,1,0
AM,2025,10,43649.59508,1931,1,0,22.6046582496116,10.683949284706966,7.565793282428515,3.1181560022784516,1,0
AM,2025,11,35865.92732,1618,1,0,22.166827762669964,10.487543024074599,7.388946097618437,3.0985969264561612,1,0
AM,2025,12,37714.04184,1713,1,0,22.016370017513132,10.537787766688597,7.44600149832412,3.0917862683644763,1,0
AM,2026,1,36583.42622,1636,1,0,22.361507469437655,10.507350581309366,7.400009517162692,3.1073410641466728,1,0
AM,2026,2,30780.15114,1311,1,0,23.47837615560641,10.334625317712199,7.1785454837637,3.156079833948499,1,0
AM,2026,3,33841.02144,1430,1,0,23.665049958041955,10.429428997661782,7.265429723253953,3.16399927440783,1,0
AM,2026,4,37297.45272,1624,1,0,22.966411773399017,10.526680311610916,7.392647520721623,3.134032790889292,1,0
AM,2026,5,44787.08806,1932,1,0,23.181722598343686,10.709675163915314,7.566311014772463,3.1433641491428514,1,0
AM,2026,6,51246.79756,2232,1,0,22.960034749103944,10.844408408414138,7.710653323501202,3.1337550849129356,1,0
AM,2026,7,58463.88996,2510,1,0,23.29238643824701,10.976164576992053,7.828038032125829,3.148126544866224,1,0
AT,2010,1,171535.234,14972,1,1,11.457068795084156,12.052543970551119,9.61393706902432,2.4386069015267995,0,0
AT,2010,2,157908.074,14307,1,1,11.037119871391626,11.969768332565334,9.568504206966335,2.401264125598999,0,0
AT,2010,3,178533.13,16547,1,1,10.78945609476038,12.092529465220762,9.713960095491844,2.378569369728918,0,0
AT,2010,4,168227.276,14177,1,1,11.866211187134091,12.033071177464178,9.559376212117632,2.473694965346547,0,0
AT,2010,5,199480.482,16877,1,1,11.819664750844344,12.203471675939474,9.733707027236484,2.469764648702989,0,0
AT,2010,6,200717.59,17435,1,1,11.512336679093776,12.209654174192615,9.766234959109752,2.4434192150828626,0,0
AT,2010,7,208427.094,17583,1,1,11.853898310868454,12.247344590007764,9.77468780514454,2.472656784863224,0,0
AT,2010,8,202127.028,17043,1,1,11.859826791057912,12.21665163022425,9.743494841225237,2.4731567889990136,0,0
AT,2010,9,198899.61,17281,1,1,11.509728024998552,12.200555504055828,9.757362911053992,2.4431925930018354,0,0
AT,2010,10,194654.408,16887,1,1,11.526879137798305,12.178980998556657,9.734299374132137,2.4446816244245206,0,0
AT,2010,11,175300.305,15295,1,1,11.461281791435109,12.074255810782313,9.635281256585003,2.4389745541973094,0,0
AT,2010,12,171286.441,13952,1,1,12.276837801032109,12.05109252764759,9.543378146148761,2.5077143814988285,0,0
AT,2011,1,183567.87,14789,1,1,12.412459936439245,12.12033974185424,9.601638940166769,2.5187008016874715,0,0
AT,2011,2,170751.825,14449,1,1,11.817553117862829,12.047966465516476,9.57838048699361,2.469585978522864,0,0
AT,2011,3,192845.004,16532,1,1,11.664953060730703,12.169642057156132,9.713053175631623,2.456588881524509,0,0
AT,2011,4,186897.848,15346,1,1,12.178929232373257,12.13831747919866,9.638610132737611,2.49970734646105,0,0
AT,2011,5,199543.334,16569,1,1,12.043173033979118,12.203786704757302,9.715288758569297,2.488497946188004,0,0
AT,2011,6,202014.071,16371,1,1,12.339751450736058,12.21609263237315,9.703266755854342,2.512825876518807,0,0
AT,2011,7,213386.962,16980,1,1,12.566958892815077,12.270862519450986,9.739791459865339,2.531071059585649,0,0
AT,2011,8,205806.895,16278,1,1,12.643254392431501,12.23469360522222,9.697569781886987,2.5371238233352336,0,0
AT,2011,9,205701.498,16890,1,1,12.178892717584368,12.234181358064701,9.734477009801846,2.499704348262856,0,0
AT,2011,10,198897.516,15993,1,1,12.436535734383794,12.200544976076296,9.67990640549087,2.520638570585426,0,0
AT,2011,11,179027.044,14505,1,1,12.342436677007928,12.095292157209768,9.582248696555505,2.5130434606542624,0,0
AT,2011,12,173817.185,13687,1,1,12.699436326441148,12.065759364946032,9.524201756211266,2.5415576087347667,0,0
AT,2012,1,177093.569,14128,1,1,12.534935518120044,12.084433510293982,9.555913922843741,2.52851958745024,1,1
AT,2012,2,172265.097,13992,1,1,12.311685034305318,12.0567898308988,9.546241016698438,2.510548814200363,1,1
AT,2012,3,193511.554,16042,1,1,12.062807255953123,12.173092500263682,9.68296556192687,2.4901269383368123,1,1
AT,2012,4,185998.402,15130,1,1,12.29335109054858,12.133493361260582,9.624434806782402,2.509058554478181,1,1
AT,2012,5,196138.35,16077,1,1,12.199934689307707,12.186575556552407,9.68514495816296,2.501430598389448,1,1
AT,2012,6,199977.626,16397,1,1,12.195988656461548,12.20596076927226,9.704853670249868,2.50110709902239,1,1
AT,2012,7,202919.862,16353,1,1,12.408723903870849,12.22056641160943,9.70216664573239,2.5183997658770405,1,1
AT,2012,8,199752.309,15962,1,1,12.514240634005764,12.204833423011022,9.677966176435953,2.5268672465750686,1,1
AT,2012,9,197384.837,16144,1,1,12.226513689296333,12.19291058945471,9.68930374259339,2.5036068468613197,1,1
AT,2012,10,185869.416,15555,1,1,11.949174927675989,12.132799641616508,9.652137409331738,2.4806622322847707,1,1
AT,2012,11,166623.156,13963,1,1,11.933191720976867,12.023489990653081,9.544166252942194,2.479323737710886,1,1
AT,2012,12,163587.101,12854,1,1,12.726552123852496,12.005100855299098,9.461410325931231,2.5436905293678658,1,1
AT,2013,1,167252.552,13369,1,1,12.510475877028947,12.027260236468981,9.500693872983122,2.526566363485859,1,1
AT,2013,2,154264.575,12670,1,1,12.175578137332282,11.94642442676894,9.446992273315185,2.499432153453755,1,1
AT,2013,3,182394.381,14806,1,1,12.31895049304336,12.113926550226804,9.602787783003043,2.5111387672237595,1,1
AT,2013,4,171333.484,14613,1,1,11.724730308629303,12.051367135146238,9.589666822474653,2.4617003126715855,1,1
AT,2013,5,189514.159,15305,1,1,12.382499771316564,12.152219018391492,9.635934851379513,2.5162841670119787,1,1
AT,2013,6,197697.656,15650,1,1,12.632438083067091,12.194494152740418,9.658226195968298,2.53626795677212,1,1
AT,2013,7,200864.64,16017,1,1,12.540715489792097,12.210386527347644,9.681405937168297,2.528980590179349,1,1
AT,2013,8,200609.509,15283,1,1,13.126317411502976,12.209115556178121,9.634496378527837,2.574619177650284,1,1
AT,2013,9,194813.418,15437,1,1,12.619901405713545,12.179797548721883,9.644522504181841,2.5352750445400405,1,1
AT,2013,10,189227.269,15015,1,1,12.602548717948718,12.150704053121462,9.616804980417431,2.533899072704032,1,1
AT,2013,11,167945.85,13188,1,1,12.734747497725206,12.031396885000108,9.487062604191621,2.5443342808084863,1,1
AT,2013,12,166629.996,12773,1,1,13.045486260079857,12.023531040527388,9.455088847042777,2.568442193484611,1,1
AT,2014,1,172995.853,13318,1,1,12.989627046103019,12.061022902094338,9.496871782670567,2.564151119423771,1,1
AT,2014,2,155482.015,12461,1,1,12.477490971832117,11.954285344748403,9.430359045942868,2.5239262988055344,1,1
AT,2014,3,183389.046,14641,1,1,12.52571859845639,12.119365109648886,9.591581091193483,2.527784018455404,1,1
AT,2014,4,185854.392,14262,1,1,13.031439629785444,12.132718807407427,9.565353936588249,2.567364870819178,1,1
AT,2014,5,197125.348,15227,1,1,12.945777106455639,12.19159508964108,9.630825446840733,2.5607696428003477,1,1
AT,2014,6,206573.747,15832,1,1,13.047861735725114,12.238412755957379,9.669788487282402,2.5686242686749776,1,1
AT,2014,7,219138.385,16041,1,1,13.661142385138085,12.29745870421424,9.682903223616842,2.614555480597398,1,1
AT,2014,8,219447.13,15583,1,1,14.082469999358276,12.29886661688094,9.653935855445614,2.6449307614353255,1,1
AT,2014,9,214233.481,15638,1,1,13.699544762757386,12.274821731970633,9.65745912868446,2.6173626032861725,1,1
AT,2014,10,208006.951,15192,1,1,13.691874078462348,12.245326776394307,9.628524252492122,2.616802523902186,1,1
AT,2014,11,177504.122,13295,1,1,13.35119383226777,12.08674911016318,9.49514330367712,2.5916058064860596,1,1
AT,2014,12,176733.283,12336,1,1,14.32662799935149,12.082396999370722,9.42027709580311,2.662119903567612,1,1
AT,2015,1,174229.083,12691,1,1,13.728554329840046,12.068126281245206,9.448648359810164,2.6194779214350414,1,1
AT,2015,2,157487.295,12301,1,1,12.802804243557436,11.967100067327427,9.417435838868785,2.5496642284586426,1,1
AT,2015,3,185802.864,14397,1,1,12.90566534694728,12.132441519667186,9.574775130526355,2.557666389140831,1,1
AT,2015,4,201705.759,14246,1,1,14.158764495296925,12.214565275840098,9.564231444538299,2.650333831301799,1,1
AT,2015,5,211416.608,14947,1,1,14.144417475078612,12.261585911300278,9.612265889785814,2.6493200215144634,1,1
AT,2015,6,220081.132,15800,1,1,13.929185569620254,12.301751539169379,9.667765219015058,2.633986320154321,1,1
AT,2015,7,233329.042,15801,1,1,14.766726283146635,12.360204933759736,9.6678285081515,2.692376425608237,1,1
AT,2015,8,231966.866,15582,1,1,14.88684802977795,12.35434982148333,9.653871680890804,2.700478140592527,1,1
AT,2015,9,221104.945,15554,1,1,14.215310852513824,12.306392732040935,9.652073119254888,2.654319612786046,1,1
AT,2015,10,207758.802,14746,1,1,14.089163298521633,12.244133080051233,9.598727138549595,2.6454059415016373,1,1
AT,2015,11,176213.603,12646,1,1,13.934335204807844,12.079452191547425,9.445096238618559,2.6343559529288663,1,1
AT,2015,12,176658.588,12352,1,1,14.302022992227979,12.081974267512738,9.421573272264558,2.66040099524818,1,1
AT,2016,1,180094.749,12321,1,1,14.616893839785732,12.10123837471457,9.419060402624668,2.682177972089903,1,1
AT,2016,2,166600.637,12375,1,1,13.462677737373737,12.023354832236981,9.423433587436891,2.5999212448000906,1,1
AT,2016,3,192206.344,14008,1,1,13.721183894917191,12.16632478225768,9.547383873965687,2.618940908291992,1,1
AT,2016,4,197370.663,13904,1,1,14.19524331127733,12.192838777915638,9.539931847505173,2.6529069304104644,1,1
AT,2016,5,219068.018,14913,1,1,14.689734996311943,12.29713754505215,9.609988594762783,2.6871489502893677,1,1
AT,2016,6,219460.242,15149,1,1,14.486780777609082,12.298926365250825,9.625689802158323,2.673236563092502,1,1
AT,2016,7,237122.103,15469,1,1,15.328857909367121,12.376330489977656,9.646593300236665,2.729737189740991,1,1
AT,2016,8,231288.54,15101,1,1,15.316107542546852,12.351421300947987,9.62251624577579,2.728905055172197,1,1
AT,2016,9,228924.545,15410,1,1,14.855583711875406,12.34114773042345,9.642771928314161,2.6983758021092883,1,1
AT,2016,10,215461.438,14587,1,1,14.770784808391033,12.28053723051855,9.587886000086213,2.692651230432338,1,1
AT,2016,11,179011.698,12845,1,1,13.936294122226547,12.095206434642852,9.460709909543985,2.6344965250988692,1,1
AT,2016,12,185287.557,12726,1,1,14.55976402640264,12.129664259452102,9.451402423792738,2.678261835659365,1,1
AT,2017,1,183550.212,12790,1,1,14.351072087568413,12.120243543922951,9.456418894572888,2.663824649350063,1,1
AT,2017,2,170174.598,12226,1,1,13.91907394078194,12.044580236039232,9.41132011058867,2.633260125450562,1,1
AT,2017,3,194541.726,14276,1,1,13.627187307369011,12.178401948595443,9.566335084610051,2.612066863985393,1,1
AT,2017,4,204070.836,13803,1,1,14.784527711367096,12.226222447848249,9.532641238823578,2.69358120902467,1,1
AT,2017,5,217149.802,15187,1,1,14.298400079014947,12.288342726150441,9.62819507773027,2.6601476484201707,1,1
AT,2017,6,224402.091,15312,1,1,14.65530897335423,12.321194770769083,9.636392113692736,2.684802657076347,1,1
AT,2017,7,238628.614,15774,1,1,15.127970964878914,12.38266370601551,9.666118293957936,2.7165454120575743,1,1
AT,2017,8,234879.359,15365,1,1,15.286648812235601,12.366827295351431,9.639847474564585,2.7269798207868456,1,1
AT,2017,9,227062.425,15408,1,1,14.736657904984423,12.33298025865797,9.642642134037906,2.6903381246200637,1,1
AT,2017,10,212957.701,14846,1,1,14.34444975077462,12.268848838116122,9.605485747677493,2.6633630904386294,1,1
AT,2017,11,181541.798,12700,1,1,14.294629763779529,12.109241198184927,9.449357272446683,2.6598839257382445,1,1
AT,2017,12,187696.605,12265,1,1,15.303432939258052,12.142582135037554,9.41450495669259,2.7280771783449635,1,1
AT,2018,1,185282.887,12581,1,1,14.72719871234401,12.129639055067479,9.439943018351132,2.6896960367163483,1,1
AT,2018,2,173503.43,12110,1,1,14.327285714285713,12.063952647626087,9.401786836547139,2.6621658110789492,1,1
AT,2018,3,211090.365,14343,1,1,14.717309140347208,12.260041590918902,9.571017297294214,2.6890242936246884,1,1
AT,2018,4,219987.049,14359,1,1,15.320499268751306,12.30132395541988,9.572132202294377,2.729191753125504,1,1
AT,2018,5,235070.183,15251,1,1,15.41342751294997,12.367639399602774,9.632400353656184,2.73523904594659,1,1
AT,2018,6,249031.368,15961,1,1,15.602491573209697,12.425334143416162,9.677903525682558,2.747430617733603,1,1
AT,2018,7,262270.031,16307,1,1,16.083279021279207,12.477129904657177,9.699349742461278,2.777780162195901,1,1
AT,2018,8,265128.438,16282,1,1,16.28353015600049,12.487969659251082,9.697815482133922,2.790154177117159,1,1
AT,2018,9,254578.053,16176,1,1,15.738010200296737,12.447362759504538,9.691283941260252,2.7560788182442844,1,1
AT,2018,10,249767.676,16021,1,1,15.590017851569815,12.428286468781158,9.681655640646714,2.7466308281344443,1,1
AT,2018,11,213997.485,14312,1,1,14.952311696478478,12.273719541598481,9.568853625188556,2.7048659164099256,1,1
AT,2018,12,222340.726,14073,1,1,15.799099410218147,12.311966286051682,9.552013346996567,2.7599529390551143,1,1
AT,2019,1,219501.064,13748,1,1,15.966036077974978,12.299112358866024,9.528648637969724,2.7704637208963003,1,1
AT,2019,2,206375.774,13581,1,1,15.195918857227008,12.237453931669666,9.516427036104067,2.721026895565598,1,1
AT,2019,3,257129.458,15809,1,1,16.264751597191474,12.457334964675645,9.668334677096187,2.789000287579457,1,1
AT,2019,4,273207.293,15677,1,1,17.427268801428845,12.51798610105161,9.659949949068531,2.8580361519830793,1,1
AT,2019,5,279786.792,16110,1,1,17.367274487895717,12.541783134952787,9.68719547617102,2.8545876587817665,1,1
AT,2019,6,283119.529,17209,1,1,16.45182921727003,12.553624451412423,9.753187781764911,2.800436669647512,1,1
AT,2019,7,294988.078,17614,1,1,16.747364482797774,12.594690220945985,9.776449319365405,2.8182409015805803,1,1
AT,2019,8,289426.64,17478,1,1,16.559482778349928,12.575657141465408,9.768698226187489,2.8069589152779177,1,1
AT,2019,9,276152.018,17166,1,1,16.087150064080156,12.528706782925301,9.750685962278165,2.7780208206471366,1,1
AT,2019,10,268457.727,16708,1,1,16.06761593248743,12.500448739195086,9.723642925617066,2.7768058135780196,1,1
AT,2019,11,227721.092,14253,1,1,15.977063916368484,12.335876878416247,9.564722689855031,2.7711541885612156,1,1
AT,2019,12,239107.128,14654,1,1,16.3168505527501,12.384666964796281,9.592468614719909,2.7921983500763723,1,1
AT,2020,1,233968.943,14661,1,1,15.958593752131506,12.362943663309244,9.592946185938265,2.7699974773709783,1,1
AT,2020,2,216859.36,14469,1,1,14.987860944087359,12.287004311809055,9.579763708737081,2.7072406030719725,1,1
AT,2020,3,131019.67,8078,1,1,16.219320376330774,11.78310274358326,8.996899596123358,2.786203147459902,1,1
AT,2020,4,23987.722,1126,1,1,21.303483126110127,10.085297395093349,7.026426808699636,3.058870586393713,1,1
AT,2020,5,28699.167,1870,1,1,15.347148128342246,10.264623376936253,7.533693709848633,2.7309296670876204,1,1
AT,2020,6,28924.839,3601,1,1,8.03244626492641,10.272455985927113,8.188966863648876,2.0834891222782375,1,1
AT,2020,7,73845.038,7366,1,1,10.025120553896281,11.209724095451651,8.904630097005011,2.3050939984466416,1,1
AT,2020,8,92872.198,8721,1,1,10.649260176585255,11.438979611982177,9.073489189226986,2.365490422755191,1,1
AT,2020,9,82021.285,8289,1,1,9.895196646157558,11.314734065733836,9.022684613591526,2.292049452142309,1,1
AT,2020,10,67225.114,6617,1,1,10.15945504004836,11.115802176933322,8.797397374012059,2.3184048029212625,1,1
AT,2020,11,47057.577,4032,1,1,11.671026041666666,10.759127173493015,8.302017809751204,2.4571093637418104,1,1
AT,2020,12,49183.794,3943,1,1,12.473698706568603,10.803319457975615,8.279697133877628,2.523622324097988,1,1
AT,2021,1,46703.9983,3479,1,1,13.42454679505605,10.751585056694443,8.154500175151941,2.5970848815425014,1,1
AT,2021,2,38915.9081,3473,1,1,11.20527155197236,10.569158394595974,8.152774052744075,2.4163843418518995,1,1
AT,2021,3,49806.616,4328,1,1,11.507998151571165,10.8159031055944,8.372860820526318,2.443042285068083,1,1
AT,2021,4,67376.2407,4941,1,1,13.636154766241651,11.118047722884048,8.50532301884575,2.6127247040382975,1,1
AT,2021,5,73847.95435,5722,1,1,12.90596895316323,11.209763587508167,8.652073673610056,2.5576899138981117,1,1
AT,2021,6,92673.8031,7838,1,1,11.823654388874713,11.436841112909907,8.966738978759576,2.4701021341503293,1,1
AT,2021,7,148385.90805,11113,1,1,13.35246180599298,11.907571645974699,9.315870873185647,2.5917007727890513,1,1
AT,2021,8,158752.66475,12008,1,1,13.220575012491672,11.975102702440829,9.393328373313297,2.5817743291275312,1,1
AT,2021,9,150117.23315,11822,1,1,12.698124949247164,11.919171822157177,9.377717481384314,2.5414543407728614,1,1
AT,2021,10,155965.15015,11322,1,1,13.775406301890126,11.957387864800605,9.334503014596605,2.6228848502040005,1,1
AT,2021,11,139611.86655,9521,1,1,14.663571741413717,11.846621469637608,9.161255164285691,2.685366305351916,1,1
AT,2021,12,143288.0749,8883,1,1,16.13059494540133,11.872612392628424,9.0918946167697,2.780717775858723,1,1
AT,2022,1,135688.7615,8619,1,1,15.742981958463858,11.818119023675541,9.061724347647399,2.756394676028142,1,1
AT,2022,2,115089.5303,8183,1,1,14.064466613711353,11.65346562880033,9.009814110527381,2.6436515182729474,1,1
AT,2022,3,147017.1681,10503,1,1,13.997635732647815,11.898304648737394,9.259416209622776,2.638888439114619,1,1
AT,2022,4,172253.713,11052,1,1,15.585750361925442,12.056723744521664,9.310366686043308,2.7463570584783574,1,1
AT,2022,5,187732.078,12960,1,1,14.485499845679014,12.14277110834573,9.469622969906265,2.673148138439465,1,1
AT,2022,6,195813.9627,13676,1,1,14.318072733255338,12.184920317567702,9.523397750759193,2.661522566808509,1,1
AT,2022,7,223286.07545,14661,1,1,15.229934891890048,12.316209077845393,9.592946185938265,2.7232628919071282,1,1
AT,2022,8,220582.9354,14449,1,1,15.266311537130596,12.304029027415078,9.57838048699361,2.725648540421466,1,1
AT,2022,9,210119.6107,14352,1,1,14.640441102285395,12.255432222315372,9.571644584298577,2.683787638016795,1,1
AT,2022,10,202552.20655,13586,1,1,14.908891988075961,12.218752942424869,9.516795129751248,2.7019578126736215,1,1
AT,2022,11,165542.89925,11069,1,1,14.955542438341313,12.016985650179944,9.311903687385623,2.7050819627943192,1,1
AT,2022,12,178166.1715,11438,1,1,15.576689237628957,12.090471941542337,9.344696424475261,2.745775517067076,1,1
AT,2023,1,178321.12065,11355,1,1,15.704193804491414,12.091341252528563,9.337413454539659,2.7539277979889043,1,1
AT,2023,2,163179.9172,10985,1,1,14.85479446517979,12.002608657567539,9.30428598481871,2.6983226727488274,1,1
AT,2023,3,194489.49225,12786,1,1,15.211128754106054,12.178133416159673,9.456106101326672,2.7220273148330003,1,1
AT,2023,4,209848.07055,12967,1,1,16.183239804889336,12.254139074294878,9.470162947548884,2.7839761267459946,1,1
AT,2023,5,227422.1011,14469,1,1,15.717886592024328,12.33456304598926,9.579763708737081,2.7547993372521775,1,1
AT,2023,6,237222.94615,14838,1,1,15.987528383205284,12.376755678990168,9.604946736749472,2.7718089422406975,1,1
AT,2023,7,252967.5691,15339,1,1,16.49179014929265,12.441016574117716,9.638153883748108,2.802862690369607,1,1
AT,2023,8,250278.98915,14996,1,1,16.689716534409175,12.430331531227685,9.615538777855802,2.8147927533718824,1,1
AT,2023,9,237923.65735,14823,1,1,16.05097870539027,12.379705133759758,9.60393530751386,2.7757698262458987,1,1
AT,2023,10,229255.2295,14111,1,1,16.246561512295372,12.342591201199866,9.55470991405776,2.787881287142106,1,1
AT,2023,11,188587.27665,11430,1,1,16.499324291338585,12.147316184816749,9.343996756788856,2.8033194280278915,1,1
AT,2023,12,199132.4098,11877,1,1,16.7662212511577,12.20172525832164,9.38235903577424,2.8193662225473997,1,1
AT,2024,1,192993.48836,11713,1,1,16.47686232049859,12.17041172825049,9.368454615069874,2.8019571131806154,1,1
AT,2024,2,187394.6279,11876,1,1,15.779271463455709,12.140971981886773,9.382274835883651,2.7586971460031227,1,1
AT,2024,3,212595.05856,12941,1,1,16.42802399814543,12.267144501722404,9.46815584482167,2.7989886569007343,1,1
AT,2024,4,220846.61136,13400,1,1,16.4810904,12.305223673280063,9.503009985939002,2.802213687341059,1,1
AT,2024,5,243854.36508,14884,1,1,16.383657960225744,12.404326461654628,9.608042089466514,2.796284372188116,1,1
AT,2024,6,254850.31192,15363,1,1,16.588577225802254,12.448431639703088,9.63971730013066,2.808714339572427,1,1
AT,2024,7,273517.46006,15880,1,1,17.224021414357683,12.519120738148393,9.672815734801127,2.846305003347267,1,1
AT,2024,8,273866.40688,15830,1,1,17.30046790145294,12.520395700339805,9.669662152875057,2.8507335474647477,1,1
AT,2024,9,262360.192,15105,1,1,17.369095796094008,12.477473617226279,9.622781093820773,2.8546925234055065,1,1
AT,2024,10,255517.2546,14726,1,1,17.35143654760288,12.451045219026685,9.597369917928662,2.853675301098023,1,1
AT,2024,11,202364.4411,11907,1,1,16.9954179138322,12.217825514695985,9.384881741451174,2.8329437732448106,1,1
AT,2024,12,218134.13632,12464,1,1,17.501134172015405,12.292865456769384,9.430599768110529,2.862265688658854,1,1
AT,2025,1,210320.09268,12021,1,1,17.496056291489893,12.256385900065514,9.394410399304254,2.86197550076126,1,1
AT,2025,2,197047.40932,11822,1,1,16.667857327017426,12.191199635213708,9.377717481384314,2.8134821538293937,1,1
AT,2025,3,227058.64828,13587,1,1,16.711463036726283,12.332963625560666,9.516868732224324,2.816094893336342,1,1
AT,2025,4,252020.31928,13908,1,1,18.120529140063272,12.437264995306462,9.540219493127752,2.8970455021787105,1,1
AT,2025,5,287372.91936,15113,1,1,19.014948677297692,12.568536021882682,9.62331057957012,2.9452254423125623,1,1
AT,2025,6,276038.92578,15494,1,1,17.815859415257517,12.528297170189507,9.648208131191847,2.8800890389976597,1,1
AT,2025,7,285864.01818,15983,1,1,17.885504484765065,12.56327151582552,9.679280936368654,2.8839905794568663,1,1
AT,2025,8,294030.22384,16216,1,1,18.132105564874198,12.591437843213908,9.693753688131835,2.8976841550820716,1,1
AT,2025,9,277012.25964,15644,1,1,17.707252597801073,12.53181704281825,9.657842735875406,2.8739743069428454,1,1
AT,2025,10,273520.17258,15209,1,1,17.984099715957658,12.51913065527233,9.629642636872369,2.88948801839996,1,1
AT,2025,11,222247.30442,12177,1,1,18.25140054364786,12.311546024708674,9.407304205507007,2.904241819201666,1,1
AT,2025,12,241437.27228,12735,1,1,18.958560838633687,12.39436497622414,9.452109387413557,2.942255588810581,1,1
AT,2026,1,233255.24306,11606,1,1,20.097815186972255,12.35988859674206,9.359277484750553,3.0006111119915055,1,1
AT,2026,2,217305.87354,11502,1,1,18.892877198748042,12.289061195515675,9.3502762122737,2.9387849832419746,1,1
AT,2026,3,232336.99084,13298,1,1,17.471573984057756,12.355944143447052,9.495368926962401,2.8605752164846527,1,1
AT,2026,4,236565.85222,13227,1,1,17.885072368639904,12.3739818930604,9.490015474026047,2.883966419034352,1,1
AT,2026,5,255831.3585,14221,1,1,17.989688383376695,12.452273750527345,9.562475024372697,2.8897987261546487,1,1
AT,2026,6,259158.14786,14923,1,1,17.36635715740803,12.465193763833618,9.610658925931467,2.8545348379021496,1,1
AT,2026,7,282865.45742,15608,1,1,18.123107215530496,12.552726648102574,9.655538882302947,2.897187765799627,1,1
BA,2010,1,2887.995,478,1,0,6.041830543933054,7.968317768709279,6.169610732491456,1.798707036217823,0,0
BA,2010,2,2482.921,451,1,0,5.505368070953437,7.817190968650827,6.111467339502679,1.7057236291481492,0,0
BA,2010,3,2950.448,522,1,0,5.652199233716475,7.989712302210413,6.257667587882639,1.7320447143277748,0,0
BA,2010,4,3239.472,498,1,0,6.504963855421687,8.083165632543507,6.210600077024653,1.872565555518853,0,0
BA,2010,5,3676.763,584,1,0,6.29582705479452,8.209788024505457,6.369900982828227,1.8398870416772297,0,0
BA,2010,6,4449.57,684,1,0,6.505219298245613,8.4005627412779,6.52795791762255,1.872604823655349,0,0
BA,2010,7,5421.042,723,1,0,7.497983402489627,8.598043326878361,6.583409222158765,2.014634104719596,0,0
BA,2010,8,4702.682,668,1,0,7.039943113772455,8.455888263243901,6.504288173536645,1.9516000897072552,0,0
BA,2010,9,4044.398,636,1,0,6.359116352201258,8.305087992706193,6.455198563340122,1.8498894293660708,0,0
BA,2010,10,3724.066,617,1,0,6.035763371150729,8.222571361118534,6.424869023905388,1.7977023372131467,0,0
BA,2010,11,3054.512,521,1,0,5.862786948176584,8.024375120711994,6.255750041753367,1.7686250789586282,0,0
BA,2010,12,2784.18,519,1,0,5.364508670520231,7.931708674536669,6.251903883165888,1.6798047913707799,0,0
BA,2011,1,2437.454,428,1,0,5.694985981308411,7.798709330899056,6.059123195581797,1.739586135317259,0,0
BA,2011,2,2462.421,434,1,0,5.673781105990783,7.808900291313356,6.073044534100405,1.7358557572129516,0,0
BA,2011,3,2962.315,530,1,0,5.58927358490566,7.993726336236091,6.272877006546167,1.7208493296899239,0,0
BA,2011,4,3296.951,545,1,0,6.049451376146789,8.100753380965537,6.300785794663244,1.7999675863022926,0,0
BA,2011,5,3482.449,548,1,0,6.35483394160584,8.155491060894896,6.306275286948016,1.8492157739468806,0,0
BA,2011,6,3792.504,569,1,0,6.66520913884007,8.240781765935381,6.343880434126331,1.89690133180905,0,0
BA,2011,7,4578.772,646,1,0,7.087882352941176,8.429186118886285,6.470799503782602,1.958386615103684,0,0
BA,2011,8,4010.815,587,1,0,6.832734241908007,8.29674974154504,6.375024819828097,1.9217249217169443,0,0
BA,2011,9,3700.275,560,1,0,6.6076339285714285,8.216162420194724,6.327936783729195,1.8882256364655294,0,0
BA,2011,10,3434.03,542,1,0,6.335848708487085,8.141489777586996,6.295266001439646,1.846223776147349,0,0
BA,2011,11,2581.852,434,1,0,5.948967741935483,7.85626224985669,6.073044534100405,1.7832177157562854,0,0
BA,2011,12,2107.452,402,1,0,5.242417910447762,7.653234913815926,5.996452088619021,1.6567828251969055,0,0
BA,2012,1,2163.902,406,1,0,5.329807881773399,7.679668352434438,6.0063531596017325,1.6733151928327052,1,0
BA,2012,2,1779.662,357,1,0,4.985047619047619,7.484178737614741,5.877735781779639,1.6064429558351017,1,0
BA,2012,3,2056.048,419,1,0,4.9070357995226725,7.628540972606037,6.037870919922137,1.590670052683899,1,0
BA,2012,4,3063.309,491,1,0,6.238918533604888,8.027250983233317,6.19644412779452,1.830806855438796,1,0
BA,2012,5,3019.342,510,1,0,5.920278431372549,8.012794205834744,6.234410725718371,1.7783834801163731,1,0
BA,2012,6,3982.047,583,1,0,6.830269296740995,8.289551287668498,6.368187186350492,1.921364101318006,1,0
BA,2012,7,4206.22,574,1,0,7.327909407665506,8.344319661123919,6.352629396319567,1.991690264804352,1,0
BA,2012,8,4349.05,571,1,0,7.616549912434326,8.377712709427387,6.3473892096560105,2.0303234997713777,1,0
BA,2012,9,4044.208,563,1,0,7.183317939609236,8.305041013041208,6.333279628139691,1.9717613849015183,1,0
BA,2012,10,3133.897,501,1,0,6.255283433133733,8.050032557028091,6.2166061010848646,1.8334264559432256,1,0
BA,2012,11,2504.634,438,1,0,5.718342465753425,7.825897895059752,6.082218910376446,1.7436789846833058,1,0
BA,2012,12,2008.51,371,1,0,5.413773584905661,7.605148432626873,5.916202062607435,1.6889463700194378,1,0
BA,2013,1,1933.698,360,1,0,5.371383333333333,7.567189510769411,5.886104031450156,1.6810854793192547,1,0
BA,2013,2,1639.491,325,1,0,5.044587692307692,7.402141106791136,5.783825182329737,1.6183159244613987,1,0
BA,2013,3,2432.791,419,1,0,5.806183770883055,7.796794436915339,6.037870919922137,1.758923516993201,1,0
BA,2013,4,3548.883,513,1,0,6.917900584795321,8.174388185070105,6.240275845170769,1.9341123398993352,1,0
BA,2013,5,4031.305,563,1,0,7.160399644760213,8.301845423861865,6.333279628139691,1.9685657957221745,1,0
BA,2013,6,4764.68,619,1,0,7.6973828756058165,8.46898565748484,6.428105272684596,2.0408803848002446,1,0
BA,2013,7,4949.146,618,1,0,8.008326860841423,8.506970315426017,6.42648845745769,2.0804818579683264,1,0
BA,2013,8,5682.11,636,1,0,8.934135220125786,8.645077921607243,6.455198563340122,2.1898793582671203,1,0
BA,2013,9,4848.145,584,1,0,8.301618150684932,8.486351436542803,6.369900982828227,2.116450453714575,1,0
BA,2013,10,4553.432,605,1,0,7.526333884297521,8.42363651332878,6.405228458030842,2.0184080552979395,1,0
BA,2013,11,3291.085,484,1,0,6.799762396694215,8.098972576625604,6.182084906716632,1.9168876699089714,1,0
BA,2013,12,2848.845,449,1,0,6.344866369710467,7.954668927963494,6.1070228877422545,1.8476460402212402,1,0
BA,2014,1,2967.895,463,1,0,6.410140388768898,7.995608226302987,6.137727054086234,1.857881172216753,1,0
BA,2014,2,2820.4,437,1,0,6.454004576659039,7.944633997844885,6.07993319509559,1.8647008027492953,1,0
BA,2014,3,3168.247,511,1,0,6.200091976516633,8.060933717066751,6.236369590203704,1.824564126863047,1,0
BA,2014,4,3951.846,574,1,0,6.884749128919861,8.281938090497166,6.352629396319567,1.929308694177599,1,0
BA,2014,5,5417.416,695,1,0,7.7948431654676265,8.59737422798343,6.543911845564792,2.0534623824186378,1,0
BA,2014,6,5251.62,717,1,0,7.3244351464435145,8.56629187941587,6.57507584059962,1.9912160388162485,1,0
BA,2014,7,5822.82,725,1,0,8.031475862068966,8.669539959458255,6.586171654854675,2.0833683046035807,1,0
BA,2014,8,5868.04,745,1,0,7.876563758389262,8.677275955872222,6.61338421837956,2.0638917374926633,1,0
BA,2014,9,5346.05,692,1,0,7.725505780346821,8.584113249442257,6.539585955617669,2.044527293824588,1,0
BA,2014,10,4832.729,646,1,0,7.481004643962849,8.483166597440334,6.470799503782602,2.012367093657733,1,0
BA,2014,11,3462.878,487,1,0,7.110632443531828,8.14985531421211,6.18826412308259,1.9615911911295192,1,0
BA,2014,12,3942.653,497,1,0,7.932903420523139,8.27960912594722,6.208590026096629,2.07101909985059,1,0
BA,2015,1,3580.296,461,1,0,7.766368763557483,8.18320075754106,6.133398042996649,2.049802714544411,1,0
BA,2015,2,3219.998,403,1,0,7.990069478908189,8.07713601742025,5.998936561946683,2.0781994554735657,1,0
BA,2015,3,3998.302,477,1,0,8.382184486373166,8.293625049976397,6.1675164908883415,2.1261085590880553,1,0
BA,2015,4,4964.008,596,1,0,8.328872483221476,8.509968757926744,6.39024066706535,2.1197280908613947,1,0
BA,2015,5,6456.119,679,1,0,9.508275405007364,8.772783642245832,6.520621127558696,2.252162514687136,1,0
BA,2015,6,6488.551,673,1,0,9.641234769687966,8.777794518206502,6.511745329644728,2.266049188561774,1,0
BA,2015,7,8023.508,779,1,0,10.29975353016688,8.990131011710021,6.658011045870748,2.3321199658392726,1,0
BA,2015,8,8476.291,777,1,0,10.908997425997425,9.045028251031036,6.655440350367647,2.3895879006633898,1,0
BA,2015,9,6866.701,716,1,0,9.590364525139664,8.834439066097064,6.573680166960646,2.260758899136417,1,0
BA,2015,10,6145.285,693,1,0,8.867655122655123,8.723440400094711,6.541029999189903,2.1824104009048084,1,0
BA,2015,11,4868.063,527,1,0,9.23731119544592,8.490451395683495,6.267200548541362,2.223250847142132,1,0
BA,2015,12,3436.52,368,1,0,9.338369565217391,8.142214610419597,5.908082938168931,2.2341316722506663,1,0
BA,2016,1,3937.134,433,1,0,9.092688221709007,8.278208326432596,6.07073772800249,2.207470598430106,1,0
BA,2016,2,3872.238,440,1,0,8.800540909090909,8.2615879134496,6.0867747269123065,2.1748131865372944,1,0
BA,2016,3,4673.9,513,1,0,9.11091617933723,8.449749119919137,6.240275845170769,2.2094732747483667,1,0
BA,2016,4,6025.433,604,1,0,9.975882450331126,8.703744622996448,6.403574197934815,2.300170425061633,1,0
BA,2016,5,6529.859,647,1,0,10.092517774343122,8.784140629388041,6.472346294500901,2.3117943348871406,1,0
BA,2016,6,6849.86,649,1,0,10.554483821263482,8.831983493091208,6.47543271670409,2.3565507763871185,1,0
BA,2016,7,9742.863,768,1,0,12.686019531249999,9.18429029594908,6.643789733147672,2.540500562801408,1,0
BA,2016,8,10207.293,798,1,0,12.791093984962405,9.23085774378164,6.682108597449809,2.54874914633183,1,0
BA,2016,9,9933.672,727,1,0,13.663922971114168,9.203685477203932,6.588926477533519,2.6147589996704124,1,0
BA,2016,10,6414.038,630,1,0,10.181012698412697,8.766244304775618,6.4457198193855785,2.3205244853900404,1,0
BA,2016,11,4841.534,495,1,0,9.780876767676768,8.484986891643885,6.20455776256869,2.280429129075195,1,0
BA,2016,12,5033.297,506,1,0,9.947227272727272,8.523830515565805,6.226536669287466,2.29729384627834,1,0
BA,2017,1,4171.743,471,1,0,8.857203821656052,8.336089213072707,6.154858094016418,2.181231119056289,1,0
BA,2017,2,4850.127,436,1,0,11.124144495412844,8.486760169155703,6.077642243349034,2.409117925806669,1,0
BA,2017,3,5698.68,568,1,0,10.032887323943662,8.647989848056728,6.342121418721152,2.3058684293355767,1,0
BA,2017,4,7838.83,726,1,0,10.79728650137741,8.966844867513972,6.587550014824796,2.379294852689175,1,0
BA,2017,5,7397.198,748,1,0,9.889302139037433,8.908856558838112,6.617402977974478,2.2914535808636343,1,0
BA,2017,6,8895.407,802,1,0,11.091529925187032,9.09329035509588,6.687108607866515,2.406181747229366,1,0
BA,2017,7,12596.678,942,1,0,13.372269639065816,9.441188407383938,6.848005274576363,2.593183132807575,1,0
BA,2017,8,13856.428,999,1,0,13.870298298298298,9.536504519470654,6.906754778648554,2.6297497408220996,1,0
BA,2017,9,10212.85,857,1,0,11.916977829638274,9.231402010306823,6.75343791859778,2.4779640917090426,1,0
BA,2017,10,7877.394,756,1,0,10.419833333333333,8.971752417495196,6.628041376179533,2.3437110413156637,1,0
BA,2017,11,6232.56,601,1,0,10.370316139767056,8.73754244230685,6.398594934535208,2.3389475077716417,1,0
BA,2017,12,6335.782,570,1,0,11.115407017543859,8.753968526336687,6.345636360828596,2.40833216550809,1,0
BA,2018,1,6151.017,572,1,0,10.753526223776223,8.724372712982797,6.349138991379798,2.3752337216029984,1,0
BA,2018,2,5376.781,497,1,0,10.818472837022133,8.58984514694917,6.208590026096629,2.3812551208525417,1,0
BA,2018,3,7345.186,654,1,0,11.23117125382263,8.901800411636565,6.483107351457199,2.4186930601793657,1,0
BA,2018,4,8522.025,743,1,0,11.469751009421264,9.05040926763922,6.610696044717759,2.439713222921461,1,0
BA,2018,5,7657.855,738,1,0,10.3764972899729,8.943487197410345,6.6039438246004725,2.339543372809872,1,0
BA,2018,6,10641.092,830,1,0,12.820592771084337,9.272478389208322,6.721425700790643,2.5510526884176787,1,0
BA,2018,7,15889.263,1043,1,0,15.234192713326943,9.67339887708318,6.949856455000773,2.7235424220824083,1,0
BA,2018,8,16570.185,1056,1,0,15.69146306818182,9.715360275113866,6.962243464266207,2.7531168108476587,1,0
BA,2018,9,9897.647,836,1,0,11.83929066985646,9.200052331105406,6.728628613084702,2.471423718020704,1,0
BA,2018,10,7344.213,733,1,0,10.019390177353342,8.901667935147714,6.597145701886651,2.304522233261062,1,0
BA,2018,11,5580.715,600,1,0,9.301191666666666,8.627072183367332,6.396929655216146,2.2301425281511853,1,0
BA,2018,12,6042.597,596,1,0,10.138585570469798,8.706589165407003,6.39024066706535,2.316348498341654,1,0
BA,2019,1,5776.506,583,1,0,9.908243567753003,8.661554280613784,6.368187186350492,2.2933670942632904,1,0
BA,2019,2,5220.069,529,1,0,9.867805293005672,8.560265899180127,6.270988431858299,2.2892774673218277,1,0
BA,2019,3,6179.1,638,1,0,9.68510971786834,8.728927908778541,6.45833828334479,2.270589625433752,1,0
BA,2019,4,9074.437,822,1,0,11.03946107055961,9.113216618641086,6.71174039505618,2.401476223584907,1,0
BA,2019,5,7971.75,808,1,0,9.866027227722773,8.9836593210818,6.694562058521095,2.2890972625607056,1,0
BA,2019,6,13019.859,976,1,0,13.340019467213114,9.474231086210834,6.883462586413092,2.5907684997977407,1,0
BA,2019,7,18874.854,1169,1,0,16.146153977758768,9.845585838987972,7.063903961472068,2.7816818775159033,1,0
BA,2019,8,19986.01,1201,1,0,16.64114071606994,9.902787807771855,7.0909098220799835,2.811877985691871,1,0
BA,2019,9,10839.421,893,1,0,12.138209406494962,9.290944860282965,6.794586580876499,2.496358279406465,1,0
BA,2019,10,8605.246,804,1,0,10.703042288557214,9.060127296267225,6.6895992691789665,2.3705280270882585,1,0
BA,2019,11,6510.419,626,1,0,10.4000303514377,8.781159095650638,6.439350371100098,2.3418087245505395,1,0
BA,2019,12,6766.148,646,1,0,10.4739133126935,8.819687223177683,6.470799503782602,2.3488877193950817,1,0
BA,2020,1,6149.965,581,1,0,10.585137693631669,8.724201669727458,6.364750756851911,2.3594509128755474,1,0
BA,2020,2,5623.332,563,1,0,9.988156305506218,8.634679649764585,6.333279628139691,2.301400021624895,1,0
BA,2020,3,3456.589,374,1,0,9.242216577540107,8.148037543643444,5.924255797414532,2.2237817462289122,1,0
BA,2020,4,856.123,111,1,0,7.712819819819821,6.75241405740788,4.709530201312334,2.042883856095546,1,0
BA,2020,5,623.193,102,1,0,6.109735294117647,6.434856262144289,4.624972813284271,1.8098834488600186,1,0
BA,2020,6,2887.101,307,1,0,9.404237785016287,7.96800816346388,5.726847747587197,2.241160415876683,1,0
BA,2020,7,4152.647,438,1,0,9.480929223744292,8.3315012412221,6.082218910376446,2.249282330845654,1,0
BA,2020,8,4976.153,468,1,0,10.632805555555557,8.512412381534743,6.148468295917647,2.3639440856170957,1,0
BA,2020,9,3694.947,380,1,0,9.723544736842106,8.214721489571717,5.940171252720432,2.2745502368512858,1,0
BA,2020,10,3348.188,369,1,0,9.073680216802169,8.11617458295997,5.910796644040527,2.205377938919443,1,0
BA,2020,11,2752.335,316,1,0,8.709920886075949,7.9202049212959444,5.755742213586912,2.164462707709032,1,0
BA,2020,12,2871.657,301,1,0,9.540388704318937,7.962644494066549,5.707110264748875,2.255534229317673,1,0
BA,2021,1,2594.60025,284,1,0,9.135916373239436,7.861187737490873,5.648974238161206,2.212213499329667,1,0
BA,2021,2,1921.3059,228,1,0,8.426780263157895,7.560760390070395,5.429345628954441,2.1314147611159537,1,0
BA,2021,3,2976.0716,330,1,0,9.01839878787879,7.998359454803351,5.799092654460526,2.199266800342825,1,0
BA,2021,4,3412.73835,377,1,0,9.052356366047746,8.135270283207932,5.932245187448011,2.2030250957599216,1,0
BA,2021,5,5362.1281,474,1,0,11.312506540084389,8.587116208849961,6.161207321695077,2.425908887154884,1,0
BA,2021,6,9852.6398,764,1,0,12.896125392670157,9.19549469826055,6.638567789166521,2.556926909094029,1,0
BA,2021,7,16515.9712,1086,1,0,15.208076611418047,9.712083143240838,6.990256500493881,2.7218266427469566,1,0
BA,2021,8,15834.506,1074,1,0,14.743487895716946,9.669946761769978,6.97914527506881,2.6908014867011674,1,0
BA,2021,9,10664.95485,873,1,0,12.216443127147766,9.27471839742251,6.771935555839602,2.502782841582907,1,0
BA,2021,10,8921.12005,779,1,0,11.45201546854942,9.096176783834784,6.658011045870748,2.4381657379640362,1,0
BA,2021,11,7113.2504,673,1,0,10.569465676077266,8.869714577263062,6.511745329644728,2.3579692476183345,1,0
BA,2021,12,9338.94865,787,1,0,11.866516709021601,9.14194896064723,6.668228248417403,2.473720712229827,1,0
BA,2022,1,6383.0436,564,1,0,11.317453191489362,8.761400315876626,6.335054251498059,2.4263460643785675,1,0
BA,2022,2,4210.29245,418,1,0,10.072469976076555,8.345287389822001,6.035481432524756,2.3098059572972454,1,0
BA,2022,3,6741.65775,674,1,0,10.002459569732938,8.81606113063719,6.513230110912307,2.302831019724882,1,0
BA,2022,4,10154.88725,871,1,0,11.658883180252584,9.225710371047875,6.769641976852503,2.4560683941953716,1,0
BA,2022,5,12956.8997,1050,1,0,12.339904476190476,9.469383720609423,6.956545443151569,2.5128382774578535,1,0
BA,2022,6,15229.3992,1154,1,0,13.197053032928943,9.630982996654105,7.050989447068045,2.579993549586059,1,0
BA,2022,7,20827.95755,1381,1,0,15.081794026068065,9.944051476158954,7.2305631534092925,2.7134883227496616,1,0
BA,2022,8,19554.08075,1323,1,0,14.780106386999245,9.880939277646943,7.187657164114956,2.6932821135319878,1,0
BA,2022,9,13353.4923,1112,1,0,12.008536241007194,9.499533225123875,7.013915474810528,2.4856177503133474,1,0
BA,2022,10,9382.2415,904,1,0,10.378585730088496,9.146573979337333,6.806829360392176,2.339744618945156,1,0
BA,2022,11,7385.80745,738,1,0,10.007869173441735,8.907315525481572,6.6039438246004725,2.3033717008811,1,0
BA,2022,12,7984.4531,733,1,0,10.892841882673942,8.985251567383028,6.597145701886651,2.388105865496375,1,0
BA,2023,1,8112.631,744,1,0,10.904073924731183,9.001177508801845,6.612041034833092,2.389136473968754,1,0
BA,2023,2,6884.26315,642,1,0,10.723151323987539,8.836993382922728,6.464588303689961,2.3724050792327676,1,0
BA,2023,3,8177.2767,777,1,0,10.524165637065638,9.00911445240565,6.655440350367647,2.353674102038002,1,0
BA,2023,4,10354.0561,904,1,0,11.453601880530973,9.245133615643034,6.806829360392176,2.4383042552508583,1,0
BA,2023,5,11300.81125,976,1,0,11.578700051229509,9.332629794158905,6.883462586413092,2.449167207745813,1,0
BA,2023,6,14528.10685,1080,1,0,13.451950787037037,9.583840455577244,6.984716320118266,2.599124135458979,1,0
BA,2023,7,19738.1606,1263,1,0,15.627997307996832,9.890309127288171,7.141245122350491,2.7490640049376798,1,0
BA,2023,8,20800.8166,1379,1,0,15.083985931834661,9.942747524534155,7.229113877793302,2.7136336467408535,1,0
BA,2023,9,12220.9152,974,1,0,12.547140862422998,9.41090412353822,6.881411303642535,2.5294928198956854,1,0
BA,2023,10,8974.06565,834,1,0,10.760270563549161,9.102094102087507,6.726233402358747,2.3758606997287606,1,0
BA,2023,11,5700.1051,626,1,0,9.105599201277954,8.648239892249144,6.439350371100098,2.2088895211490454,1,0
BA,2023,12,6087.46005,620,1,0,9.818483951612903,8.713986204740975,6.429719478039138,2.284266726701837,1,0
BA,2024,1,6328.20712,647,1,0,9.780845625965997,8.752772239632458,6.472346294500901,2.2804259451315576,1,0
BA,2024,2,5690.9321,586,1,0,9.711488225255973,8.646629327412636,6.373319789577012,2.273309537835624,1,0
BA,2024,3,5826.16492,616,1,0,9.458059935064936,8.670114244705408,6.423246963533519,2.2468672811718884,1,0
BA,2024,4,9424.79528,845,1,0,11.153603881656805,9.151099291125401,6.739336627357174,2.411762663768227,1,0
BA,2024,5,10330.1913,969,1,0,10.66067213622291,9.242826080819269,6.876264611890766,2.3665614689285026,1,0
BA,2024,6,17335.03524,1169,1,0,14.828943746792131,9.76048489099851,7.063903961472068,2.696580929526443,1,0
BA,2024,7,21874.45814,1376,1,0,15.897135276162789,9.993074940176157,7.226936018493289,2.766138921682869,1,0
BA,2024,8,21950.88998,1415,1,0,15.51299645229682,9.996562963467236,7.254884810077338,2.7416781533898984,1,0
BA,2024,9,14102.13478,1108,1,0,12.727558465703972,9.554081467742886,7.010311867307229,2.5437696004356574,1,0
BA,2024,10,9714.83624,959,1,0,10.130173347236706,9.181409505261852,6.8658910748834385,2.3155184303784146,1,0
BA,2024,11,8182.45362,828,1,0,9.882190362318841,9.009747338164955,6.71901315438526,2.2907341837796946,1,0
BA,2024,12,8229.60308,809,1,0,10.172562521631646,9.015493064075523,6.695798917058491,2.319694147017032,1,0
BA,2025,1,8146.31714,818,1,0,9.958822909535453,9.005321219441688,6.706862336602747,2.298458882838942,1,0
BA,2025,2,7138.78052,743,1,0,9.608049152086137,8.873297245228207,6.610696044717759,2.262601200510448,1,0
BA,2025,3,8282.14134,826,1,0,10.02680549636804,9.021856829885996,6.716594773520978,2.305262056365018,1,0
BA,2025,4,12176.38014,1073,1,0,11.347977763280522,9.40725330004776,6.9782137426306985,2.429039557417061,1,0
BA,2025,5,13537.40178,1186,1,0,11.414335396290051,9.513211635881264,7.078341579557671,2.4348700563235925,1,0
BA,2025,6,19248.61952,1386,1,0,13.887892871572872,9.86519462389766,7.234177179749849,2.6310174441478105,1,0
BA,2025,7,23822.75206,1608,1,0,14.815144315920397,10.078396371919856,7.382746449738912,2.6956499221809453,1,0
BA,2025,8,24575.50506,1637,1,0,15.012525998778253,10.109505496584447,7.400620577371135,2.708884919213312,1,0
BA,2025,9,15781.15058,1356,1,0,11.638016651917404,9.666571505556737,7.212294468500341,2.454277037056397,1,0
BA,2025,10,12065.24452,1140,1,0,10.583547824561403,9.398084244741453,7.038783541388542,2.359300703352912,1,0
BA,2025,11,8644.5368,858,1,0,10.075217715617715,9.06468281657782,6.754604099487962,2.310078717089857,1,0
BA,2025,12,9605.66688,884,1,0,10.866139004524888,9.170108503297417,6.784457062637643,2.385651440659773,1,0
BA,2026,1,9013.2048,834,1,0,10.8072,9.106445981032081,6.726233402358747,2.3802125786733344,1,0
BA,2026,2,7813.09218,745,1,0,10.487372053691274,8.963556090212055,6.61338421837956,2.350171871832495,1,0
BA,2026,3,9358.92766,926,1,0,10.10683332613391,9.144085996669109,6.8308742346461795,2.313211762022929,1,0
BA,2026,4,12175.2269,1178,1,0,10.335506706281834,9.40715858432744,7.071573364211532,2.335585220115908,1,0
BA,2026,5,13011.30982,1194,1,0,10.897244405360134,9.473574244378913,7.085064293952548,2.388509950426366,1,0
BA,2026,6,15536.89948,1280,1,0,12.13820271875,9.650973085353623,7.154615356913663,2.496357728439961,1,0
BA,2026,7,22409.4888,1590,1,0,14.094018113207547,10.017239755289813,7.371489295214277,2.645750460075535,1,0
BE,2010,1,309092.823,11546,1,1,26.77055456435129,12.641396908827671,9.354094335620879,3.287302573206793,0,0
BE,2010,2,296550.797,11404,1,1,26.004103560154334,12.599973804837026,9.341719450032562,3.2582543548044636,0,0
BE,2010,3,343344.38,13509,1,1,25.41597305500037,12.746489245777394,9.51111140896968,3.2353778368077126,0,0
BE,2010,4,284626.404,11033,1,1,25.79773443306444,12.558932736160198,9.308646060760307,3.2502866753998925,0,0
BE,2010,5,350393.694,14142,1,1,24.776813322019517,12.76681264130709,9.556904372164187,3.2099082691429044,0,0
BE,2010,6,347029.788,14506,1,1,23.923189576726873,12.757165899624981,9.582317635923358,3.174848263701624,0,0
BE,2010,7,374229.422,14640,1,1,25.56211898907104,12.832624316134225,9.591512787515303,3.2411115286189234,0,0
BE,2010,8,366957.794,13982,1,1,26.245014590187385,12.813002117698591,9.54552606707193,3.267476050626661,0,0
BE,2010,9,352676.264,14426,1,1,24.44726632469153,12.773305815972575,9.576787413063618,3.1965184029089566,0,0
BE,2010,10,366952.064,14484,1,1,25.33499475283071,12.812986502701905,9.580799870885532,3.232186631816374,0,0
BE,2010,11,343760.811,12844,1,1,26.764311040174398,12.74770137765019,9.460632055209405,3.287069322440785,0,0
BE,2010,12,325144.026,11555,1,1,28.138816616183473,12.692023520069922,9.35487352270848,3.337149997361442,0,0
BE,2011,1,324609.016,12309,1,1,26.371680558940614,12.690376709400857,9.418085981110297,3.272290728290562,0,0
BE,2011,2,305360.301,11987,1,1,25.474288896304326,12.629247673140396,9.3915780082071,3.2376696649332968,0,0
BE,2011,3,355194.459,14072,1,1,25.24122079306424,12.780420690316314,9.551942286417393,3.2284784038989196,0,0
BE,2011,4,344550.58,13670,1,1,25.204870519385516,12.749996180139037,9.522958929717996,3.2270372504210427,0,0
BE,2011,5,365136.297,15180,1,1,24.053774505928857,12.808025979300417,9.627734050949622,3.180291928350797,0,0
BE,2011,6,362922.164,14622,1,1,24.820282040760496,12.801943666012399,9.590282522853261,3.2116611431591378,0,0
BE,2011,7,388829.379,14906,1,1,26.085427277606335,12.870895911985265,9.60951909544164,3.2613768165436268,0,0
BE,2011,8,375523.502,14263,1,1,26.328507466872324,12.836076336776348,9.565424050523422,3.2706522862529246,0,0
BE,2011,9,367320.166,15008,1,1,24.474957755863542,12.813989133649386,9.616338671246005,3.1976504624033804,0,0
BE,2011,10,367871.95,14421,1,1,25.509461895846336,12.815490194641738,9.57644075656207,3.2390494380796673,0,0
BE,2011,11,330549.828,12718,1,1,25.990708287466582,12.70851269241671,9.450773591827353,3.257739100589356,0,0
BE,2011,12,325899.53,11693,1,1,27.87133584195673,12.694344422664441,9.366745651140318,3.327598771524123,0,0
BE,2012,1,296479.135,11546,1,1,25.678082019747098,12.599732123948822,9.354094335620879,3.245637788327943,1,1
BE,2012,2,297519.855,11802,1,1,25.209274275546516,12.603236241236639,9.376024287617113,3.2272119536195247,1,1
BE,2012,3,329876.452,13186,1,1,25.017173669042922,12.706473475463236,9.486910939673246,3.219562535789991,1,1
BE,2012,4,324562.885,13262,1,1,24.47314771527673,12.69023458679818,9.492658081928813,3.197576504869367,1,1
BE,2012,5,339862.183,14441,1,1,23.53453244235164,12.736295470300563,9.577826662126565,3.1584688081739984,1,1
BE,2012,6,346776.558,14559,1,1,23.818707191427983,12.756435926448159,9.585964638073326,3.170471288374833,1,1
BE,2012,7,368659.123,14715,1,1,25.05328732585797,12.817627710161641,9.596622660667574,3.221005049494068,1,1
BE,2012,8,358399.158,14052,1,1,25.505206233988044,12.789402610749796,9.550520013385718,3.238882597364078,1,1
BE,2012,9,337731.852,14496,1,1,23.298278973509934,12.730007522328494,9.581628028282761,3.1483794940457335,1,1
BE,2012,10,316200.349,13973,1,1,22.629381593072353,12.664131307488715,9.544882175080447,3.119249132408267,1,1
BE,2012,11,281109.436,12188,1,1,23.06444338693797,12.546499324456448,9.408207140105599,3.138292184350849,1,1
BE,2012,12,278932.664,10908,1,1,25.571384671800512,12.538725684004216,9.297251743965479,3.2414739400387367,1,1
BE,2013,1,269608.78,11057,1,1,24.38353803020711,12.504727224255582,9.310818990542401,3.1939082337131803,1,1
BE,2013,2,251723.604,10811,1,1,23.28402589954676,12.436086955034005,9.288319413292772,3.147767541741234,1,1
BE,2013,3,288020.988,12375,1,1,23.274423272727272,12.570788631462829,9.423433587436891,3.147355044025938,1,1
BE,2013,4,303232.554,13214,1,1,22.947824579990918,12.622255295060693,9.48903215258983,3.1332231424708623,1,1
BE,2013,5,316950.618,14128,1,1,22.43421701585504,12.66650126154477,9.555913922843741,3.110587338701029,1,1
BE,2013,6,323493.82,14116,1,1,22.91681921224143,12.68693528918575,9.55506418479516,3.1318711043905876,1,1
BE,2013,7,345273.832,14745,1,1,23.416333129874534,12.752093097129604,9.598659321249377,3.153433775880228,1,1
BE,2013,8,341492.583,13962,1,1,24.458715298667812,12.741081238869862,9.544094632530348,3.1969866063395145,1,1
BE,2013,9,321947.143,14420,1,1,22.326431553398056,12.68214265887819,9.57637141083894,3.1057712480392494,1,1
BE,2013,10,316599.148,13805,1,1,22.93365795001811,12.665391735332566,9.532786124364256,3.1326056109683114,1,1
BE,2013,11,286601.594,11870,1,1,24.14503740522325,12.565848356119291,9.381769487603714,3.1840788685155768,1,1
BE,2013,12,285703.724,11152,1,1,25.619057030129124,12.562710622785646,9.319374133000306,3.2433364897853414,1,1
BE,2014,1,275833.31,11323,1,1,24.360444228561335,12.527552012973096,9.33459133431404,3.192960678659057,1,1
BE,2014,2,255298.822,10808,1,1,23.6212825684678,12.450189989039533,9.288041879640035,3.162148109399498,1,1
BE,2014,3,302949.663,12578,1,1,24.08567840674193,12.621321941977731,9.439704535103449,3.1816174068742833,1,1
BE,2014,4,316810.339,13593,1,1,23.306874052821303,12.666058574122196,9.517310233335248,3.148748340786949,1,1
BE,2014,5,336743.482,14809,1,1,22.739110135728275,12.72707673848024,9.602990383037504,3.1240863554427367,1,1
BE,2014,6,340915.833,14824,1,1,22.997560240151106,12.739390901752664,9.604002767965195,3.135388133787469,1,1
BE,2014,7,366721.249,15420,1,1,23.78218216601816,12.812357298930895,9.64342064711732,3.168936651813574,1,1
BE,2014,8,364065.776,14666,1,1,24.82379489976817,12.805089833590706,9.593287168653745,3.211802664936962,1,1
BE,2014,9,352361.955,15140,1,1,23.273576948480848,12.772414207511213,9.625095526991439,3.147318680519773,1,1
BE,2014,10,341927.316,14523,1,1,23.54384879157199,12.742353467142035,9.583488878607804,3.158864588534231,1,1
BE,2014,11,311382.661,12638,1,1,24.638602706124388,12.648777856035398,9.444463427333401,3.204314428701998,1,1
BE,2014,12,293330.327,11344,1,1,25.8577509696756,12.589054648870123,9.336444248771908,3.2526104000982143,1,1
BE,2015,1,290543.913,11819,1,1,24.582783061172687,12.579510007361238,9.377463685012241,3.2020463223489974,1,1
BE,2015,2,274787.231,11585,1,1,23.719225809236082,12.523752371729623,9.357466436866476,3.1662859348631462,1,1
BE,2015,3,315821.251,13205,1,1,23.916792957213175,12.662931671129881,9.488350824731233,3.1745808463986482,1,1
BE,2015,4,339484.22,14225,1,1,23.865323022847097,12.735182744782833,9.562756258994531,3.1724264857883018,1,1
BE,2015,5,360851.925,15145,1,1,23.826472433146254,12.796222973112766,9.625425723461337,3.1707972496514287,1,1
BE,2015,6,365940.674,15752,1,1,23.231378491620113,12.810226506348855,9.664722620318962,3.1455038860298936,1,1
BE,2015,7,387344.409,15983,1,1,24.234775010949132,12.867069521981437,9.679280936368654,3.1877885856127826,1,1
BE,2015,8,381558.601,15027,1,1,25.39153530312105,12.852019724725533,9.617603862025726,3.2344158626998065,1,1
BE,2015,9,364226.983,15489,1,1,23.51520324100975,12.805532531944193,9.647885373547759,3.157647158396435,1,1
BE,2015,10,360195.816,14930,1,1,24.125640723375753,12.794403095887512,9.611127890533236,3.183275205354276,1,1
BE,2015,11,327388.744,13175,1,1,24.8492405313093,12.69890356336482,9.486076373409563,3.2128271899552563,1,1
BE,2015,12,319386.669,12506,1,1,25.538674956021108,12.674157776258948,9.433963808127244,3.2401939681317047,1,1
BE,2016,1,306512.54,12030,1,1,25.479014131338317,12.633013947061434,9.395158808968725,3.23785513809271,1,1
BE,2016,2,306749.642,12335,1,1,24.868232022699633,12.633787195498313,9.420196028963456,3.213591166534855,1,1
BE,2016,3,287373.171,11822,1,1,24.308337929284384,12.568536897538921,9.377717481384314,3.190819416154607,1,1
BE,2016,4,294373.968,11631,1,1,25.309428939901984,12.59260623801419,9.36142922633904,3.2311770116751513,1,1
BE,2016,5,346790.83,14889,1,1,23.291747598898517,12.756477081785762,9.608377964255551,3.1480991175302124,1,1
BE,2016,6,342865.749,14960,1,1,22.918833489304813,12.74509424719783,9.613135251528469,3.131958995669361,1,1
BE,2016,7,371984.749,15476,1,1,24.03623345825795,12.826608135103044,9.647045715820404,3.1795624192826395,1,1
BE,2016,8,366334.213,14882,1,1,24.61592615239887,12.811301345988651,9.607907707957207,3.2033936380314443,1,1
BE,2016,9,348636.546,15143,1,1,23.022950934425147,12.76178524306191,9.625293657956655,3.136491585105254,1,1
BE,2016,10,339721.697,14405,1,1,23.58359576535925,12.735882023171708,9.575330647518628,3.160551375653079,1,1
BE,2016,11,318378.648,12875,1,1,24.72843867961165,12.670996670402214,9.463042725531936,3.207953944870278,1,1
BE,2016,12,324671.81,12649,1,1,25.667784805122935,12.690570135720199,9.445333439647541,3.245236696072656,1,1
BE,2017,1,308095.362,12192,1,1,25.27028887795276,12.638164630917412,9.408535277926427,3.229629352990985,1,1
BE,2017,2,279876.629,11621,1,1,24.083695809310733,12.542104174339677,9.360569085222874,3.181535089116804,1,1
BE,2017,3,333042.376,13638,1,1,24.420177152075084,12.716025016121574,9.520615293080597,3.195409723040975,1,1
BE,2017,4,356237.568,13887,1,1,25.65259364873623,12.783353113113984,9.53870842969938,3.2446446834146028,1,1
BE,2017,5,386184.962,15510,1,1,24.899094906511927,12.864071709844534,9.649240256170584,3.214831453673949,1,1
BE,2017,6,384460.114,15383,1,1,24.99253162582071,12.859595327826602,9.64101828255575,3.2185770452708504,1,1
BE,2017,7,410627.508,15979,1,1,25.697947806496025,12.925441775964917,9.679030639139388,3.2464111368255284,1,1
BE,2017,8,405411.326,15471,1,1,26.204597375735247,12.912657450448954,9.646722582719068,3.265934867729885,1,1
BE,2017,9,392508.937,15432,1,1,25.434741899948158,12.880314585372131,9.644198554585564,3.236116030786567,1,1
BE,2017,10,386762.265,15013,1,1,25.761824085792313,12.865565480925357,9.616671771412305,3.248893709513051,1,1
BE,2017,11,369701.363,13212,1,1,27.982240614592797,12.820450831690986,9.48888078651068,3.3315700451803063,1,1
BE,2017,12,360192.301,12213,1,1,29.49253262916564,12.794393337259026,9.410256237171089,3.3841371000879366,1,1
BE,2018,1,348121.397,12397,1,1,28.081100024199404,12.760306539879426,9.425209786838147,3.3350967530412796,1,1
BE,2018,2,313810.207,11876,1,1,26.423897524418997,12.656543645839392,9.382274835883651,3.2742688099557413,1,1
BE,2018,3,370645.102,13693,1,1,27.068217483385673,12.823000285374592,9.524640032332234,3.298360253042359,1,1
BE,2018,4,388584.903,14587,1,1,26.63912408308768,12.870266965453874,9.587886000086213,3.282380965367661,1,1
BE,2018,5,406920.287,15262,1,1,26.662317324072863,12.916372590205775,9.633121357849578,3.283251232356196,1,1
BE,2018,6,407400.811,15326,1,1,26.58233139762495,12.917552773445419,9.637306011530349,3.2802467619150693,1,1
BE,2018,7,448035.902,16322,1,1,27.449816321529223,13.01262864657907,9.700269170029188,3.3123594765498816,1,1
BE,2018,8,445181.855,15827,1,1,28.12799993681683,13.006238140589776,9.669472621333282,3.3367655192564936,1,1
BE,2018,9,426885.967,15320,1,1,27.864619255874675,12.964272200338813,9.636914443294582,3.327357757044232,1,1
BE,2018,10,417046.823,14839,1,1,28.104779499966302,12.94095377984911,9.605014129006127,3.335939650842984,1,1
BE,2018,11,393658.12,13370,1,1,29.44338967838444,12.883238095860813,9.500768670095988,3.382469425764824,1,1
BE,2018,12,384556.278,12652,1,1,30.394900252924437,12.859845423927286,9.445570584425539,3.4142748395017475,1,1
BE,2019,1,370106.997,12627,1,1,29.31076241387503,12.821547423896698,9.44359265743868,3.3779547664580183,1,1
BE,2019,2,321350.523,11328,1,1,28.367807468220338,12.680287778307054,9.3350328159335,3.3452549623735535,1,1
BE,2019,3,392326.136,13189,1,1,29.746465691106224,12.879848752461259,9.487138427825885,3.392710324635374,1,1
BE,2019,4,407587.498,14450,1,1,28.206747266435986,12.918010907632631,9.578449693540579,3.339561214092052,1,1
BE,2019,5,414610.25,15281,1,1,27.1324029840979,12.935094201302434,9.634365505605258,3.300728695697176,1,1
BE,2019,6,422406.28,15211,1,1,27.76979028334758,12.953722878687913,9.629774129311743,3.3239487493761692,1,1
BE,2019,7,452012.4,16298,1,1,27.73422505828936,13.021464892066392,9.698797679880165,3.322667212186227,1,1
BE,2019,8,440190.998,15689,1,1,28.057301166422334,12.994963998069851,9.660715108832955,3.3342488892368953,1,1
BE,2019,9,425195.626,15565,1,1,27.31741895277867,12.960304638473218,9.652780082875708,3.30752455559751,1,1
BE,2019,10,431240.148,15195,1,1,28.380398025666338,12.97442040184936,9.628721705350893,3.345698696498466,1,1
BE,2019,11,405099.159,13122,1,1,30.87175422953818,12.911887153158018,9.482045489904824,3.4298416632531943,1,1
BE,2019,12,397692.668,12943,1,1,30.726467434134282,12.893434795018797,9.468310380442437,3.425124414576358,1,1
BE,2020,1,368320.597,12580,1,1,29.278266852146263,12.816709025387494,9.439863530254431,3.3768454951330633,1,1
BE,2020,2,346746.155,12123,1,1,28.602338942505984,12.756348249434993,9.402859753746583,3.3534884956884095,1,1
BE,2020,3,316130.753,8623,1,1,36.661342108314976,12.663911182304105,9.062188330952324,3.601722851351781,1,1
BE,2020,4,204807.484,2499,1,1,81.95577591036414,12.229825714448562,7.823645930834952,4.406179783613609,1,1
BE,2020,5,238593.524,3104,1,1,76.86647036082475,12.38251664661793,8.04044688130311,4.342069765314821,1,1
BE,2020,6,223893.793,4197,1,1,53.34615034548487,12.31892708000517,8.34212526333359,3.9768018166715784,1,1
BE,2020,7,279485.209,7687,1,1,36.35816430336932,12.540704650677899,8.947285869349132,3.5934187813287672,1,1
BE,2020,8,299467.902,8154,1,1,36.726502575423105,12.60976251884106,9.006263883379198,3.6034986354618628,1,1
BE,2020,9,274356.16,6965,1,1,39.39069059583632,12.52218239530595,8.848652886213905,3.6735295090920435,1,1
BE,2020,10,276659.775,6581,1,1,42.03916957909133,12.530543781155867,8.791941988456118,3.7386017926997477,1,1
BE,2020,11,283908.87,5374,1,1,52.83008373650912,12.55640858536856,8.589327789175437,3.967080796193123,1,1
BE,2020,12,299450.823,6129,1,1,48.85802300538423,12.609705486060847,8.720786883485731,3.888918602575115,1,1
BE,2021,1,274233.83305,5191,1,1,52.82870989212098,12.521736426718928,8.55468163582723,3.967054790891699,1,1
BE,2021,2,250095.9496,4481,1,1,55.81253059584914,12.429599921612617,8.407601514786142,4.021998406826474,1,1
BE,2021,3,286795.26045,4960,1,1,57.82162509072581,12.566523861943438,8.509161019718974,4.057362842224465,1,1
BE,2021,4,304259.8772,5522,1,1,55.09957935530605,12.625637474414855,8.6164953924901,4.0091420819247565,1,1
BE,2021,5,333961.09025,6597,1,1,50.62317572381386,12.718779768915136,8.794370279222871,3.9244094896922657,1,1
BE,2021,6,360738.31035,8808,1,1,40.955757305858306,12.795908072368901,9.083415678402515,3.712492393966385,1,1
BE,2021,7,416539.69945,11834,1,1,35.19855496450904,12.939737052853399,9.378732023236639,3.5610050296167595,1,1
BE,2021,8,425673.6332,12143,1,1,35.05506326278514,12.961428212383355,9.404508151053818,3.556920061329536,1,1
BE,2021,9,408588.87845,12056,1,1,33.89091559804247,12.920464742321705,9.397317740306331,3.523147002015373,1,1
BE,2021,10,421983.4,11911,1,1,35.428041306355475,12.952721255751557,9.385217621880901,3.567503633870657,1,1
BE,2021,11,405151.9564,11052,1,1,36.65870036192545,12.912017476706042,9.310366686043308,3.601650790662734,1,1
BE,2021,12,409152.2522,10874,1,1,37.62665552694501,12.92184262052305,9.294129897705867,3.6277127228171833,1,1
BE,2022,1,366212.18295,9223,1,1,39.70640604467093,12.810968179238248,9.129455643235719,3.6815125360025296,1,1
BE,2022,2,340018.32125,9107,1,1,37.335930740090035,12.736754781169957,9.11679862756782,3.6199561536021374,1,1
BE,2022,3,414306.5019,11480,1,1,36.08941654181184,12.934361321642566,9.348361669873558,3.5859996517690083,1,1
BE,2022,4,410584.26525,11962,1,1,34.32404825698044,12.925336461473702,9.389490237604502,3.535846223869199,1,1
BE,2022,5,423484.7173,13213,1,1,32.050610557784005,12.956272705764311,9.488956472414216,3.4673162333500946,1,1
BE,2022,6,420862.8194,13019,1,1,32.3268161456333,12.950062214910032,9.474165107897397,3.4758971070126345,1,1
BE,2022,7,463789.4899,14496,1,1,31.99430807809051,13.047186042701616,9.581628028282761,3.465558014418855,1,1
BE,2022,8,466200.34945,14097,1,1,33.070890930694475,13.052370755154513,9.553717287770926,3.498653467383587,1,1
BE,2022,9,427797.7966,13532,1,1,31.613789284658587,12.966405925079544,9.512812529900598,3.453593395178945,1,1
BE,2022,10,429182.7398,12920,1,1,33.2184783126935,12.969638074111776,9.466531777336593,3.503106296775184,1,1
BE,2022,11,393261.50565,11015,1,1,35.702360930549254,12.882230078343762,9.307013259236443,3.575216819107318,1,1
BE,2022,12,394912.04455,10941,1,1,36.09469377113609,12.886418347062847,9.30027247947679,3.5861458675860565,1,1
BE,2023,1,366972.2253,10419,1,1,35.22144402533832,12.813041443791331,9.251386341412184,3.5616551023791474,1,1
BE,2023,2,353570.1811,10091,1,1,35.038170756119314,12.77583727672137,9.219399216464529,3.5564380602568413,1,1
BE,2023,3,401812.88825,11694,1,1,34.36060272361895,12.90374180713027,9.366831168735615,3.5369106383946547,1,1
BE,2023,4,413200.30385,12474,1,1,33.12492415023249,12.93168775158553,9.431401757086068,3.500285994499462,1,1
BE,2023,5,428360.58575,13670,1,1,31.33581461228969,12.967720609938473,9.522958929717996,3.4447616802204775,1,1
BE,2023,6,422579.97455,13686,1,1,30.876806557796286,12.954133996742227,9.524128691512443,3.430005305229783,1,1
BE,2023,7,454438.86385,14456,1,1,31.436003310044274,13.02681867057069,9.578864832272064,3.4479538382986257,1,1
BE,2023,8,459001.6549,14040,1,1,32.69242556267807,13.036809094482805,9.549665677579801,3.487143416903004,1,1
BE,2023,9,437492.9053,13667,1,1,32.010895244018435,12.988815768191175,9.5227394469648,3.4660763212263745,1,1
BE,2023,10,433526.24345,13512,1,1,32.08453548327413,12.979707611893996,9.511333458487636,3.46837415340636,1,1
BE,2023,11,415298.72665,11470,1,1,36.20738680470794,12.936753363517347,9.347490210123416,3.5892631533939308,1,1
BE,2023,12,397445.55635,11386,1,1,34.906512941331464,12.892813238538707,9.340139809511028,3.55267342902768,1,1
BE,2024,1,386029.27672,10863,1,1,35.53615729724754,12.863668491995643,9.293117798433752,3.570550693561893,1,1
BE,2024,2,363976.1579,10817,1,1,33.648530821854486,12.804843644198916,9.28887424963029,3.5159693945686263,1,1
BE,2024,3,415651.8855,11981,1,1,34.69258705450296,12.93760337521744,9.3910773406399,3.5465260345775413,1,1
BE,2024,4,451132.67002,13048,1,1,34.57485208614347,13.019516743784486,9.476390144300849,3.543126599483637,1,1
BE,2024,5,473849.82324,14267,1,1,33.21299665241466,13.068645721868831,9.565704457114814,3.5029412647540172,1,1
BE,2024,6,461578.86496,13976,1,1,33.02653584430452,13.042408206645991,9.545096851813893,3.497311354832099,1,1
BE,2024,7,502906.22412,15151,1,1,33.192939351857966,13.128158998540021,9.625821815359835,3.502337183180185,1,1
BE,2024,8,491585.67102,14584,1,1,33.707190826933626,13.105391508608857,9.5876803163585,3.517711192250359,1,1
BE,2024,9,476490.57872,14141,1,1,33.69567772576197,13.074203230044622,9.556833658307777,3.5173695717368454,1,1
BE,2024,10,503179.93648,14085,1,1,35.72452513170039,13.128703111713369,9.552865680310473,3.5758374314028956,1,1
BE,2024,11,485075.99548,12290,1,1,39.469161552481694,13.092060849356097,9.416541202560081,3.675519646796016,1,1
BE,2024,12,478385.70816,12360,1,1,38.70434532038835,13.078172606924824,9.422220731011683,3.6559518759131415,1,1
BE,2025,1,436256.45084,11454,1,1,38.087694328618824,12.985985539415235,9.346094292953802,3.639891246461432,1,1
BE,2025,2,402711.90924,10989,1,1,36.64682038766039,12.905976719881275,9.304650051446924,3.6013266684343517,1,1
BE,2025,3,479386.0691,12825,1,1,37.379030729044835,13.080261541528076,9.45915167003897,3.6211098714891055,1,1
BE,2025,4,508722.18362,13729,1,1,37.05456942384733,13.139657338312954,9.527265662897605,3.61239167541535,1,1
BE,2025,5,527500.02128,14783,1,1,35.68288042210647,13.17590418467359,9.60123315090109,3.5746710337725003,1,1
BE,2025,6,529323.56308,14448,1,1,36.636459238648946,13.179355174293333,9.578311275656766,3.6010438986365663,1,1
BE,2025,7,564918.0381,15686,1,1,36.01415517659059,13.244435934295854,9.660523873772611,3.583912060523242,1,1
BE,2025,8,558376.79988,15145,1,1,36.86872234268735,13.232789282074341,9.625425723461337,3.607363558613004,1,1
BE,2025,9,546095.23614,14883,1,1,36.69255097359404,13.210548664681577,9.60797490096916,3.602573763712418,1,1
BE,2025,10,556589.0426,14597,1,1,38.13037217236419,13.229582441570411,9.588571307130579,3.6410111344398337,1,1
BE,2025,11,516442.08802,12454,1,1,41.46796916813875,13.154718437383263,9.429797135432397,3.724921301950865,1,1
BE,2025,12,515441.12436,12929,1,1,39.86705270013149,13.15277836516976,9.467228129254554,3.6855502359152066,1,1
BE,2026,1,477215.16854,11720,1,1,40.71801779351536,13.075722755247238,9.369052063131004,3.7066706921162345,1,1
BE,2026,2,461566.89182,11731,1,1,39.3459118421277,13.042382266776988,9.369990189505721,3.6723920772712684,1,1
BE,2026,3,513051.49898,12989,1,1,39.49892208638078,13.148131506989625,9.471858124407284,3.6762733825823406,1,1
BE,2026,4,533895.647,14329,1,1,37.25979810175169,13.187955681242828,9.570040734716603,3.6179149465262253,1,1
BE,2026,5,548440.93168,15025,1,1,36.501892291514146,13.214834862251148,9.617470759403409,3.59736410284774,1,1
BE,2026,6,538195.58614,14811,1,1,36.33755898588887,13.195977316089325,9.603125426926972,3.592851889162352,1,1
BE,2026,7,551754.12614,15941,1,1,34.612265613198666,13.220857802369226,9.676649685633647,3.5442081167355797,1,1
BG,2010,1,34760.876,2177,1,1,15.967329352319705,10.456247780442677,7.685703061234547,2.770544719208129,0,0
BG,2010,2,27457.117,1964,1,1,13.98020213849287,10.220380684735206,7.582738488914411,2.637642195820794,0,0
BG,2010,3,30412.445,2201,1,1,13.817557928214448,10.32260717862323,7.696667081526462,2.625940097096768,0,0
BG,2010,4,30851.687,2098,1,1,14.705284556720688,10.33694671179304,7.6487397889562425,2.6882069228367977,0,0
BG,2010,5,44699.7,2930,1,1,15.255870307167234,10.707722069169742,7.982757702011113,2.7249643671586297,0,0
BG,2010,6,71285.878,4283,1,1,16.64391267802942,11.174453522268891,8.36240897761537,2.8120445446535207,0,0
BG,2010,7,87782.769,5190,1,1,16.913828323699423,11.382620507515718,8.554488976159934,2.8281315313557833,0,0
BG,2010,8,90372.409,5226,1,1,17.292845197091467,11.411694289617172,8.561401446080557,2.8502928435366135,0,0
BG,2010,9,68113.116,3964,1,1,17.182925327951562,11.128925072711716,8.285008895449879,2.8439161772618387,0,0
BG,2010,10,44630.953,2705,1,1,16.4994280961183,10.7061829107451,7.902857191280582,2.803325719464519,0,0
BG,2010,11,30370.47,2196,1,1,13.8299043715847,10.321226033718531,7.694392802629421,2.6268332310891096,0,0
BG,2010,12,30141.777,2154,1,1,13.993396935933147,10.31366742863761,7.675081857716334,2.638585570921276,0,0
BG,2011,1,30837.814,2247,1,1,13.723993769470404,10.336496943193554,7.717351272185329,2.6191456710082255,0,0
BG,2011,2,29743.652,2062,1,1,14.42466149369544,10.300371010054159,7.631431664576906,2.6689393454772534,0,0
BG,2011,3,30391.024,2240,1,1,13.567421428571429,10.32190258063767,7.7142311448490855,2.607671435788584,0,0
BG,2011,4,32446.75,2381,1,1,13.627362452750946,10.387355563033276,7.7752758464868625,2.6120797165464134,0,0
BG,2011,5,44329.384,3019,1,1,14.683466048360383,10.699403031860914,8.012680929706839,2.6867221021540755,0,0
BG,2011,6,76656.694,4583,1,1,16.726313331878682,11.247092212515442,8.430109084509125,2.8169831280063184,0,0
BG,2011,7,95539.797,5646,1,1,16.921678533475028,11.4672981621772,8.638702608813434,2.8285955533637646,0,0
BG,2011,8,93409.144,5507,1,1,16.96189286362811,11.444744520923825,8.613775289262481,2.8309692316613426,0,0
BG,2011,9,66640.338,4256,1,1,15.657974154135339,11.107065348856674,8.35608503102148,2.750980317835193,0,0
BG,2011,10,33960.617,2540,1,1,13.370321653543307,10.43295680869369,7.8399193600125825,2.5930374486811085,0,0
BG,2011,11,24551.06,1952,1,1,12.577387295081968,10.108510309479968,7.5766097669730375,2.5319005425069303,0,0
BG,2011,12,26424.878,1998,1,1,13.225664664664665,10.182061193887668,7.599901959208498,2.5821592346791684,0,0
BG,2012,1,27041.956,1986,1,1,13.616292044310171,10.205144864818791,7.593877844605118,2.611267020213674,1,1
BG,2012,2,24670.387,1808,1,1,13.645125553097344,10.113358896469677,7.4999765409521215,2.6133823555175546,1,1
BG,2012,3,26548.713,2135,1,1,12.434994379391101,10.186736550918884,7.666221925662725,2.5205146252561588,1,1
BG,2012,4,27068.795,2229,1,1,12.143918797667114,10.206136867395173,7.709308333385869,2.496828534009304,1,1
BG,2012,5,38942.795,2817,1,1,13.82420837770678,10.569849053443303,7.943427767876373,2.6264212855669293,1,1
BG,2012,6,76817.186,4584,1,1,16.75767582897033,11.249183670143307,8.430327258394575,2.818856411748731,1,1
BG,2012,7,93853.182,5557,1,1,16.889181572791074,11.449486946607708,8.622813673279921,2.8266732733277875,1,1
BG,2012,8,92386.543,5397,1,1,17.118129145821754,11.433736608495316,8.593598522618644,2.8401380858766743,1,1
BG,2012,9,62985.458,3966,1,1,15.881356026222894,11.050659153332562,8.285513309079741,2.765145844252821,1,1
BG,2012,10,30696.379,2385,1,1,12.870599161425577,10.331899978736153,7.776954403322442,2.5549455754137123,1,1
BG,2012,11,21871.467,1852,1,1,11.809647408207343,9.992938189610474,7.524021415206125,2.4689167744043483,1,1
BG,2012,12,24554.037,1816,1,1,13.520945484581498,10.108631559622438,7.504391559161238,2.6042400004612003,1,1
BG,2013,1,25787.18,1869,1,1,13.797314071696094,10.157632748189572,7.533158807455563,2.6244739407340085,1,1
BG,2013,2,22669.195,1629,1,1,13.916019030079804,10.028762233387198,7.395721608602045,2.6330406247851537,1,1
BG,2013,3,24433.922,1827,1,1,13.373794198139025,10.103727691685847,7.510430556378006,2.593297135307841,1,1
BG,2013,4,25930.585,1970,1,1,13.162733502538071,10.163178439018676,7.585788821732034,2.577389617286641,1,1
BG,2013,5,39698.363,2729,1,1,14.546853426163429,10.589065231568199,7.911690520708339,2.677374710859861,1,1
BG,2013,6,76932.361,4490,1,1,17.134156124721606,11.250681886219922,8.4096079807363,2.8410739054836234,1,1
BG,2013,7,93517.082,5340,1,1,17.512562172284643,11.44589939377721,8.582980931954241,2.86291846182297,1,1
BG,2013,8,94014.674,5365,1,1,17.52370438024231,11.451206155451786,8.587651655064798,2.863554500386987,1,1
BG,2013,9,65513.276,3962,1,1,16.535405350832914,11.090008088108005,8.284504227258497,2.8055038608495084,1,1
BG,2013,10,29463.537,2451,1,1,12.021026927784577,10.290908743909661,7.804251383528112,2.486657360381548,1,1
BG,2013,11,23769.946,1861,1,1,12.772673831273508,10.076177288580519,7.528869256642251,2.547308031938268,1,1
BG,2013,12,25049.375,1853,1,1,13.51828116567728,10.128604156101952,7.52456122628536,2.604042929816592,1,1
BG,2014,1,26913.58,1924,1,1,13.988347193347193,10.200386270918521,7.562161631225652,2.638224639692869,1,1
BG,2014,2,24601.867,1785,1,1,13.782558543417366,10.11057761334957,7.487173694213739,2.6234039191358303,1,1
BG,2014,3,26805.696,1968,1,1,13.620780487804877,10.196369681229525,7.584773077612199,2.611596603617327,1,1
BG,2014,4,28217.725,2248,1,1,12.552368772241993,10.247705605573131,7.717796211013582,2.529909394559549,1,1
BG,2014,5,42252.746,2924,1,1,14.450323529411765,10.651424624756137,7.980707820869669,2.6707168038864673,1,1
BG,2014,6,86079.242,5036,1,1,17.092780381254965,11.363023569594759,8.524367395164237,2.838656174430521,1,1
BG,2014,7,99412.485,5668,1,1,17.53925282286521,11.50703298837892,8.64259160081057,2.86444138756835,1,1
BG,2014,8,101501.968,5927,1,1,17.125353129745232,11.527833466438572,8.687273461787838,2.840560004650735,1,1
BG,2014,9,67660.528,4036,1,1,16.764253716551043,11.122258246028755,8.3030093814735,2.819248864555256,1,1
BG,2014,10,31826.889,2406,1,1,13.228133416458853,10.368066777516436,7.785720896534624,2.5823458809818116,1,1
BG,2014,11,25235.554,1986,1,1,12.706724068479355,10.136009152169208,7.593877844605118,2.5421313075640906,1,1
BG,2014,12,26570.779,1897,1,1,14.006736425935687,10.187567357104651,7.5480289699350145,2.6395383871696376,1,1
BG,2015,1,27621.043,1998,1,1,13.824345845845846,10.226333188741247,7.599901959208498,2.626431229532748,1,1
BG,2015,2,25533.197,1916,1,1,13.326303235908142,10.147734727620731,7.557994958530806,2.589739769089925,1,1
BG,2015,3,27916.992,2128,1,1,13.118887218045112,10.236990814682642,7.662937850461535,2.574052964221107,1,1
BG,2015,4,32618.783,2356,1,1,13.844984295415959,10.392643567079274,7.764720544771477,2.627923022307797,1,1
BG,2015,5,44077.418,2988,1,1,14.751478580990629,10.693702866793592,8.002359546252707,2.691343320540883,1,1
BG,2015,6,77722.704,4620,1,1,16.823096103896102,11.260902694445608,8.438149984075784,2.822752710369824,1,1
BG,2015,7,97730.55,5658,1,1,17.27298515376458,11.48996948106697,8.640825751861513,2.849143729205456,1,1
BG,2015,8,99812.847,5775,1,1,17.28360987012987,11.511052181469797,8.661293535389994,2.849758646079803,1,1
BG,2015,9,71474.192,4335,1,1,16.487702883506344,11.177091712474638,8.374476889214643,2.802614823259996,1,1
BG,2015,10,35747.925,2531,1,1,14.124032003160806,10.484247504479612,7.836369760545124,2.647877743934488,1,1
BG,2015,11,28692.526,2097,1,1,13.682654268001908,10.26439194971456,7.64826303090192,2.6161289188126395,1,1
BG,2015,12,31654.381,2121,1,1,14.924272041489864,10.362631838214297,7.659642954564682,2.702988883649614,1,1
BG,2016,1,32928.429,2199,1,1,14.974274215552523,10.402091666974563,7.695757990554761,2.706333676419802,1,1
BG,2016,2,29163.78,2158,1,1,13.514263206672844,10.28068280735103,7.67693714581808,2.6037456615329497,1,1
BG,2016,3,32598.084,2242,1,1,14.539734165923281,10.392008792621462,7.715123603632105,2.676885188989358,1,1
BG,2016,4,36412.102,2559,1,1,14.229035560765924,10.50265647089556,7.847371836159788,2.6552846347357724,1,1
BG,2016,5,52988.402,3359,1,1,15.775052694254242,10.87782833839876,8.119398589612294,2.7584297487864675,1,1
BG,2016,6,95641.023,5473,1,1,17.475063584871187,11.46835711787641,8.607582191143917,2.8607749267324922,1,1
BG,2016,7,119377.419,6684,1,1,17.860176391382407,11.690045341452068,8.807471889715284,2.882573451736783,1,1
BG,2016,8,117245.63,6536,1,1,17.93843788249694,11.67202641482504,8.785080636539838,2.8869457782852015,1,1
BG,2016,9,90492.437,5220,1,1,17.335715900383143,11.413021557135156,8.560252680876685,2.8527688762584713,1,1
BG,2016,10,45732.783,3031,1,1,15.088348069943914,10.730570672005712,8.016647877057803,2.713922794947909,1,1
BG,2016,11,36876.345,2509,1,1,14.697626544440016,10.51532556755321,7.827639546366422,2.6876860211867886,1,1
BG,2016,12,39749.329,2568,1,1,15.47871066978193,10.590348239436857,7.850882664809852,2.7394655746270042,1,1
BG,2017,1,42245.203,2647,1,1,15.959653570079336,10.651246087877803,7.881182202227102,2.770063885650701,1,1
BG,2017,2,37412.722,2529,1,1,14.793484381178333,10.529766085988989,7.835579246669965,2.694186839319024,1,1
BG,2017,3,41844.093,2768,1,1,15.117085621387284,10.641705919002048,7.92588031673756,2.7158256022644878,1,1
BG,2017,4,43304.848,2955,1,1,14.65477089678511,10.676019870771686,7.991253929840199,2.684765940931487,1,1
BG,2017,5,59384.903,3798,1,1,15.635835439705108,10.991795314797896,8.242229891372231,2.7495654234256652,1,1
BG,2017,6,102685.733,5814,1,1,17.661804781561745,11.539428467084402,8.668024081118821,2.8714043859655813,1,1
BG,2017,7,128944.601,7215,1,1,17.87173957033957,11.767138141491513,8.88391747120797,2.883220670283541,1,1
BG,2017,8,123334.038,7045,1,1,17.506605819730304,11.722651709449488,8.86007342433278,2.862578285116708,1,1
BG,2017,9,93115.235,5532,1,1,16.832110448300796,11.441593091123362,8.61830469278465,2.8232883983387134,1,1
BG,2017,10,48487.644,3285,1,1,14.760317808219177,10.7890642815814,8.09712193091871,2.6919423506626887,1,1
BG,2017,11,36960.742,2794,1,1,13.228612025769506,10.51761160131168,7.935229539816907,2.5823820614947737,1,1
BG,2017,12,40295.995,2734,1,1,14.738842355523044,10.604007363343683,7.913521017283895,2.690486346059789,1,1
BG,2018,1,42324.813,2753,1,1,15.374069378859426,10.653128788799018,7.920446505142607,2.732682283656411,1,1
BG,2018,2,38532.503,2470,1,1,15.600203643724695,10.559257397877227,7.8119734296220225,2.747283968255204,1,1
BG,2018,3,44157.814,2929,1,1,15.076071696824854,10.695525177914128,7.982416346827733,2.713108831086394,1,1
BG,2018,4,49022.529,3275,1,1,14.968711145038169,10.800035246938595,8.094073148069352,2.705962098869242,1,1
BG,2018,5,67360.977,4226,1,1,15.93965380974917,11.117821152967794,8.349011198176003,2.7688099547917915,1,1
BG,2018,6,112055.33,6421,1,1,17.451382962155428,11.626748046147727,8.76732914779405,2.859418898353679,1,1
BG,2018,7,130963.629,7663,1,1,17.090386141197964,11.782674922412456,8.944158830970403,2.838516091442051,1,1
BG,2018,8,127418.117,7498,1,1,16.99361389703921,11.755229217661427,8.922391597295857,2.8328376203655687,1,1
BG,2018,9,96174.153,5799,1,1,16.584609932747025,11.473915920719225,8.66544076787644,2.8084751528427843,1,1
BG,2018,10,51921.247,3495,1,1,14.855864663805438,10.857483368809119,8.15908865466791,2.698394714141209,1,1
BG,2018,11,39683.869,2743,1,1,14.4673237331389,10.588700061685824,7.916807490937603,2.671892570748221,1,1
BG,2018,12,43686.594,2828,1,1,15.447876237623761,10.684796560563703,7.947325027016463,2.737471533547238,1,1
BG,2019,1,43230.834,2795,1,1,15.467203577817532,10.67430926963381,7.9355873855892,2.7387218840446104,1,1
BG,2019,2,39473.855,2602,1,1,15.170582244427365,10.58339383300336,7.86403565907245,2.719358173930909,1,1
BG,2019,3,44049.93,2839,1,1,15.51600211342022,10.693079042259772,7.951207156472972,2.7418718857868,1,1
BG,2019,4,47262.183,3074,1,1,15.374815549772283,10.763465740956383,8.03073492409854,2.7327308168578415,1,1
BG,2019,5,62505.992,3905,1,1,16.006656081946222,11.043017703129067,8.270013062273787,2.77300464085528,1,1
BG,2019,6,102021.205,5846,1,1,17.451454840916867,11.53293596281669,8.673512945671192,2.8594230171454997,1,1
BG,2019,7,117979.835,6938,1,1,17.004876765638514,11.678268999013962,8.844768827529695,2.8335001714842676,1,1
BG,2019,8,118270.871,6928,1,1,17.071430571593535,11.680732789722992,8.843326450242271,2.83740633948072,1,1
BG,2019,9,89273.434,5421,1,1,16.468074893931007,11.399459231003842,8.598035579260339,2.801423651743504,1,1
BG,2019,10,50355.113,3317,1,1,15.180920410009044,10.82685544214685,8.106816038947052,2.720039403199798,1,1
BG,2019,11,40769.039,2795,1,1,14.586418246869409,10.61567822428212,7.9355873855892,2.6800908386929208,1,1
BG,2019,12,44747.055,2834,1,1,15.789363091037403,10.70878091148156,7.949444420250626,2.759336491230933,1,1
BG,2020,1,45409.442,2856,1,1,15.899664565826331,10.723475335974216,7.957177323459475,2.7662980125147416,1,1
BG,2020,2,43588.945,2718,1,1,16.03713944076527,10.68255884214074,7.907651594711089,2.77490724742965,1,1
BG,2020,3,33671.293,1972,1,1,17.07469219066937,10.424400913556179,7.586803535162581,2.8375973783935984,1,1
BG,2020,4,13302.732,644,1,1,20.656416149068324,9.495724706649208,6.467698726104354,3.028025980544855,1,1
BG,2020,5,21893.92,969,1,1,22.594344685242515,9.993964251688704,6.876264611890766,3.1176996397979364,1,1
BG,2020,6,30081.068,1517,1,1,19.829313117996044,10.311651282752626,7.324489979348532,2.987161303404094,1,1
BG,2020,7,51415.285,2885,1,1,17.82158925476603,10.847690780777365,7.9672801789422,2.8804106018351647,1,1
BG,2020,8,51674.557,3047,1,1,16.959158844765344,10.852720811702385,8.021912778985708,2.8308080327166762,1,1
BG,2020,9,43248.679,2546,1,1,16.98691241162608,10.674721968540966,7.842278779117352,2.8324431894236146,1,1
BG,2020,10,36996.369,2065,1,1,17.91591719128329,10.51857505167566,7.632885505395133,2.885689546280526,1,1
BG,2020,11,25196.975,1384,1,1,18.205906791907513,10.134479226611635,7.232733136177615,2.901746090434021,1,1
BG,2020,12,29601.817,1606,1,1,18.432015566625154,10.295591023563297,7.381501894506707,2.9140891290565896,1,1
BG,2021,1,26254.60405,1305,1,1,20.11847053639847,10.175596645021276,7.173958319756794,3.001638325264483,1,1
BG,2021,2,21079.1729,1124,1,1,18.75371254448399,9.956040765642653,7.024649030453636,2.931391735189017,1,1
BG,2021,3,24323.0532,1343,1,1,18.110985256887563,10.099179870963427,7.202661196523238,2.8965186744401903,1,1
BG,2021,4,30643.20575,1514,1,1,20.239898117569354,10.33016624468706,7.322510433997394,3.0076558106896663,1,1
BG,2021,5,31108.3649,1722,1,1,18.06525255516841,10.345232029847619,7.451241684987676,2.8939903448599424,1,1
BG,2021,6,39625.7324,2557,1,1,15.496962221353149,10.587233994289525,7.846589975291186,2.7406440189983385,1,1
BG,2021,7,70476.31145,4233,1,1,16.649258551854476,11.163031924535671,8.350666240520924,2.812365684014748,1,1
BG,2021,8,84183.92805,4914,1,1,17.13144648962149,11.340759303744811,8.499843553081124,2.8409157506636857,1,1
BG,2021,9,64868.1778,3823,1,1,16.96787282239079,11.080112455786363,8.248790733696413,2.83132172208995,1,1
BG,2021,10,46787.90445,2821,1,1,16.58557406947891,10.753379996578207,7.944846711001996,2.808533285576211,1,1
BG,2021,11,35212.90915,2194,1,1,16.0496395396536,10.469168031570442,7.693481640835175,2.7756863907352662,1,1
BG,2021,12,40378.7639,2372,1,1,17.023087647554807,10.606059279709326,7.771488760117616,2.8345705195917104,1,1
BG,2022,1,39532.48655,2164,1,1,18.268247019408502,10.584878057171018,7.679713639966372,2.9051644172046456,1,1
BG,2022,2,31700.12385,1964,1,1,16.140592591649696,10.364075866797803,7.582738488914411,2.781337377883392,1,1
BG,2022,3,36997.9874,2360,1,1,15.677113305084745,10.518618795552328,7.7664168980196555,2.7522018975326716,1,1
BG,2022,4,49321.07505,2935,1,1,16.804454872231688,10.806106754485976,7.984462732262196,2.8216440222237784,1,1
BG,2022,5,53968.1496,3398,1,1,15.882327722189522,10.896149329310633,8.130942302231878,2.7652070270787568,1,1
BG,2022,6,67716.2665,4190,1,1,16.16140011933174,11.12308170330377,8.340456012916183,2.782625690387587,1,1
BG,2022,7,85793.50675,5199,1,1,16.501924745143295,11.359698603707832,8.556221578383715,2.803477025324116,1,1
BG,2022,8,85641.0355,5184,1,1,16.520261477623457,11.35791983394299,8.55333223803211,2.80458759591088,1,1
BG,2022,9,72110.724,4277,1,1,16.860117839607202,11.185958050076739,8.361007108226909,2.82495094184983,1,1
BG,2022,10,57271.125,3282,1,1,17.450068555758683,10.955551848987527,8.096208271650037,2.8593435773374916,1,1
BG,2022,11,39701.58225,2695,1,1,14.731570408163265,10.589146321044813,7.899153483343097,2.689992837701716,1,1
BG,2022,12,43850.7614,2737,1,1,16.021469272926563,10.688547361389604,7.914617709040679,2.773929652348925,1,1
BG,2023,1,46070.0734,2786,1,1,16.53627903804738,10.73791885115639,7.932362154339751,2.805556696816639,1,1
BG,2023,2,39638.82865,2519,1,1,15.735938328701867,10.587564438310048,7.831617276352611,2.7559471619574376,1,1
BG,2023,3,46195.49425,2989,1,1,15.455167029106725,10.740637545257481,8.002694162283937,2.7379433829735427,1,1
BG,2023,4,50053.6162,3119,1,1,16.04796928502725,10.820850033881586,8.045267716607803,2.7755823172737832,1,1
BG,2023,5,55508.8256,3597,1,1,15.431978204058938,10.924297306912035,8.187855443695623,2.7364418632164105,1,1
BG,2023,6,76068.17355,4880,1,1,15.587740481557379,11.239385237580844,8.492900498847193,2.746484738733651,1,1
BG,2023,7,91386.4888,5673,1,1,16.109023232857396,11.422852921569762,8.643473357326567,2.779379564243195,1,1
BG,2023,8,89001.37605,5635,1,1,15.794387941437446,11.396407109830708,8.636752426473876,2.759654683356832,1,1
BG,2023,9,74220.65905,4785,1,1,15.511109519331244,11.21479781425719,8.473241303887054,2.741556510370136,1,1
BG,2023,10,56848.42495,3521,1,1,16.1455339250213,10.948143793429885,8.166500319155052,2.7816434742748335,1,1
BG,2023,11,42421.09515,2784,1,1,15.23746233836207,10.655401044617108,7.931644021454311,2.723757023162798,1,1
BG,2023,12,47906.92295,2986,1,1,16.043845596115204,10.777015302183221,8.001689978099135,2.775325324084086,1,1
BG,2024,1,49526.46232,3000,1,1,16.508820773333333,10.810262398036445,8.006367567650246,2.8038948303861977,1,1
BG,2024,2,41621.88324,2749,1,1,15.140735991269553,10.636381347362196,7.918992488165245,2.717388859196951,1,1
BG,2024,3,51016.92096,3112,1,1,16.393612133676093,10.83991264020789,8.043020885298283,2.7968917549096086,1,1
BG,2024,4,50832.31754,3294,1,1,15.431790388585306,10.836287603342162,8.099857910737585,2.7364296926045766,1,1
BG,2024,5,61263.6871,3766,1,1,16.2675749070632,11.022942566300012,8.233768709217097,2.7891738570829134,1,1
BG,2024,6,78309.65528,4841,1,1,16.17633862425119,11.268426185743213,8.484876589939695,2.7835495958035175,1,1
BG,2024,7,88615.21718,5788,1,1,15.310161917760885,11.392058873312847,8.663542087751374,2.728516785561472,1,1
BG,2024,8,87989.98188,5728,1,1,15.361379518156426,11.384978244707092,8.653121708640482,2.7318565360666116,1,1
BG,2024,9,74698.24558,4910,1,1,15.213491971486762,11.22121188463359,8.499029220788566,2.7221826638450244,1,1
BG,2024,10,59551.16594,3723,1,1,15.995478361536396,10.994591153768939,8.222285073872717,2.7723060798962216,1,1
BG,2024,11,52262.37844,2929,1,1,17.84307901672926,10.864032049711385,7.982416346827733,2.8816157028836527,1,1
BG,2024,12,51228.20412,3137,1,1,16.330316901498247,10.84404552107773,8.051022208190679,2.7930233128870507,1,1
BG,2025,1,46529.50332,3064,1,1,15.185869229765014,10.747841870378112,8.027476530860483,2.72036533951763,1,1
BG,2025,2,43534.88828,2880,1,1,15.116280652777778,10.68131792504833,7.965545573129992,2.715772351918337,1,1
BG,2025,3,49203.1983,3269,1,1,15.051452523707555,10.803713906465156,8.092239406724211,2.711474499740945,1,1
BG,2025,4,55816.9624,3852,1,1,14.490384839044651,10.929833087838205,8.256347772918016,2.673485314920188,1,1
BG,2025,5,61669.27426,4403,1,1,14.006194471950943,11.029541099795651,8.390041405755754,2.639499694039898,1,1
BG,2025,6,76177.50862,5296,1,1,14.383970660876132,11.240821535638531,8.574707097616844,2.6661144380216872,1,1
BG,2025,7,91631.90306,6026,1,1,15.206090783272485,11.425534776705717,8.703838719690246,2.7216960570154707,1,1
BG,2025,8,89174.23804,5953,1,1,14.979714100453553,11.398347465643349,8.69165057315339,2.706696892489959,1,1
BG,2025,9,76662.64468,5043,1,1,15.201793511798533,11.24716983716546,8.525756422076725,2.721413415088735,1,1
BG,2025,10,61250.97982,4008,1,1,15.282180593812376,11.022735125340246,8.2960476427647,2.7266874825755454,1,1
BG,2025,11,42661.73192,3119,1,1,13.678016005129848,10.661057589419729,8.045267716607803,2.6157898728119244,1,1
BG,2025,12,47487.0949,3334,1,1,14.24327981403719,10.76821326679353,8.111928063310739,2.6562852034827906,1,1
BG,2026,1,47802.57786,3429,1,1,13.940675958005249,10.774834847150894,8.14002395246292,2.634810894687973,1,1
BG,2026,2,44838.11888,3093,1,1,14.49664367280957,10.71081392447737,8.03689677268507,2.6739171517922995,1,1
BG,2026,3,58534.66688,3403,1,1,17.200901228327947,10.97737445394345,8.132412674500905,2.8449617794425435,1,1
BG,2026,4,51063.68374,3512,1,1,14.539773274487471,10.840828833512358,8.163940954755008,2.6768878787573516,1,1
BG,2026,5,62464.03446,4237,1,1,14.742514623554403,11.042346221450378,8.351610750626559,2.6907354708238196,1,1
BG,2026,6,80559.21466,5428,1,1,14.841417586588062,11.296747778834499,8.59932602095476,2.69742175787974,1,1
BG,2026,7,88426.52724,6085,1,1,14.531886152834838,11.38992728551062,8.713582005421628,2.6763452800889915,1,1
CH,2010,1,358901.792,19656,1,1,18.25914692714693,12.790804070157504,9.886137914201015,2.90466615595649,0,0
CH,2010,2,321563.617,18895,1,1,17.018450224927232,12.680950678668223,9.84665261578359,2.834298062884635,0,0
CH,2010,3,359183.108,21172,1,1,16.965006045720763,12.791587587578332,9.960434832977878,2.8311527546004545,0,0
CH,2010,4,312859.396,17001,1,1,18.402411387565436,12.653509154537922,9.741027444837728,2.912481709700192,0,0
CH,2010,5,371844.985,20569,1,1,18.07793208225971,12.826232339419551,9.931540366978163,2.894691972441388,0,0
CH,2010,6,374336.117,20858,1,1,17.946884504746382,12.832909381356076,9.945492846681159,2.8874165346749185,0,0
CH,2010,7,401748.431,21684,1,1,18.527413346246078,12.903581378178318,9.98432994038023,2.9192514377980894,0,0
CH,2010,8,395084.58,20707,1,1,19.07975950161781,12.886855147543713,9.938227086340024,2.948628061203688,0,0
CH,2010,9,377610.401,20952,1,1,18.022642277586865,12.841618257895313,9.949989386187548,2.891628871707764,0,0
CH,2010,10,392409.882,20738,1,1,18.922262609701995,12.880062189842485,9.939723045118223,2.9403391447242613,0,0
CH,2010,11,352952.412,18690,1,1,18.88455922953451,12.774088516629423,9.835743900449609,2.9383446161798132,0,0
CH,2010,12,365357.636,18338,1,1,19.923526884065875,12.808631977507314,9.816730688609846,2.991901288897469,0,0
CH,2011,1,391509.649,20951,1,1,18.686919431053408,12.87776544034172,9.949941656908011,2.927823783433708,0,0
CH,2011,2,351238.083,19836,1,1,17.707102389594677,12.76921957165241,9.895253747609024,2.8739658240433856,0,0
CH,2011,3,384770.763,22050,1,1,17.449921224489795,12.860403015157353,10.001067880874992,2.859335134282361,0,0
CH,2011,4,378771.076,20648,1,1,18.344201666020922,12.844687280462145,9.93537374139845,2.909313539063694,0,0
CH,2011,5,395347.898,22117,1,1,17.875294931500655,12.887521410677047,10.004101822568721,2.8834195881083255,0,0
CH,2011,6,402477.718,21862,1,1,18.409922148019394,12.905395015302178,9.992505248853782,2.9128897664483966,0,0
CH,2011,7,424613.82,22334,1,1,19.011991582340826,12.958935376002344,10.013865460005738,2.9450699159966063,0,0
CH,2011,8,415897.969,21487,1,1,19.355795085400473,12.93819524233365,9.975203380077728,2.962991862255922,0,0
CH,2011,9,406395.893,22185,1,1,18.318498670272707,12.915083069388258,10.00717166381301,2.907911405575249,0,0
CH,2011,10,412416.972,21585,1,1,19.106646838082003,12.929790184497335,9.979753907989577,2.950036276507757,0,0
CH,2011,11,362258.618,19208,1,1,18.859778113286133,12.800113650100085,9.86308213790109,2.9370315121989954,0,0
CH,2011,12,385994.647,19516,1,1,19.77836887681902,12.86357878047516,9.878989920935728,2.9845888595394325,0,0
CH,2012,1,390893.185,20830,1,1,18.76587542006721,12.876189617502694,9.944149534255018,2.9320400832476774,1,1
CH,2012,2,366388.275,20122,1,1,18.20834285856277,12.811448910724232,9.909569022851995,2.9018798878722363,1,1
CH,2012,3,400051.727,22506,1,1,17.775336665778017,12.899349135229333,10.021537219309943,2.8778119159193896,1,1
CH,2012,4,384454.824,20439,1,1,18.809864670482902,12.859581568177155,9.925200119441778,2.9343814487353783,1,1
CH,2012,5,397335.081,21953,1,1,18.09935229809138,12.892535236419581,9.996659083423923,2.895876152995659,1,1
CH,2012,6,406270.809,22142,1,1,18.348424216421282,12.91477523346812,10.005231536419412,2.9095436970487087,1,1
CH,2012,7,433472.629,22711,1,1,19.086461582493065,12.97958393364764,10.030604667595593,2.948979266052047,1,1
CH,2012,8,424270.432,21971,1,1,19.31047435255564,12.958126342219655,9.99747868095637,2.9606476612632853,1,1
CH,2012,9,403897.787,21963,1,1,18.389918818012113,12.908917122457515,9.997114498314753,2.9118026241427617,1,1
CH,2012,10,402946.267,21547,1,1,18.7008060054764,12.906558499533048,9.977991874704234,2.9285666248288145,1,1
CH,2012,11,354458.829,18776,1,1,18.878292980400513,12.778347479986905,9.84033473753086,2.938012742456045,1,1
CH,2012,12,375934.281,19139,1,1,19.642315742724282,12.83716962252096,9.859483417038073,2.9776862054828865,1,1
CH,2013,1,390148.346,20455,1,1,19.07349528232706,12.874282320140816,9.9259826303635,2.9482996897773175,1,1
CH,2013,2,348504.154,18947,1,1,18.393632448408717,12.761405428767345,9.849400886632361,2.912004542134982,1,1
CH,2013,3,394164.175,21463,1,1,18.364822019289008,12.88452278930707,9.974085801381666,2.9104369879254053,1,1
CH,2013,4,384801.581,20451,1,1,18.815783140188746,12.860483106393106,9.925787060030896,2.934696046362212,1,1
CH,2013,5,401209.03,21445,1,1,18.708744695733273,12.902237842294195,9.973246796950981,2.9289910453432144,1,1
CH,2013,6,406650.282,21672,1,1,18.763855758582505,12.915708837065726,9.983776383764932,2.931932453300794,1,1
CH,2013,7,436648.852,22476,1,1,19.4273381384588,12.986884608730442,10.02020335223209,2.9666812564983527,1,1
CH,2013,8,432465.821,21666,1,1,19.96057514077356,12.97725857564171,9.983499490505512,2.9937590851361975,1,1
CH,2013,9,406845.113,21441,1,1,18.975099715498345,12.916187834254702,9.973060255888088,2.943127578366613,1,1
CH,2013,10,406517.434,20962,1,1,19.393065260948383,12.915382095119217,9.950466553730122,2.9649155413890935,1,1
CH,2013,11,360410.766,18007,1,1,20.01503670794691,12.79499967663419,9.798515850169505,2.9964838264646843,1,1
CH,2013,12,376342.262,18479,1,1,20.365943070512472,12.838254279602973,9.824390231177425,3.0138640484255466,1,1
CH,2014,1,398167.886,20138,1,1,19.771967722713278,12.894629019444395,9.910363856475561,2.9842651629688346,1,1
CH,2014,2,357279.593,18641,1,1,19.166331902794916,12.786273927910774,9.833118734869245,2.9531551930415287,1,1
CH,2014,3,402870.149,21487,1,1,18.749483362032855,12.906369578089615,9.975203380077728,2.931166198011886,1,1
CH,2014,4,393969.891,19964,1,1,19.734015778401123,12.884029766578282,9.9016859305895,2.9823438359887815,1,1
CH,2014,5,408139.756,21461,1,1,19.01774176413028,12.919364933948822,9.973992613421482,2.9453723205273397,1,1
CH,2014,6,418749.642,21903,1,1,19.11836926448432,12.945028507195675,9.994378892724196,2.9506496144714793,1,1
CH,2014,7,446370.106,22498,1,1,19.840434971997514,13.008903720960982,10.021181695352771,2.9877220256082095,1,1
CH,2014,8,447250.571,22159,1,1,20.18369831671104,13.01087427806104,10.005999013489205,3.0048752645718344,1,1
CH,2014,9,421936.822,22331,1,1,18.894667592136493,12.95261087090988,10.013731126634887,2.9388797442749923,1,1
CH,2014,10,426382.196,21792,1,1,19.565996512481643,12.963091396740651,9.989298208949238,2.9737931877914128,1,1
CH,2014,11,374006.426,18228,1,1,20.518237107746323,12.832028258067245,9.810714152383774,3.021314105683472,1,1
CH,2014,12,392134.776,19088,1,1,20.543523470243084,12.87936087600784,9.856815144337697,3.0225457316701436,1,1
CH,2015,1,402015.817,20105,1,1,19.995812832628697,12.904246712598278,9.908723819331374,2.9955228932669034,1,1
CH,2015,2,358922.475,18506,1,1,19.39492461904247,12.79086169707528,9.825850282808975,2.9650114142663044,1,1
CH,2015,3,407628.664,21232,1,1,19.198787867370008,12.918111901705009,9.96326475657199,2.954847145133021,1,1
CH,2015,4,405895.272,20371,1,1,19.925152029846352,12.913850454569939,9.921867599817558,2.991982854752382,1,1
CH,2015,5,426916.663,21538,1,1,19.82155552976135,12.96434410454462,9.977574095888826,2.986770008655795,1,1
CH,2015,6,424983.386,22119,1,1,19.213499073194992,12.959805355377744,10.00419224665776,2.955613108719985,1,1
CH,2015,7,462471.506,22824,1,1,20.2625090255871,13.044340225388078,10.035567892893337,3.0087723324947415,1,1
CH,2015,8,462998.464,22599,1,1,20.487564228505686,13.045479015568267,10.025660936493804,3.0198180790744633,1,1
CH,2015,9,432899.393,22334,1,1,19.382976314139874,12.978260631257687,10.013865460005738,2.964395171251949,1,1
CH,2015,10,430364.37,21708,1,1,19.825150635710337,12.972387500945723,9.985436135183296,2.986951365762428,1,1
CH,2015,11,375482.22,18376,1,1,20.43329451458424,12.835966398865537,9.818800744368934,3.0171656544966026,1,1
CH,2015,12,401581.486,19207,1,1,20.908079658457854,12.903165745699381,9.863030074904852,3.04013567079453,1,1
CH,2016,1,419729.945,20052,1,1,20.93207385796928,12.947366795358814,9.906084178383393,3.04128261697542,1,1
CH,2016,2,388293.696,19694,1,1,19.716344876612165,12.869517280718027,9.888069299807748,2.9814479809102785,1,1
CH,2016,3,428361.673,21440,1,1,19.979555643656717,12.96772314810061,9.973013615184739,2.994709532915872,1,1
CH,2016,4,423851.717,20525,1,1,20.650509963459196,12.95713894898977,9.929398934320629,3.0277400146691424,1,1
CH,2016,5,450278.581,21911,1,1,20.550343708639495,13.017621739091295,9.99474407280768,3.0228776662836148,1,1
CH,2016,6,455865.015,22086,1,1,20.640451643575116,13.02995202493719,10.002699202607076,3.027252822330114,1,1
CH,2016,7,502740.853,23226,1,1,21.645606346336002,13.127830113536021,10.053027619805704,3.074802493730317,1,1
CH,2016,8,494830.555,22636,1,1,21.86033552747835,13.111970669817,10.027296838262414,3.0846738315545856,1,1
CH,2016,9,473688.664,22407,1,1,21.14020904181729,13.068305557867633,10.017128689025176,3.051176868842458,1,1
CH,2016,10,457526.717,21529,1,1,21.251647405824702,13.033590559806834,9.977156142461329,3.056434417345506,1,1
CH,2016,11,397509.957,18460,1,1,21.533583802816903,12.892975261819405,9.823361508056843,3.069613753762562,1,1
CH,2016,12,429097.074,19890,1,1,21.573507993966818,12.969438452033039,9.897972371848018,3.0714660801850213,1,1
CH,2017,1,438089.828,20471,1,1,21.40050940354648,12.99017925508916,9.926764529440621,3.0634147256485385,1,1
CH,2017,2,395794.082,19305,1,1,20.50215394975395,12.888649360042862,9.868119408698337,3.020529951344526,1,1
CH,2017,3,448099.915,21953,1,1,20.411784949665194,13.012771511084415,9.996659083423923,3.016112427660492,1,1
CH,2017,4,450531.95,20914,1,1,21.54212250167352,13.01818427471441,9.948174070158535,3.0700102045558744,1,1
CH,2017,5,458108.567,22166,1,1,20.667173463863573,13.034861480856922,10.006314862335598,3.0285466185213235,1,1
CH,2017,6,467670.712,22079,1,1,21.181698084152362,13.055519720414715,10.002382209510342,3.053137510904372,1,1
CH,2017,7,501878.341,22865,1,1,21.94963223267002,13.12611302069712,10.037362636092155,3.0887503846049644,1,1
CH,2017,8,496847.937,22349,1,1,22.23132744194371,13.11603929649229,10.014536856311423,3.1015024401808673,1,1
CH,2017,9,479041.826,22479,1,1,21.310637750789628,13.079543191996382,10.020336819032421,3.0592063729639625,1,1
CH,2017,10,477351.607,21868,1,1,21.828772955917323,13.076008619923078,9.99277966001489,3.083228959908189,1,1
CH,2017,11,419159.99,18498,1,1,22.659746459076658,12.94600796373164,9.825417897114205,3.120590066617434,1,1
CH,2017,12,446661.141,19169,1,1,23.30122285982576,13.009555512286942,9.86104966983816,3.1485058424487815,1,1
CH,2018,1,455931.769,20340,1,1,22.41552453294002,13.030098447914964,9.920344669602551,3.109753778312414,1,1
CH,2018,2,412620.009,19259,1,1,21.424788877927202,12.930282373353773,9.865733762924211,3.064548610429561,1,1
CH,2018,3,466533.175,21421,1,1,21.779243499369777,13.053084411424821,9.972127028252816,3.080957383172006,1,1
CH,2018,4,470289.482,21332,1,1,22.046197356084758,13.061103703234826,9.967963571720492,3.093140131514334,1,1
CH,2018,5,473108.646,22013,1,1,21.492238495434517,13.067080336658337,9.99938846691333,3.067691869745006,1,1
CH,2018,6,487119.096,22579,1,1,21.573988927764738,13.096263922475183,10.024775549743328,3.071488372731855,1,1
CH,2018,7,523718.356,23184,1,1,22.589646135265703,13.16870933025481,10.051217664560463,3.117491665694347,1,1
CH,2018,8,523083.456,22567,1,1,23.179131297912882,13.167496302018572,10.02424394117191,3.143252360846661,1,1
CH,2018,9,496593.991,22251,1,1,22.31782800772999,13.115528051701077,10.010142230404668,3.1053858212964096,1,1
CH,2018,10,507498.575,22131,1,1,22.931569969725725,13.137249182012363,10.004734619552412,3.132514562459952,1,1
CH,2018,11,436715.583,18630,1,1,23.441523510466986,12.987037422372618,9.832528463595635,3.154508958776984,1,1
CH,2018,12,469141.924,19909,1,1,23.564313827917022,13.058660611459405,9.898927169779796,3.159733441679609,1,1
CH,2019,1,472737.081,20612,1,1,22.93504177178343,13.066294658807273,9.933628709448115,3.1326659493591587,1,1
CH,2019,2,426740.053,19546,1,1,21.83260273201678,12.96393033165627,9.880525940898782,3.0834043907574893,1,1
CH,2019,3,484734.866,21679,1,1,22.35965062964159,13.09135735240093,9.984099329028517,3.1072580233724145,1,1
CH,2019,4,478092.438,20895,1,1,22.880710122038767,13.077559377714374,9.947265174882016,3.130294202832359,1,1
CH,2019,5,489782.907,21696,1,1,22.57480212942478,13.10171752497374,9.984883190740122,3.1168343342336184,1,1
CH,2019,6,505408.12,22061,1,1,22.90957436199628,13.13312154028916,10.001566622695764,3.1315549175933977,1,1
CH,2019,7,538260.675,22945,1,1,23.458735018522557,13.196098247821396,10.040855326828934,3.155242920992462,1,1
CH,2019,8,530219.846,22117,1,1,23.973407152868834,13.181047003294587,10.004101822568721,3.176945180725866,1,1
CH,2019,9,498352.297,21901,1,1,22.754773617643032,13.119062529595375,9.994287576862567,3.1247749527328073,1,1
CH,2019,10,501234.093,21200,1,1,23.64311759433962,13.124828522436019,9.961756460660103,3.1630720617759156,1,1
CH,2019,11,432853.808,17457,1,1,24.795429226098413,12.978155324110132,9.76749599332478,3.2106593307853517,1,1
CH,2019,12,464945.894,19110,1,1,24.329978754578754,13.049676320810246,9.857967037234319,3.1917092835759275,1,1
CH,2020,1,469900.451,20226,1,1,23.232495352516562,13.060276144869123,9.914724184462116,3.145551960407007,1,1
CH,2020,2,429986.965,19244,1,1,22.343949542714615,12.97151017325678,9.864954602819344,3.1065555704374352,1,1
CH,2020,3,276729.776,11930,1,1,23.19612539815591,12.530796771116544,9.386811515091962,3.1439852560245822,1,1
CH,2020,4,46882.671,1859,1,1,25.21929585798817,10.755403397883839,7.527793987721444,3.227609410162395,1,1
CH,2020,5,72826.772,3131,1,1,23.25990801660811,11.195838913835077,8.049107721326406,3.146731192508671,1,1
CH,2020,6,84598.336,5525,1,1,15.311916018099547,11.345669876370144,8.617038526385954,2.72863134998419,1,1
CH,2020,7,151964.744,10265,1,1,14.804164052605943,11.93140382555604,9.236495329453033,2.6949084961030074,1,1
CH,2020,8,170027.833,11445,1,1,14.856079772826563,12.043717426160576,9.345308232386667,2.698409193773909,1,1
CH,2020,9,152346.331,9811,1,1,15.528114463357456,11.933911701419563,9.19125948416339,2.742652217256172,1,1
CH,2020,10,151512.645,8464,1,1,17.900832348771264,11.928424365795058,9.043577154098081,2.8848472116969766,1,1
CH,2020,11,120885.5,6039,1,1,20.017469779764863,11.702599095580636,8.705993714307901,2.996605381272735,1,1
CH,2020,12,139410.892,7158,1,1,19.476235261246156,11.845180909119893,8.875985891325971,2.9691950177939215,1,1
CH,2021,1,129998.99175,6430,1,1,20.217572589424574,11.775281973638412,8.768729817231666,3.0065521564067477,1,1
CH,2021,2,117622.45975,5850,1,1,20.106403376068375,11.675235280480198,8.674196940225903,3.0010383402542953,1,1
CH,2021,3,131296.52775,6613,1,1,19.854306328443975,11.785213614777462,8.796792687674662,2.9884209271027986,1,1
CH,2021,4,147338.80375,7291,1,1,20.20831213139487,11.900490001227329,8.89439598980643,3.006094011420898,1,1
CH,2021,5,158794.69455,8259,1,1,19.22686699963676,11.975367417602298,9.019058793810718,2.9563086237915805,1,1
CH,2021,6,171800.32325,10478,1,1,16.396289678373734,12.054088170078835,9.257033099968165,2.7970550701106687,1,1
CH,2021,7,263080.45335,15237,1,1,17.265895737349872,12.480215170653882,9.631481959469355,2.848733211184527,1,1
CH,2021,8,280959.5796,16139,1,1,17.408735336761882,12.545966093129364,9.688993982035823,2.8569721110935418,1,1
CH,2021,9,262637.07645,15771,1,1,16.653165712383487,12.47852842071693,9.665928089487558,2.8126003312293735,1,1
CH,2021,10,293218.15155,16159,1,1,18.145810480227738,12.58867215550267,9.690232448972248,2.898439706530422,1,1
CH,2021,11,258231.3918,13024,1,1,19.82734887899263,12.46161132940032,9.474549088242322,2.9870622411579992,1,1
CH,2021,12,291367.4774,14426,1,1,20.197385096353806,12.58234055841576,9.576787413063618,3.005553145352143,1,1
CH,2022,1,286948.28855,14234,1,1,20.15935707109737,12.56705729923923,9.563388747859216,3.0036685513800148,1,1
CH,2022,2,262448.9837,14218,1,1,18.458924159516105,12.477811994316308,9.562264046489428,2.91554794782688,1,1
CH,2022,3,316122.2769,16912,1,1,18.692187612346263,12.663884369937538,9.735778708110018,2.9281056618275194,1,1
CH,2022,4,340661.546,17499,1,1,19.467486484941997,12.73864472965355,9.769899015421748,2.968745714231804,1,1
CH,2022,5,354063.69735,19250,1,1,18.39291934285714,12.777232111946317,9.86526633971593,2.9119657722303867,1,1
CH,2022,6,369678.51165,19171,1,1,19.283214837514997,12.820389019486488,9.861153999520049,2.9592350199664375,1,1
CH,2022,7,431166.30455,20625,1,1,20.905032947878787,12.974249152086648,9.934259211202882,3.039989940883765,1,1
CH,2022,8,422649.0894,20178,1,1,20.94603476063039,12.954297537853392,9.912348180968324,3.0419493568850675,1,1
CH,2022,9,396244.9062,19600,1,1,20.21657684693878,12.889787749075229,9.883284845218608,3.0065029038566196,1,1
CH,2022,10,410705.75215,19257,1,1,21.327608254141353,12.92563230556851,9.865629909979887,3.0600023955886213,1,1
CH,2022,11,356460.5917,15766,1,1,22.609450190282885,12.783978970510258,9.665611001619853,3.118367968890404,1,1
CH,2022,12,389283.5623,17730,1,1,21.95620768753525,12.87206330897219,9.783013399068254,3.0890499099039377,1,1
CH,2023,1,383834.40265,17594,1,1,21.816210222234854,12.857966495458859,9.77531321381262,3.0826532816462393,1,1
CH,2023,2,354361.9586,17298,1,1,20.48571849924847,12.778074151658227,9.758346166866458,3.0197279847917704,1,1
CH,2023,3,404369.5072,19110,1,1,21.16009980115123,12.910084360713826,9.857967037234319,3.0521173234795067,1,1
CH,2023,4,424398.8008,18931,1,1,22.418192425122815,12.958428860081781,9.84855606900991,3.109872791071871,1,1
CH,2023,5,438068.11665,20116,1,1,21.77709866027043,12.99012969473275,9.909270797291855,3.0808588974408937,1,1
CH,2023,6,438935.04905,20489,1,1,21.42296105471228,12.99210672906121,9.9276434357472,3.064463293314011,1,1
CH,2023,7,490834.04545,21729,1,1,22.588892514611807,13.103861356670635,9.986403052863436,3.1174583038071995,1,1
CH,2023,8,482763.61775,21112,1,1,22.86678750236832,13.087282408593058,9.95759687818316,3.1296855304098985,1,1
CH,2023,9,465660.46675,21047,1,1,22.124790552097686,13.051212035416501,9.954513311139172,3.0966987242773287,1,1
CH,2023,10,471511.2674,20796,1,1,22.673171157914986,13.063698277694831,9.942515939503606,3.1211823381912245,1,1
CH,2023,11,396065.2113,16389,1,1,24.16652701812191,12.889334151679178,9.704365657063827,3.184968494615351,1,1
CH,2023,12,437781.91105,18610,1,1,23.524014564750136,12.989476145378099,9.831454349636296,3.158021795741802,1,1
CH,2024,1,423966.86496,18717,1,1,22.651432652668696,12.957410582481081,9.837187480778896,3.1202231017021864,1,1
CH,2024,2,411937.01634,18911,1,1,21.782931433557188,12.928625743684236,9.847499042327273,3.0811267013569634,1,1
CH,2024,3,452608.98032,20267,1,1,22.332312642226277,13.02278385361089,9.916749226519313,3.1060346270915784,1,1
CH,2024,4,463150.16142,19950,1,1,23.215546938345867,13.045806603208508,9.90098442231801,3.1448221808904986,1,1
CH,2024,5,492049.19286,21518,1,1,22.866864618458965,13.106333975964034,9.976645073153854,3.1296889028101798,1,1
CH,2024,6,495778.50116,21552,1,1,23.003828004825536,13.113884535722942,9.978223898650144,3.1356606370727977,1,1
CH,2024,7,525804.7734,22684,1,1,23.179543881149705,13.172685269593499,10.029415109133918,3.1432701604595805,1,1
CH,2024,8,520741.21006,21987,1,1,23.68405012325465,13.163008479595259,9.99820664859396,3.1648018310012986,1,1
CH,2024,9,491510.9531,21815,1,1,22.53087110245244,13.105239503366828,9.99035308555771,3.1148864178091187,1,1
CH,2024,10,501009.39792,21358,1,1,23.4576925704654,13.12438013821442,9.969181655731491,3.1551984824829296,1,1
CH,2024,11,417476.75,17200,1,1,24.27190406976744,12.941984133099623,9.752664662801545,3.1893194702980794,1,1
CH,2024,12,457555.7392,19192,1,1,23.840961817423928,13.033653990593455,9.862248804519531,3.1714051860739247,1,1
CH,2025,1,448669.18478,19426,1,1,23.096323730052507,13.0140411129398,9.874367653962276,3.139673458977525,1,1
CH,2025,2,420768.59676,19297,1,1,21.804871055604497,12.949838310149387,9.867704922396356,3.08213338775303,1,1
CH,2025,3,473597.37694,20979,1,1,22.57483087563754,13.068112823980853,9.951277216371977,3.1168356076088752,1,1
CH,2025,4,479769.65636,20392,1,1,23.527346820321696,13.081061385120243,9.92289794605595,3.158163439064292,1,1
CH,2025,5,498426.2201,21462,1,1,23.223661359612336,13.11921085361895,9.974039208487072,3.145171645131878,1,1
CH,2025,6,499809.80444,21947,1,1,22.773490884403333,13.121982913917273,9.996385734902859,3.1255971790144157,1,1
CH,2025,7,543219.21796,22973,1,1,23.64598519827624,13.205268233761325,10.04207489229217,3.163193341469155,1,1
CH,2025,8,542964.72782,22738,1,1,23.879177052511217,13.204799638831995,10.031792812689051,3.173006826142943,1,1
CH,2025,9,506247.1011,22044,1,1,22.965301265650517,13.13478017116427,10.000795735003125,3.133984436161143,1,1
CH,2025,10,521604.82798,21816,1,1,23.90927887697103,13.164665545648369,9.990398924525424,3.174266621122944,1,1
CH,2025,11,433987.57358,17510,1,1,24.78512698914906,12.980771180368482,9.770527425279898,3.2102437550885847,1,1
CH,2025,12,478886.01272,20191,1,1,23.717795687187362,13.079217878804561,9.912992239550373,3.1662256392541877,1,1
CH,2026,1,469828.66934,19753,1,1,23.78518044550195,13.06012337390867,9.891060657528001,3.16906271638067,1,1
CH,2026,2,428026.44706,19307,1,1,22.169495367483297,12.966940264851136,9.868223003435817,3.09871726141532,1,1
CH,2026,3,452600.2882,21211,1,1,21.337998595068598,13.022764648946728,9.962275194019217,3.060489454927511,1,1
CH,2026,4,463940.72282,20688,1,1,22.425595650618718,13.047512070504238,9.937309101011639,3.1102029694925992,1,1
CH,2026,5,491696.60038,21845,1,1,22.508427575188833,13.10561713936352,9.991727341385536,3.1138897979779836,1,1
CH,2026,6,492614.44668,21916,1,1,22.477388514327433,13.107482091644137,9.994972242658307,3.112509848985831,1,1
CH,2026,7,546998.06108,23754,1,1,23.027618972804582,13.212200536754326,10.075506216334185,3.1366943204201405,1,1
CY,2010,1,47704.344,1789,1,1,26.665368362213524,10.772777741912277,7.489412083508719,3.283365658403557,0,0
CY,2010,2,43851.886,1620,1,1,27.069065432098764,10.688573007137672,7.3901814282264295,3.298391578911242,0,0
CY,2010,3,58812.401,2134,1,1,27.559700562324274,10.982108013010697,7.665753431861699,3.3163545811489983,0,0
CY,2010,4,67261.344,2340,1,1,28.744164102564103,11.116340967253407,7.757906208351747,3.3584347589016597,0,0
CY,2010,5,98539.359,3149,1,1,31.29227024452207,11.498211331104196,8.054840221101024,3.443371110003172,0,0
CY,2010,6,99553.16,3185,1,1,31.256879120879123,11.508447051831341,8.066207568006265,3.442239483825078,0,0
CY,2010,7,104990.417,3386,1,1,31.007211163614887,11.561624358307938,8.12740456269308,3.4342197956148577,0,0
CY,2010,8,106437.112,3506,1,1,30.35856018254421,11.575309592066633,8.16223106548118,3.4130785265854526,0,0
CY,2010,9,99273.254,3151,1,1,31.505317042208823,11.505631468335347,8.055475141757274,3.450156326578072,0,0
CY,2010,10,101206.005,3232,1,1,31.31373917079208,11.524913372019741,8.080856419640986,3.444056952378754,0,0
CY,2010,11,59631.805,2083,1,1,28.62784685549688,10.995944351657348,7.641564441260972,3.3543799103963754,0,0
CY,2010,12,50615.859,1901,1,1,26.62591215149921,10.832020225142422,7.550135342488429,3.2818848826539937,0,0
CY,2011,1,46959.847,1795,1,1,26.161474651810586,10.757048196404677,7.492760300922379,3.264287895482298,0,0
CY,2011,2,42697.387,1693,1,1,25.21995688127584,10.661893002964872,7.4342573821331355,3.227635620831737,0,0
CY,2011,3,52980.742,2054,1,1,25.79393476144109,10.877683768013,7.627544390488503,3.2501393775244973,0,0
CY,2011,4,78547.992,2709,1,1,28.99519822812846,11.271465080021564,7.904334842085095,3.367130237936469,0,0
CY,2011,5,106827.546,3278,1,1,32.58924527150702,11.578971093600554,8.094988759303774,3.4839823342967784,0,0
CY,2011,6,103440.333,3276,1,1,31.57519322344322,11.546750232698098,8.09437844497296,3.452371787725138,0,0
CY,2011,7,120570.238,3759,1,1,32.07508326682628,11.699987750066446,8.231908243564177,3.4680795065022676,0,0
CY,2011,8,119355.171,3735,1,1,31.95586907630522,11.689858957179485,8.225503097566918,3.4643558596125676,0,0
CY,2011,9,108652.595,3352,1,1,32.414258651551314,11.59591086943065,8.117312461601975,3.4785984078286765,0,0
CY,2011,10,98849.293,3149,1,1,31.39069323594792,11.501351676322301,8.054840221101024,3.446511455221276,0,0
CY,2011,11,52975.621,1983,1,1,26.71488703983863,10.87758710557841,7.592366128519796,3.285220977058614,0,0
CY,2011,12,44004.04,1690,1,1,26.03789349112426,10.692036726867185,7.432483807917119,3.259552918950066,0,0
CY,2012,1,40847.361,1623,1,1,25.167813308687613,10.617597495998154,7.392031567514591,3.225565928483563,1,1
CY,2012,2,40651.906,1562,1,1,26.02554801536492,10.612801001945627,7.3537223303996315,3.259078671545995,1,1
CY,2012,3,49925.373,1912,1,1,26.111596757322175,10.818284629462918,7.555905093611346,3.2623795358515704,1,1
CY,2012,4,74953.887,2625,1,1,28.553861714285716,11.224628363426824,7.872836175025724,3.3517921884010993,1,1
CY,2012,5,93151.554,3112,1,1,29.933018637532136,11.441983058660306,8.043020885298283,3.3989621733620226,1,1
CY,2012,6,102470.847,3336,1,1,30.716680755395682,11.537333617593504,8.112527763478637,3.424805854114867,1,1
CY,2012,7,109259.926,3666,1,1,29.803580469176215,11.601484964665936,8.20685642839965,3.394628536266285,1,1
CY,2012,8,109227.349,3651,1,1,29.917104628868803,11.601186759653846,8.202756381655638,3.398430377998209,1,1
CY,2012,9,103155.976,3337,1,1,30.912788732394365,11.543997451867277,8.112827478751374,3.431169973115903,1,1
CY,2012,10,97169.001,3131,1,1,31.03449409134462,11.484207019829725,8.049107721326406,3.435099298503319,1,1
CY,2012,11,51323.71,1870,1,1,27.44583422459893,10.845908107620955,7.533693709848633,3.312214397772322,1,1
CY,2012,12,39120.193,1574,1,1,24.853998094027954,10.574394057674416,7.3613754289773485,3.2130186286970677,1,1
CY,2013,1,34762.39,1372,1,1,25.33701895043732,10.456291334207835,7.22402480828583,3.2322665259220056,1,1
CY,2013,2,30282.254,1206,1,1,25.10966334991708,10.318317143354287,7.095064377287131,3.223252766067157,1,1
CY,2013,3,47105.008,1737,1,1,27.118599884858952,10.760134601316105,7.459914766241105,3.3002198350749996,1,1
CY,2013,4,64543.552,2227,1,1,28.982286484059273,11.075095499728363,7.708410667257367,3.3666848324709946,1,1
CY,2013,5,93233.105,2920,1,1,31.929145547945204,11.442858141466386,7.979338895262328,3.4635192462040587,1,1
CY,2013,6,98224.09,3077,1,1,31.92203119922002,11.495006779939866,8.031710375322042,3.4632964046178247,1,1
CY,2013,7,102482.334,3240,1,1,31.63035,11.53744571148691,8.083328608786376,3.4541171027005344,1,1
CY,2013,8,100965.347,3241,1,1,31.152529157667384,11.522532637941564,8.083637203141548,3.4388954348000165,1,1
CY,2013,9,99270.261,3085,1,1,32.17836661264182,11.50560131877342,8.034306936339489,3.471294382433933,1,1
CY,2013,10,93489.074,2890,1,1,32.34916055363322,11.445599852833656,7.969011781106478,3.476588071727178,1,1
CY,2013,11,48838.75,1780,1,1,27.4375,10.796279334121522,7.484368643286131,3.31191069083539,1,1
CY,2013,12,37814.957,1473,1,1,25.67206856754922,10.540459991174583,7.29505641646263,3.245403574711952,1,1
CY,2014,1,36304.438,1409,1,1,25.766102200141948,10.499695271733094,7.25063551189868,3.2490597598344135,1,1
CY,2014,2,30831.402,1270,1,1,24.276694488188976,10.336288995032739,7.146772179452637,3.1895168155801006,1,1
CY,2014,3,41432.002,1648,1,1,25.14077791262136,10.631808856375594,7.4073177104694174,3.2244911459061765,1,1
CY,2014,4,61818.516,2260,1,1,27.353325663716817,11.03195821022166,7.723120092266331,3.308838117955329,1,1
CY,2014,5,89032.285,2946,1,1,30.221413781398507,11.396754335744372,7.988203597022576,3.408550738721797,1,1
CY,2014,6,98208.344,3185,1,1,30.834644897959183,11.49484646018296,8.066207568006265,3.428638892176696,1,1
CY,2014,7,106207.828,3529,1,1,30.095729101728534,11.573153095054696,8.16876982367527,3.4043832713794258,1,1
CY,2014,8,110429.88,3605,1,1,30.632421636615813,11.612136028379354,8.190077049719049,3.4220589786603033,1,1
CY,2014,9,99855.365,3247,1,1,30.753115183246074,11.511478067996418,8.085486772102845,3.4259912958935725,1,1
CY,2014,10,86803.592,2967,1,1,29.256350522413214,11.371403282280689,7.995306620290822,3.3760966619898674,1,1
CY,2014,11,48745.037,1894,1,1,25.736555966209078,10.794358666115293,7.546446273746024,3.2479123923692708,1,1
CY,2014,12,38540.329,1628,1,1,23.673420761670762,10.559460478517286,7.395107546562485,3.1643529319548014,1,1
CY,2015,1,32612.534,1421,1,1,22.950410978184376,10.392451971989477,7.259116128097101,3.133335843892376,1,1
CY,2015,2,30097.116,1303,1,1,23.098323867996932,10.312184632193029,7.172424577124845,3.1397600550681837,1,1
CY,2015,3,40530.127,1706,1,1,23.757401524032826,10.609800853098816,7.441906728051625,3.167894125047192,1,1
CY,2015,4,64544.975,2523,1,1,25.582629805786762,11.075117546614063,7.833203948641057,3.2419135979730056,1,1
CY,2015,5,86928.699,2981,1,1,29.16091881918819,11.372843509896468,8.000014093678072,3.372829416218396,1,1
CY,2015,6,90187.571,3076,1,1,29.319756501950582,11.409646902764704,8.031385330625534,3.3782615721391696,1,1
CY,2015,7,101321.496,3537,1,1,28.6461679389313,11.52605386910728,8.17103418920548,3.3550196799017993,1,1
CY,2015,8,103868.538,3674,1,1,28.271240609689713,11.550881320836384,8.20903626577507,3.3418450550613126,1,1
CY,2015,9,94674.767,3276,1,1,28.899501526251527,11.458202791716003,8.09437844497296,3.3638243467430433,1,1
CY,2015,10,81651.983,3004,1,1,27.181086218375498,11.310221384692797,8.007700012884026,3.302521371808771,1,1
CY,2015,11,49439.654,1967,1,1,25.13454702592781,10.808508093725207,7.584264818389059,3.2242432753361476,1,1
CY,2015,12,38495.048,1654,1,1,23.273910519951635,10.558284888626556,7.4109518755836366,3.14733301304292,1,1
CY,2016,1,36630.985,1587,1,1,23.08190611216131,10.508649745938207,7.369600720526409,3.1390490254117975,1,1
CY,2016,2,35803.492,1561,1,1,22.936253683536194,10.48580070953133,7.353081920515432,3.132718789015899,1,1
CY,2016,3,49827.171,2022,1,1,24.642517804154302,10.816315716635504,7.611842399580417,3.204473317055088,1,1
CY,2016,4,69876.555,2719,1,1,25.699358219933796,11.154485464234828,7.908019444632471,3.246466019602357,1,1
CY,2016,5,98625.164,3655,1,1,26.98362900136799,11.499081721011178,8.203851372183879,3.295230348827299,1,1
CY,2016,6,104355.287,3803,1,1,27.44025427294241,11.555556577249659,8.24354550792826,3.3120110693213984,1,1
CY,2016,7,116765.567,4469,1,1,26.12789594987693,11.667923502831101,8.404919948933452,3.2630035538976494,1,1
CY,2016,8,115756.446,4443,1,1,26.05366779203241,11.659243659382788,8.399085102935908,3.2601585564468794,1,1
CY,2016,9,106232.738,3990,1,1,26.624746365914785,11.5733876077053,8.29154650988391,3.28184109782139,1,1
CY,2016,10,101464.133,3891,1,1,26.076621177075303,11.527460645556152,8.266421472984554,3.261039172571598,1,1
CY,2016,11,53436.606,2322,1,1,23.013180878552973,10.88625129571461,7.7501841622578365,3.136067133456773,1,1
CY,2016,12,45218.279,2080,1,1,21.73955721153846,10.719256686726474,7.640123172695364,3.0791335140311116,1,1
CY,2017,1,42888.334,1918,1,1,22.36096663190824,10.66635513320322,7.559038255443384,3.107316877759837,1,1
CY,2017,2,42426.203,1851,1,1,22.92069313884387,10.655521445622622,7.523481312573497,3.1320401330491237,1,1
CY,2017,3,55508.951,2338,1,1,23.74206629597947,10.9242995660097,7.757051142032013,3.1672484239776866,1,1
CY,2017,4,80478.288,3246,1,1,24.793064695009242,11.2957427127415,8.085178748074537,3.2105639646669646,1,1
CY,2017,5,110704.148,3968,1,1,27.899230846774195,11.614616588636094,8.286017468404763,3.328599120231331,1,1
CY,2017,6,118216.224,4288,1,1,27.56908208955224,11.680270633418244,8.363575702750637,3.316694930667607,1,1
CY,2017,7,130961.42,4816,1,1,27.19298588039867,11.78265805499173,8.479698986988657,3.3029590680030725,1,1
CY,2017,8,127690.796,4830,1,1,26.43701780538302,11.757366964246897,8.482601746646619,3.2747652176002777,1,1
CY,2017,9,120650.42,4409,1,1,27.364577001587662,11.700652552190922,8.391403185357937,3.309249366832985,1,1
CY,2017,10,112095.398,4279,1,1,26.196634260341202,11.62710555558599,8.361474616416817,3.2656309391691734,1,1
CY,2017,11,60789.018,2577,1,1,23.589064027939465,11.015164426639599,7.854381210652365,3.1607832159872333,1,1
CY,2017,12,49449.017,2234,1,1,22.134743509400177,10.808697458187956,7.711548979629146,3.09714847855881,1,1
CY,2018,1,43775.981,1987,1,1,22.03119325616507,10.68684056695435,7.594381242551817,3.0924593244025336,1,1
CY,2018,2,43110.863,1939,1,1,22.233554925219185,10.67153028609799,7.569927655242652,3.1016026308553393,1,1
CY,2018,3,61116.601,2653,1,1,23.036788918205804,11.020538810383007,7.88344635413774,3.1370924562452682,1,1
CY,2018,4,84550.477,3473,1,1,24.345084077166714,11.345103995942983,8.152774052744075,3.1923299431989087,1,1
CY,2018,5,112792.267,4265,1,1,26.446018053927318,11.633303060731558,8.35819745992578,3.2751056008057784,1,1
CY,2018,6,122561.363,4603,1,1,26.626409515533346,11.716367105996131,8.434463543817241,3.281903562178889,1,1
CY,2018,7,129982.678,4926,1,1,26.387064149411287,11.775156474405815,8.502282578680484,3.2728738957253327,1,1
CY,2018,8,129677.644,4991,1,1,25.98229693448207,11.772806988446865,8.515391569469609,3.2574154189772564,1,1
CY,2018,9,122455.009,4626,1,1,26.471035235624733,11.715498968036112,8.439447842791385,3.2760511252447277,1,1
CY,2018,10,110918.442,4238,1,1,26.17235535630014,11.616550453471671,8.351846738828245,3.2647037146434275,1,1
CY,2018,11,62707.273,2552,1,1,24.571815438871475,11.04623271670411,7.844632644464681,3.201600072239429,1,1
CY,2018,12,49859.413,2154,1,1,23.147359795728878,10.816962584043948,7.675081857716334,3.141880726327613,1,1
CY,2019,1,46901.067,2039,1,1,23.00199460519863,10.75579570470863,7.620214770574455,3.1355809341341754,1,1
CY,2019,2,44807.413,1923,1,1,23.30078679147166,10.710128873464633,7.56164174558878,3.1484871278758533,1,1
CY,2019,3,58219.129,2430,1,1,23.95848930041152,10.97196925669303,7.795646536334594,3.1763227203584354,1,1
CY,2019,4,82772.984,3376,1,1,24.518063981042655,11.32385700693915,8.124446855715847,3.199410151223303,1,1
CY,2019,5,107420.038,4046,1,1,26.549688086999506,11.584502017211017,8.305484017727691,3.279017999483326,1,1
CY,2019,6,118347.357,4444,1,1,26.630818406840685,11.68137928262686,8.39931015075952,3.2820691318673387,1,1
CY,2019,7,124881.598,4669,1,1,26.74696894409938,11.735121351391875,8.448700194970938,3.286421156420938,1,1
CY,2019,8,124436.473,4740,1,1,26.25242046413502,11.731550607633368,8.463792414689122,3.2677581929442465,1,1
CY,2019,9,118117.024,4455,1,1,26.513361167227835,11.67943114082323,8.40178233990491,3.2776488009183202,1,1
CY,2019,10,108508.438,4211,1,1,25.767855141296604,11.594583218524008,8.345455428161928,3.2491277903620794,1,1
CY,2019,11,63409.408,2678,1,1,23.677896938013443,11.057367520583629,7.8928255262511176,3.1645419943325117,1,1
CY,2019,12,53675.24,2350,1,1,22.840527659574466,10.890707094092365,7.762170607138205,3.12853648695416,1,1
CY,2020,1,53602.196,2396,1,1,22.371534223706178,10.889345316368894,7.78155595923534,3.1077893571335533,1,1
CY,2020,2,48894.946,2238,1,1,21.847607685433424,10.797429316338363,7.71333788887187,3.0840914274664915,1,1
CY,2020,3,38310.187,1628,1,1,23.532055896805897,10.553471118914835,7.395107546562485,3.15836357235235,1,1
CY,2020,4,10533.37,314,1,1,33.545764331210194,9.262303591913494,5.749392985908253,3.51291060600524,1,1
CY,2020,5,12745.25,379,1,1,33.62862796833773,9.452913932153338,5.937536205082426,3.5153777270709115,1,1
CY,2020,6,16697.61,702,1,1,23.785769230769233,9.723020874390638,6.553933404025811,3.1690874703648273,1,1
CY,2020,7,36787.005,1692,1,1,21.741728723404254,10.512899936793708,7.433666540166168,3.079233396627539,1,1
CY,2020,8,47652.798,2108,1,1,22.605691650853892,10.771696627190515,7.653494909661253,3.1182017175292627,1,1
CY,2020,9,50121.309,1978,1,1,25.339387765419616,10.822201525987388,7.589841512182657,3.232360013804732,1,1
CY,2020,10,46176.037,1885,1,1,24.496571352785143,10.740216262855327,7.541683099882111,3.1985331629732165,1,1
CY,2020,11,22302.695,1000,1,1,22.302695,10.01246280216413,6.907755278982137,3.1047075231819936,1,1
CY,2020,12,20501.707,943,1,1,21.740940615058324,9.92826342995257,6.849066282633458,3.079197147319113,1,1
CY,2021,1,16613.39995,734,1,1,22.634059877384196,9.717964874616646,6.598509028614515,3.119455846002131,1,1
CY,2021,2,15307.43295,717,1,1,21.34927887029289,9.636093803136735,6.57507584059962,3.0610179625371146,1,1
CY,2021,3,17777.4004,915,1,1,19.428852896174863,9.785683289154438,6.818924065275521,2.966759223878917,1,1
CY,2021,4,23173.6228,1188,1,1,19.5064164983165,10.050769962562537,7.080026499922591,2.9707434626399474,1,1
CY,2021,5,39524.8693,1818,1,1,21.740852200220022,10.584685355304337,7.505492274737424,3.0791930805669128,1,1
CY,2021,6,54117.9915,2500,1,1,21.647196599999997,10.898921969622666,7.824046010856292,3.0748759587663734,1,1
CY,2021,7,78007.07675,3529,1,1,22.10458394729385,11.264554829120335,8.16876982367527,3.0957850054450646,1,1
CY,2021,8,91576.1996,3702,1,1,24.736952890329555,11.424926687206316,8.216628493133443,3.2082981940728725,1,1
CY,2021,9,88812.8329,3545,1,1,25.052985303244004,11.394286433178666,8.173293438966228,3.2209929942124385,1,1
CY,2021,10,98114.8676,3903,1,1,25.138321188829106,11.493894189625626,8.269500767180615,3.224393422445012,1,1
CY,2021,11,55861.99015,2511,1,1,22.24690965750697,10.930639466326035,7.828436359157585,3.102203107168451,1,1
CY,2021,12,44703.0108,2169,1,1,20.609963485477177,10.707796134038064,7.682021510826875,3.02577462321119,1,1
CY,2022,1,35841.9536,1745,1,1,20.539801489971346,10.486874374531881,7.4645098346365275,3.022364539895353,1,1
CY,2022,2,34838.73555,1732,1,1,20.114743389145495,10.45848513725387,7.4570320891223805,3.0014530481314887,1,1
CY,2022,3,46783.58545,2274,1,1,20.573256574318382,10.753287682134829,7.729295674310482,3.023992007824348,1,1
CY,2022,4,70666.72655,3175,1,1,22.25723670866142,11.16573011239134,8.063062911326792,3.1026672010645493,1,1
CY,2022,5,84176.63885,3653,1,1,23.043153257596497,11.340672713397215,8.203304026795282,3.137368686601933,1,1
CY,2022,6,87614.96575,3776,1,1,23.203115929555086,11.380707104227646,8.236420527265391,3.144286576962254,1,1
CY,2022,7,96166.998,4079,1,1,23.576121108114737,11.473841521663525,8.313607139317558,3.160234382345967,1,1
CY,2022,8,99351.40065,4209,1,1,23.604514290805415,11.506418346018481,8.344980368770571,3.161437977247911,1,1
CY,2022,9,91839.6905,3907,1,1,23.506447530074226,11.427799841556425,8.27052509505507,3.157274746501355,1,1
CY,2022,10,91345.23895,3966,1,1,23.03208243822491,11.422401441673976,8.285513309079741,3.1368881325942346,1,1
CY,2022,11,51936.81265,2529,1,1,20.536501640964808,10.85778311733454,7.835579246669965,3.0222038706645744,1,1
CY,2022,12,45543.65,2330,1,1,19.546630901287553,10.726426485725225,7.753623546559746,2.972802939165479,1,1
CY,2023,1,43107.7407,2153,1,1,20.02217403622852,10.67145785857383,7.674617497364363,2.9968403612094656,1,1
CY,2023,2,42524.4565,2121,1,1,20.049248703441773,10.657834636465163,7.659642954564682,2.998191681900481,1,1
CY,2023,3,55679.84595,2634,1,1,21.138893678815492,10.927373528301887,7.876258882303226,3.0511146459986613,1,1
CY,2023,4,87704.28625,3817,1,1,22.97728222425989,11.38172605116826,8.247220052745229,3.13450599842303,1,1
CY,2023,5,96404.055,4168,1,1,23.129571737044145,11.476303544029312,8.335191583433202,3.1411119605961084,1,1
CY,2023,6,101382.9052,4454,1,1,22.76221490794791,11.5266597681555,8.401557847817314,3.125101920338188,1,1
CY,2023,7,111521.9019,4955,1,1,22.50694286579213,11.621976280188957,8.508152446764088,3.1138238334248673,1,1
CY,2023,8,110720.7046,5029,1,1,22.016445535891826,11.614766134631825,8.522976436171964,3.091789698459861,1,1
CY,2023,9,105176.3333,4679,1,1,22.478378563795683,11.56339358534533,8.450839690866216,3.112553894479113,1,1
CY,2023,10,114063.03935,4768,1,1,23.92261731333893,11.644506551295713,8.469682208745185,3.1748243425505276,1,1
CY,2023,11,74097.2826,3118,1,1,23.764362604233487,11.213134138546964,8.044947049617722,3.1681870889292427,1,1
CY,2023,12,63446.76675,2952,1,1,21.492807164634147,11.05795651439735,7.990238185720363,3.067718328676987,1,1
CY,2024,1,54589.77204,2590,1,1,21.077132061776062,10.9076018189107,7.859413154693583,3.048188664217117,1,1
CY,2024,2,51495.09432,2433,1,1,21.165266880394572,10.849241826192364,7.796880342783522,3.0523614834088413,1,1
CY,2024,3,64066.91118,3034,1,1,21.116318780487806,11.067683303388202,8.017637159908478,3.050046143479724,1,1
CY,2024,4,90742.01176,4132,1,1,21.96079665053243,11.415775723569501,8.326516830239528,3.0892588933299727,1,1
CY,2024,5,102490.26128,4539,1,1,22.579920969376516,11.537523061144244,8.420462002456466,3.1170610586877787,1,1
CY,2024,6,109265.49348,4892,1,1,22.33554650040883,11.601535919653363,8.495356496807062,3.106179422846301,1,1
CY,2024,7,117203.23796,5308,1,1,22.08048944235117,11.671664783388463,8.576970395452099,3.094694387936366,1,1
CY,2024,8,125491.63918,5889,1,1,21.3094989268127,11.739994415255078,8.68084148294457,3.0591529323105076,1,1
CY,2024,9,118551.11332,5282,1,1,22.444360719424463,11.683099482592432,8.572060092857077,3.1110393897353554,1,1
CY,2024,10,122219.5533,5404,1,1,22.61649764988897,11.713574323557593,8.59489469908009,3.1186796244775037,1,1
CY,2024,11,69116.5061,3304,1,1,20.919039376513318,11.143548853878569,8.102889134640868,3.0406597192377,1,1
CY,2024,12,58569.38828,2901,1,1,20.189378931402963,10.977967454774548,7.972810784121404,3.0051566706531445,1,1
CY,2025,1,50713.26906,2671,1,1,18.98662263571696,10.833942872497076,7.890208213109961,2.943734659387115,1,1
CY,2025,2,47209.38274,2353,1,1,20.063486077348067,10.762347938682563,7.763446388727362,2.9989015499552005,1,1
CY,2025,3,61703.68274,2945,1,1,20.952014512733445,11.03009889595664,7.987864096085687,3.042234799870952,1,1
CY,2025,4,94740.52886,4368,1,1,21.689681515567766,11.458897158687199,8.38206051742474,3.0768366412624584,1,1
CY,2025,5,110736.59472,4765,1,1,23.239579164742917,11.614909639678407,8.469052816088302,3.145856823590104,1,1
CY,2025,6,123745.63404,5279,1,1,23.441112718317864,11.725983399323717,8.571491964823617,3.154491434500101,1,1
CY,2025,7,126968.26072,5733,1,1,22.146914481074482,11.751692418616072,8.653994232908383,3.097698185707689,1,1
CY,2025,8,130700.173,6051,1,1,21.59976417121137,11.780661223253365,8.707978826622321,3.072682396631044,1,1
CY,2025,9,119914.33892,5448,1,1,22.010708318649044,11.694532924524095,8.60300384782935,3.091529076694747,1,1
CY,2025,10,115235.68322,5291,1,1,21.77956590814591,11.654734729454859,8.57376254290413,3.0809721865507265,1,1
CY,2025,11,73312.09782,3555,1,1,20.622249738396622,11.202480919549583,8.176110342237342,3.0263705773122407,1,1
CY,2025,12,62866.74208,3231,1,1,19.45736368926029,11.048772560088487,8.080546965824498,2.9682255942639886,1,1
CY,2026,1,55421.08498,2851,1,1,19.439173967029113,10.922715395634212,7.955425088912672,2.96729030672154,1,1
CY,2026,2,54790.00194,2675,1,1,20.48224371588785,10.911263009940383,7.891704659330107,3.019558350610275,1,1
CY,2026,3,71947.40948,3027,1,1,23.7685528510076,11.183690707219805,8.01532730902172,3.1683633981980863,1,1
CY,2026,4,98965.0355,4037,1,1,24.514499752291304,11.502521889967447,8.30325712085294,3.1992647691145066,1,1
CY,2026,5,105770.50568,4730,1,1,22.36162910782241,11.569026985250446,8.46168048148598,3.1073465037644663,1,1
CY,2026,6,107867.91268,5058,1,1,21.3261986318703,11.588662726853155,8.52872642722991,3.0599362996232444,1,1
CY,2026,7,118758.88462,5627,1,1,21.10518653278834,11.684850536950803,8.635331719433278,3.0495188175175243,1,1
CZ,2010,1,68318.753,6256,1,1,10.920516783887468,11.131939575953956,8.741296282225147,2.3906432937288082,0,0
CZ,2010,2,61726.203,5815,1,1,10.614996216680998,11.03046380369539,8.668196064952765,2.3622677387426263,0,0
CZ,2010,3,73533.375,7070,1,1,10.400760254596888,11.205494663769715,8.863615758890619,2.3418789048790964,0,0
CZ,2010,4,71708.119,6424,1,1,11.162534090909093,11.180359255881356,8.767796255626598,2.4125630002547593,0,0
CZ,2010,5,87794.346,7942,1,1,11.05443792495593,11.38275238119432,8.979920411691197,2.402831969503124,0,0
CZ,2010,6,100199.143,8684,1,1,11.538362851220635,11.514914914702114,9.069237530998182,2.445677383703931,0,0
CZ,2010,7,110840.069,8768,1,1,12.64143122718978,11.615843621495667,9.078864009187797,2.5369796123078703,0,0
CZ,2010,8,110870.276,8796,1,1,12.60462437471578,11.616116112165301,9.082052351674651,2.5340637604906493,0,0
CZ,2010,9,106324.856,8672,1,1,12.260707564575645,11.574254365782803,9.067854723679428,2.5063996421033754,0,0
CZ,2010,10,96590.604,7995,1,1,12.081376360225141,11.478236748389115,8.986571625268054,2.4916651231210603,0,0
CZ,2010,11,74323.243,6499,1,1,11.436104477611941,11.216179008165422,8.77940359789435,2.4367754102710744,0,0
CZ,2010,12,71555.852,5973,1,1,11.979884815000837,11.178233570598833,8.695004592732307,2.4832289778665264,0,0
CZ,2011,1,74476.88,6129,1,1,12.151554902920543,11.218244020633133,8.720786883485731,2.4974571371474013,0,0
CZ,2011,2,67000.764,5763,1,1,11.626021863612701,11.112459301293164,8.659213451436667,2.453245849856498,0,0
CZ,2011,3,77969.78,6824,1,1,11.425817702227432,11.264076594701613,8.828201089171515,2.4358755055300993,0,0
CZ,2011,4,85192.631,7094,1,1,12.009110656893148,11.35267021846655,8.867004635333567,2.485665583132983,0,0
CZ,2011,5,94409.914,7722,1,1,12.226096089096089,11.455401367805694,8.951828676824181,2.503572690981512,0,0
CZ,2011,6,107787.128,8366,1,1,12.883950274922304,11.587913524019555,9.031931152002144,2.5559823720174117,0,0
CZ,2011,7,113928.69,8531,1,1,13.354670026960497,11.643328005337633,9.051461866908694,2.591866138428938,0,0
CZ,2011,8,115731.87,8449,1,1,13.697700319564445,11.65903132901107,9.041803370152845,2.617227958858225,0,0
CZ,2011,9,108304.493,8288,1,1,13.0676270511583,11.5927019187398,9.022563964499264,2.570137954240537,0,0
CZ,2011,10,95934.776,7443,1,1,12.88926185677818,11.47142382287521,8.915029272359911,2.556394550515298,0,0
CZ,2011,11,73941.67,6066,1,1,12.189526871084734,11.211031818116009,8.710454688248527,2.500577129867483,0,0
CZ,2011,12,74654.53,5938,1,1,12.572335803300774,11.220626484314398,8.689127655323706,2.5314988289906926,0,0
CZ,2012,1,72357.033,5780,1,1,12.518517820069203,11.189367935351823,8.662158961666423,2.5272089736853998,1,1
CZ,2012,2,61511.367,5190,1,1,11.851901156069363,11.026977265984078,8.554488976159934,2.4724882898241427,1,1
CZ,2012,3,73789.439,6205,1,1,11.891932151490733,11.208970897367326,8.733110697638708,2.475860199728618,1,1
CZ,2012,4,79812.324,6282,1,1,12.70492263610315,11.287433207604101,8.745443680098592,2.541989527505508,1,1
CZ,2012,5,85028.848,6776,1,1,12.548531286894923,11.350745866128587,8.821142236331891,2.5296036297966977,1,1
CZ,2012,6,100048.372,7458,1,1,13.414906409224994,11.513409068015424,8.917042560738766,2.5963665072766573,1,1
CZ,2012,7,104577.367,7288,1,1,14.349254527991219,11.557682430527109,8.893984438939794,2.6636979915873154,1,1
CZ,2012,8,104805.678,7307,1,1,14.343188449432052,11.559863228790741,8.896588071791218,2.663275156999524,1,1
CZ,2012,9,98343.632,7407,1,1,13.27712056163089,11.496223073373203,8.91018077801329,2.5860422953599134,1,1
CZ,2012,10,83602.583,6431,1,1,12.999935157829265,11.333829695724672,8.768885326134862,2.56494436958981,1,1
CZ,2012,11,66528.757,5596,1,1,11.888627055039313,11.105389569260632,8.629807335785372,2.4755822334752597,1,1
CZ,2012,12,64196.461,5080,1,1,12.637098622047244,11.069703363548044,8.533066540572527,2.536636822975516,1,1
CZ,2013,1,60705.68,4903,1,1,12.38133387721803,11.01379254762854,8.497602541651233,2.516190005977307,1,1
CZ,2013,2,52191.879,4574,1,1,11.41055509400962,10.862682187055086,8.428143374582726,2.434538812472359,1,1
CZ,2013,3,64678.635,5460,1,1,11.845903846153847,11.077186209572249,8.605204068738951,2.4719821408332985,1,1
CZ,2013,4,71240.692,6051,1,1,11.773374979342258,11.17381945100044,8.707978826622321,2.4658406243781195,1,1
CZ,2013,5,79850.887,6569,1,1,12.155714263967118,11.287916261909576,8.790116892892472,2.4977993690171036,1,1
CZ,2013,6,99297.993,7395,1,1,13.427720486815415,11.505880638348646,8.9085593751449,2.5973212632037463,1,1
CZ,2013,7,105069.621,7597,1,1,13.830409503751481,11.562378466557252,8.935508711503221,2.62686975505403,1,1
CZ,2013,8,105402.078,7505,1,1,14.044247568287807,11.565537630265073,8.923324744067562,2.6422128861975103,1,1
CZ,2013,9,99690.618,7385,1,1,13.499068111035884,11.50982684921511,8.90720619496548,2.602620654249629,1,1
CZ,2013,10,80908.822,6462,1,1,12.520709068399876,11.301078145308923,8.773694146384443,2.5273839989244795,1,1
CZ,2013,11,62071.422,5177,1,1,11.989843925053119,11.03604096876345,8.551981016901902,2.484059951861549,1,1
CZ,2013,12,61588.919,4990,1,1,12.34246873747495,11.028237246976483,8.515191188745565,2.513046058230918,1,1
CZ,2014,1,60171.985,4789,1,1,12.564624138651075,11.004962157532301,8.47407690034261,2.530885257189692,1,1
CZ,2014,2,52404.901,4401,1,1,11.907498523062939,10.866755396469777,8.38958706681109,2.4771683296586855,1,1
CZ,2014,3,66136.647,5532,1,1,11.955286876355748,11.099478289756318,8.61830469278465,2.481173596971669,1,1
CZ,2014,4,75912.356,5979,1,1,12.696497073089144,11.237334743283235,8.696008608880904,2.5413261344023304,1,1
CZ,2014,5,84345.393,6617,1,1,12.746772404412875,11.342675468818022,8.797397374012059,2.545278094805963,1,1
CZ,2014,6,100503.228,7336,1,1,13.700003816793894,11.517945125368435,8.9005490139363,2.617396111432135,1,1
CZ,2014,7,105663.298,7342,1,1,14.391623263415962,11.568012883556943,8.90136656405678,2.6666463195001633,1,1
CZ,2014,8,106185.171,7365,1,1,14.41753849287169,11.572939745272052,8.90449432889673,2.6684454163753206,1,1
CZ,2014,9,100623.231,7316,1,1,13.753858802624386,11.519138434442109,8.897819009510757,2.6213194249313525,1,1
CZ,2014,10,80528.058,6286,1,1,12.81069965001591,11.296360949262256,8.746080217357513,2.550280731904743,1,1
CZ,2014,11,61383.75,5151,1,1,11.916860803727431,11.024900421126674,8.546946149565585,2.4779542715610887,1,1
CZ,2014,12,60115.364,4836,1,1,12.430803143093465,11.00402072845181,8.483843211734683,2.520177516717127,1,1
CZ,2015,1,56564.278,4656,1,1,12.148685137457043,10.94313293420238,8.445911989411274,2.497220944791106,1,1
CZ,2015,2,50439.17,4329,1,1,11.65145992145992,10.828523334749176,8.37309184744198,2.4554314873071967,1,1
CZ,2015,3,62467.34,5300,1,1,11.786290566037735,11.042399139142432,8.575462099540212,2.466937039602219,1,1
CZ,2015,4,70572.209,5909,1,1,11.943172956507023,11.164391705758053,8.684231891345675,2.480159814412378,1,1
CZ,2015,5,82237.785,6751,1,1,12.181570878388387,11.317370146960524,8.81744592104187,2.499924225918653,1,1
CZ,2015,6,100369.737,7440,1,1,13.490556048387097,11.51661601649954,8.914626127827137,2.6019898886724033,1,1
CZ,2015,7,108683.796,7886,1,1,13.781866091808268,11.596197991159972,8.972844314437573,2.6233536767224,1,1
CZ,2015,8,109552.95,7650,1,1,14.320647058823528,11.604163273004273,8.942460926820582,2.661702346183692,1,1
CZ,2015,9,101965.26,7691,1,1,13.257737615394616,11.532387446017768,8.947806093057054,2.5845813529607145,1,1
CZ,2015,10,84868.176,6550,1,1,12.956973435114504,11.348854461039595,8.787220328629298,2.5616341324102976,1,1
CZ,2015,11,68796.842,5520,1,1,12.463196014492754,11.138913121705153,8.616133139271142,2.5227799824340127,1,1
CZ,2015,12,70598.871,5428,1,1,13.006424281503316,11.16476943185205,8.59932602095476,2.565443410897292,1,1
CZ,2016,1,61041.388,5030,1,1,12.1354648111332,11.019307404887225,8.523175263093785,2.4961321417934403,1,1
CZ,2016,2,58107.105,4914,1,1,11.824807692307694,10.97004322451992,8.499843553081124,2.4701996714387953,1,1
CZ,2016,3,71007.447,5761,1,1,12.32554191980559,11.170540037847106,8.658866349732383,2.511673688114722,1,1
CZ,2016,4,75359.236,6122,1,1,12.30957791571382,11.23002177119461,8.719644119505357,2.5103776516892506,1,1
CZ,2016,5,90528.801,6711,1,1,13.489614215467144,11.413423322153347,8.811503250158239,2.6019200719951088,1,1
CZ,2016,6,108551.163,7767,1,1,13.975944766319042,11.594976889205746,8.957639268419648,2.6373376207860986,1,1
CZ,2016,7,120176.86,8084,1,1,14.866014349332014,11.696719770071137,8.997642078523512,2.6990776915476253,1,1
CZ,2016,8,119923.57,8190,1,1,14.642682539682541,11.69460990217993,9.010669176847115,2.683940725332816,1,1
CZ,2016,9,116164.734,8139,1,1,14.272605234058238,11.662764583360428,9.004422601327041,2.658341982033386,1,1
CZ,2016,10,97283.458,6882,1,1,14.135928218541121,11.48538424344322,8.836664586357426,2.648719657085793,1,1
CZ,2016,11,78497.345,6091,1,1,12.887431456246922,11.270820081542483,8.714567550836485,2.5562525307059993,1,1
CZ,2016,12,81573.942,5805,1,1,14.052358656330748,11.309265151717593,8.666474894131992,2.6427902575856006,1,1
CZ,2017,1,76454.286,5580,1,1,13.701484946236558,11.244448272571884,8.626944055375356,2.6175042171965273,1,1
CZ,2017,2,68102.51,5169,1,1,13.175180886051459,11.12876934902079,8.550434525196039,2.578334823824749,1,1
CZ,2017,3,82313.185,6401,1,1,12.859425870957663,11.31828658039482,8.764209507142004,2.554077073252818,1,1
CZ,2017,4,92455.624,6789,1,1,13.618445131830903,11.434484067847665,8.823058934301647,2.6114251335460184,1,1
CZ,2017,5,101564.248,7646,1,1,13.28331781323568,11.528446862435008,8.941937914256359,2.58650894817865,1,1
CZ,2017,6,124388.878,8640,1,1,14.39686087962963,11.731168050145643,9.064157861798101,2.6670101883475423,1,1
CZ,2017,7,135799.86,8899,1,1,15.260125856837846,11.818937463178367,9.093694189856862,2.725243273321504,1,1
CZ,2017,8,136245.072,8824,1,1,15.440284678150498,11.822210543064044,9.085230560933338,2.7369799821307055,1,1
CZ,2017,9,131601.936,8691,1,1,15.142323783224024,11.787537009011345,9.07004328643746,2.717493722573885,1,1
CZ,2017,10,110163.162,7545,1,1,14.600816699801193,11.609717836694296,8.928640371201949,2.6810774654923475,1,1
CZ,2017,11,87329.055,6520,1,1,13.394026840490797,11.377438504325527,8.782629654920699,2.594808849404829,1,1
CZ,2017,12,90242.581,6127,1,1,14.728673249551168,11.410256667829962,8.720460512725655,2.6897961551043084,1,1
CZ,2018,1,82409.291,5834,1,1,14.125692663695578,11.31945346439558,8.671458150427666,2.6479953139679147,1,1
CZ,2018,2,75623.108,5623,1,1,13.448889916414723,11.233517176838365,8.634620608292202,2.5988965685461625,1,1
CZ,2018,3,92755.441,6718,1,1,13.807002232807385,11.437721641821847,8.812545770172237,2.625175871649609,1,1
CZ,2018,4,100312.796,7290,1,1,13.760328669410152,11.516048543080935,8.894258825002703,2.621789718078231,1,1
CZ,2018,5,115998.622,7702,1,1,15.060844196312646,11.661333590707597,8.949235314374855,2.712098276332743,1,1
CZ,2018,6,143742.371,9214,1,1,15.600430974603865,11.875777885946917,9.128479345495862,2.7472985404510553,1,1
CZ,2018,7,156769.586,9335,1,1,16.793742474558115,11.96253240124771,9.141526055975824,2.821006345271887,1,1
CZ,2018,8,157886.822,9377,1,1,16.837668977284846,11.969633738876194,9.146015161419625,2.823618577456568,1,1
CZ,2018,9,151067.607,9181,1,1,16.454373924409104,11.925482744073395,9.1248914101437,2.8005913339296953,1,1
CZ,2018,10,120060.22,7748,1,1,15.495640165203923,11.69574872922128,8.955190024526887,2.7405587046943936,1,1
CZ,2018,11,92550.496,6447,1,1,14.355591127656274,11.435509677252545,8.77137018531062,2.6641394919419246,1,1
CZ,2018,12,92495.282,6210,1,1,14.89457037037037,11.434912916794291,8.733916174927524,2.7009967418667666,1,1
CZ,2019,1,84870.843,5688,1,1,14.92103428270042,11.348885885752852,8.646113971483077,2.702771914269774,1,1
CZ,2019,2,77135.466,5409,1,1,14.260577925679423,11.253318453783855,8.595819511871428,2.657498941912428,1,1
CZ,2019,3,93554.445,6453,1,1,14.497821943282196,11.446298845271471,8.77230041793584,2.673998427335631,1,1
CZ,2019,4,102343.033,6833,1,1,14.97775984194351,11.536085518425695,8.829519094780778,2.706566423644917,1,1
CZ,2019,5,123164.554,7611,1,1,16.182440415188545,11.721276577645835,8.937349848267392,2.7839267293784427,1,1
CZ,2019,6,152952.679,8862,1,1,17.25938603024148,11.937883864953605,9.089527751759436,2.84835611319417,1,1
CZ,2019,7,163325.684,9128,1,1,17.892822524101668,12.003501547668955,9.119101891541911,2.884399656127044,1,1
CZ,2019,8,164450.231,9101,1,1,18.06946830018679,12.01036325629849,9.116139576577355,2.894223679721135,1,1
CZ,2019,9,155922.923,8977,1,1,17.36915706806283,11.95711708079895,9.10242102975669,2.8546960510422625,1,1
CZ,2019,10,129710.307,7889,1,1,16.441920015211053,11.773058835150206,8.97322466309509,2.799834172055115,1,1
CZ,2019,11,95386.68,6448,1,1,14.793219602977667,11.46569422504672,8.771525284186465,2.694168940860256,1,1
CZ,2019,12,96654.805,6502,1,1,14.865396031990155,11.478901198868888,8.779865100863852,2.6990360980050374,1,1
CZ,2020,1,87490.318,5926,1,1,14.763806614917314,11.379283414794813,8.68710472813351,2.692178686661303,1,1
CZ,2020,2,76450.346,5400,1,1,14.157471481481483,11.244396737180844,8.594154232552366,2.6502425046284794,1,1
CZ,2020,3,50430.226,3476,1,1,14.508120253164558,10.828345996520179,8.153637486385282,2.6747085101348955,1,1
CZ,2020,4,16169.572,1038,1,1,15.577622350674375,9.690886483451523,6.945051063725834,2.7458354197256885,1,1
CZ,2020,5,12039.268,1120,1,1,10.749346428571428,9.395928919672386,7.02108396428914,2.374844955383246,1,1
CZ,2020,6,10483.737,1750,1,1,5.990706857142857,9.257580478283545,7.4673710669175595,1.7902094113659848,1,1
CZ,2020,7,28189.762,3344,1,1,8.429952751196172,10.246714141362338,8.114922974204593,2.131791167157745,1,1
CZ,2020,8,36128.397,3560,1,1,10.148426123595504,10.494834455595834,8.177515823846075,2.317318631749757,1,1
CZ,2020,9,33912.546,3410,1,1,9.94502815249267,10.431540313398262,8.134467570277563,2.2970727431206988,1,1
CZ,2020,10,25083.705,2623,1,1,9.562983225314525,10.129973711108985,7.872073979866873,2.2578997312421114,1,1
CZ,2020,11,17836.032,1959,1,1,9.10466156202144,9.788975959870001,7.580189417944541,2.20878654192546,1,1
CZ,2020,12,20160.752,2044,1,1,9.863381604696674,9.91149302307692,7.622663951323595,2.2888290717533244,1,1
CZ,2021,1,17720.06955,1684,1,1,10.522606621140143,9.782453149094936,7.428927194802272,2.353525954292664,1,1
CZ,2021,2,17286.56815,1669,1,1,10.357440473337327,9.757685071411005,7.419979923661835,2.337705147749171,1,1
CZ,2021,3,21326.59235,2051,1,1,10.398143515358361,9.967710040146615,7.62608275807238,2.3416272820742337,1,1
CZ,2021,4,26194.21995,2168,1,1,12.08220477398524,10.17329405281523,7.681560362559537,2.491733690255693,1,1
CZ,2021,5,29799.6538,2694,1,1,11.061489903489235,10.302252054976348,7.898782356970309,2.403469698006039,1,1
CZ,2021,6,44306.635,3890,1,1,11.389880462724935,10.698889719084548,8.266164436612492,2.432725282472055,1,1
CZ,2021,7,59913.6313,4851,1,1,12.350779488765204,11.000659325826646,8.486940148245216,2.5137191775814305,1,1
CZ,2021,8,61805.6085,5043,1,1,12.255722486615111,11.031749391755215,8.525756422076725,2.505992969678489,1,1
CZ,2021,9,62242.8354,5232,1,1,11.89656639908257,11.03879871372723,8.562548893137034,2.476249820590196,1,1
CZ,2021,10,56090.41505,4730,1,1,11.858438699788584,10.93472022218975,8.46168048148598,2.4730397407037703,1,1
CZ,2021,11,52780.2066,4211,1,1,12.53388900498694,10.873891524411155,8.345455428161928,2.528436096249227,1,1
CZ,2021,12,54394.5439,3992,1,1,13.625887750501,10.904019131858176,8.292047637431354,2.6119714944268213,1,1
CZ,2022,1,44020.73975,3254,1,1,13.528192916410571,10.692416159800679,8.087640287778983,2.6047758720216962,1,1
CZ,2022,2,41196.86055,3376,1,1,12.202861537322274,10.626117332191514,8.124446855715847,2.5016704764756654,1,1
CZ,2022,3,52816.8456,4275,1,1,12.354817684210527,10.87458546426472,8.360539381370861,2.5140460828938593,1,1
CZ,2022,4,60788.1516,4719,1,1,12.881574825174825,11.015150173963658,8.459352191726387,2.5557979822372707,1,1
CZ,2022,5,68388.36795,5403,1,1,12.657480649639089,11.132958029938408,8.594709633844065,2.5382483960943425,1,1
CZ,2022,6,90301.43485,6509,1,1,13.873319227223845,11.410908629090574,8.780941113572387,2.6299675155181865,1,1
CZ,2022,7,100805.57505,6944,1,1,14.516931890841013,11.520948941125686,8.845633256340186,2.6753156847855,1,1
CZ,2022,8,99806.3597,6907,1,1,14.450030360503836,11.510987184718136,8.840290669088972,2.6706965156291638,1,1
CZ,2022,9,88125.8286,6694,1,1,13.164898207349864,11.386520942623557,8.808966881771273,2.5775540608522856,1,1
CZ,2022,10,73320.6076,5604,1,1,13.083620199857245,11.20259698888057,8.631235907456897,2.5713610814236727,1,1
CZ,2022,11,55413.3203,4317,1,1,12.836071415334724,10.9225752824628,8.370315995555478,2.552259286907322,1,1
CZ,2022,12,56872.4665,4261,1,1,13.347211100680592,10.948566610206147,8.357259153499912,2.591307456706234,1,1
CZ,2023,1,50201.5818,3854,1,1,13.02583855734302,10.823801815143552,8.256866848974312,2.56693496616924,1,1
CZ,2023,2,48825.98445,3811,1,1,12.811856323799528,10.796017918368033,8.24564690087386,2.5503710174941734,1,1
CZ,2023,3,62655.35515,4819,1,1,13.001733793318117,11.045404433925832,8.480321716640333,2.5650827172854984,1,1
CZ,2023,4,74711.73295,5341,1,1,13.98834168695001,11.221392426390832,8.58316818033977,2.6382242460510623,1,1
CZ,2023,5,83774.65695,6036,1,1,13.879167818091451,11.335885817700081,8.70549681988774,2.630388997812342,1,1
CZ,2023,6,110421.35655,7447,1,1,14.82762945481402,11.612058841127542,8.915566545710645,2.6964922954168955,1,1
CZ,2023,7,122650.54895,7965,1,1,15.3986878782172,11.717094525420606,8.98281222234415,2.734282303076457,1,1
CZ,2023,8,122430.02945,7761,1,1,15.77503278572349,11.71529495761355,8.95686647085414,2.7584284867594113,1,1
CZ,2023,9,116026.3159,7613,1,1,15.240551149349796,11.661572305566287,8.937612591306213,2.723959714260073,1,1
CZ,2023,10,95291.44445,6460,1,1,14.750997592879257,11.464695310690983,8.773384596776648,2.6913107139143353,1,1
CZ,2023,11,78729.2281,5166,1,1,15.23988155245838,11.273769751735683,8.549853973655786,2.723915778079897,1,1
CZ,2023,12,79760.6591,5059,1,1,15.766091935165054,11.2867856681422,8.528924114291936,2.757861553850263,1,1
CZ,2024,1,74129.34186,4545,1,1,16.310086217821784,11.213566709424386,8.421783006611578,2.7917837028128063,1,1
CZ,2024,2,74782.8372,4785,1,1,15.628597115987459,11.222343688437213,8.473241303887054,2.7491023845501585,1,1
CZ,2024,3,87902.70054,5736,1,1,15.32473858786611,11.383985806068225,8.654517382279456,2.7294684237887687,1,1
CZ,2024,4,89085.76484,6129,1,1,14.535122342959701,11.397354834589438,8.720786883485731,2.676567951103706,1,1
CZ,2024,5,106318.82134,7075,1,1,15.027395242402827,11.574197607358785,8.864322722511439,2.709874884847346,1,1
CZ,2024,6,128514.3176,8503,1,1,15.113997130424556,11.763795598122226,9.048174321385792,2.7156212767364325,1,1
CZ,2024,7,139143.65604,8684,1,1,16.022991252878857,11.843262175113452,9.069237530998182,2.7740246441152685,1,1
CZ,2024,8,137550.2123,8587,1,1,16.018424630255037,11.83174430979028,9.058004710672485,2.7737395991177944,1,1
CZ,2024,9,131898.99518,8292,1,1,15.906777035697058,11.789791720632415,9.02304647355567,2.7667452470767455,1,1
CZ,2024,10,110375.42,7133,1,1,15.473912799663536,11.611642743108535,8.872487182278038,2.739155560830496,1,1
CZ,2024,11,90157.90344,5698,1,1,15.822727876447875,11.409317894672212,8.647870515057853,2.7614473796143573,1,1
CZ,2024,12,97142.94558,5878,1,1,16.526530381082,11.483938838478915,8.678971846978863,2.804966991500052,1,1
CZ,2025,1,82466.59228,4944,1,1,16.6801359789644,11.32014854825099,8.505929999137527,2.8142185491134626,1,1
CZ,2025,2,81099.7306,5079,1,1,15.967657137231738,11.30343491827308,8.532869670801245,2.7705652474718345,1,1
CZ,2025,3,96088.18816,6099,1,1,15.754744738481719,11.473021675437387,8.715880102296456,2.7571415731409314,1,1
CZ,2025,4,102635.49178,6612,1,1,15.522609162129461,11.538939075682645,8.796641458940915,2.742297616741731,1,1
CZ,2025,5,117848.4095,7509,1,1,15.69428812092156,11.677154412303754,8.923857580099885,2.753296832203869,1,1
CZ,2025,6,146164.53644,8899,1,1,16.424827108663894,11.892488228063394,9.093694189856862,2.7987940382065313,1,1
CZ,2025,7,154918.68886,9247,1,1,16.75339989834541,11.950655670256959,9.132054453577638,2.8186012166793204,1,1
CZ,2025,8,151543.67534,9040,1,1,16.763680900442477,11.928629148457723,9.109414453386222,2.819214695071501,1,1
CZ,2025,9,148891.33214,8812,1,1,16.896428976395825,11.910972004351756,9.083869707922235,2.8271022964295227,1,1
CZ,2025,10,128413.78026,7664,1,1,16.755451495302715,11.763012987376504,8.944289319650697,2.8187236677258074,1,1
CZ,2025,11,107226.8413,6304,1,1,17.009333962563453,11.582701881538874,8.748939631537715,2.8337622500011594,1,1
CZ,2025,12,114669.57974,6478,1,1,17.701386190182156,11.649810052074034,8.776167099731275,2.873642952342759,1,1
CZ,2026,1,102879.63402,5360,1,1,19.19396157089552,11.541314982116752,8.586719254064848,2.954595728051904,1,1
CZ,2026,2,98144.049,5300,1,1,18.517745094339624,11.494191566180238,8.575462099540212,2.9187294666400243,1,1
CZ,2026,3,105094.8354,6575,1,1,15.984005384030418,11.562618415790846,8.791029857045965,2.771588558744881,1,1
CZ,2026,4,107950.88178,6960,1,1,15.510184163793102,11.589431604320893,8.847934753328465,2.7414968509924282,1,1
CZ,2026,5,123514.06826,7732,1,1,15.974400964821521,11.724110341599008,8.953122840328222,2.7709875012707874,1,1
CZ,2026,6,146702.50278,8903,1,1,16.47787293945861,11.896162024517242,9.094143577573671,2.80201844694357,1,1
CZ,2026,7,158342.79048,9260,1,1,17.099653399568034,11.97251752191231,9.133459327640225,2.8390581942720856,1,1
DE,2010,1,2067437.027,80421,1,1,25.70767619154201,14.541820246891325,11.295030615091687,3.246789631799638,0,0
DE,2010,2,1894780.332,80004,1,1,23.683569971501424,14.454613469990527,11.28983191240606,3.164781557584467,0,0
DE,2010,3,2307261.059,98446,1,1,23.436818753428273,14.651571690268357,11.49726345348056,3.1543082367877964,0,0
DE,2010,4,1964997.841,79768,1,1,24.63391135543075,14.49100170455716,11.28687770050863,3.204124004048531,0,0
DE,2010,5,2488474.248,104083,1,1,23.908556133086098,14.727180328824549,11.552943936752536,3.1742363920720122,0,0
DE,2010,6,2457469.22,106474,1,1,23.080463023836806,14.714642606001318,11.575656102871283,3.138986503130035,0,0
DE,2010,7,2588814.723,106493,1,1,24.30971728658222,14.766710693021114,11.575834534271927,3.190876158749188,0,0
DE,2010,8,2578898.048,102472,1,1,25.16685580451245,14.76287275248069,11.537344869510973,3.2255278829697196,0,0
DE,2010,9,2521837.318,108058,1,1,23.33781226748598,14.740498288271816,11.590423398990612,3.150074889281204,0,0
DE,2010,10,2587676.067,108125,1,1,23.932264203468208,14.766270759458182,11.59104324423418,3.1752275152240017,0,0
DE,2010,11,2298123.059,94790,1,1,24.24436184196645,14.64760328643574,11.459419197447087,3.188184088988652,0,0
DE,2010,12,2154705.662,80220,1,1,26.859955896285214,14.583164688432873,11.292528139324045,3.2906365491088296,0,0
DE,2011,1,2220350.171,86276,1,1,25.73543246093931,14.613175476094339,11.365306738742264,3.247868737352075,0,0
DE,2011,2,2060978.026,85379,1,1,24.139168015554176,14.538691198001105,11.35485544789855,3.183835750102554,0,0
DE,2011,3,2375254.723,99544,1,1,23.861355008840313,14.68061524148929,11.508355036455468,3.1722602050338233,0,0
DE,2011,4,2405495.857,96569,1,1,24.90960719278443,14.693266617817107,11.47801305772458,3.2152535600925276,0,0
DE,2011,5,2564512.582,108267,1,1,23.68692752177487,14.75727899201896,11.592355677414545,3.164923314604416,0,0
DE,2011,6,2517941.983,102575,1,1,24.547326180843285,14.738952452415504,11.538349517310387,3.2006029351051164,0,0
DE,2011,7,2631739.849,104867,1,1,25.095977275978143,14.783155724976845,11.560448159572696,3.222707565404151,0,0
DE,2011,8,2582051.674,101506,1,1,25.437429058380786,14.76409486335655,11.527873189017349,3.2362216743392014,0,0
DE,2011,9,2565373.566,107639,1,1,23.833123366066204,14.757614665748648,11.586538314571007,3.1710763511776414,0,0
DE,2011,10,2599395.871,105127,1,1,24.726244171335622,14.770789618684876,11.562924422064551,3.207865196620326,0,0
DE,2011,11,2320512.791,94257,1,1,24.61899690208685,14.657298749822276,11.453780373109366,3.203518376712911,0,0
DE,2011,12,2249659.767,84051,1,1,26.765413463254454,14.626289548079846,11.339179036445937,3.2871105116339088,0,0
DE,2012,1,2152077.864,82825,1,1,25.98343331119831,14.581944381765387,11.324485227168097,3.257459154597291,1,1
DE,2012,2,2050483.807,82099,1,1,24.97574644027333,14.5335863266848,11.315681115098373,3.2179052115864266,1,1
DE,2012,3,2317995.93,96288,1,1,24.073570226819545,14.656213547056307,11.475098979429772,3.1811145676265347,1,1
DE,2012,4,2323597.562,93738,1,1,24.788213552668076,14.658627215866016,11.448258935639958,3.2103682802260587,1,1
DE,2012,5,2488639.87,103981,1,1,23.933602004212307,14.727246882251348,11.551963469125544,3.1752834131258028,1,1
DE,2012,6,2503474.896,103511,1,1,24.185592796900814,14.733190283140447,11.547433166233457,3.1857571169069883,1,1
DE,2012,7,2588868.084,103719,1,1,24.960403436207443,14.766731304944242,11.549440598264049,3.217290706680195,1,1
DE,2012,8,2552800.583,99992,1,1,25.53004823385871,14.75270158232283,11.512845461770057,3.2398561205527714,1,1
DE,2012,9,2509400.886,103740,1,1,24.18932799305957,14.735554591780122,11.549643047905391,3.1859115438747305,1,1
DE,2012,10,2514051.707,104572,1,1,24.041346698925143,14.73740623554214,11.55763110835408,3.1797751271880603,1,1
DE,2012,11,2213768.658,89351,1,1,24.776092690624612,14.6102068962763,11.400327712466746,3.2098791838095533,1,1
DE,2012,12,2037609.826,76041,1,1,26.796199760655433,14.527288024975764,11.239027947489063,3.2882600774867004,1,1
DE,2013,1,2029981.431,77130,1,1,26.31896059898872,14.523537203685493,11.253247588928044,3.270289614757448,1,1
DE,2013,2,1895760.367,75714,1,1,25.038438954486622,14.455130565096297,11.234718362880965,3.220412202215332,1,1
DE,2013,3,2226189.552,87247,1,1,25.515943837610465,14.615801960831076,11.376498455519377,3.2393035053116987,1,1
DE,2013,4,2249546.208,93245,1,1,24.125113496702237,14.626239068506047,11.442985716765547,3.183253351740501,1,1
DE,2013,5,2442712.836,99012,1,1,24.670876621015637,14.708619797690242,11.502996333892343,3.205623463797898,1,1
DE,2013,6,2443283.67,100932,1,1,24.207225359648078,14.708853458930848,11.522202301750438,3.186651157180411,1,1
DE,2013,7,2536346.998,101834,1,1,24.906681442347352,14.746235414043392,11.531099315549092,3.215136098494299,1,1
DE,2013,8,2529624.515,97320,1,1,25.992853627209207,14.743581436645918,11.485759796897458,3.2578216397484603,1,1
DE,2013,9,2471857.707,102794,1,1,24.046711938439987,14.720480534009765,11.5404822645411,3.1799982694686655,1,1
DE,2013,10,2468390.924,101658,1,1,24.281324873595782,14.71907704854658,11.529369517386161,3.189707531160419,1,1
DE,2013,11,2161592.013,86822,1,1,24.89682353550943,14.586355551233058,11.371615324755037,3.2147402264780207,1,1
DE,2013,12,2009487.674,75938,1,1,26.462214885827915,14.513390358988435,11.237672496857467,3.2757178621309677,1,1
DE,2014,1,2040690.293,77883,1,1,26.20199906269661,14.528798687504732,11.262962979545462,3.2658357079592704,1,1
DE,2014,2,1884625.145,77673,1,1,24.26358123157339,14.4492394970196,11.260262985619487,3.188976511400112,1,1
DE,2014,3,2214890.183,89404,1,1,24.77394952127422,14.610713381451266,11.400920702889985,3.2097926785612803,1,1
DE,2014,4,2233893.008,90041,1,1,24.809731211337056,14.619256364895016,11.40802040113403,3.2112359637609864,1,1
DE,2014,5,2480943.266,100311,1,1,24.732514539781278,14.724149395020294,11.516030638923644,3.2081187560966518,1,1
DE,2014,6,2475693.149,99985,1,1,24.760645586838027,14.722030974977411,11.512775453719103,3.209255521258307,1,1
DE,2014,7,2605833.232,102498,1,1,25.423259302620536,14.773263040758911,11.537598565175113,3.235664475583798,1,1
DE,2014,8,2606932.192,97842,1,1,26.64430604443899,14.773684682604225,11.491109211689333,3.282575470914892,1,1
DE,2014,9,2572933.295,103786,1,1,24.790754966951226,14.76055716593754,11.550086365858355,3.210470800079184,1,1
DE,2014,10,2553194.448,102703,1,1,24.859979241112722,14.75285585783559,11.539596606785041,3.2132592510505478,1,1
DE,2014,11,2270946.09,88210,1,1,25.744769187166987,14.63570708236472,11.387475614252812,3.248231468111906,1,1
DE,2014,12,2070986.329,76949,1,1,26.91375234246059,14.543535539197073,11.250898143730991,3.2926373954660813,1,1
DE,2015,1,2118276.435,77735,1,1,27.24997021933492,14.566113313624054,11.261060885383841,3.3050524282402125,1,1
DE,2015,2,1940940.211,77230,1,1,25.131946277353357,14.47868305848249,11.25454326156331,3.2241397969191796,1,1
DE,2015,3,2270626.42,90202,1,1,25.17268375424048,14.635566307335884,11.409806878753901,3.225759428581982,1,1
DE,2015,4,2340188.405,93854,1,1,24.934349148677732,14.665741999049994,11.449495662310445,3.2162463367395477,1,1
DE,2015,5,2519183.631,100466,1,1,25.0749868711803,14.73944545105016,11.51757464078434,3.2218708102658202,1,1
DE,2015,6,2519560.252,103084,1,1,24.441816887198787,14.739594941085553,11.54329946882521,3.1962954722603416,1,1
DE,2015,7,2640750.208,104032,1,1,25.384018455859735,14.786573604450908,11.552453823103631,3.234119781347276,1,1
DE,2015,8,2640647.937,99737,1,1,26.476111543359032,14.786534875691133,11.510292000444426,3.2762428752467074,1,1
DE,2015,9,2555557.751,104606,1,1,24.430317104181405,14.753781055643792,11.557956190344532,3.1958248652992602,1,1
DE,2015,10,2595206.047,104522,1,1,24.829280409865863,14.769176472971417,11.557152854545237,3.212023618426179,1,1
DE,2015,11,2158199.333,86081,1,1,25.071727012929685,14.584784789857881,11.363043992428505,3.2217407974293764,1,1
DE,2015,12,2144483.96,80852,1,1,26.52357344283382,14.578409503312125,11.300375601866888,3.2780339014452373,1,1
DE,2016,1,2150273.004,78105,1,1,27.53054227002113,14.581105370647396,11.265809354265109,3.315296016382287,1,1
DE,2016,2,2063420.638,80938,1,1,25.493842669697795,14.539875667536942,11.30143870846309,3.2384369590738515,1,1
DE,2016,3,2358639.753,90469,1,1,26.071248195514485,14.673595634985922,11.412762529570834,3.260833105415088,1,1
DE,2016,4,2408619.732,96089,1,1,25.066550094183516,14.694564416085846,11.473030124306973,3.2215342917788727,1,1
DE,2016,5,2579277.021,101740,1,1,25.351651474346376,14.763019693208996,11.530175818376756,3.232843874832241,1,1
DE,2016,6,2586848.512,104336,1,1,24.79344149670296,14.765950902051218,11.555371739632983,3.2105791624182345,1,1
DE,2016,7,2726175.989,103986,1,1,26.21675984267113,14.818410448582478,11.55201155367743,3.2663988949050475,1,1
DE,2016,8,2707215.907,101927,1,1,26.560341293278523,14.811431324189426,11.532012149766217,3.2794191744232086,1,1
DE,2016,9,2650132.035,106921,1,1,24.785888974102377,14.790120021249507,11.57984552299625,3.2102744982532574,1,1
DE,2016,10,2662166.58,104603,1,1,25.4501933978949,14.794650852989102,11.557927510890012,3.2367233420990886,1,1
DE,2016,11,2219655.192,87206,1,1,25.453010022246172,14.61286242286631,11.376028414869404,3.2368340079969067,1,1
DE,2016,12,2230004.035,82820,1,1,26.925912038155037,14.617513952851706,11.324424857099558,3.293089095752147,1,1
DE,2017,1,2208877.381,81500,1,1,27.102789950920247,14.607994972034058,11.308358299228955,3.2996366728051045,1,1
DE,2017,2,2043669.423,80228,1,1,25.47326897093284,14.530257486795428,11.292627860105938,3.2376296266894897,1,1
DE,2017,3,2379769.25,94443,1,1,25.197942144997512,14.682514087165822,11.455751756895676,3.2267623302701467,1,1
DE,2017,4,2451842.472,95496,1,1,25.67481854737371,14.712350329276255,11.466839640774873,3.2455106885013802,1,1
DE,2017,5,2632541.869,106030,1,1,24.828273781005375,14.783460427517161,11.571477351919844,3.2119830755973173,1,1
DE,2017,6,2656149.015,105651,1,1,25.14078442229605,14.792387893049813,11.56789648821474,3.2244914048350717,1,1
DE,2017,7,2815284.267,107919,1,1,26.087012175798517,14.850573797405984,11.589136224715652,3.2614375726903306,1,1
DE,2017,8,2799347.784,105060,1,1,26.645229240434038,14.844897013726314,11.562286894507952,3.282610119218361,1,1
DE,2017,9,2737582.511,108595,1,1,25.209102730328283,14.822585793657229,11.595380644906422,3.2272051487508073,1,1
DE,2017,10,2681220.99,106623,1,1,25.146741228440394,14.801782842019513,11.57705452729098,3.224728314728534,1,1
DE,2017,11,2313202.023,88166,1,1,26.236894301658236,14.654143279811901,11.386976680147121,3.2671665996647805,1,1
DE,2017,12,2217461.747,78898,1,1,28.10542405384167,14.611873742509752,11.275911157970228,3.3359625845395247,1,1
DE,2018,1,2234919.542,82826,1,1,26.983308888513267,14.619715786276677,11.324497300744472,3.295218485532206,1,1
DE,2018,2,2074553.507,81834,1,1,25.350752828897523,14.54525651114357,11.31244808415493,3.2328084269886403,1,1
DE,2018,3,2436365.7,94482,1,1,25.786559344637077,14.70601801969728,11.456164619148465,3.2498534005488167,1,1
DE,2018,4,2481399.014,99330,1,1,24.981365287425753,14.724333077634498,11.506202919209402,3.2181301584250965,1,1
DE,2018,5,2693266.655,107020,1,1,25.166012474303866,14.806265384715783,11.580771011865295,3.2254943728504872,1,1
DE,2018,6,2696329.033,108536,1,1,24.842716084985625,14.80740178844877,11.594837194165144,3.212564594283625,1,1
DE,2018,7,2835892.422,111330,1,1,25.472850282942602,14.857867232910449,11.620254042722753,3.2376131901876963,1,1
DE,2018,8,2836180.098,109667,1,1,25.861745994693027,14.857968668849159,11.605203780588457,3.252764888260701,1,1
DE,2018,9,2775447.214,111533,1,1,24.884538333946008,14.836322450376283,11.622075790219128,3.214246660157154,1,1
DE,2018,10,2807945.435,113586,1,1,24.720876120296516,14.847963611958978,11.640315538237965,3.2076480737210136,1,1
DE,2018,11,2436494.342,96869,1,1,25.152467166998733,14.706070819079542,11.481114829253697,3.224955989825846,1,1
DE,2018,12,2369153.333,88042,1,1,26.9093538652007,14.678043205824752,11.385569252329214,3.2924739534955374,1,1
DE,2019,1,2351235.177,87147,1,1,26.980104616337915,14.670451355271284,11.37535162694775,3.2950997283235344,1,1
DE,2019,2,2151930.929,85854,1,1,25.065004880378318,14.581876103559127,11.36040345813479,3.2214726454243374,1,1
DE,2019,3,2529401.158,95876,1,1,26.382005486253075,14.743493136243991,11.470810968862882,3.27268216738111,1,1
DE,2019,4,2579118.639,101193,1,1,25.48712498888263,14.762958285744162,11.524784863482676,3.238173422261485,1,1
DE,2019,5,2712589.64,108408,1,1,25.022043022655154,14.81341432328942,11.593657166002549,3.21975715728687,1,1
DE,2019,6,2758337.955,107055,1,1,25.765615384615387,14.830138866086589,11.581098000073277,3.2490408660133108,1,1
DE,2019,7,2872928.631,110589,1,1,25.97843032308819,14.870842496371985,11.613575905619625,3.257266590752361,1,1
DE,2019,8,2839860.694,106868,1,1,26.573536456188943,14.859265557525879,11.579349707018011,3.2799158505078676,1,1
DE,2019,9,2790355.957,110615,1,1,25.22583697509379,14.841679728813633,11.613810982744088,3.2278687460695448,1,1
DE,2019,10,2830029.939,110361,1,1,25.64338796313915,14.855797848715405,11.611512089544247,3.244285759171158,1,1
DE,2019,11,2364377.81,89594,1,1,26.389912382525615,14.67602546284348,11.4030436324351,3.2729818304083804,1,1
DE,2019,12,2309267.379,84619,1,1,27.290175717037545,14.652440880246608,11.345914106667006,3.3065267735796033,1,1
DE,2020,1,2304072.733,85527,1,1,26.939711821997733,14.650188868442017,11.356587394547535,3.293601473894482,1,1
DE,2020,2,2124498.229,82778,1,1,25.665010377153347,14.569046204928748,11.323917604585633,3.245128600343116,1,1
DE,2020,3,1603265.052,56276,1,1,28.48932141587888,14.287552765396791,10.938023435497104,3.3495293298996867,1,1
DE,2020,4,671846.345,15219,1,1,44.14523588934884,13.417784940086332,9.6302999262348,3.787485013851532,1,1
DE,2020,5,753883.138,20863,1,1,36.13493447730432,13.532992645588076,9.945732534129874,3.587260111458202,1,1
DE,2020,6,759489.685,29648,1,1,25.616894394225582,13.540402019622249,10.29714994852514,3.243252071097108,1,1
DE,2020,7,1044906.52,48034,1,1,21.75347712037307,13.859437984834297,10.77966437247371,3.079773612360589,1,1
DE,2020,8,1166238.76,51785,1,1,22.520783238389495,13.969294393369488,10.85485581102298,3.114438582346508,1,1
DE,2020,9,1118639.896,52277,1,1,21.398318495705567,13.927624126744693,10.864311782771091,3.063312343973602,1,1
DE,2020,10,1133479.743,48261,1,1,23.48645372039535,13.940802877574617,10.784379060058418,3.156423817516199,1,1
DE,2020,11,1014304.012,32715,1,1,31.004249182332263,13.829713232793512,10.395588967303839,3.4341242654896726,1,1
DE,2020,12,1045537.608,30490,1,1,34.291164578550344,13.860041768509468,10.3251540399823,3.5348877285271683,1,1
DE,2021,1,981455.62565,26556,1,1,36.95796150210875,13.796792080927762,10.18701098983905,3.6097810910887125,1,1
DE,2021,2,868484.09875,25871,1,1,33.56979238336361,13.674504555629827,10.16087792924552,3.5136266263843057,1,1
DE,2021,3,1032631.5658,33089,1,1,31.207699410680284,13.847621020203144,10.40695617984855,3.4406648403545947,1,1
DE,2021,4,1099622.885,36012,1,1,30.53490183827613,13.910477847170155,10.491607495228367,3.418870351941787,1,1
DE,2021,5,1203683.7251,39845,1,1,30.20915359769105,14.000897183548664,10.592752205831848,3.4081449777168156,1,1
DE,2021,6,1307934.76915,49897,1,1,26.212693531675253,14.08395993907527,10.817716159691836,3.2662437793834345,1,1
DE,2021,7,1634121.4585,66602,1,1,24.535621430287378,14.306615883646943,11.106489886107617,3.2001259975393244,1,1
DE,2021,8,1736626.5082,69694,1,1,24.917876835882574,14.36745500091692,11.151869509829469,3.21558549108745,1,1
DE,2021,9,1725800.06765,72672,1,1,23.747799257623296,14.361201308255556,11.193711444905285,3.1674898633502706,1,1
DE,2021,10,1835025.1124,76200,1,1,24.081694388451442,14.422568724608773,11.241116741674738,3.1814519829340355,1,1
DE,2021,11,1697786.88035,64719,1,1,26.233206328126208,14.344836125814753,11.077810100438713,3.2670260253760395,1,1
DE,2021,12,1752942.81075,60015,1,1,29.20841140964759,14.37680653972603,11.002349809959446,3.374456729766584,1,1
DE,2022,1,1572543.9063,51607,1,1,30.471523365047375,14.268205188502392,10.851412601183544,3.4167925873188483,1,1
DE,2022,2,1431052.55885,50702,1,1,28.224775331347875,14.173920786620219,10.83372063653299,3.3402001500872296,1,1
DE,2022,3,1777866.48465,66714,1,1,26.649076425487905,14.390924599238616,11.108170104931304,3.282754494307312,1,1
DE,2022,4,2010330.50255,77213,1,1,26.036166222656806,14.513809695647625,11.25432311561861,3.2594865800290145,1,1
DE,2022,5,2173755.29165,87544,1,1,24.83043145903774,14.591966778989242,11.379896803098278,3.2120699758909637,1,1
DE,2022,6,2231956.86675,87574,1,1,25.48652415956791,14.618389277363814,11.380239429216592,3.238149848147221,1,1
DE,2022,7,2317421.86195,86106,1,1,26.913593268181078,14.655965859327303,11.363334374398987,3.2926314849283163,1,1
DE,2022,8,2355466.70085,87743,1,1,26.84506685262642,14.67224944025729,11.382167366066378,3.290082074190911,1,1
DE,2022,9,2255848.88535,86782,1,1,25.994433008573207,14.629036905912447,11.371154505871742,3.2578824000407045,1,1
DE,2022,10,2306295.2256,86443,1,1,26.679953560149464,14.651152996594961,11.367240516173135,3.283912480421825,1,1
DE,2022,11,1938143.1188,70915,1,1,27.33051003031799,14.477240917416177,11.169237255728708,3.3080036616874695,1,1
DE,2022,12,1916872.6748,62720,1,1,30.562383207908162,14.466205600833941,11.04643565502429,3.419769945809651,1,1
DE,2023,1,1861083.14785,61229,1,1,30.3954522832318,14.436669213750433,11.022376212475168,3.414293001275264,1,1
DE,2023,2,1714023.63815,60513,1,1,28.324882887148217,14.354354169264134,11.010613496969443,3.343740672294692,1,1
DE,2023,3,2002771.5631,71593,1,1,27.974404803542246,14.510042560765127,11.178752582806263,3.331289977958863,1,1
DE,2023,4,2191623.94275,79944,1,1,27.41448942697388,14.600153353367705,11.289081668541625,3.3110716848260795,1,1
DE,2023,5,2326734.00235,87848,1,1,26.48590750330116,14.659976126489777,11.383363327277548,3.2766127992122276,1,1
DE,2023,6,2390267.98665,90375,1,1,26.448331802489626,14.686916045927225,11.411722959461066,3.2751930864661585,1,1
DE,2023,7,2516007.3524,91072,1,1,27.626574055692203,14.73818381905575,11.419405681449524,3.318778137606226,1,1
DE,2023,8,2517992.0113,90468,1,1,27.832957634743774,14.738972320944383,11.412751475999702,3.326220844944681,1,1
DE,2023,9,2465216.68665,91734,1,1,26.8735331136765,14.717790266930166,11.426648363788669,3.291141903141497,1,1
DE,2023,10,2542812.43515,92013,1,1,27.635360602849595,14.748781284369857,11.429685150396484,3.319096133973372,1,1
DE,2023,11,2172219.05005,73356,1,1,29.612016059354385,14.591259806723325,11.203079579816725,3.3881802269065995,1,1
DE,2023,12,2060718.9599,64525,1,1,31.93675257497094,14.538565489536253,11.074808024586815,3.4637574649494387,1,1
DE,2024,1,1968543.1829,63889,1,1,30.811926668127533,14.49280432608239,11.06490248157219,3.427901844510201,1,1
DE,2024,2,1869935.93826,65455,1,1,28.5682673326713,14.44141473062899,11.089118162614199,3.352296568014791,1,1
DE,2024,3,2123962.96554,75281,1,1,28.213798508787075,14.568794225005513,11.228983057911735,3.3398111670937793,1,1
DE,2024,4,2305124.25984,84030,1,1,27.43215827490182,14.650645141784153,11.338929156922264,3.3117159848618885,1,1
DE,2024,5,2480021.60454,91601,1,1,27.074176095675814,14.723777829611285,11.425197467633199,3.2985803619780856,1,1
DE,2024,6,2479777.98286,92336,1,1,26.856025633122506,14.723679591093417,11.433189376950748,3.290490214142668,1,1
DE,2024,7,2579204.6497,93363,1,1,27.62555455266005,14.762991634061121,11.444250400120255,3.318741233940867,1,1
DE,2024,8,2592316.07752,91691,1,1,28.27230674242837,14.768062272507454,11.42617950729923,3.3418827652082244,1,1
DE,2024,9,2499418.90266,92618,1,1,26.986319102766203,14.731568823884313,11.436238786193305,3.295330037691007,1,1
DE,2024,10,2571116.51774,93245,1,1,27.573773582926698,14.759850805228885,11.442985716765547,3.3168650884633384,1,1
DE,2024,11,2185792.70514,74468,1,1,29.35210701428802,14.597489114832372,11.218124781891788,3.3793643329405842,1,1
DE,2024,12,2148256.69296,68664,1,1,31.28650665501573,14.580167230711172,11.136980323398056,3.4431869073131165,1,1
DE,2025,1,2012215.05642,65718,1,1,30.618933266684927,14.514746691378438,11.093128139551801,3.421618551826637,1,1
DE,2025,2,1844622.89534,64621,1,1,28.5452545664722,14.427785421796068,11.076294714343865,3.3514907074522036,1,1
DE,2025,3,2217135.30264,76722,1,1,28.898299088136387,14.611726516343795,11.247943778039224,3.363782738304572,1,1
DE,2025,4,2418809.99198,87268,1,1,27.71703249736444,14.69878623833843,11.376739122511914,3.3220471158265155,1,1
DE,2025,5,2551989.5511,93815,1,1,27.202361574375097,14.752383829041884,11.449080036921474,3.3033037921204085,1,1
DE,2025,6,2517713.35754,93371,1,1,26.964618109905647,14.738861649751422,11.444336083498802,3.2945255662526196,1,1
DE,2025,7,2646504.0926,96205,1,1,27.50900777090588,14.788750116698782,11.474236610355117,3.314513506343667,1,1
DE,2025,8,2644273.6526,94796,1,1,27.894358966623066,14.787906974068513,11.45948249326009,3.328424480808422,1,1
DE,2025,9,2572915.21052,95913,1,1,26.825510728681202,14.760550137172514,11.471196809557176,3.2893533276153386,1,1
DE,2025,10,2635272.35562,97065,1,1,27.149563237212178,14.784497095382847,11.483136136159477,3.3013609592233712,1,1
DE,2025,11,2229333.14226,75849,1,1,29.39172754103548,14.61721305936983,11.236499800774148,3.3807132585956823,1,1
DE,2025,12,2195055.5984,71245,1,1,30.80995997473507,14.601717933737818,11.17387992022989,3.42783801350793,1,1
DE,2026,1,2025309.48186,64158,1,1,31.567528318526136,14.521233077393527,11.06910406998471,3.4521290074088147,1,1
DE,2026,2,1905966.19552,63795,1,1,29.876419711889646,14.460499627215288,11.063430096355843,3.3970695308594445,1,1
DE,2026,3,2353223.69748,78395,1,1,30.01752276905415,14.671296732242997,11.26951542879455,3.4017813034484465,1,1
DE,2026,4,2358844.36304,81742,1,1,28.85718924225001,14.67368238039305,11.311323224643747,3.362359155749303,1,1
DE,2026,5,2532036.30206,90205,1,1,28.06979992306413,14.744534399449902,11.409840136886903,3.334694262562999,1,1
DE,2026,6,2477717.40114,89540,1,1,27.671626101630558,14.722848291544327,11.402440731794956,3.3204075597493703,1,1
DE,2026,7,2681778.45684,93938,1,1,28.5483878392131,14.80199073569824,11.450390269169123,3.3516004665291175,1,1
DK,2010,1,184601.73,12996,1,1,14.204503693444137,12.125955972621277,9.472396896788991,2.653559075832286,0,0
DK,2010,2,176059.292,13106,1,1,13.43348786815199,12.078576103650455,9.480825419599443,2.5977506840510136,0,0
DK,2010,3,200270.998,15481,1,1,12.936567276015762,12.207426718359635,9.647368744540465,2.5600579738191693,0,0
DK,2010,4,160932.064,11709,1,1,13.744304722862756,11.988737592182355,9.368113055848724,2.6206245363336302,0,0
DK,2010,5,211545.853,15706,1,1,13.469110722017064,12.262197053025325,9.66179808393482,2.6003989690905045,0,0
DK,2010,6,226060.677,16822,1,1,13.438394780644394,12.328558724520384,9.730442832522382,2.598115891998002,0,0
DK,2010,7,241492.61,15474,1,1,15.60634677523588,12.394594151192484,9.6469164751094,2.7476776760830837,0,0
DK,2010,8,236138.003,16180,1,1,14.594437762669962,12.372171671577709,9.691531190612483,2.680640480965226,0,0
DK,2010,9,218174.479,16517,1,1,13.209086335290912,12.29305038403737,9.71214543252109,2.580904951516279,0,0
DK,2010,10,227833.953,16311,1,1,13.968116792348722,12.336372366298766,9.69959500581403,2.6367773604847358,0,0
DK,2010,11,192477.55,14598,1,1,13.185200027401013,12.167734802532317,9.588639812011577,2.57909499052074,0,0
DK,2010,12,180873.328,12490,1,1,14.481451401120898,12.105552219938053,9.432683603119623,2.67286861681843,0,0
DK,2011,1,194567.546,13730,1,1,14.170979315367807,12.17853466195848,9.527338498762017,2.6511961631964636,0,0
DK,2011,2,180683.41,13285,1,1,13.600557771923222,12.104501662736338,9.494390858193913,2.6101108045424244,0,0
DK,2011,3,206901.647,15616,1,1,13.24933702612705,12.239998824069279,9.656051308652874,2.5839475154164044,0,0
DK,2011,4,199071.224,14888,1,1,13.371253627082213,12.201417949220025,9.608310798322087,2.593107150897938,0,0
DK,2011,5,211577.766,16707,1,1,12.66401903393787,12.262347897831086,9.723583072257778,2.538764825573307,0,0
DK,2011,6,226835.364,16572,1,1,13.687868935553947,12.331979764606476,9.715469803197292,2.616509961409184,0,0
DK,2011,7,246248.957,15952,1,1,15.436870423771314,12.41409832349237,9.67733949220162,2.736758831290751,0,0
DK,2011,8,236924.791,16261,1,1,14.570124285099316,12.375498032202309,9.696524881825722,2.6789731503765872,0,0
DK,2011,9,215938.958,16601,1,1,13.007587374254564,12.282751044875022,9.717218213494077,2.565532831380946,0,0
DK,2011,10,217604.013,16142,1,1,13.480610395242225,12.29043223588946,9.689179849884317,2.6012523860051417,0,0
DK,2011,11,194790.529,14655,1,1,13.291745411122484,12.179680049912117,9.592536853144992,2.5871431967671232,0,0
DK,2011,12,186158.123,12747,1,1,14.604073350592296,12.134351715200804,9.453051228782922,2.681300486417883,0,0
DK,2012,1,190317.43,13455,1,1,14.144736529171311,12.156448641312736,9.507106063161006,2.649342578151729,1,1
DK,2012,2,188733.17,13477,1,1,14.004093641018033,12.148089497572872,9.508739807769159,2.639349689803713,1,1
DK,2012,3,211719.725,15315,1,1,13.824337251061051,12.26301862708576,9.636588019266876,2.6264306078188846,1,1
DK,2012,4,201637.291,14539,1,1,13.868717999862438,12.214225773271961,9.584589972931425,2.629635800340535,1,1
DK,2012,5,205960.588,14213,1,1,14.491000351790614,12.235440109079288,9.561912317739012,2.673527791340277,1,1
DK,2012,6,231323.771,15089,1,1,15.330623036649214,12.351573614231617,9.62172128051365,2.729852333717965,1,1
DK,2012,7,243867.078,14157,1,1,17.22590082644628,12.404378593543367,9.557964480394498,2.8464141131488696,1,1
DK,2012,8,230962.038,14369,1,1,16.073633377409703,12.35000863833668,9.572828387229206,2.777180251107473,1,1
DK,2012,9,218687.701,15059,1,1,14.522059964141045,12.29539996822937,9.61973109808682,2.6756688701425504,1,1
DK,2012,10,219683.394,15629,1,1,14.05613884445582,12.299942670627535,9.656883441842194,2.6430592287853423,1,1
DK,2012,11,199950.122,14286,1,1,13.996228615427691,12.205823224427316,9.567035315714918,2.6387879087123984,1,1
DK,2012,12,181534.042,11715,1,1,15.49586359368331,12.10919847432866,9.368625350941896,2.7405731233867634,1,1
DK,2013,1,192142.817,13051,1,1,14.72245935177381,12.165994213040808,9.476620038167528,2.6893741748732807,1,1
DK,2013,2,178942.426,12570,1,1,14.23567430389817,12.094819390626762,9.439068301584292,2.6557510890424685,1,1
DK,2013,3,211983.715,13958,1,1,15.187255695658404,12.264264734665911,9.543808099577097,2.720456635088814,1,1
DK,2013,4,209671.341,15116,1,1,13.870821712093145,12.253296540883605,9.62350906446938,2.6297874764142253,1,1
DK,2013,5,220300.05,15857,1,1,13.892921107397363,12.302745759753641,9.671366322189568,2.6313794375640733,1,1
DK,2013,6,236052.721,16366,1,1,14.423360686789685,12.371810453126804,9.702961291087327,2.6688491620394776,1,1
DK,2013,7,252729.041,15460,1,1,16.34728596377749,12.440073209606561,9.646011322141414,2.794061887465149,1,1
DK,2013,8,242465.454,15744,1,1,15.400498856707317,12.398614521479649,9.664214619292034,2.734399902187615,1,1
DK,2013,9,222830.265,16216,1,1,13.74138289343858,12.314165617127715,9.693753688131835,2.620411928995879,1,1
DK,2013,10,224989.807,16152,1,1,13.929532379891036,12.323810377938159,9.689799159992674,2.634011217945485,1,1
DK,2013,11,203242.553,14287,1,1,14.225698397144258,12.222155387132414,9.567105311865157,2.655050075267256,1,1
DK,2013,12,188445.049,12299,1,1,15.321981380600048,12.146561726129413,9.41727323724241,2.729288488887002,1,1
DK,2014,1,198126.59,12808,1,1,15.46897173641474,12.196661448818073,9.45782525467655,2.7388361941415225,1,1
DK,2014,2,186345.123,12734,1,1,14.633667582849064,12.135355733381676,9.45203086057697,2.683324872804705,1,1
DK,2014,3,222349.605,14838,1,1,14.985146583097453,12.31200621945874,9.604946736749472,2.7070594827092687,1,1
DK,2014,4,218612.577,14622,1,1,14.950935371358227,12.29505638737878,9.590282522853261,2.70477386452552,1,1
DK,2014,5,233819.985,16047,1,1,14.57094690596373,12.362306803408895,9.68327719519936,2.6790296082095364,1,1
DK,2014,6,249165.592,16512,1,1,15.089970445736434,12.425872982526089,9.711842668281289,2.7140303142448,1,1
DK,2014,7,269519.56,15561,1,1,17.32019536019536,12.504396245547193,9.65252306301951,2.8518731825276835,1,1
DK,2014,8,254901.573,15622,1,1,16.316833504032775,12.448632761392636,9.656435456170243,2.792197305222393,1,1
DK,2014,9,238224.685,16488,1,1,14.448367600679282,12.380969561936157,9.710388122570295,2.6705814393658622,1,1
DK,2014,10,242189.5,16290,1,1,14.867372621240024,12.397475756560222,9.69830670159609,2.699169054964131,1,1
DK,2014,11,200521.283,13706,1,1,14.630182620750036,12.208675669721224,9.52558897214577,2.683086697575454,1,1
DK,2014,12,188742.33,12031,1,1,15.68800016623722,12.148138030524027,9.395241931033524,2.7528960994905023,1,1
DK,2015,1,197336.63,12315,1,1,16.02408688591149,12.19266633113957,9.418573310554638,2.774093020584931,1,1
DK,2015,2,188042.848,12520,1,1,15.019396805111821,12.14442513073705,9.43508264465409,2.70934248608296,1,1
DK,2015,3,223888.811,14773,1,1,15.155270493467812,12.318904828135821,9.600556469321608,2.7183483588142137,1,1
DK,2015,4,222655.901,15136,1,1,14.710352867336153,12.313382813879437,9.62483129129166,2.6885515225877774,1,1
DK,2015,5,230481.502,15781,1,1,14.60499980989798,12.347925886571607,9.666561963748133,2.6813639228234756,1,1
DK,2015,6,246316.153,16577,1,1,14.858910116426374,12.414371164581,9.715771471424866,2.698599693156135,1,1
DK,2015,7,267685.131,15451,1,1,17.324777101805708,12.497566684446982,9.645429005150419,2.852137679296563,1,1
DK,2015,8,254444.236,15973,1,1,15.929646027671696,12.446836978979894,9.678655075789957,2.768181903189937,1,1
DK,2015,9,242004.137,16690,1,1,14.499948292390652,12.396710100034028,9.722565016655881,2.6741450833781464,1,1
DK,2015,10,243059.602,16301,1,1,14.910717256610024,12.401061967967678,9.69898173460629,2.7020802333613885,1,1
DK,2015,11,210951.844,14702,1,1,14.34851339953748,12.259385158922196,9.595738817934032,2.6636463409881626,1,1
DK,2015,12,209983.682,13201,1,1,15.906649647753959,12.254785101918529,9.488047863280759,2.76673723863777,1,1
DK,2016,1,220757.542,13157,1,1,16.778714144561828,12.304820283227997,9.484709215365838,2.8201110678621593,1,1
DK,2016,2,214034.812,13675,1,1,15.651540182815356,12.273893953671385,9.523324627290181,2.7505693263812017,1,1
DK,2016,3,235847.6,14981,1,1,15.743114611841667,12.370941112701336,9.614538010517382,2.7564031021839543,1,1
DK,2016,4,237837.841,15470,1,1,15.37413322559793,12.379344380099665,9.646657943567112,2.732686436532553,1,1
DK,2016,5,249193.861,16858,1,1,14.781935045675644,12.425986430760531,9.732580600557428,2.6934058302031048,1,1
DK,2016,6,268200.884,17530,1,1,15.299537022247577,12.49949154587201,9.77166897791528,2.727822567956729,1,1
DK,2016,7,291176.617,16260,1,1,17.907541020910212,12.581685293316813,9.696463383101802,2.885221910215012,1,1
DK,2016,8,270046.915,16855,1,1,16.02176891130228,12.50635098214538,9.732402627668161,2.773948354477218,1,1
DK,2016,9,258107.935,17378,1,1,14.8525684773852,12.461133129131836,9.762960317399152,2.698172811732684,1,1
DK,2016,10,265116.229,17119,1,1,15.486665634674923,12.487923608811494,9.747944236774778,2.739979372036716,1,1
DK,2016,11,220217.71,14902,1,1,14.777728492819755,12.302371926921298,9.609250711113672,2.6931212158076256,1,1
DK,2016,12,219516.1,13363,1,1,16.427157075506997,12.299180857326855,9.500244972781061,2.7989358845457932,1,1
DK,2017,1,218461.56,13397,1,1,16.306752257968203,12.294365351267396,9.502786080276985,2.7915792709904106,1,1
DK,2017,2,203729.25,12918,1,1,15.770959126799815,12.224547185426216,9.466376966592419,2.758170218833799,1,1
DK,2017,3,233475.984,15815,1,1,14.762945558014543,12.36083449855304,9.66871413573975,2.6921203628132906,1,1
DK,2017,4,231121.905,14920,1,1,15.49074430294906,12.35070057757759,9.610457873757753,2.7402427038198396,1,1
DK,2017,5,249805.197,16905,1,1,14.777000709849156,12.428436681100916,9.735364715141987,2.6930719659589295,1,1
DK,2017,6,265238.216,17235,1,1,15.38951064693937,12.48838362947617,9.754697478950966,2.7336861505252044,1,1
DK,2017,7,288038.533,16239,1,1,17.737455077283084,12.570849545307201,9.695171035465087,2.875678509842113,1,1
DK,2017,8,271072.804,16843,1,1,16.09409273882325,12.510142713228532,9.731690419198387,2.7784522940301457,1,1
DK,2017,9,259237.025,17024,1,1,15.227738780545112,12.465498076623312,9.742379392141371,2.7231186844819413,1,1
DK,2017,10,258735.665,16889,1,1,15.319774113328203,12.463562221060842,9.734417801417921,2.7291444196429206,1,1
DK,2017,11,219651.505,14846,1,1,14.795332412771117,12.299797501190149,9.605485747677493,2.694311753512657,1,1
DK,2017,12,216424.371,12791,1,1,16.92005089516066,12.284996439761166,9.456497077599392,2.828499362161772,1,1
DK,2018,1,223764.303,13495,1,1,16.581274768432753,12.318348558116394,9.510074525452104,2.80827403266429,1,1
DK,2018,2,208547.012,13381,1,1,15.585308422389955,12.247919772023051,9.50159106930499,2.746328702718062,1,1
DK,2018,3,241559.537,15143,1,1,15.951894406656542,12.394871251711937,9.625293657956655,2.769577593755281,1,1
DK,2018,4,243909.442,15954,1,1,15.288293970164222,12.404552296041825,9.677464860471074,2.7270874355707497,1,1
DK,2018,5,266660.238,17346,1,1,15.37301037703217,12.493730610191363,9.7611172112444,2.732613398946963,1,1
DK,2018,6,283484.878,17554,1,1,16.149303748433407,12.554914060339287,9.773037123152063,2.7818769371872247,1,1
DK,2018,7,303352.65,16568,1,1,18.309551545147272,12.622651269116036,9.71522840307542,2.907422866040615,1,1
DK,2018,8,289818.417,17193,1,1,16.856768277787474,12.577009857574096,9.752257603219848,2.824752254354248,1,1
DK,2018,9,273745.849,17093,1,1,16.01508506406131,12.51995539652756,9.746424301956267,2.773531094571293,1,1
DK,2018,10,271738.699,17069,1,1,15.920012830277113,12.512596218102175,9.745019231764333,2.767576986337841,1,1
DK,2018,11,231765.605,14968,1,1,15.48407302244789,12.353481816652,9.613669867953925,2.7398119486980743,1,1
DK,2018,12,226448.665,13093,1,1,17.295399450087835,12.330273553625847,9.479833015227753,2.8504405383980944,1,1
DK,2019,1,236863.743,13594,1,1,17.42413881124025,12.375240330734432,9.517383797906584,2.8578565328278476,1,1
DK,2019,2,219906.494,13183,1,1,16.68106606993856,12.300957707712078,9.48668339975797,2.8142743079541086,1,1
DK,2019,3,259038.749,15539,1,1,16.670232897869877,12.464732939529819,9.651108271786734,2.813624667743085,1,1
DK,2019,4,244553.276,15242,1,1,16.044697283821023,12.407188461911309,9.631810054226063,2.7753784076852455,1,1
DK,2019,5,263719.259,17002,1,1,15.511072756146337,12.482640403425018,9.741086263177305,2.7415541402477137,1,1
DK,2019,6,286724.47,17276,1,1,16.596693100254686,12.566276998769945,9.757073534080591,2.809203464689354,1,1
DK,2019,7,307812.619,16528,1,1,18.623706377057115,12.637246496947455,9.71281119135942,2.924435305588035,1,1
DK,2019,8,297659.369,16951,1,1,17.559988732228188,12.603705054652597,9.738082108118487,2.8656229465341103,1,1
DK,2019,9,272725.547,17361,1,1,15.709092045389092,12.516221246147326,9.761981590241948,2.7542396559053786,1,1
DK,2019,10,269968.958,17212,1,1,15.68492667906112,12.506062261000542,9.75336209395849,2.7527001670420517,1,1
DK,2019,11,221736.095,14674,1,1,15.110814706283222,12.30924319245602,9.59383249927394,2.7154106931820805,1,1
DK,2019,12,220051.76,13516,1,1,16.280834566439776,12.301618070389484,9.511629447834181,2.789988622555303,1,1
DK,2020,1,227337.59,14104,1,1,16.11866066364152,12.334191372322367,9.554213724077707,2.779977648244661,1,1
DK,2020,2,213132.729,13551,1,1,15.728191941554128,12.269670391464995,9.514215624322715,2.7554547671422807,1,1
DK,2020,3,140560.898,8746,1,1,16.071449576949462,11.853396111571362,9.076351731972865,2.7770443795984963,1,1
DK,2020,4,17671.312,1671,1,1,10.575291442250151,9.779697812698819,7.421177528595393,2.358520284103426,1,1
DK,2020,5,26386.7,2112,1,1,12.493702651515152,10.18061537431187,7.655390644826152,2.5252247294857173,1,1
DK,2020,6,33436.91,3379,1,1,9.895504587155964,10.417415658622877,8.12533508671429,2.292080571908587,1,1
DK,2020,7,72243.641,6287,1,1,11.49095609988866,11.187799588260402,8.74623928838306,2.4415602998773416,1,1
DK,2020,8,81983.199,7291,1,1,11.244438211493621,11.314269615009614,8.89439598980643,2.419873625203184,1,1
DK,2020,9,84722.966,7574,1,1,11.186026670187484,11.347141989105342,8.93247660846174,2.4146653806436023,1,1
DK,2020,10,81050.882,6739,1,1,12.027137854281051,11.30283240927611,8.815666824946216,2.487165584329894,1,1
DK,2020,11,66152.155,4993,1,1,13.24897957139996,11.099712746487901,8.51579221050061,2.5839205359872928,1,1
DK,2020,12,64139.796,4558,1,1,14.071916630100922,11.068820292699526,8.42463920980563,2.6441810828938954,1,1
DK,2021,1,54200.89675,3395,1,1,15.964918041237114,10.90045273249382,8.130059039992796,2.7703936925010226,1,1
DK,2021,2,49549.0555,2658,1,1,18.641480624529724,10.810718478022475,7.885329239273191,2.925389238749284,1,1
DK,2021,3,64147.04675,3666,1,1,17.497830537370433,11.068933332351172,8.20685642839965,2.862076903951522,1,1
DK,2021,4,63757.95365,4015,1,1,15.879938642590288,11.062849218375655,8.297792626380861,2.7650565919947927,1,1
DK,2021,5,74267.84105,4696,1,1,15.815127991908007,11.215433311303173,8.454466361507933,2.76096694979524,1,1
DK,2021,6,96873.0334,6579,1,1,14.724583280133759,11.481156466062496,8.791638037085997,2.689518428976498,1,1
DK,2021,7,155521.1264,9815,1,1,15.845249760570557,11.95453686246639,9.191667106710561,2.7628697557558297,1,1
DK,2021,8,158510.31285,10722,1,1,14.783651636821487,11.973574935482501,9.280052984387483,2.693521951095019,1,1
DK,2021,9,158420.71635,11452,1,1,13.833454099720573,11.973009534848725,9.345919666218006,2.6270898686307183,1,1
DK,2021,10,170545.15125,11930,1,1,14.29548627409891,12.046755357363494,9.386811515091962,2.659943842271532,1,1
DK,2021,11,155037.30835,11176,1,1,13.872343266821762,11.951421065970278,9.321523900936798,2.6298971650334795,1,1
DK,2021,12,162200.6968,10413,1,1,15.576749908767887,11.996589716585172,9.250810304529896,2.745779412055276,1,1
DK,2022,1,145972.6762,8809,1,1,16.570856646611418,11.891174733860787,9.083529205109796,2.807645528750991,1,1
DK,2022,2,134224.2603,8714,1,1,15.403288994721137,11.807267264379702,9.072686206677387,2.734581057702314,1,1
DK,2022,3,161188.0861,11210,1,1,14.378955049063334,11.990327198755129,9.324561516066206,2.6657656826889222,1,1
DK,2022,4,191508.6674,12800,1,1,14.961614640625001,12.162688347153022,9.457200449907708,2.705487897245313,1,1
DK,2022,5,201598.2051,14671,1,1,13.741272244564106,12.214031911865908,9.593628035139645,2.6204038767262627,1,1
DK,2022,6,211796.6987,15106,1,1,14.020700297894876,12.263382125153557,9.622847294873393,2.6405348302801634,1,1
DK,2022,7,218523.8779,14529,1,1,15.040531206552412,12.294650568553912,9.583901931071338,2.710748637482574,1,1
DK,2022,8,228751.30065,15180,1,1,15.06925564229249,12.340390669023243,9.627734050949622,2.7126566180736216,1,1
DK,2022,9,214174.4444,15039,1,1,14.241268993949067,12.274546122688575,9.618402105931613,2.656144016756961,1,1
DK,2022,10,217974.06495,14829,1,1,14.699174924135141,12.292131366574692,9.60434000197507,2.687791364599623,1,1
DK,2022,11,172954.69345,12485,1,1,13.852999074889867,12.060784951609122,9.432283202713874,2.6285017488952493,1,1
DK,2022,12,171440.7918,11092,1,1,15.456256022358458,12.051993248662225,9.313979406735669,2.7380138419265565,1,1
DK,2023,1,169975.49485,11293,1,1,15.05140306827238,12.04340955770091,9.331938343723671,2.711471213977239,1,1
DK,2023,2,156888.35265,11031,1,1,14.222495934185476,11.963289701740006,9.308464769969381,2.6548249317706243,1,1
DK,2023,3,188802.3578,13364,1,1,14.127683163723436,12.148456020963016,9.500319803476646,2.648136217486369,1,1
DK,2023,4,210530.45015,13847,1,1,15.20404781902217,12.257385577937397,9.535823881654714,2.721561696282683,1,1
DK,2023,5,226857.68965,15496,1,1,14.639757979478574,12.33207818202697,9.648337205086833,2.683740976940138,1,1
DK,2023,6,234770.0458,15834,1,1,14.82695754705065,12.366361785544086,9.669914805731379,2.6964469798127064,1,1
DK,2023,7,257834.6034,15272,1,1,16.882831547930852,12.460073586236154,9.633776365405584,2.82629722083057,1,1
DK,2023,8,243990.3473,15696,1,1,15.544746897298674,12.40488394324691,9.661161181805145,2.7437227614417656,1,1
DK,2023,9,238230.77955,15881,1,1,15.000993611863233,12.380995144809914,9.672878705110646,2.708116439699268,1,1
DK,2023,10,244016.30755,16016,1,1,15.235783438436563,12.404990336263344,9.681343501555002,2.7236468347083416,1,1
DK,2023,11,190403.414,12478,1,1,15.25912918736977,12.156900331850919,9.431722372670732,2.7251779591801863,1,1
DK,2023,12,193957.8151,11387,1,1,17.03326733116712,12.17539596646209,9.340227632810604,2.835168333651485,1,1
DK,2024,1,188800.85168,11033,1,1,17.11237665911357,12.148448043700311,9.308646060760307,2.839801982940006,1,1
DK,2024,2,184095.5836,11623,1,1,15.838904207175428,12.123210377797086,9.360741172643708,2.7624692051533786,1,1
DK,2024,3,212645.4639,13100,1,1,16.232478160305345,12.267381569158708,9.480367509189243,2.7870140599694655,1,1
DK,2024,4,230005.55208,14999,1,1,15.33472578705247,12.34585872709224,9.61573881119536,2.730119915896881,1,1
DK,2024,5,251018.51036,16107,1,1,15.584435981871236,12.433281961848968,9.68700923909068,2.746272722758289,1,1
DK,2024,6,263471.29166,16363,1,1,16.101649554482673,12.481699690971139,9.702777967428895,2.778921723542244,1,1
DK,2024,7,291642.7118,16208,1,1,17.993750728035536,12.58328474232728,9.693260226488464,2.8900245158388156,1,1
DK,2024,8,280139.57214,16245,1,1,17.244664336103416,12.543043229884097,9.6955404481032,2.847502781780896,1,1
DK,2024,9,267691.2387,16204,1,1,16.5200715070353,12.497589500919078,9.693013404322581,2.8045760965964965,1,1
DK,2024,10,265797.12348,15965,1,1,16.648739334794865,12.490488603080827,9.678154105148883,2.812334497931944,1,1
DK,2024,11,214254.27028,12710,1,1,16.857141642800944,12.274918767556617,9.4501443641835,2.824774403373117,1,1
DK,2024,12,218387.2847,11886,1,1,18.373488532727578,12.294025300919929,9.383116515926606,2.910908784993322,1,1
DK,2025,1,219148.30186,11664,1,1,18.78843465877915,12.297503957060375,9.36426245424844,2.9332415028119345,1,1
DK,2025,2,205114.8478,11424,1,1,17.95473107492997,12.231325334419262,9.343471684579365,2.8878536498398955,1,1
DK,2025,3,237850.47882,13497,1,1,17.622470091131362,12.379397514975912,9.510222717509283,2.86917479746663,1,1
DK,2025,4,257503.8922,14953,1,1,17.220884919414164,12.458790114311498,9.612667227583843,2.8461228867276542,1,1
DK,2025,5,272301.31462,16154,1,1,16.856587508976105,12.514664506487142,9.689922976002242,2.8247415304849,1,1
DK,2025,6,287035.03442,16570,1,1,17.322572988533494,12.567359558441508,9.71534911042061,2.852010448020899,1,1
DK,2025,7,306120.38576,16099,1,1,19.01486960432325,12.631733721082478,9.686512437242294,2.9452212838401834,1,1
DK,2025,8,299665.32644,16524,1,1,18.135156526264826,12.6104215523841,9.712569148516655,2.897852403867445,1,1
DK,2025,9,278797.19162,16298,1,1,17.106221108111423,12.538239884718775,9.698797679880165,2.839442204838611,1,1
DK,2025,10,283310.30126,16553,1,1,17.115344726635655,12.554298046823616,9.714322633260165,2.8399754135634514,1,1
DK,2025,11,234793.69222,13594,1,1,17.27186201412388,12.366462502094812,9.517383797906584,2.8490787041882295,1,1
DK,2025,12,230097.5551,13134,1,1,17.51922910765951,12.346258650586739,9.482959566750917,2.86329908383582,1,1
DK,2026,1,228724.92264,12352,1,1,18.51723790803109,12.340275349324923,9.421573272264558,2.918702077060365,1,1
DK,2026,2,212939.18378,12113,1,1,17.579392700404522,12.268761881762725,9.402034535016803,2.866727346745923,1,1
DK,2026,3,240880.22576,14714,1,1,16.3708186597798,12.392055100385333,9.59655470049221,2.7955003998931227,1,1
DK,2026,4,250801.19332,15504,1,1,16.176547556759544,12.43241584578381,9.648853334130548,2.7835625116532623,1,1
DK,2026,5,274903.38158,16861,1,1,16.304097122353358,12.524174975205362,9.732758541777981,2.791416433427381,1,1
DK,2026,6,299968.90386,17192,1,1,17.448167976966033,12.611434094465912,9.752199438322346,2.8592346561435655,1,1
DK,2026,7,318255.63628,16473,1,1,19.319834655496873,12.670610226490638,9.709477955946982,2.9611322705436547,1,1
EE,2017,4,15023.122,1837,1,1,8.178074033750681,9.617345759910764,7.515889085215125,2.101456674695639,1,1
EE,2017,5,17155.457,2172,1,1,7.8984608655616935,9.750071594401438,7.683403681053826,2.066667913347613,1,1
EE,2017,6,17191.256,2106,1,1,8.162989553656221,9.752156161443617,7.652545692693921,2.099610468749696,1,1
EE,2017,7,18928.896,2093,1,1,9.04390635451505,9.8484449223759,7.646353722445999,2.2020911999299013,1,1
EE,2017,8,20028.413,2237,1,1,8.953246759052302,9.90490719436764,7.71289096149013,2.192016232877511,1,1
EE,2017,9,18944.777,2259,1,1,8.386355467020804,9.849283552467615,7.7226775164680035,2.126606035999611,1,1
EE,2017,10,18507.555,2205,1,1,8.393448979591836,9.82593430608104,7.6984827878809465,2.1274515182000933,1,1
EE,2017,11,15312.299,1921,1,1,7.971004164497658,9.636411640670318,7.560601162768557,2.07581047790176,1,1
EE,2017,12,14509.355,1765,1,1,8.220597733711047,9.58254889278821,7.475905969367397,2.1066429234208135,1,1
EE,2018,1,14131.86,1813,1,1,7.7947380033094325,9.556187101835004,7.502738210754851,2.0534488910801523,1,1
EE,2018,2,12985.66,1754,1,1,7.40345496009122,9.471600950683477,7.469654172932128,2.001946777751349,1,1
EE,2018,3,17086.652,1984,1,1,8.61222379032258,9.746052852880485,7.592870287844818,2.153182565035667,1,1
EE,2018,4,17648.513,2067,1,1,8.538225931301403,9.778406809520487,7.633853559681768,2.1445532498387188,1,1
EE,2018,5,20686.136,2554,1,1,8.099505090054816,9.937218996410964,7.845416036592485,2.0918029598184797,1,1
EE,2018,6,19951.323,2401,1,1,8.3095889212828,9.901050735908688,7.783640596221253,2.1174101396874354,1,1
EE,2018,7,20049.579,2375,1,1,8.441928,9.90596343500803,7.772752716468742,2.1332107185392886,1,1
EE,2018,8,19678.128,2306,1,1,8.53344666088465,9.887263044130645,7.743269700829004,2.143993343301641,1,1
EE,2018,9,19112.354,2272,1,1,8.41212764084507,9.858090211228415,7.7284157798410416,2.129674431387373,1,1
EE,2018,10,19532.055,2324,1,1,8.404498709122203,9.879812241069455,7.751045117971802,2.128767123097654,1,1
EE,2018,11,16580.907,2046,1,1,8.104060117302053,9.71600713165626,7.6236419465115715,2.0923651851446885,1,1
EE,2018,12,15621.663,1838,1,1,8.499272578890098,9.65641388379571,7.516433302915632,2.139980580880077,1,1
EE,2019,1,15412.013,1895,1,1,8.13298839050132,9.642902549244265,7.546974117516527,2.0959284317277382,1,1
EE,2019,2,14138.037,1710,1,1,8.267857894736842,9.556624103787879,7.444248649496705,2.112375454291174,1,1
EE,2019,3,16022.745,1917,1,1,8.35823943661972,9.68176455425851,7.558516743045645,2.1232478112128668,1,1
EE,2019,4,17328.218,2082,1,1,8.322871277617676,9.760091549955725,7.641084249174914,2.119007300780811,1,1
EE,2019,5,18627.841,2255,1,1,8.260683370288248,9.83241256852794,7.720905251936779,2.1115073165911613,1,1
EE,2019,6,19459.92,2330,1,1,8.351896995708154,9.87611224473463,7.753623546559746,2.122488698174883,1,1
EE,2019,7,19350.764,2306,1,1,8.391484822202948,9.870487180882622,7.743269700829004,2.1272174800536168,1,1
EE,2019,8,19049.257,2332,1,1,8.168635077186964,9.854783377169554,7.754481547470383,2.1003018296991702,1,1
EE,2019,9,19349.846,2278,1,1,8.494225636523266,9.870439739769926,7.731053144007127,2.1393865957627995,1,1
EE,2019,10,20267.09,2242,1,1,9.039736842105263,9.916753667225889,7.715123603632105,2.2016300635937838,1,1
EE,2019,11,15657.461,1845,1,1,8.486428726287263,9.65870282357737,7.520234556474628,2.138468267102742,1,1
EE,2019,12,15363.993,1809,1,1,8.493086235489221,9.639781933855174,7.500529485395295,2.1392524484598785,1,1
EE,2020,1,14654.966,1772,1,1,8.27029683972912,9.592534533115007,7.4798641311650265,2.112670401949981,1,1
EE,2020,2,14273.423,1712,1,1,8.337279789719627,9.566154555566994,7.445417556701687,2.1207369988653073,1,1
EE,2020,3,10160.925,1150,1,1,8.83558695652174,9.226304760295369,7.047517221357296,2.1787875389380735,1,1
EE,2020,4,1988.089,240,1,1,8.283704166666666,7.594929154826105,5.480638923341991,2.1142902314841137,1,1
EE,2020,5,2293.044,507,1,1,4.522769230769231,7.737635471509388,6.2285110035911835,1.5091244679182045,1,1
EE,2020,6,3894.08,794,1,1,4.904382871536524,8.267212730148435,6.677083461247136,1.5901292689012996,1,1
EE,2020,7,7705.038,1067,1,1,7.22121649484536,8.949629679604481,6.9726062513017535,1.9770234283027281,1,1
EE,2020,8,7164.817,1092,1,1,6.561187728937729,8.876937799112653,6.9957661563048505,1.8811716428078022,1,1
EE,2020,9,6371.021,1061,1,1,6.00473232799246,8.759515018296899,6.966967138613983,1.7925478796829146,1,1
EE,2020,10,5001.917,922,1,1,5.425072668112799,8.517576517937238,6.826545223556594,1.6910312943806443,1,1
EE,2020,11,6092.475,853,1,1,7.142409144196952,8.714809682085116,6.748759547491679,1.9660501345934362,1,1
EE,2020,12,5106.975,845,1,1,6.0437573964497044,8.538362531393837,6.739336627357174,1.7990259040366634,1,1
EE,2021,1,3872.3184,719,1,1,5.385700139082059,8.26160867642061,6.577861357721047,1.683747318699563,1,1
EE,2021,2,3524.8267,648,1,1,5.43954737654321,8.167586550917257,6.473890696352274,1.6936958545649812,1,1
EE,2021,3,5446.86765,812,1,1,6.7079650862068965,8.602795979309885,6.699500340161678,1.903295639148207,1,1
EE,2021,4,6127.49375,854,1,1,7.175051229508196,8.720541095409907,6.74993119378857,1.9706099016213374,1,1
EE,2021,5,8602.8895,991,1,1,8.681018668012108,9.059853414182239,6.898714534329988,2.161138879852251,1,1
EE,2021,6,9677.9195,1166,1,1,8.300102487135506,9.177602229484407,7.061334366910438,2.1162678625739697,1,1
EE,2021,7,12108.1954,1326,1,1,9.131369079939669,9.40163780810191,7.189922170745808,2.2117156373561024,1,1
EE,2021,8,12367.0784,1412,1,1,8.758554107648726,9.42279325317373,7.252762418053187,2.170030835120542,1,1
EE,2021,9,15383.38455,1526,1,1,10.080854882044562,9.641043280618126,7.330405211844402,2.310638068773724,1,1
EE,2021,10,20600.45085,1519,1,1,13.561850460829493,9.933068240460509,7.325807502595773,2.6072607378647366,1,1
EE,2021,11,24449.1866,1567,1,1,15.602544097000639,10.104352226455969,7.356918242356021,2.747433984099948,1,1
EE,2021,12,25198.78015,1561,1,1,16.142716303651504,10.134550865581838,7.353081920515432,2.7814689450664063,1,1
EE,2022,1,19244.7449,1404,1,1,13.707083262108263,9.864993310238983,7.247080584585756,2.617912725653226,1,1
EE,2022,2,12124.92655,1255,1,1,9.661296055776893,9.403018658055377,7.134890851565884,2.2681278064894927,1,1
EE,2022,3,14640.01495,1585,1,1,9.236602492113565,9.591513808689644,7.368339686311381,2.2231741223782637,1,1
EE,2022,4,16077.18175,1711,1,1,9.396365721800116,9.685156263068892,7.444833273892193,2.2403229891766983,1,1
EE,2022,5,19106.02235,2035,1,1,9.388708771498772,9.857758870618865,7.618251097876695,2.239507772742169,1,1
EE,2022,6,17948.0308,1885,1,1,9.52150175066313,9.795235683163044,7.541683099882111,2.2535525832809333,1,1
EE,2022,7,16897.5099,1888,1,1,8.949952277542373,9.734921546859823,7.543273346705446,2.191648200154378,1,1
EE,2022,8,16950.71245,1896,1,1,8.94024918248945,9.738065144373635,7.547501682814967,2.190563461558668,1,1
EE,2022,9,18159.63385,1888,1,1,9.618450132415253,9.806956489507085,7.543273346705446,2.2636831428016393,1,1
EE,2022,10,18692.64435,1931,1,1,9.680292257897461,9.835885375192788,7.565793282428515,2.2700920927642745,1,1
EE,2022,11,13950.28355,1525,1,1,9.147726918032786,9.543255113207813,7.329749689041512,2.2135054241663004,1,1
EE,2022,12,13348.34025,1395,1,1,9.568702688172042,9.499147330256601,7.240649694255466,2.2584976360011346,1,1
EE,2023,1,13156.9761,1435,1,1,9.168624459930314,9.484707398840666,7.268920128193722,2.2157872706469433,1,1
EE,2023,2,12265.13665,1342,1,1,9.139446087928466,9.414516098089962,7.201916317531627,2.2125997805583344,1,1
EE,2023,3,15355.4002,1641,1,1,9.357343205362584,9.639222495706889,7.403061091090091,2.236161404616799,1,1
EE,2023,4,14733.77515,1568,1,1,9.396540274234694,9.597897766504623,7.357556200910353,2.24034156559427,1,1
EE,2023,5,17480.3366,1896,1,1,9.219586814345991,9.768831905317032,7.547501682814967,2.2213302225020652,1,1
EE,2023,6,17160.0547,1800,1,1,9.533363722222223,9.75033956068256,7.495541943884256,2.2547976167983044,1,1
EE,2023,7,16466.5148,1760,1,1,9.355974318181818,9.70908419179331,7.473069088032197,2.2360151037611127,1,1
EE,2023,8,16728.46325,1878,1,1,8.907594914802983,9.724866933814454,7.537962659768208,2.186904274046246,1,1
EE,2023,9,17481.37475,1796,1,1,9.733504871937638,9.768891293142183,7.493317248862145,2.275574044280038,1,1
EE,2023,10,18032.3842,1773,1,1,10.170549464184997,9.799924542618681,7.480428306074208,2.319496236544473,1,1
EE,2023,11,14872.32315,1661,1,1,8.953836935580975,9.607257257917231,7.415175109613295,2.1920821483039363,1,1
EE,2023,12,14485.66155,1535,1,1,9.436913061889252,9.580914580544736,7.336285660021297,2.244628920523438,1,1
EE,2024,1,13379.29976,1475,1,1,9.070711701694915,9.501463997484603,7.29641326877392,2.205050728710683,1,1
EE,2024,2,12642.32514,1404,1,1,9.004505085470086,9.444805601733314,7.247080584585756,2.1977250171475577,1,1
EE,2024,3,15432.65592,1623,1,1,9.508722070240296,9.644241057570325,7.392031567514591,2.252209490055734,1,1
EE,2024,4,19155.34206,1896,1,1,10.103028512658227,9.860336914453772,7.547501682814967,2.3128352316388043,1,1
EE,2024,5,21710.92022,2121,1,1,10.236171720886375,9.985570648892509,7.659642954564682,2.325927694327826,1,1
EE,2024,6,19048.76674,1974,1,1,9.64983117527862,9.854757640401505,7.587817219993427,2.2669404204080785,1,1
EE,2024,7,18421.08896,2040,1,1,9.02994556862745,9.821251426411497,7.620705086838262,2.200546339573235,1,1
EE,2024,8,18565.80682,2031,1,1,9.141214583948795,9.829076824864272,7.616283561580385,2.2127932632838867,1,1
EE,2024,9,19879.42626,2040,1,1,9.744816794117646,9.897440619633137,7.620705086838262,2.276735532794875,1,1
EE,2024,10,20824.21972,2100,1,1,9.916295104761906,9.943871997905713,7.649692623711514,2.2941793741941994,1,1
EE,2024,11,14706.94322,1568,1,1,9.379428073979591,9.596074989146278,7.357556200910353,2.2385187882359245,1,1
EE,2024,12,15224.81704,1580,1,1,9.635960151898734,9.630682075428716,7.365180126021013,2.265501949407704,1,1
EE,2025,1,13996.09968,1547,1,1,9.047252540400775,9.546533975497084,7.344072850573066,2.202461124924018,1,1
EE,2025,2,13760.04486,1488,1,1,9.247341975806451,9.52952437165644,7.305188215393037,2.224336156263402,1,1
EE,2025,3,16772.664,1765,1,1,9.502925779036827,9.72750569729951,7.475905969367397,2.2515997279321125,1,1
EE,2025,4,17078.70898,1859,1,1,9.187040871436256,9.745587877834692,7.527793987721444,2.217793890113248,1,1
EE,2025,5,19187.22928,1995,1,1,9.617658786967418,9.86200019504435,7.598399329323964,2.263600865720386,1,1
EE,2025,6,19495.65704,1927,1,1,10.11710277114686,9.877947003849533,7.563719668414366,2.3142273354351675,1,1
EE,2025,7,17921.70854,1919,1,1,9.339087305888484,9.79376802461803,7.5595594960077,2.23420852861033,1,1
EE,2025,8,19038.34482,1984,1,1,9.595939929435483,9.854210372843886,7.592870287844818,2.261340084999068,1,1
EE,2025,9,21357.17284,2077,1,1,10.282702378430429,9.969142926636177,7.638679823876112,2.3304631027600657,1,1
EE,2025,10,23913.45662,2167,1,1,11.035282242731888,10.082196617966625,7.681099001536359,2.401097616430266,1,1
EE,2025,11,17865.48402,1737,1,1,10.28525274611399,9.790625863289488,7.459914766241105,2.3307110970483835,1,1
EE,2025,12,17721.04798,1783,1,1,9.938893987661245,9.782508363493829,7.48605261786314,2.296455745630688,1,1
EE,2026,1,14694.77136,1649,1,1,8.911322838083688,9.59524701969829,7.407924322559599,2.1873226971386908,1,1
EE,2026,2,14581.65044,1596,1,1,9.13637245614035,9.587519198058743,7.3752557780097545,2.212263420048989,1,1
EE,2026,3,17573.50976,1877,1,1,9.362551816728823,9.774147919911602,7.537430036586509,2.236717883325093,1,1
EE,2026,4,18328.67366,1916,1,1,9.56611360125261,9.816221979241355,7.557994958530806,2.258227020710549,1,1
EE,2026,5,21086.42652,2180,1,1,9.672672715596331,9.956384819571511,7.687080155783135,2.2693046637883763,1,1
EE,2026,6,21401.81868,2098,1,1,10.201057521449,9.971231182445647,7.6487397889562425,2.322491393489405,1,1
EE,2026,7,20112.36808,2172,1,1,9.25983797421731,9.909090232174094,7.683403681053826,2.2256865511202673,1,1
EL,2010,1,142515.501,14377,1,1,9.912742644501634,11.86720605172221,9.573384986422592,2.2938210652996176,0,0
EL,2010,2,121075.499,12138,1,1,9.974913412423792,11.704169588675285,9.4040963063958,2.300073282279484,0,0
EL,2010,3,147184.607,14730,1,1,9.992166123557364,11.89944290779801,9.597641509456675,2.3018013983413335,0,0
EL,2010,4,182136.141,16357,1,1,11.135057834566242,12.11250971389835,9.702411219258526,2.4100984946398247,0,0
EL,2010,5,323494.106,21055,1,1,15.364241557824746,12.686936173282618,9.954893340596028,2.7320428326865898,0,0
EL,2010,6,395641.776,24242,1,1,16.320508868905208,12.888264474773031,10.095841945030458,2.7924225297425744,0,0
EL,2010,7,457339.913,27705,1,1,16.507486482584373,13.033182185522605,10.22936818130145,2.8038140042211546,0,0
EL,2010,8,465990.36,28779,1,1,16.192027520066716,13.051920226198531,10.267401233486057,2.7845189927124743,0,0
EL,2010,9,391073.361,24008,1,1,16.28929361046318,12.876650445409235,10.086142387120203,2.7905080582890314,0,0
EL,2010,10,275816.209,18943,1,1,14.560323549596156,12.52749001346284,9.849189749128278,2.678300264334562,0,0
EL,2010,11,129036.177,11589,1,1,11.134366813357493,11.767848085887806,9.35781165133439,2.4100364345534153,0,0
EL,2010,12,126856.952,11463,1,1,11.066645031841578,11.750815368413358,9.34687973611501,2.403935632298348,0,0
EL,2011,1,122300.903,11306,1,1,10.817345038032903,11.714239705131243,9.333088837235236,2.381150867896008,0,0
EL,2011,2,113773.932,10164,1,1,11.193814639905549,11.641968705892861,9.226607344440055,2.4153613614528067,0,0
EL,2011,3,139363.366,11776,1,1,11.834524966032609,11.844839945066745,9.373818840968658,2.471021104098088,0,0
EL,2011,4,185128.749,15025,1,1,12.321380965058237,12.128806802546682,9.617470759403409,2.5113360431432734,0,0
EL,2011,5,335768.682,20866,1,1,16.091665005271732,12.724177755428705,9.945876319027915,2.7783014364007914,0,0
EL,2011,6,416166.095,24444,1,1,17.025286164293895,12.938839726384535,10.104140066014805,2.8346996603697274,0,0
EL,2011,7,487252.58,28699,1,1,16.97803338095404,13.096537912378878,10.264617557935098,2.8319203544437785,0,0
EL,2011,8,484891.651,29202,1,1,16.604741147866584,13.091680744962122,10.28199247906151,2.809688265900614,0,0
EL,2011,9,417631.508,24527,1,1,17.02741908916704,12.942354762895913,10.107529830547938,2.8348249323479777,0,0
EL,2011,10,270712.547,17897,1,1,15.126141085098062,12.508812824731432,9.792388380017409,2.716424444714024,0,0
EL,2011,11,109235.869,10763,1,1,10.149202731580415,11.601264759054224,9.283869605264298,2.3173951537899256,0,0
EL,2011,12,106445.43,10693,1,1,9.954683437763022,11.575387738446567,9.277344600756656,2.29804313768991,0,0
EL,2012,1,99487.221,10340,1,1,9.621588104448744,11.507784482737764,9.24377514806242,2.264009334675344,1,1
EL,2012,2,88383.166,9342,1,1,9.460839862984372,11.389436800627413,9.142275641062053,2.2471611595653593,1,1
EL,2012,3,106808.083,10816,1,1,9.875007673816567,11.578788886164977,9.288781798282745,2.2900070878822323,1,1
EL,2012,4,166401.672,14199,1,1,11.719252905134164,12.022159855395687,9.560926818574357,2.461233036821329,1,1
EL,2012,5,288723.012,19239,1,1,15.007173553719008,12.573223071514956,9.864694747816973,2.708528323697984,1,1
EL,2012,6,376089.027,23039,1,1,16.324016971222708,12.837581168281677,10.044943711090122,2.7926374571915553,1,1
EL,2012,7,441312.133,27089,1,1,16.2911932149581,12.997507688648103,10.2068830204074,2.790624668240703,1,1
EL,2012,8,446346.627,27645,1,1,16.145654801953338,13.008851119728948,10.227200158772034,2.781650960956916,1,1
EL,2012,9,381142.724,23055,1,1,16.531890002168726,12.85092918763694,10.045637944640806,2.805291242996134,1,1
EL,2012,10,228885.019,16473,1,1,13.894555879317672,12.340975056005062,9.709477955946982,2.631497100058079,1,1
EL,2012,11,90879.164,9622,1,1,9.444934940760756,11.417286034969006,9.171807422259398,2.245478612709607,1,1
EL,2012,12,85613.832,9176,1,1,9.330190932868351,11.357602137860818,9.124346658809207,2.233255479051612,1,1
EL,2013,1,80760.59,9112,1,1,8.863102502194907,11.299244377996919,9.117347505127018,2.1818968728699,1,1
EL,2013,2,72790.437,8278,1,1,8.793239550616091,11.1953398656662,9.021356672308677,2.173983193357524,1,1
EL,2013,3,86796.854,9423,1,1,9.211169903427784,11.371325655751972,9.150908788206756,2.220416867545216,1,1
EL,2013,4,140580.464,12818,1,1,10.967425807458262,11.853535301336201,9.458605712064172,2.3949295892720284,1,1
EL,2013,5,293188.86,18877,1,1,15.531538909784393,12.588572253729849,9.845699528768733,2.7428727249611145,1,1
EL,2013,6,397011.316,23561,1,1,16.850359322609396,12.89172006304144,10.067348081686498,2.824371981354941,1,1
EL,2013,7,463321.35,27396,1,1,16.912007227332456,13.046176152794951,10.218152296317795,2.8280238564771554,1,1
EL,2013,8,475581.424,28427,1,1,16.729919583494564,13.07229338500402,10.255094676741612,2.817198708262408,1,1
EL,2013,9,408261.805,24210,1,1,16.863354192482443,12.919663926519977,10.094521049932105,2.8251428765878726,1,1
EL,2013,10,248274.634,16910,1,1,14.682119101123595,12.422290807598687,9.735660441892627,2.6866303657060615,1,1
EL,2013,11,93460.817,9277,1,1,10.074465559987065,11.44529755792389,9.135293497653272,2.3100040602706198,1,1
EL,2013,12,87131.482,9099,1,1,9.575940433014617,11.375173544147591,9.11591979635669,2.2592537477909005,1,1
EL,2014,1,84129.12,8933,1,1,9.417790216052838,11.340108040487776,9.09750756370184,2.242600476785937,1,1
EL,2014,2,75644.95,8154,1,1,9.277035810645081,11.233805962196497,9.006263883379198,2.2275420788172986,1,1
EL,2014,3,88054.999,9141,1,1,9.632972213105786,11.385716886872647,9.12052506765382,2.265191819218828,1,1
EL,2014,4,160902.163,13916,1,1,11.562385958608795,11.988551776022497,9.540794536271832,2.447757239750664,1,1
EL,2014,5,338076.674,20906,1,1,16.17127494499187,12.731027994893303,9.947791478092652,2.783236516800651,1,1
EL,2014,6,454088.339,26428,1,1,17.182092439836538,13.026047037390544,10.182179333149776,2.8438677042407674,1,1
EL,2014,7,536936.489,31641,1,1,16.96964346891691,13.19363509647793,10.362209026944724,2.8314260695332054,1,1
EL,2014,8,548128.502,32713,1,1,16.755678231895576,13.214265031141766,10.395527831398702,2.8187371997430635,1,1
EL,2014,9,450265.14,26434,1,1,17.033560565937808,13.017591888236334,10.182406339317753,2.8351855489185818,1,1
EL,2014,10,287247.977,19168,1,1,14.985808482888148,12.568101153040423,9.860997500915175,2.7071036521252476,1,1
EL,2014,11,108621.359,10302,1,1,10.54371568627451,11.595623343018577,9.24009333012553,2.355530012893047,1,1
EL,2014,12,103789.979,10431,1,1,9.950146582302752,11.550124703627683,9.25253742067597,2.297587282951712,1,1
EL,2015,1,98107.802,10212,1,1,9.607109479044261,11.493822173481748,9.231318778361375,2.2625033951203743,1,1
EL,2015,2,88850.967,9094,1,1,9.770284473279085,11.394715717035108,9.115370134384955,2.2793455826501527,1,1
EL,2015,3,107444.301,10721,1,1,10.021854397910642,11.584727862041444,9.27995971385624,2.3047681481852043,1,1
EL,2015,4,183026.874,15259,1,1,11.99468339996068,12.117388273500808,9.632924771891735,2.484463501609072,1,1
EL,2015,5,347545.973,22013,1,1,15.788214827601871,12.758652231639465,9.99938846691333,2.759263764726133,1,1
EL,2015,6,450584.616,27789,1,1,16.214495519809997,13.01830116525232,10.232395537922137,2.785905627330182,1,1
EL,2015,7,544176.474,33253,1,1,16.364733227077256,13.207028873966832,10.41190026757783,2.7951286063890035,1,1
EL,2015,8,555157.115,34330,1,1,16.17119472764346,13.227006442756222,10.443774886451738,2.783231556304485,1,1
EL,2015,9,449244.155,27769,1,1,16.17790179696784,13.01532179398799,10.231675569569644,2.783646224418346,1,1
EL,2015,10,284885.615,19415,1,1,14.673480041205254,12.559843027810775,9.873801242165767,2.6860417856450067,1,1
EL,2015,11,110746.899,11039,1,1,10.032330736479754,11.615002687515375,9.309189736018352,2.305812951497023,1,1
EL,2015,12,108805.068,10975,1,1,9.913901412300683,11.597313193201476,9.303375237943373,2.2939379552581047,1,1
EL,2016,1,103066.736,10620,1,1,9.704965725047082,11.54313197973082,9.27049429479593,2.2726376849348897,1,1
EL,2016,2,95695.96,10223,1,1,9.360849065831948,11.468931361293949,9.232395362757014,2.2365359985369344,1,1
EL,2016,3,119842.515,11892,1,1,10.077574419778003,11.693933784845923,9.383621184117988,2.3103126007279355,1,1
EL,2016,4,189094.502,15323,1,1,12.340566599229916,12.150002179660152,9.637110246578176,2.5128919330819763,1,1
EL,2016,5,371601.874,23625,1,1,15.729179851851852,12.825578328966156,10.070060752361943,2.7555175766042113,1,1
EL,2016,6,476630.567,28957,1,1,16.459942915357253,13.074496977133615,10.273567249973496,2.8009297271601183,1,1
EL,2016,7,577684.483,35171,1,1,16.425022973472462,13.266783121446704,10.467977158387665,2.7988059630590394,1,1
EL,2016,8,578552.81,35812,1,1,16.155277839830227,13.268285109262699,10.486038311754047,2.782246797508653,1,1
EL,2016,9,490911.593,29990,1,1,16.369176158719572,13.104019335574995,10.308619271743055,2.7954000638319405,1,1
EL,2016,10,334595.643,20648,1,1,16.20474830492057,12.72067804593185,9.93537374139845,2.7853043045333994,1,1
EL,2016,11,115944.817,11205,1,1,10.347596340919232,11.660869641382735,9.324115386235027,2.336754255147708,1,1
EL,2016,12,117440.27,11597,1,1,10.126780201776322,11.67368514289202,9.358501722956703,2.315183419935318,1,1
EL,2017,1,113374.727,11105,1,1,10.209340567312022,11.638453779476281,9.315150736328528,2.323303043147753,1,1
EL,2017,2,99351.865,10096,1,1,9.840715629952458,11.506423019821888,9.219894584780995,2.286528435040894,1,1
EL,2017,3,129071.186,12255,1,1,10.532124520603835,11.76811936059929,9.413689295962213,2.354430064637076,1,1
EL,2017,4,214548.683,16255,1,1,13.198934666256536,12.27629195197156,9.696155832738006,2.580136119233554,1,1
EL,2017,5,394687.975,23739,1,1,16.626141581364,12.885850795009992,10.074874544277304,2.810976250732689,1,1
EL,2017,6,530066.815,31591,1,1,16.779045139438445,13.180758343620385,10.360627548882315,2.8201307947380707,1,1
EL,2017,7,632415.224,37779,1,1,16.739861404483975,13.357301457398979,10.539508671673955,2.817792785725023,1,1
EL,2017,8,630182.587,38328,1,1,16.44183330724275,13.353764877012749,10.553935978562958,2.7998288984497908,1,1
EL,2017,9,542605.5,32233,1,1,16.83385040176217,13.204137815535987,10.380746051458171,2.8233917640778157,1,1
EL,2017,10,379510.279,23174,1,1,16.37655471649262,12.846636961090011,10.050786239557008,2.7958507215330033,1,1
EL,2017,11,141599.856,12080,1,1,11.72184238410596,11.860760443292087,9.399306471488806,2.4614539718032806,1,1
EL,2017,12,134138.303,11747,1,1,11.418941261598707,11.806626658612023,9.371353167823885,2.4352734907881364,1,1
EL,2018,1,129049.134,11377,1,1,11.34298444229586,11.767948494546948,9.339349052539717,2.428599442007232,1,1
EL,2018,2,112009.435,10131,1,1,11.056108478926069,11.62633838780058,9.223355309053677,2.402983078746903,1,1
EL,2018,3,150650.305,12771,1,1,11.796281027327538,11.922716569116636,9.454932254496262,2.4677843146203746,1,1
EL,2018,4,242328.154,17574,1,1,13.789015249800842,12.398048094854358,9.774175816055788,2.623872278798571,1,1
EL,2018,5,465195.411,27180,1,1,17.115357284768212,13.050212835003615,10.210236687705134,2.8399761472984797,1,1
EL,2018,6,597067.899,34953,1,1,17.082021543215173,13.299786119575897,10.461759580888051,2.8380265386878465,1,1
EL,2018,7,691738.54,41304,1,1,16.74749515785396,13.44696333083323,10.628714626559486,2.818248704273745,1,1
EL,2018,8,690712.229,41762,1,1,16.539251688137544,13.44547856014691,10.639742114130007,2.8057364460169034,1,1
EL,2018,9,596746.785,35231,1,1,16.93811657347223,13.299248156670854,10.469681655831673,2.8295665008391806,1,1
EL,2018,10,411717.885,25290,1,1,16.279868920521945,12.928093648641,10.13816433966401,2.789929308976989,1,1
EL,2018,11,155343.111,13626,1,1,11.400492514310876,11.953391568810567,9.519735011333614,2.4336565574769526,1,1
EL,2018,12,145895.076,13058,1,1,11.172850053606984,11.890642984798113,9.477156251746578,2.4134867330515344,1,1
EL,2019,1,136161.84,12209,1,1,11.152579244819396,11.821599457229407,9.409928663668856,2.4116707935605524,1,1
EL,2019,2,123364.266,10964,1,1,11.251757205399489,11.722896769911285,9.302372457422676,2.4205243124886087,1,1
EL,2019,3,146762.608,13005,1,1,11.285090965013456,11.896571648821,9.473089177882752,2.4234824709382483,1,1
EL,2019,4,265522.424,18856,1,1,14.081588035638523,12.489454575607985,9.844586444615967,2.644868130992018,1,1
EL,2019,5,463810.949,27379,1,1,16.940390408707405,13.047232310683182,10.217531575165962,2.829700735517219,1,1
EL,2019,6,601481.152,35592,1,1,16.899335581029444,13.307150478910076,10.479876172485877,2.827274306424198,1,1
EL,2019,7,686736.531,41029,1,1,16.73783253308635,13.439705991096824,10.62203441272879,2.8176715783680355,1,1
EL,2019,8,694691.772,41593,1,1,16.70213189719424,13.45122353264941,10.63568716285973,2.8155363697896796,1,1
EL,2019,9,600210.218,34954,1,1,17.17143153859358,13.305035236168717,10.461788190326306,2.84324704584241,1,1
EL,2019,10,409149.228,25112,1,1,16.292976584899648,12.92183522911518,10.131101098521789,2.7907341305933904,1,1
EL,2019,11,155125.526,13118,1,1,11.825394572343345,11.95198991331502,9.481740611853681,2.4702493014613385,1,1
EL,2019,12,147007.887,12662,1,1,11.610163244353181,11.898241517382823,9.446360661104071,2.451880856278752,1,1
EL,2020,1,140902.797,12079,1,1,11.665104478847587,11.85582554864787,9.399223686605279,2.456601862042592,1,1
EL,2020,2,127227.41,11220,1,1,11.339341354723707,11.753731394095462,9.325453179076687,2.4282782150187754,1,1
EL,2020,3,92932.343,8852,1,1,10.49845718481699,11.43962701275911,9.08839870117094,2.351228311588171,1,1
EL,2020,4,20812.928,2928,1,1,7.10824043715847,9.943329611075917,7.982074875081202,1.9612547359947143,1,1
EL,2020,5,25525.137,3686,1,1,6.924887954422138,10.147419010305436,8.212297138229768,1.9351218720756673,1,1
EL,2020,6,42507.478,7108,1,1,5.980230444569499,10.657435292375782,8.868976189274543,1.7884591031012396,1,1
EL,2020,7,222363.875,18635,1,1,11.932593238529648,12.312070395611011,9.832796811913358,2.4792735836976525,1,1
EL,2020,8,343637.813,24958,1,1,13.76864384165398,12.747343512513373,10.1249496910678,2.6223938214455735,1,1
EL,2020,9,264198.495,18867,1,1,14.003206392113213,12.484455974612048,9.845169643211612,2.639286331400435,1,1
EL,2020,10,192694.709,13827,1,1,13.936118391552759,12.168862396838165,9.534378481388618,2.6344839154495463,1,1
EL,2020,11,55257.597,5945,1,1,9.294801850294366,10.919761112189873,8.690305809124883,2.229455303064991,1,1
EL,2020,12,49227.652,5668,1,1,8.685189131968949,10.804210777119602,8.64259160081057,2.16161917630903,1,1
EL,2021,1,46167.9062,5760,1,1,8.015261493055554,10.740040164678463,8.658692753689937,2.081347410988526,1,1
EL,2021,2,37451.2498,5145,1,1,7.279154480077745,10.530795360885179,8.545780648268149,1.9850147126170283,1,1
EL,2021,3,47502.7457,6150,1,1,7.72402369105691,10.76854279256266,8.724207360800564,2.044335431762096,1,1
EL,2021,4,56961.43475,7253,1,1,7.853499896594513,10.95012973449756,8.889170455363413,2.060959279134147,1,1
EL,2021,5,106491.3325,11105,1,1,9.58949414678073,11.575818875843154,9.315150736328528,2.2606681395146264,1,1
EL,2021,6,284140.3035,21773,1,1,13.050121871124787,12.557223421560924,9.988425949052319,2.5687974725086047,1,1
EL,2021,7,527528.116,35136,1,1,15.013892190346084,13.175957443385872,10.466981524869203,2.70897591851667,1,1
EL,2021,8,621012.4686,38475,1,1,16.14067494736842,13.33910643897492,10.55776395870708,2.7813424802678397,1,1
EL,2021,9,511752.63915,31111,1,1,16.44925072000257,13.145596660618201,10.345316733380217,2.8002799272379826,1,1
EL,2021,10,410560.8946,24490,1,1,16.764430159248672,12.925279539382093,10.106020149946213,2.8192593894358797,1,1
EL,2021,11,140441.27805,12696,1,1,11.061852398393194,11.852544730568503,9.449042262206245,2.403502468362258,1,1
EL,2021,12,126132.02625,11991,1,1,10.518891356017013,11.745084464726641,9.391911647379434,2.3531728173472075,1,1
EL,2022,1,101265.0367,9864,1,1,10.266122942011354,11.52549648455946,9.19664704484418,2.3288494397152792,1,1
EL,2022,2,91189.9144,9415,1,1,9.685598980350504,11.420699582227853,9.150059441091253,2.270640141136599,1,1
EL,2022,3,123529.8427,11617,1,1,10.633540733407935,11.72423804715516,9.360224821513475,2.3640132256416853,1,1
EL,2022,4,247239.4301,17950,1,1,13.773784406685238,12.418112498722826,9.795345393916424,2.6227671048064014,1,1
EL,2022,5,440764.3234,26864,1,1,16.40724848868374,12.996265597519937,10.198542379317322,2.7977232182026146,1,1
EL,2022,6,594419.2219,35804,1,1,16.602033904033068,13.295340110187174,10.48581489799083,2.809525212196345,1,1
EL,2022,7,720033.2017,43297,1,1,16.630094503083352,13.487052603401267,10.675838627525664,2.811213975875602,1,1
EL,2022,8,719453.5052,43057,1,1,16.70932729172957,13.486247182234738,10.670280098263682,2.8159670839710556,1,1
EL,2022,9,601404.2957,35801,1,1,16.798533440406693,13.307022692344445,10.485731104959568,2.821291587384877,1,1
EL,2022,10,437892.18705,26554,1,1,16.490629925811554,12.98972801077145,10.186935674455848,2.8027923363156027,1,1
EL,2022,11,140384.3131,12961,1,1,10.831287176915362,11.8521390342746,9.469700127423375,2.382438906851225,1,1
EL,2022,12,130525.578,12599,1,1,10.35999507897452,11.779324486539394,9.44137272471063,2.337951761828765,1,1
EL,2023,1,120729.8041,11994,1,1,10.065849933299983,11.70131030369611,9.392161803728454,2.309148499967655,1,1
EL,2023,2,107936.75135,11002,1,1,9.81064818669333,11.589300698906671,9.305832353435404,2.283468345471268,1,1
EL,2023,3,139700.79295,13401,1,1,10.42465435042161,11.847258221320569,9.503084610020228,2.3441736113003406,1,1
EL,2023,4,270144.02925,19447,1,1,13.891295791124596,12.506710537417751,9.875448095504883,2.631262441912869,1,1
EL,2023,5,469420.6076,28792,1,1,16.3038555015282,13.059254463437952,10.267852849758867,2.7914016136790853,1,1
EL,2023,6,625137.9525,38314,1,1,16.316175614657826,13.34572762836258,10.553570643625047,2.792156984737534,1,1
EL,2023,7,736662.6475,45399,1,1,16.22640691424921,13.50988532892859,10.723245357355136,2.7866399715734533,1,1
EL,2023,8,731000.39655,44779,1,1,16.324625305388686,13.502169281207829,10.709494558505451,2.792674722702378,1,1
EL,2023,9,633293.7385,38511,1,1,16.444489587390613,13.358689635356322,10.558699193753036,2.7999904416032866,1,1
EL,2023,10,472990.8496,28970,1,1,16.326919212978943,13.0668313218324,10.274016090763396,2.7928152310690026,1,1
EL,2023,11,171514.59275,14421,1,1,11.893391078982042,12.052423630889558,9.57644075656207,2.4759828743274874,1,1
EL,2023,12,152718.24345,13808,1,1,11.060127712195829,11.936349956565541,9.53300341332321,2.403346543242333,1,1
EL,2024,1,134655.1985,12911,1,1,10.429494113546587,11.810472704995423,9.46583494017472,2.344637764820704,1,1
EL,2024,2,128791.36954,12344,1,1,10.433519891445236,11.765949083730323,9.420925394042996,2.345023689687327,1,1
EL,2024,3,163670.3991,14632,1,1,11.185784520229634,12.005609922940165,9.590966190070702,2.4146437328694637,1,1
EL,2024,4,317859.81852,21603,1,1,14.713688771004026,12.669365742307464,9.980587472916977,2.6887782693904887,1,1
EL,2024,5,547342.83188,31991,1,1,17.10927547997874,13.212830634402371,10.373209892223665,2.839620742178706,1,1
EL,2024,6,686819.53354,40871,1,1,16.804568851753075,13.439826848981324,10.618176044083802,2.8216508048975224,1,1
EL,2024,7,786008.76066,47405,1,1,16.58071428456914,13.574723217227092,10.76648298735206,2.808240229875032,1,1
EL,2024,8,788311.05782,47345,1,1,16.650355007286937,13.577648034375724,10.765216496417601,2.8124315379581226,1,1
EL,2024,9,675687.43946,40697,1,1,16.60288078875593,13.423485880437491,10.613909658640255,2.809576221797236,1,1
EL,2024,10,513419.10202,31162,1,1,16.47580713753931,13.148847753622226,10.3469546827773,2.801893070844926,1,1
EL,2024,11,195425.90084,15916,1,1,12.278581354611712,12.182936562723551,9.675080171546819,2.5078563911767318,1,1
EL,2024,12,172175.40724,15135,1,1,11.375976692434755,12.056269045677999,9.624765221455819,2.4315038242221787,1,1
EL,2025,1,150273.05102,13772,1,1,10.911490779843161,11.920209258400535,9.530392824458414,2.3898164339421197,1,1
EL,2025,2,138194.05134,12808,1,1,10.789666719237976,11.8364141455398,9.45782525467655,2.3785888908632495,1,1
EL,2025,3,185162.24684,15701,1,1,11.793022536144194,12.128987729657887,9.661479683575521,2.4675080460823655,1,1
EL,2025,4,334011.73414,22898,1,1,14.586939214778583,12.718931403497406,10.038804849483757,2.6801265540136487,1,1
EL,2025,5,571680.52798,32974,1,1,17.337312063443925,13.256335596815445,10.403474651121124,2.8528609456943204,1,1
EL,2025,6,707926.95802,41717,1,1,16.969747537454754,13.470096200715394,10.638663998571394,2.8314322021440015,1,1
EL,2025,7,819165.87992,48654,1,1,16.83655773256053,13.616041881911693,10.792489304172612,2.8235525777390813,1,1
EL,2025,8,824090.58106,48705,1,1,16.92004067467406,13.622035731320791,10.793536973205056,2.828498758115735,1,1
EL,2025,9,703051.8764,41682,1,1,16.867037963629382,13.463185960957865,10.637824659920936,2.825361301036929,1,1
EL,2025,10,541413.09388,32364,1,1,16.728868306760596,13.201937841093375,10.38480197292773,2.817135868165644,1,1
EL,2025,11,210897.30186,17165,1,1,12.286472581415671,12.259126572928414,9.750627705891793,2.508498867036622,1,1
EL,2025,12,183691.0339,16553,1,1,11.097144559898508,12.121010461628815,9.714322633260165,2.40668782836865,1,1
EL,2026,1,160646.59828,14887,1,1,10.791065915228051,11.986962189592148,9.608243627877057,2.3787185617150906,1,1
EL,2026,2,157870.50804,14230,1,1,11.094202954321855,11.969530406611428,9.563107691083898,2.4064227155275306,1,1
EL,2026,3,223942.37588,17738,1,1,12.625007096628707,12.319144047206867,9.783464509936397,2.53567953727047,1,1
EL,2026,4,353977.28514,24138,1,1,14.664731342281879,12.776988023785982,10.091542641177844,2.6854453826081386,1,1
EL,2026,5,603468.1393,34974,1,1,17.254764662320582,13.310448524919817,10.462360207273605,2.8480883176462117,1,1
EL,2026,6,740544.50842,43842,1,1,16.8912118156106,13.51514101678512,10.688347541019272,2.8267934757658484,1,1
EL,2026,7,845187.09476,50768,1,1,16.64802818231957,13.647313295748027,10.835021513822976,2.81229178192505,1,1
ES,2010,1,1195601.895,66181,2,1,18.06563658754023,13.994160294368918,11.100148691666671,2.8940116027022453,0,0
ES,2010,2,1104903.722,64761,2,1,17.061251710134187,13.915268759726239,11.078458849302987,2.836809910423251,0,0
ES,2010,3,1287829.618,75783,2,1,16.99364788936833,14.068468892734623,11.235629272070865,2.832839620663759,0,0
ES,2010,4,1363579.051,77083,2,1,17.689750671354254,14.125623456118193,11.252638042372888,2.872985413745305,0,0
ES,2010,5,1466594.422,85746,2,1,17.10393979894106,14.198453551279906,11.35914471670985,2.8393088345700557,0,0
ES,2010,6,1513135.337,87502,2,1,17.29258002102809,14.229694438208332,11.379416929227343,2.8502775089809904,0,0
ES,2010,7,1692577.242,95224,2,1,17.774691695370915,14.341762920541079,11.463987289847715,2.877775630693363,0,0
ES,2010,8,1700988.888,92982,2,1,18.293743821384783,14.346720338728796,11.44016120501539,2.9065591337134054,0,0
ES,2010,9,1537196.0219999999,86359,2,1,17.800067416250766,14.245470549847463,11.366268305126779,2.8792022447206853,0,0
ES,2010,10,1520163.648,85368,2,1,17.807183581669946,14.234328550185092,11.3547266022964,2.879601947888691,0,0
ES,2010,11,1267554.621,71707,2,1,17.676860292579526,14.052600107010102,11.180343650832073,2.872256456178029,0,0
ES,2010,12,1223526.701,65995,2,1,18.539687870293204,14.01724798508403,11.097334260563056,2.919913724520975,0,0
ES,2011,1,1256947.193,67668,2,1,18.57520826683218,14.04419647634784,11.122368673595183,2.9218278027526585,0,0
ES,2011,2,1188035.488,66563,2,1,17.848286405360334,13.987811650512437,11.105904146594758,2.881907503917681,0,0
ES,2011,3,1408887.148,78111,2,1,18.03698772259989,14.158310693989684,11.265886170980464,2.892424523009219,0,0
ES,2011,4,1538698.394,82434,2,1,18.66582228206808,14.246447418306705,11.319753252152003,2.926694166154701,0,0
ES,2011,5,1573876.435,88098,2,1,17.865064303389406,14.269052201065955,11.386205110190993,2.8828470908749635,0,0
ES,2011,6,1634602.3360000001,89540,2,1,18.255554344427072,14.30691011315895,11.402440731794956,2.904469381363992,0,0
ES,2011,7,1819469.487,97091,2,1,18.739836720190336,14.414055525901977,11.483403962033057,2.9306515638689214,0,0
ES,2011,8,1811826.474,95256,2,1,19.020602103804485,14.409845996098648,11.46432328313101,2.945522712967638,0,0
ES,2011,9,1687281.043,90123,2,1,18.721980437846057,14.338628941013969,11.408930682940186,2.929698258073783,0,0
ES,2011,10,1601080.875,85614,2,1,18.701157228957882,14.286189506005933,11.35760410015863,2.9285854058473024,0,0
ES,2011,11,1246511.713,67971,2,1,18.338875594003326,14.03585957861239,11.126836422605564,2.9090231560068274,0,0
ES,2011,12,1234201.858,64884,2,1,19.02166725232723,14.025935050296589,11.080356339170006,2.9455787111265828,0,0
ES,2012,1,1163632.298,62891,2,1,18.50236596651349,13.967056962179122,11.049158348190272,2.91789861398885,1,1
ES,2012,2,1077074.1979999999,59694,2,1,18.04325724528428,13.889758846987409,10.996986791817415,2.8927720551699942,1,1
ES,2012,3,1257246.604,69255,2,1,18.15387486824056,14.044434652897136,11.145550623609198,2.898884029287938,1,1
ES,2012,4,1362987.406,72689,2,1,18.750944517052098,14.125189470724022,11.193945345333564,2.931244125390459,1,1
ES,2012,5,1445874.081,79466,2,1,18.194876815241738,14.184224596996222,11.283084536208287,2.901140060787934,1,1
ES,2012,6,1533009.704,82406,2,1,18.603132102031406,14.24274348790567,11.319413528780622,2.92332995912505,1,1
ES,2012,7,1699162.439,90144,2,1,18.849423577831026,14.34564600467715,11.409163670676099,2.9364823340010497,1,1
ES,2012,8,1707391.555,88591,2,1,19.27274277296791,14.350477357429208,11.39178555129812,2.958691806131087,1,1
ES,2012,9,1563492.786,81506,2,1,19.182548352268547,14.262432841862353,11.308431916151063,2.954000925711289,1,1
ES,2012,10,1451471.9070000001,75538,2,1,19.21512228282454,14.188088707798618,11.232391119876766,2.9556975879218523,1,1
ES,2012,11,1122592.658,57628,2,1,19.47998643020754,13.931151441294254,10.961763839681364,2.969387601612891,1,1
ES,2012,12,1117560.168,55129,2,1,20.271729362041757,13.926658445631192,10.917431172474902,3.0092272731562884,1,1
ES,2013,1,1082240.377,54024,2,1,20.03258509181105,13.894543873603805,10.897183671254679,2.997360202349127,1,1
ES,2013,2,1002886.058,50512,2,1,19.854411981311372,13.818392459294557,10.829966210797773,2.9884262484967845,1,1
ES,2013,3,1214545.458,60481,2,1,20.081438104528697,14.009880456118715,11.010084545108258,2.999795911010457,1,1
ES,2013,4,1309776.206,67510,2,1,19.4012176862687,14.085366845468851,11.120031014035916,2.965335831432934,1,1
ES,2013,5,1420370.608,74249,2,1,19.129828118897223,14.166428387074369,11.215179588560783,2.951248798513586,1,1
ES,2013,6,1502682.881,76708,2,1,19.58965011472076,14.22276265578815,11.247761284393405,2.975001371394743,1,1
ES,2013,7,1662590.8059999999,84649,2,1,19.640997601861805,14.323887670170896,11.34626857414242,2.9776190960284774,1,1
ES,2013,8,1682528.955,84510,2,1,19.909229144479944,14.335808549862596,11.344625149538528,2.9911834003240685,1,1
ES,2013,9,1506657.075,76752,2,1,19.63019953877423,14.225403896969597,11.248334723741845,2.9770691732277523,1,1
ES,2013,10,1436162.868,72708,2,1,19.75247384056775,14.17748543998629,11.19420669873299,2.9832787412532995,1,1
ES,2013,11,1173844.476,57546,2,1,20.39836784485455,13.975794797000228,10.960339906956007,3.0154548900442224,1,1
ES,2013,12,1151252.914,55415,2,1,20.775113489127495,13.95636139771023,10.922605594209754,3.0337558035004775,1,1
ES,2014,1,1121941.256,55241,2,1,20.309937473977662,13.93057100718789,10.919460710183415,3.011110297004475,1,1
ES,2014,2,1042985.767,52281,2,1,19.94961395153115,13.857598087676951,10.864388295328752,2.9932097923481997,1,1
ES,2014,3,1223791.992,61899,2,1,19.7707877671691,14.0174647864363,11.03325930345334,2.9842054829829605,1,1
ES,2014,4,1394910.6400000001,71615,2,1,19.477911610696086,14.148340913838174,11.179059828213965,2.969281085624208,1,1
ES,2014,5,1490069.714,78082,2,1,19.083395840270484,14.214333464746584,11.26551483551302,2.948818629233564,1,1
ES,2014,6,1570204.282,82058,2,1,19.13529798435253,14.266716284783715,11.315181593288735,2.9515346914949814,1,1
ES,2014,7,1740549.04,90333,2,1,19.26814165365924,14.36971116164825,11.41125812115002,2.9584530404982288,1,1
ES,2014,8,1759205.284,90163,2,1,19.51138808602198,14.380372721856196,11.409374422339322,2.9709982995168733,1,1
ES,2014,9,1567422.189,81596,2,1,19.209546901808913,14.26494291006571,11.309535520142855,2.9554073899228555,1,1
ES,2014,10,1491878.41,76104,2,1,19.603153710711656,14.215546561786905,11.239856104886293,2.975690456900612,1,1
ES,2014,11,1183405.1090000002,58813,2,1,20.121488599459305,13.983906526436977,10.982118197885645,3.0017883285513305,1,1
ES,2014,12,1170437.303,57034,2,1,20.52174673002069,13.97288800018972,10.951402860214577,3.021485139975142,1,1
ES,2015,1,1135130.861,56041,2,1,20.2553641262647,13.942258498286805,10.933838844688593,3.008419653598212,1,1
ES,2015,2,1053718.996,53516,2,1,19.68979363181105,13.867836365326799,10.88773595359351,2.980100411733288,1,1
ES,2015,3,1240082.314,63280,2,1,19.596749589127686,14.030688317636079,11.055324602441535,2.9753637151945442,1,1
ES,2015,4,1400343.8150000002,72957,2,1,19.194098098880165,14.152228346577987,11.197625505481774,2.9546028410962113,1,1
ES,2015,5,1504779.423,80722,2,1,18.641503220931096,14.22415688263304,11.298766431727483,2.925390450905557,1,1
ES,2015,6,1576964.268,83790,2,1,18.82043523093448,14.27101220747668,11.336068947607332,2.9349432598693475,1,1
ES,2015,7,1763778.324,92626,2,1,19.04193556884676,14.38296884098549,11.436325158761433,2.946643682224058,1,1
ES,2015,8,1791963.924,92413,2,1,19.390820815253267,14.39882274061794,11.434022940374186,2.9647998002437523,1,1
ES,2015,9,1610957.027,82954,2,1,19.41988363430335,14.292338987067145,11.32604151627633,2.966297470790816,1,1
ES,2015,10,1562107.081,78857,2,1,19.809364812255094,14.261546160809274,11.275391364608074,2.986154796201199,1,1
ES,2015,11,1253576.076,62747,2,1,19.97826312014917,14.041510885604445,11.046866047086215,2.994644838518231,1,1
ES,2015,12,1279472.156,60690,2,1,21.0820918767507,14.061958172719558,11.013534218829902,3.048423953889657,1,1
ES,2016,1,1240853.452,59302,2,1,20.924310343664633,14.031309968575536,10.990398311229896,3.04091165734564,1,1
ES,2016,2,1193875.898,59403,2,1,20.09790579600357,13.992715629509304,10.992100009125904,3.000615620383399,1,1
ES,2016,3,1401894.2580000001,69707,2,1,20.111240736224484,14.153334921478349,11.152056022121888,3.001278899356461,1,1
ES,2016,4,1521043.309,76686,2,1,19.834693542497977,14.234907044866295,11.247474441359769,2.987432603506526,1,1
ES,2016,5,1665683.972,86023,2,1,19.36323973820955,14.325746391037923,11.36236998133991,2.963376409698012,1,1
ES,2016,6,1754014.5899999999,89452,2,1,19.608444640701155,14.377417770009659,11.401457447546608,2.9759603224630506,1,1
ES,2016,7,1992575.429,99398,2,1,20.04643382160607,14.5049385453917,11.506887271717895,2.998051273673806,1,1
ES,2016,8,1989948.6060000001,98889,2,1,20.123053180839126,14.503619370236521,11.501753287966977,3.001866082269544,1,1
ES,2016,9,1805228.247,90208,2,1,20.01184204283434,14.406197594386237,11.40987339391384,2.9963242004723982,1,1
ES,2016,10,1743490.377,84993,2,1,20.513340828068195,14.371399625724997,11.350324179140088,3.0210754465849097,1,1
ES,2016,11,1367102.584,66346,2,1,20.605651945859584,14.128204156050694,11.102638751582846,3.0255654044678475,1,1
ES,2016,12,1407218.892,64915,2,1,21.67786939844412,14.157125897556982,11.080834000794354,3.0762918967626285,1,1
ES,2017,1,1353732.0720000002,63633,2,1,21.27405704587243,14.11837583399635,11.060887482687326,3.057488351309023,1,1
ES,2017,2,1250676.472,60710,2,1,20.600831362213803,14.039195140494698,11.01386370812448,3.0253314323702174,1,1
ES,2017,3,1470195.1670000001,72332,2,1,20.32565347287508,14.200905716608872,11.18902191050487,3.011883806104002,1,1
ES,2017,4,1676259.3,82548,2,1,20.306479866259632,14.33207526166107,11.321135221314014,3.0109400403470543,1,1
ES,2017,5,1787779.885,90599,2,1,19.732887614653585,14.396485120314063,11.414198454442563,2.9822866658715004,1,1
ES,2017,6,1898709.966,95044,2,1,19.977168111611466,14.45668524827221,11.462095221252904,2.994590027019307,1,1
ES,2017,7,2102707.786,103904,2,1,20.237024426393592,14.558736494007901,11.551222674902572,3.0075138191053274,1,1
ES,2017,8,2084785.591,102134,2,1,20.412258317504456,14.550176573874497,11.534040955574303,3.0161356183001935,1,1
ES,2017,9,1938811.4649999999,95338,2,1,20.33618772158006,14.477585696387493,11.465183750984767,3.0124019454027255,1,1
ES,2017,10,1865482.738,90752,2,1,20.55583059326516,14.439030418317236,11.415885790451744,3.023144627865491,1,1
ES,2017,11,1458611.579,71775,2,1,20.322000404040402,14.192995567934876,11.181291504989264,3.0117040629456104,1,1
ES,2017,12,1475638.69,69782,2,1,21.146408672723624,14.2046014642037,11.153131375837628,3.051470088366072,1,1
ES,2018,1,1409672.9340000001,67950,2,1,20.74573854304636,14.158868273744947,11.12652741957929,3.032340854165657,1,1
ES,2018,2,1304491.096,64599,2,1,20.193673214755645,14.081323557931945,11.075954209774718,3.0053693481572283,1,1
ES,2018,3,1578972.292,77646,2,1,20.335526517785848,14.272284745268742,11.259915314049724,3.0123694312190166,1,1
ES,2018,4,1738890.798,86851,2,1,20.021540316173677,14.368757995504987,11.371949285707743,2.9968087097972456,1,1
ES,2018,5,1858864.7719999999,95027,2,1,19.561438033401032,14.43547652172314,11.461916340728832,2.9735601809943075,1,1
ES,2018,6,1991488.0299999998,99960,2,1,19.92284943977591,14.504392671040957,11.512525384948889,2.9918672860920683,1,1
ES,2018,7,2158411.6580000003,107436,2,1,20.090208663762613,14.58488316564417,11.584650600422156,3.000232565222014,1,1
ES,2018,8,2142895.426,105807,2,1,20.252870093661098,14.577668475318251,11.569371958788578,3.008296516529674,1,1
ES,2018,9,2016220.0869999998,100189,2,1,20.124166195889767,14.51673507235366,11.514813681167466,3.001921391186193,1,1
ES,2018,10,1971281.148,96419,2,1,20.444944958981115,14.494194218275956,11.476458556613569,3.017735661662388,1,1
ES,2018,11,1551855.637,75777,2,1,20.47924353035882,14.254961958002008,11.235550095507087,3.019411862494921,1,1
ES,2018,12,1590893.763,74843,2,1,21.256413599134188,14.279806531363244,11.22314786510039,3.056658666262854,1,1
ES,2019,1,1542883.458,73105,2,1,21.10503328089734,14.249163599004792,11.199652042851538,3.049511556153254,1,1
ES,2019,2,1407392.506,68655,2,1,20.499490292039912,14.157249263788174,11.136849241755852,3.0204000220323217,1,1
ES,2019,3,1638417.796,79846,2,1,20.519722916614484,14.309241575584743,11.287855058462304,3.0213865171224383,1,1
ES,2019,4,1833574.966,90331,2,1,20.298402165369584,14.421778152486144,11.411235980601818,3.0105421718843255,1,1
ES,2019,5,1933564.04,97221,2,1,19.888337293383117,14.474875510763638,11.48474201649594,2.9901334942677,1,1
ES,2019,6,2054166.761,102930,2,1,19.956929573496552,14.535380854587892,11.541804424520604,2.9935764300672876,1,1
ES,2019,7,2213418.401,109523,2,1,20.2096217324215,14.610048666232679,11.603889851844292,3.006158814388388,1,1
ES,2019,8,2200970.218,107128,2,1,20.545237640952877,14.604408829294835,11.581779660175402,3.022629169119433,1,1
ES,2019,9,2067193.12,101044,2,1,20.458346067059896,14.541702264391507,11.523311344522646,3.0183909198688608,1,1
ES,2019,10,1980711.3190000001,95855,2,1,20.663620249334933,14.498966590175364,11.47059191195415,3.028374678221214,1,1
ES,2019,11,1560330.7319999998,75439,2,1,20.683343257466294,14.260408364447573,11.231079661652146,3.029328702795427,1,1
ES,2019,12,1603900.8660000002,74889,2,1,21.417042102311424,14.287949261259234,11.22376229623665,3.0641869650225857,1,1
ES,2020,1,1515049.375,71322,2,1,21.242384888253273,14.230958587153616,11.174960114208679,3.055998472944936,1,1
ES,2020,2,1435990.598,70153,2,1,20.469411115704247,14.177365481215112,11.158433850118683,3.0189316310964287,1,1
ES,2020,3,985055.464,46166,2,1,21.337249577611228,13.800453227198396,10.739998875403943,3.0604543517944527,1,1
ES,2020,4,142185.70299999998,6127,2,1,23.206414721723515,11.864889249805785,8.720460512725655,3.1444287370801303,1,1
ES,2020,5,187910.429,8027,2,1,23.40979556496823,12.143720686788415,8.990566138131577,3.1531545486568384,1,1
ES,2020,6,189613.86299999998,13751,2,1,13.789096283906623,12.152744983218742,9.528866827722945,2.623878155495797,1,1
ES,2020,7,639933.09,47399,2,1,13.50098293212937,13.36911890299545,10.76635641041421,2.6027624925812405,1,1
ES,2020,8,843816.7289999999,60259,2,1,14.003165153752965,13.64569060426395,11.00640721779054,2.6392833864734078,1,1
ES,2020,9,628011.632,43938,2,1,14.293131958669033,13.350313967571793,10.690534828289124,2.659779139282669,1,1
ES,2020,10,562445.34,37174,2,1,15.130073169419486,13.240049235005745,10.523364871168297,2.7166843638374463,1,1
ES,2020,11,444095.07499999995,27731,2,1,16.014390934333417,13.003793951374071,10.230306199986291,2.7734877513877807,1,1
ES,2020,12,537195.91,31407,2,1,17.104336931257365,13.194118130050487,10.354786076987464,2.839332053063022,1,1
ES,2021,1,440635.8676,25010,2,1,17.618387349060377,12.995974116301255,10.127031023871664,2.8689430924295904,1,1
ES,2021,2,355889.75265,21091,2,1,16.874010366981175,12.782376278304893,9.956601688185614,2.825774590119279,1,1
ES,2021,3,425922.42374999996,27740,2,1,15.354088815789472,12.962012504795345,10.230630693868823,2.7313818109265218,1,1
ES,2021,4,494142.8689,31376,2,1,15.749071548317184,13.110579962656995,10.353798548436128,2.7567814142208684,1,1
ES,2021,5,599418.4606,40759,2,1,14.70640743394097,13.303715231855568,10.615431953178978,2.68828327867659,1,1
ES,2021,6,833908.4371,55193,2,1,15.10895289438878,13.633878887663899,10.918591412629715,2.715287475034185,1,1
ES,2021,7,1284912.18945,79759,2,1,16.109933542923056,14.066200938918145,11.286764866944285,2.7794360719738602,1,1
ES,2021,8,1386764.168,84003,2,1,16.508507648536362,14.142483654559,11.338607791473425,2.8038758630855742,1,1
ES,2021,9,1306234.6726,76550,2,1,17.06381022338341,14.08265926073168,11.24569940108583,2.836959859645849,1,1
ES,2021,10,1381249.7621499998,76369,2,1,18.08652414134007,14.13849927204909,11.243332133649785,2.8951671383993056,1,1
ES,2021,11,1189776.7027,62078,2,1,19.165834960855697,13.98927620269031,11.036146937843293,2.9531292648470173,1,1
ES,2021,12,1287846.8969,64325,2,1,20.020938933540616,14.068482309714513,11.071703637149945,2.996778672564568,1,1
ES,2022,1,1116948.2309,56767,2,1,19.676013016365143,13.926110730424035,10.946710449956035,2.979400280468001,1,1
ES,2022,2,1051241.50495,55531,2,1,18.930714464893484,13.865482409332959,10.924696702357316,2.940785706975642,1,1
ES,2022,3,1299172.9864,69127,2,1,18.79400214677333,14.077238455685698,11.143700671498307,2.9335377841873926,1,1
ES,2022,4,1580209.0825500002,85099,2,1,18.56906758657564,14.273067726976059,11.351570563611107,2.9214971633649522,1,1
ES,2022,5,1661351.1998,92529,2,1,17.954924399917864,14.32314180501723,11.435277387878937,2.8878644171382915,1,1
ES,2022,6,1710328.4037,95411,2,1,17.92590376057268,14.352195958987172,11.465949154772613,2.8862468042145597,1,1
ES,2022,7,1875608.4085,104018,2,1,18.031575385990884,14.444443649286262,11.552319240070505,2.8921244092157568,1,1
ES,2022,8,1868454.6612999998,101675,2,1,18.37673628030489,14.440622262855454,11.529536730775424,2.911085532080029,1,1
ES,2022,9,1731875.4218000001,94565,2,1,18.31412702162534,14.364715438150414,11.457042707722556,2.9076727304278602,1,1
ES,2022,10,1751384.48165,94138,2,1,18.604436908049884,14.375917165490867,11.452517069775134,2.9234000957157344,1,1
ES,2022,11,1418769.8354,72672,2,1,19.522922657970057,14.165300741012796,11.193711444905285,2.971589296107511,1,1
ES,2022,12,1477838.00805,73256,2,1,20.17361046262422,14.206090772352272,11.201715434787568,3.004375337564705,1,1
ES,2023,1,1389185.0387,69853,2,1,19.88726380685153,14.14422783007048,11.154148312939625,2.9900795171308543,1,1
ES,2023,2,1296445.96495,67202,2,1,19.291776508883665,14.075137205460234,11.115458287973127,2.959678917487107,1,1
ES,2023,3,1535850.94685,79940,2,1,19.21254624530898,14.24459514816989,11.289031632265315,2.955563515904575,1,1
ES,2023,4,1703051.0619,90833,2,1,18.749254807173607,14.347931942695036,11.416777934685822,2.9311540080092136,1,1
ES,2023,5,1788680.6076,96867,2,1,18.465324698813838,14.39698881530575,11.481094182600518,2.915894632705232,1,1
ES,2023,6,1835400.2229999998,98688,2,1,18.598008096222436,14.422773120866443,11.499718637482946,2.9230544833834964,1,1
ES,2023,7,2040853.4292000001,109287,2,1,18.67425612561421,14.528878625984479,11.601732728390038,2.927145897594441,1,1
ES,2023,8,2042007.3069499999,107251,2,1,19.03951764505692,14.529443856030413,11.58292716075612,2.946516695274295,1,1
ES,2023,9,1928909.4799,101558,2,1,18.993181038421394,14.472465364866645,11.528385342832271,2.9440800220343735,1,1
ES,2023,10,1941540.5873,100482,2,1,19.32227251945622,14.478992333060253,11.517733885962533,2.96125844709772,1,1
ES,2023,11,1608595.24055,78526,2,1,20.484874316150066,14.290871834694777,11.271185059123596,3.0196867755711803,1,1
ES,2023,12,1680133.5825,79835,2,1,21.045075248950962,14.334383861611277,11.287717283773802,3.046666577837475,1,1
ES,2024,1,1575253.03984,74699,2,1,21.088007066225785,14.269926477553273,11.221221984150446,3.0487044934028265,1,1
ES,2024,2,1524204.86096,74843,2,1,20.36536297262269,14.236983429396838,11.22314786510039,3.0138355642964494,1,1
ES,2024,3,1741967.79158,86452,2,1,20.149537218109472,14.370525946889556,11.36734462560381,3.0031813212857474,1,1
ES,2024,4,1909271.64944,98252,2,1,19.432394754712373,14.462232391924262,11.495290885758418,2.9669415061658437,1,1
ES,2024,5,2035421.10266,105575,2,1,19.279385296329625,14.526213285505817,11.567176879802144,2.9590364057036718,1,1
ES,2024,6,2100095.727,107451,2,1,19.544682943853477,14.557493485940434,11.584790208681607,2.972703277258826,1,1
ES,2024,7,2255852.55228,115660,2,1,19.50417216219955,14.629038531432242,11.658410131712209,2.970628399720033,1,1
ES,2024,8,2255678.98422,113425,2,1,19.88696481569319,14.628961587246579,11.638897104532164,2.9900644827144145,1,1
ES,2024,9,2138034.66732,107749,2,1,19.84273327195612,14.575397585271965,11.58755972718047,2.9878378580914955,1,1
ES,2024,10,2111371.78534,105070,2,1,20.094906113448175,14.562848429438121,11.562382073682821,3.0004663557552997,1,1
ES,2024,11,1798324.03302,85466,2,1,21.04139696510893,14.402365696363603,11.355873915018107,3.046491781345496,1,1
ES,2024,12,1815120.90308,85005,2,1,21.35310750049997,14.41166263672974,11.35046535727183,3.0611972794579114,1,1
ES,2025,1,1689107.36066,78511,2,1,21.514276479219472,14.33971075839975,11.27099402134211,3.068716737057641,1,1
ES,2025,2,1604518.94416,77951,2,1,20.583686471757897,14.288334546355461,11.263835703140005,3.0244988432154565,1,1
ES,2025,3,1885638.69704,91266,2,1,20.660910931124405,14.449777152794834,11.421533598539797,3.0282435542550363,1,1
ES,2025,4,2025967.6575799999,101359,2,1,19.988039124103434,14.521557999981212,11.52642394912157,2.9951340508596425,1,1
ES,2025,5,2156553.50626,109590,2,1,19.678378558810113,14.584021906382914,11.604501408457438,2.9795204979254755,1,1
ES,2025,6,2210305.17076,111382,2,1,19.844365972598805,14.60864115027764,11.620721013527604,2.9879201367500365,1,1
ES,2025,7,2388939.61314,118590,2,1,20.144528317227422,14.686360148943688,11.683427444958841,3.0029327039848472,1,1
ES,2025,8,2388681.71942,116799,2,1,20.451217214359712,14.686252189897838,11.668209787695776,3.01804240220206,1,1
ES,2025,9,2231139.66664,110308,2,1,20.22645380788338,14.618023074162508,11.611031732076555,3.0069913420859535,1,1
ES,2025,10,2228969.8231,109656,2,1,20.326929881629827,14.617050073963217,11.605103471911217,3.0119466020520003,1,1
ES,2025,11,1860831.07238,87134,2,1,21.355969798012257,14.436533759005659,11.37520244258429,3.0613313164213682,1,1
ES,2025,12,1903010.4064200001,87271,2,1,21.80575914587893,14.458947614692132,11.376773498783123,3.0821741159090075,1,1
ES,2026,1,1756004.7574,79285,2,1,22.148007282588132,14.378551762399042,11.280804234623668,3.0977475277753737,1,1
ES,2026,2,1654497.5863800002,78208,2,1,21.15509393386866,14.319007947521344,11.267127223091212,3.051880724430131,1,1
ES,2026,3,1928155.3125200002,93728,2,1,20.57181752005804,14.472074307194452,11.44815224962746,3.023922057566992,1,1
ES,2026,4,2091222.3005000001,105540,2,1,19.814499720485124,14.553259285768073,11.566845306959658,2.9864139788084145,1,1
ES,2026,5,2251875.77874,114243,2,1,19.711280154932908,14.62727410630292,11.646083037732812,2.9811910685701077,1,1
ES,2026,6,2287071.69624,117015,2,1,19.54511555133957,14.642782821984456,11.670057410690523,2.972725411293933,1,1
ES,2026,7,2474073.65496,125359,2,1,19.73590771272904,14.721376603100136,11.738936899971922,2.982439703128214,1,1
FI,2010,1,160290.692,10592,1,1,15.133184667673717,11.984744270785727,9.26785427817679,2.7168899926089383,0,0
FI,2010,2,149032.862,11028,1,1,13.514042618788539,11.911922110945516,9.308192772143688,2.6037293388018297,0,0
FI,2010,3,171467.106,12526,1,1,13.688895577199425,12.052146725442553,9.435561763085358,2.6165849623571944,0,0
FI,2010,4,123628.733,8811,1,1,14.031180683236862,11.725038264626853,9.08375621986673,2.6412820447601235,0,0
FI,2010,5,161189.121,12222,1,1,13.188440598919982,11.990333619184224,9.410992885454862,2.579340733729362,0,0
FI,2010,6,166824.039,12018,1,1,13.881181477783324,12.024694877227716,9.394160804893874,2.6305340723338433,0,0
FI,2010,7,160366.026,9335,1,1,17.179006534547405,11.985214144000023,9.141526055975824,2.8436880880242,0,0
FI,2010,8,163478.542,11275,1,1,14.499205498891351,12.004437019116299,9.330343164370879,2.6740938547454207,0,0
FI,2010,9,169918.168,12776,1,1,13.299793988728867,12.043072235433334,9.455323689894849,2.5877485455384854,0,0
FI,2010,10,177092.964,12633,1,1,14.018282593208264,12.084430094015023,9.444067716830038,2.6403623771849856,0,0
FI,2010,11,167054.213,12592,1,1,13.26669417090216,12.026073667460897,9.440816970657185,2.585256696803713,0,0
FI,2010,12,155223.546,10080,1,1,15.39916130952381,11.952621589141389,9.21830854162536,2.734313047516029,0,0
FI,2011,1,187165.494,11827,1,1,15.82527217383952,12.139748499112256,9.378140332251117,2.76160816686114,0,0
FI,2011,2,172259.571,11921,1,1,14.450094035735257,12.056757751918608,9.386056829718001,2.670700922200606,0,0
FI,2011,3,199024.122,13753,1,1,14.471324220170144,12.201181312440957,9.529012261114708,2.6721690513262484,0,0
FI,2011,4,183719.737,13142,1,1,13.979587353523055,12.121166706912469,9.483568487457813,2.6375982194546563,0,0
FI,2011,5,188387.729,14369,1,1,13.11070561625722,12.146257506306783,9.572828387229206,2.573429119077576,0,0
FI,2011,6,194815.373,12824,1,1,15.191467014971927,12.179807583914585,9.459073694289389,2.7207338896251954,0,0
FI,2011,7,188662.238,10165,1,1,18.559984062961142,12.14771359474347,9.226705726062447,2.9210078686810235,0,0
FI,2011,8,191850.73,12396,1,1,15.476825588899645,12.164472900723892,9.42512911890764,2.739343781816254,0,0
FI,2011,9,193562.004,13699,1,1,14.129644791590627,12.173353174232457,9.52507811645139,2.6482750577810665,0,0
FI,2011,10,196982.07,13264,1,1,14.850879825090471,12.190867988349561,9.492808877375076,2.698059110974486,0,0
FI,2011,11,178483.768,12552,1,1,14.219548119821543,12.092252940492711,9.437635294412868,2.6546176460798425,0,0
FI,2011,12,185975.393,10978,1,1,16.94073537985061,12.133369648244566,9.303648549109834,2.8297210991347312,0,0
FI,2012,1,183899.422,11381,1,1,16.158459010631756,12.122144267574967,9.33970057728189,2.7824436902930767,1,1
FI,2012,2,177450.938,11505,1,1,15.423810343328986,12.086449444056727,9.350537002469466,2.7359124415872604,1,1
FI,2012,3,188852.286,12483,1,1,15.128757990867578,12.148720432912455,9.432122997651051,2.716597435261404,1,1
FI,2012,4,169300.61,11534,1,1,14.678395179469394,12.039431171186207,9.353054474175359,2.6863766970108482,1,1
FI,2012,5,169893.364,12287,1,1,13.827082607634084,12.042926248627658,9.416297071867572,2.626629176760088,1,1
FI,2012,6,172448.868,11377,1,1,15.157674958249098,12.05785605412193,9.339349052539717,2.7185070015822124,1,1
FI,2012,7,169786.426,9292,1,1,18.27232307361171,12.042296608556738,9.1369090938903,2.9053875146664385,1,1
FI,2012,8,175241.906,11282,1,1,15.532875908526856,12.073922618380898,9.330963814299922,2.7429588040809763,1,1
FI,2012,9,175156.487,11834,1,1,14.801122781815108,12.073435064765365,9.378732023236639,2.6947030415287254,1,1
FI,2012,10,180751.998,12059,1,1,14.98897072725765,12.104881193901825,9.397566548103592,2.707314645798233,1,1
FI,2012,11,164524.188,11284,1,1,14.580307337823466,12.010812877891992,9.331141072121888,2.6796718057701048,1,1
FI,2012,12,167418.483,9477,1,1,17.665767964545743,12.028251843128915,9.156623089470195,2.87162875365872,1,1
FI,2013,1,171156.125,10216,1,1,16.753731891151137,12.050331430639044,9.231710397712375,2.8186210329266688,1,1
FI,2013,2,159145.212,10241,1,1,15.540007030563421,11.977572347432046,9.234154550075438,2.7434177973566074,1,1
FI,2013,3,180777.478,11282,1,1,16.023531111505054,12.105022150596833,9.330963814299922,2.7740583362969105,1,1
FI,2013,4,167324.975,11287,1,1,14.82457473199256,12.027693158559,9.331406899955626,2.6962862586033745,1,1
FI,2013,5,169160.221,11566,1,1,14.62564594501124,12.038601598040998,9.355825038718164,2.6827765593228348,1,1
FI,2013,6,174478.717,10694,1,1,16.315571067888538,12.069558047570162,9.277438115508676,2.792119932061486,1,1
FI,2013,7,182782.442,9281,1,1,19.69426160974033,12.11605188306083,9.135724578595394,2.980327304465438,1,1
FI,2013,8,184706.134,10505,1,1,17.582687672536885,12.126521376247673,9.2596066132791,2.866914762968573,1,1
FI,2013,9,179117.487,11042,1,1,16.221471381996015,12.09579722147346,9.30946146284399,2.78633575862947,1,1
FI,2013,10,184463.385,11201,1,1,16.468474689759844,12.12520626748331,9.32375833901174,2.8014479284715708,1,1
FI,2013,11,165103.611,10181,1,1,16.216836361850508,12.014328501262014,9.228278517107196,2.786049984154818,1,1
FI,2013,12,177515.257,9283,1,1,19.122617365075946,12.086811839133272,9.135940049399933,2.9508717897333394,1,1
FI,2014,1,181595.661,10006,1,1,18.14867689386368,12.109537851692078,9.21094019204815,2.898597659643927,1,1
FI,2014,2,166862.444,9825,1,1,16.98345486005089,12.024925063358268,9.192685436737461,2.8322396266208063,1,1
FI,2014,3,186477.351,11155,1,1,16.716929717615418,12.136065068332037,9.319643106866632,2.8164219614654047,1,1
FI,2014,4,169753.928,10626,1,1,15.975336721249766,12.042105185064854,9.271059107010888,2.771046078053965,1,1
FI,2014,5,174295.764,11192,1,1,15.57324553252323,12.068508928286802,9.322954516345318,2.7455544119414848,1,1
FI,2014,6,178558.079,10529,1,1,16.95869303827524,12.092669199828682,9.26188863385676,2.8307805659719225,1,1
FI,2014,7,179813.538,8726,1,1,20.60663969745588,12.099675692957117,9.074062353683555,3.025613339273562,1,1
FI,2014,8,182780.642,10489,1,1,17.425935932882066,12.116042035239326,9.258082367961604,2.857959667277722,1,1
FI,2014,9,178370.047,11315,1,1,15.764034202386211,12.091615587049539,9.333884558067638,2.7577310289819015,1,1
FI,2014,10,185008.146,10922,1,1,16.93903552462919,12.128155135523496,9.298534382712099,2.829620752811396,1,1
FI,2014,11,162725.325,9862,1,1,16.50023575339688,11.999818935673192,9.196444266784072,2.8033746688891203,1,1
FI,2014,12,175117.521,9393,1,1,18.643406898754392,12.073212576089238,9.147720009994515,2.925492566094723,1,1
FI,2015,1,175969.96,9095,1,1,19.347989004947774,12.078068577634308,9.115480090952223,2.962588486682085,1,1
FI,2015,2,163471.137,9407,1,1,17.377605719145315,12.004391721625726,9.149209371971951,2.855182349653775,1,1
FI,2015,3,184859.107,10880,1,1,16.990726746323528,12.127349230124421,9.294681520409934,2.8326677097144883,1,1
FI,2015,4,167697.382,10097,1,1,16.608634445875012,12.02991633647895,9.219993629004321,2.809922707474628,1,1
FI,2015,5,171616.468,10549,1,1,16.268505829936487,12.053017428797393,9.263786347681808,2.7892310811155845,1,1
FI,2015,6,169914.423,10016,1,1,16.96429942092652,12.043050195169396,9.211939093339879,2.8311111018295163,1,1
FI,2015,7,174229.877,8853,1,1,19.680320456342482,12.06813083845332,9.08851166361105,2.979619174842271,1,1
FI,2015,8,176361.361,9852,1,1,17.901071965083233,12.080290356611522,9.195429759240428,2.8848605973710946,1,1
FI,2015,9,175632.982,10701,1,1,16.412763480048593,12.076151767147689,9.278092474027002,2.7980592931206867,1,1
FI,2015,10,184588.676,10589,1,1,17.43211596940221,12.125885255724016,9.267571005430455,2.8583142502935615,1,1
FI,2015,11,166729.101,9618,1,1,17.33511135371179,12.02412562458891,9.171391621837609,2.8527340027513013,1,1
FI,2015,12,182523.318,9286,1,1,19.655752530691363,12.114633213705822,9.136263168579868,2.9783700451259563,1,1
FI,2016,1,182323.367,8846,1,1,20.61082602306127,12.113537131278662,9.087720658428273,3.0258164728503893,1,1
FI,2016,2,175430.722,9323,1,1,18.81698187278773,12.074999497516426,9.140239744296693,2.934759753219732,1,1
FI,2016,3,186753.142,9908,1,1,18.84872244650787,12.137542927485391,9.20109779060925,2.936445136876142,1,1
FI,2016,4,168156.303,9759,1,1,17.230894866277286,12.032649200854832,9.18594521514146,2.846703985713371,1,1
FI,2016,5,183943.377,10203,1,1,18.02836195236695,12.122383255535741,9.230437073675304,2.891946181860435,1,1
FI,2016,6,178331.787,9394,1,1,18.983583883329786,12.091401066144403,9.14782646658694,2.9435745995574627,1,1
FI,2016,7,180526.932,8361,1,1,21.591547900968784,12.103635253380935,9.031333316150057,3.0723019372308773,1,1
FI,2016,8,185130.94,9641,1,1,19.20246240016596,12.12881863748343,9.17378011666438,2.95503852081905,1,1
FI,2016,9,182870.925,10284,1,1,17.78208138856476,12.116535855093979,9.23834456838578,2.8781912867081982,1,1
FI,2016,10,185524.226,9877,1,1,18.783459147514428,12.13094075088515,9.197964100908127,2.9329766499770225,1,1
FI,2016,11,172162.521,9882,1,1,17.421829690346083,12.056194199203363,9.198470199405696,2.857723999797667,1,1
FI,2016,12,194964.71,9715,1,1,20.068420998455995,12.180573846809073,9.18142636181154,2.9991474849975335,1,1
FI,2017,1,182992.892,9550,1,1,19.161559371727748,12.117202589539152,9.164296433474776,2.9529061560643757,1,1
FI,2017,2,170338.604,9303,1,1,18.31007244974739,12.045543523287531,9.138092207768558,2.9074513155189727,1,1
FI,2017,3,187107.832,10425,1,1,17.947993477218226,12.13944037135401,9.251962046667002,2.8874783246870064,1,1
FI,2017,4,175286.885,9735,1,1,18.005843348741656,12.074179253507037,9.1834829178063,2.890696335700737,1,1
FI,2017,5,180175.465,10459,1,1,17.2268347834401,12.10168646061351,9.255218130754269,2.846468329859242,1,1
FI,2017,6,187662.517,10216,1,1,18.369471123727486,12.142400506308713,9.231710397712375,2.910690108596338,1,1
FI,2017,7,193482.259,9098,1,1,21.26646065069246,12.172941102494148,9.115809888129949,3.057131214364198,1,1
FI,2017,8,194347.668,10298,1,1,18.87237016896485,12.177403937237452,9.239704980606087,2.937698956631366,1,1
FI,2017,9,193042.235,10722,1,1,18.00431216191009,12.170664278143203,9.280052984387483,2.8906112937557205,1,1
FI,2017,10,202288.632,10802,1,1,18.726960933160527,12.217450827805282,9.287486581152837,2.929964246652445,1,1
FI,2017,11,191161.757,10580,1,1,18.068218998109643,12.160875243903256,9.26672070541229,2.894154538490965,1,1
FI,2017,12,211534.595,10599,1,1,19.95797669591471,12.26214383383235,9.268514936027255,2.9936288978050962,1,1
FI,2018,1,204705.973,10875,1,1,18.823537747126437,12.229329950510435,9.294221855956884,2.93510809455355,1,1
FI,2018,2,190921.898,10294,1,1,18.546910627550027,12.159619712407103,9.2393164802127,2.920303232194404,1,1
FI,2018,3,211244.512,11479,1,1,18.402692917501522,12.260771566183744,9.348274558065496,2.912497008118246,1,1
FI,2018,4,195797.628,11045,1,1,17.727263739248528,12.184836894602716,9.309733115854218,2.875103778748498,1,1
FI,2018,5,209687.894,11575,1,1,18.115584794816414,12.25337548513296,9.356602878954435,2.896772606178525,1,1
FI,2018,6,209088.242,10870,1,1,19.235348850045998,12.25051165236748,9.293761980115255,2.9567496722522244,1,1
FI,2018,7,214014.46,10284,1,1,20.81042979385453,12.27379886181469,9.23834456838578,3.0354542934289106,1,1
FI,2018,8,213699.372,11337,1,1,18.84972849960307,12.27232550260381,9.335826992017598,2.9364985105862114,1,1
FI,2018,9,209521.714,11907,1,1,17.59651583102377,12.252582659751416,9.384881741451174,2.8677009183002413,1,1
FI,2018,10,216269.314,11764,1,1,18.38399472968378,12.284279734100728,9.372799299673886,2.911480434426843,1,1
FI,2018,11,205090.809,11305,1,1,18.14160185758514,12.231208130769682,9.33300038471207,2.898207746057612,1,1
FI,2018,12,230067.221,11293,1,1,20.372551226423447,12.346126810421564,9.331938343723671,3.0141884666978944,1,1
FI,2019,1,219417.596,11253,1,1,19.49858668799431,12.29873202415432,9.328390038749998,2.9703419854043243,1,1
FI,2019,2,200931.881,10662,1,1,18.84560879759895,12.21072122910395,9.274441297382706,2.9362799317212422,1,1
FI,2019,3,226857.088,12068,1,1,18.79823400729201,12.332075529920273,9.398312600278953,2.933762929641322,1,1
FI,2019,4,215423.514,11103,1,1,19.40227992434477,12.280361202091836,9.314970621054266,2.96539058103757,1,1
FI,2019,5,230426.612,12027,1,1,19.15910966990937,12.347687704606082,9.394909401310617,2.9527783032954664,1,1
FI,2019,6,223145.896,11126,1,1,20.05625525795434,12.315581078671626,9.317039990635239,2.9985410880363865,1,1
FI,2019,7,230758.866,10531,1,1,21.912341278131233,12.349128574162183,9.262078567380597,3.087050006781586,1,1
FI,2019,8,230505.847,11486,1,1,20.06841781298973,12.348031507691474,9.348884181424243,2.999147326267232,1,1
FI,2019,9,223163.369,11918,1,1,18.724900906192314,12.315659378637049,9.385805141306925,2.9298542373301246,1,1
FI,2019,10,227528.812,11760,1,1,19.347688095238095,12.335032155508042,9.372459221452617,2.9625729340554234,1,1
FI,2019,11,208037.852,10548,1,1,19.722966628744786,12.245475322896194,9.263691547473178,2.981783775423017,1,1
FI,2019,12,239136.974,11306,1,1,21.15133327436759,12.384791779717842,9.333088837235236,3.0517029424826054,1,1
FI,2020,1,229513.491,11161,1,1,20.563882358211632,12.343717091068733,9.320180837655714,3.0235362534130177,1,1
FI,2020,2,203022.063,10777,1,1,18.83845810522409,12.22106993684723,9.285169512596832,2.9359004242503994,1,1
FI,2020,3,138913.987,7532,1,1,18.443174057355282,11.84161022201683,8.926915889777042,2.9146943322397867,1,1
FI,2020,4,25884.529,1353,1,1,19.131211382113822,10.161400733304124,7.210079628170788,2.951321105133335,1,1
FI,2020,5,37935.333,1573,1,1,24.116549904640813,10.543638225906838,7.360739903058278,3.1828983228485606,1,1
FI,2020,6,36835.079,2275,1,1,16.191243516483514,10.514205903813949,7.729735331385051,2.784470572428898,1,1
FI,2020,7,44223.399,3063,1,1,14.437936336924583,10.697009317129064,8.027150106832774,2.6698592102962895,1,1
FI,2020,8,54742.04,4027,1,1,13.593752172833375,10.910387248981015,8.300776960851454,2.6096102881295606,1,1
FI,2020,9,46261.674,3465,1,1,13.351132467532468,10.742069121901133,8.150467911624004,2.5916012102771293,1,1
FI,2020,10,48975.719,3306,1,1,14.814192075015123,10.799079923664651,8.10349427838097,2.695585645283681,1,1
FI,2020,11,53351.006,3182,1,1,16.76650094280327,10.884648113159425,8.065265208897733,2.819382904261694,1,1
FI,2020,12,53122.944,3076,1,1,17.27013784135241,10.880364204301337,8.031385330625534,2.848978873675803,1,1
FI,2021,1,46255.1163,2912,1,1,15.884311916208791,10.741927359525034,7.976595409316577,2.7653319502084575,1,1
FI,2021,2,44910.91725,2911,1,1,15.428003177602198,10.712436190054909,7.976251943745623,2.7361842463092865,1,1
FI,2021,3,54772.70245,3111,1,1,17.606140292510446,10.910947218353453,8.042699496897637,2.868247721455816,1,1
FI,2021,4,51851.1579,2802,1,1,18.50505278372591,10.856132545134457,7.938088726896952,2.918043818237505,1,1
FI,2021,5,48857.1746,3138,1,1,15.569526641172722,10.796656516696821,8.051340933292979,2.7453155834038423,1,1
FI,2021,6,55218.5962,3947,1,1,13.990016772232075,10.919055063212433,8.280711075662847,2.6383439875495855,1,1
FI,2021,7,67258.3833,4163,1,1,16.156229473937064,11.116296948430891,8.333991247194975,2.782305701235915,1,1
FI,2021,8,77378.7081,5182,1,1,14.932209204940179,11.256466932586571,8.552946361122055,2.7035205714645167,1,1
FI,2021,9,92186.5481,5664,1,1,16.27587360522599,11.43156949976805,8.641885635373555,2.789683864394495,1,1
FI,2021,10,109218.8952,6132,1,1,17.811300587084148,11.601109360291497,8.721276239991704,2.879833120299793,1,1
FI,2021,11,119063.56635,6712,1,1,17.73891036203814,11.687412800483523,8.811652248147043,2.8757605523364806,1,1
FI,2021,12,156743.09295,8021,1,1,19.541589945143997,11.962363393409483,8.989818381366925,2.9725450120425583,1,1
FI,2022,1,139348.1354,6943,1,1,20.070306121273223,11.844730652124483,8.845489236753274,2.9992414153712095,1,1
FI,2022,2,124760.3576,6329,1,1,19.71249132564386,11.734150037020934,8.752897524775305,2.9812525122456286,1,1
FI,2022,3,130950.2462,7262,1,1,18.032256430735334,11.782572730041002,8.89041055197428,2.8921621780667204,1,1
FI,2022,4,135830.22345,7264,1,1,18.699094637940526,11.819161027886228,8.890685920281129,2.9284751076050988,1,1
FI,2022,5,144164.3761,8490,1,1,16.980491884570082,11.878709428236041,9.046644279305394,2.8320651489306483,1,1
FI,2022,6,143873.94945,8050,1,1,17.872540304347826,11.876692844173025,8.99342737041261,2.883265473760416,1,1
FI,2022,7,151638.42095,7620,1,1,19.90005524278215,11.92925415642649,8.938531648680692,2.9907225077457973,1,1
FI,2022,8,148779.58335,7854,1,1,18.943160599694423,11.910221183297804,8.968778235137956,2.9414429481598483,1,1
FI,2022,9,148963.344,7821,1,1,19.04658534714231,11.911455541238512,8.964567702601611,2.9468878386369,1,1
FI,2022,10,157167.0028,7837,1,1,20.05448549189741,11.965064231091509,8.966611387052865,2.9984528440386446,1,1
FI,2022,11,149883.3574,7419,1,1,20.202636123466775,11.917612653243872,8.911799556189527,3.005813097054345,1,1
FI,2022,12,186378.05485,8716,1,1,21.38343906034878,12.135532442811316,9.072915696064511,3.062616746746805,1,1
FI,2023,1,175245.6184,8143,1,1,21.5210141716812,12.073943802587134,9.004913941467132,3.0690298611200033,1,1
FI,2023,2,160508.43995,7583,1,1,21.166878537518134,11.986101805527902,8.933664178700935,3.052437626826966,1,1
FI,2023,3,175721.0777,8551,1,1,20.549769348614195,12.076653231123492,9.053803514155955,3.0228497169675372,1,1
FI,2023,4,162704.48435,7584,1,1,21.453650362605487,11.999690854904745,8.933796043934858,3.0658948109698874,1,1
FI,2023,5,175720.22,8540,1,1,20.57613817330211,12.076648350080736,9.052516286782616,3.0241320632981217,1,1
FI,2023,6,172560.07315,8501,1,1,20.29879698270792,12.058500704973472,9.04793908261736,3.0105616223561134,1,1
FI,2023,7,175403.68545,7702,1,1,22.77378414048299,12.074845370387049,8.949235314374855,3.1256100560121944,1,1
FI,2023,8,172519.4452,8208,1,1,21.018450925925926,12.058265234897577,9.012864567410551,3.045400667487027,1,1
FI,2023,9,167097.75715,8189,1,1,20.405148021736476,12.026334292291132,9.010547069270189,3.0157872230209444,1,1
FI,2023,10,175712.1611,8138,1,1,21.591565630376014,12.076602486919374,9.004299728561636,3.0723027583577385,1,1
FI,2023,11,169263.7556,7974,1,1,21.226957060446452,12.039213461327224,8.983941527941301,3.055271933385924,1,1
FI,2023,12,202775.10335,9105,1,1,22.270741718835804,12.21985277861663,9.116578992161708,3.103273786454922,1,1
FI,2024,1,185809.33448,8414,1,1,22.083353277870216,12.132476343497121,9.037652264150466,3.094824079346654,1,1
FI,2024,2,170135.60872,7889,1,1,21.566181863354036,12.044351096393106,8.97322466309509,3.0711264332980157,1,1
FI,2024,3,175898.44156,8592,1,1,20.472351205772814,12.077662070879693,9.058586816748646,3.019075254131047,1,1
FI,2024,4,170296.60728,8097,1,1,21.032062156354204,12.04529694443237,8.999248901686114,3.0460480427462544,1,1
FI,2024,5,184844.65528,8751,1,1,21.122689438921267,12.127271050124747,9.076923258535832,3.0503477915889166,1,1
FI,2024,6,184845.80812,8474,1,1,21.813288661789002,12.12727728690992,9.044757931186505,3.082519355723414,1,1
FI,2024,7,186343.73438,8076,1,1,23.073766020307083,12.135348281481933,8.996651979432729,3.138696302049206,1,1
FI,2024,8,189023.44404,8651,1,1,21.849895276846606,12.149626328888822,9.065430200180375,3.084196128708448,1,1
FI,2024,9,180369.00236,8661,1,1,20.825424588384713,12.102760044573936,9.066585468331045,3.036174576242891,1,1
FI,2024,10,187808.32258,8716,1,1,21.547535862781093,12.1431771609618,9.072915696064511,3.0702614648972895,1,1
FI,2024,11,178238.81226,8479,1,1,21.02120677674254,12.090879571987005,9.045347797304004,3.0455317746830013,1,1
FI,2024,12,205805.12478,9349,1,1,22.013597687453206,12.234685003821314,9.143024664691316,3.0916603391299984,1,1
FI,2025,1,196444.41652,8899,1,1,22.074886674907294,12.188134802694176,9.093694189856862,3.094440612837313,1,1
FI,2025,2,183227.2434,8539,1,1,21.45769333645626,12.118482428681435,9.052399183907607,3.0660832447738295,1,1
FI,2025,3,197514.61282,9455,1,1,20.889964338445267,12.193567849548291,9.154298981092557,3.039268868455733,1,1
FI,2025,4,188853.18884,8587,1,1,21.992918229882378,12.148725213568602,9.058004710672485,3.090720502896117,1,1
FI,2025,5,204611.07638,8930,1,1,22.9127745106383,12.228866267788964,9.097171673870545,3.1316945939184206,1,1
FI,2025,6,192905.30976,8603,1,1,22.423027985586423,12.169954724486994,9.059866258621348,3.110088465865646,1,1
FI,2025,7,199592.4705,8258,1,1,24.16958954952773,12.204032919202081,9.018937706446035,3.185095212756045,1,1
FI,2025,8,207292.29762,8965,1,1,23.122397949804796,12.241885142017226,9.101083386039234,3.1408017559779937,1,1
FI,2025,9,188801.92938,8887,1,1,21.244731560706647,12.148453751815051,9.092344813738475,3.0561089380765756,1,1
FI,2025,10,189082.87728,8982,1,1,21.051311209084833,12.149940702053925,9.102977853647683,3.0469628484062423,1,1
FI,2025,11,182449.49314,8743,1,1,20.86806509664875,12.11422866378455,9.076008659180891,3.0382200046036587,1,1
FI,2025,12,222097.0257,10182,1,1,21.812711225692397,12.310869618077405,9.228376734462282,3.082492883615124,1,1
FI,2026,1,204718.7245,9350,1,1,21.895050748663103,12.229392240353144,9.143131622282732,3.0862606180704106,1,1
FI,2026,2,190347.24388,8872,1,1,21.454829111812444,12.156605282483333,9.090655529030203,3.065949753453131,1,1
FI,2026,3,196397.27638,9536,1,1,20.595351969379195,12.187894807087403,9.16282938930513,3.025065417782273,1,1
FI,2026,4,189991.93374,8874,1,1,21.40995421906694,12.154736896241428,9.090880931938855,3.063855964302572,1,1
FI,2026,5,200690.48426,9246,1,1,21.705654797750377,12.209519120905053,9.13194630454817,3.077572816356882,1,1
FI,2026,6,205652.5782,8987,1,1,22.883340180260376,12.233943510414411,9.103534367658373,3.1304091427560388,1,1
FI,2026,7,207759.74322,8544,1,1,24.31644934691011,12.244137610390545,9.052984561199976,3.191153049190569,1,1
FR,2010,1,1467158.577,68257,1,1,21.494624390172437,14.198838147397675,11.131035271890433,3.0678028755072417,0,0
FR,2010,2,1322141.955,65510,1,1,20.182292092810258,14.094763672600315,11.089958081725921,3.004805590874393,0,0
FR,2010,3,1556602.471,82478,1,1,18.872941523800286,14.258016100940317,11.320286870094227,2.9377292308460885,0,0
FR,2010,4,1416960.002,72001,1,1,19.679726698240305,14.164024291033773,11.184435286790631,2.9795890042431408,0,0
FR,2010,5,1681384.446,86887,1,1,19.351392567357603,14.335128087016066,11.372363702824495,2.962764384191571,0,0
FR,2010,6,1686963.524,89888,1,1,18.76739413492346,14.338440739480479,11.40631972990397,2.93212100957651,0,0
FR,2010,7,1864305.813,91747,1,1,20.320073822577307,14.43839932353909,11.426790067834556,3.0116092557045335,0,0
FR,2010,8,1831038.714,84359,1,1,21.70531554428099,14.420393967070481,11.34283678056323,3.077557186507251,0,0
FR,2010,9,1682660.356,86800,1,1,19.38548797235023,14.335886644131847,11.371361900648441,2.9645247434834054,0,0
FR,2010,10,1671272.322,82909,1,1,20.15791195165784,14.3290957637788,11.325498899766268,3.0035968640125326,0,0
FR,2010,11,1518139.558,74881,1,1,20.27402889918671,14.232996168153278,11.223655465763155,3.0093407023901237,0,0
FR,2010,12,1527722.736,68610,1,1,22.266764844774816,14.23928877674618,11.136193575684937,3.103095201061244,0,0
FR,2011,1,1557157.031,74879,1,1,20.795644052404544,14.258372300579696,11.223628756361444,3.0347435442182515,0,0
FR,2011,2,1414916.262,71524,1,1,19.7823983837593,14.162580908509755,11.177788336695093,2.984792571814661,0,0
FR,2011,3,1621908.415,83388,1,1,19.450141687053293,14.299114047821654,11.331259693102327,2.9678543547193255,0,0
FR,2011,4,1670540.22,84079,1,1,19.86869753446164,14.328657617112876,11.33951211204528,2.989145505067595,0,0
FR,2011,5,1730594.477,92638,1,1,18.681259062155917,14.36397553577097,11.436454703627318,2.927520832143652,0,0
FR,2011,6,1758031.555,90576,1,1,19.409463378819996,14.37970530644046,11.41394455627644,2.9657607501640193,0,0
FR,2011,7,1932616.983,94109,1,1,20.53594218406316,14.474385592152323,11.452208963933026,3.0221766282192957,0,0
FR,2011,8,1869821.167,86315,1,1,21.662760435613738,14.441353351637359,11.36575867425065,3.0755946773867087,0,0
FR,2011,9,1769896.842,91136,1,1,19.42039196365871,14.386431821495655,11.420108175331594,2.9663236461640627,0,0
FR,2011,10,1720275.033,85675,1,1,20.079078295885616,14.357994738913506,11.358316346742809,2.9996783921706958,0,0
FR,2011,11,1521396.375,75988,1,1,20.02153465020793,14.235139138868647,11.23833071206494,2.9968084268037067,0,0
FR,2011,12,1577486.272,73077,1,1,21.586631525651025,14.27134317098246,11.199268958746211,3.0720742122362483,0,0
FR,2012,1,1522719.211,74781,1,1,20.36238096575333,14.236008249154308,11.2223191210012,3.0136891281531066,1,1
FR,2012,2,1414747.928,71657,1,1,19.743331816849714,14.162461930433986,11.179646125623133,2.982815804810853,1,1
FR,2012,3,1603309.034,83227,1,1,19.26428964158266,14.287580197789632,11.329327093395094,2.95825310439454,1,1
FR,2012,4,1624345.932,81155,1,1,20.015352498305713,14.30061578933513,11.30411618533917,2.9964996039959586,1,1
FR,2012,5,1665008.077,87807,1,1,18.96213373649026,14.325340532435966,11.382896503096688,2.942444029339278,1,1
FR,2012,6,1734999.41,91147,1,1,19.035178448001577,14.366517631305403,11.420228866784042,2.94628876452136,1,1
FR,2012,7,1892557.126,94312,1,1,20.06698114768004,14.453439449307124,11.454363713971963,2.9990757353351616,1,1
FR,2012,8,1848357.261,85754,1,1,21.554181274342888,14.429807835551221,11.359238011170559,3.0705698243806627,1,1
FR,2012,9,1725454.44,88784,1,1,19.434294918003243,14.361001017230718,11.393961732565682,2.9670392846650357,1,1
FR,2012,10,1656232.938,86346,1,1,19.1813510527413,14.320056267078701,11.366117759398229,2.9539385076804736,1,1
FR,2012,11,1477982.869,73833,1,1,20.017917042514863,14.206188789760054,11.20956106511634,2.996627724643713,1,1
FR,2012,12,1521004.583,70827,1,1,21.474925988676635,14.234881584386134,11.167995562916323,3.0668860214698115,1,1
FR,2013,1,1503891.869,70842,1,1,21.228817212952766,14.223566885295607,11.168207324135166,3.055359561160442,1,1
FR,2013,2,1383735.299,68226,1,1,20.28164188139419,14.14029713891964,11.130581002852777,3.0097161360668636,1,1
FR,2013,3,1585400.681,78089,1,1,20.30248410147396,14.276347728929695,11.265604480837757,3.0107432480919383,1,1
FR,2013,4,1636323.517,82648,1,1,19.79870676846385,14.307962525372623,11.322345904529282,2.985616620843342,1,1
FR,2013,5,1727119.207,87030,1,1,19.84510176950477,14.361965380224374,11.37400816578356,2.9879572144408146,1,1
FR,2013,6,1740915.183,87680,1,1,19.855328273266423,14.369921500159803,11.381449102181842,2.9884723979779615,1,1
FR,2013,7,1902459.407,93767,1,1,20.2892212292171,14.458658031828062,11.44856826072709,3.0100897711009726,1,1
FR,2013,8,1882852.615,84123,1,1,22.38213823805618,14.448298533200461,11.340035292518802,3.108263240681658,1,1
FR,2013,9,1742045.61,88130,1,1,19.766771927833883,14.370570618600622,11.386568276093707,2.9840023425069164,1,1
FR,2013,10,1689438.62,84255,1,1,20.05149391727494,14.339906854201292,11.341603193634644,2.9983036605666493,1,1
FR,2013,11,1501515.627,70861,1,1,21.189591270233276,14.22198557394377,11.168475490654066,3.053510083289706,1,1
FR,2013,12,1562482.241,69230,1,1,22.569438697096633,14.261786294768102,11.145189573672072,3.1165967210960317,1,1
FR,2014,1,1518614.25,68816,1,1,22.067749505928855,14.233308799360072,11.139191555023517,3.0941172443365557,1,1
FR,2014,2,1392332.444,66440,1,1,20.95623786875376,14.146490916075063,11.104054563727232,3.0424363523478326,1,1
FR,2014,3,1596386.94,76929,1,1,20.751432359708303,14.283253471216211,11.25063819753839,3.0326152736778216,1,1
FR,2014,4,1677051.608,81266,1,1,20.636571358255605,14.33254781433303,11.305483003882102,3.0270648104509257,1,1
FR,2014,5,1766202.83,85554,1,1,20.644304532809688,14.384342506325599,11.356903034510173,3.027439471815425,1,1
FR,2014,6,1796372.371,88525,1,1,20.292260615645297,14.40127983987259,11.391040276980105,3.010239562892485,1,1
FR,2014,7,1967104.524,92181,1,1,21.339587593972727,14.492073234749416,11.43150931455586,3.0605639201935557,1,1
FR,2014,8,1978189.016,84604,1,1,23.381743369107845,14.497692345749966,11.345736825800465,3.1519555199495017,1,1
FR,2014,9,1571012.355,82079,1,1,19.140247261784378,14.267230781624402,11.315437477094513,2.9517933045298896,1,1
FR,2014,10,1742151.878,83532,1,1,20.856101589809892,14.370631618587218,11.332985070956667,3.037646547630552,1,1
FR,2014,11,1512409.754,68916,1,1,21.94569844448314,14.22921480033014,11.140643650652297,3.0885711496778443,1,1
FR,2014,12,1587015.916,69075,1,1,22.975257560622513,14.277366028443764,11.142948149791618,3.134417878652146,1,1
FR,2015,1,1542301.191,67356,1,1,22.897755077498665,14.24878613893471,11.1177472647302,3.1310388742045108,1,1
FR,2015,2,1409253.775,65358,1,1,21.56207006028336,14.158570884670054,11.0876351293105,3.070935755359554,1,1
FR,2015,3,1607496.863,76639,1,1,20.974919597071985,14.290188783614559,11.246861364542914,3.0433274190716433,1,1
FR,2015,4,1679506.138,78921,1,1,21.280852219307917,14.33401034268693,11.276202631115575,3.057807711571356,1,1
FR,2015,5,1772046.385,85601,1,1,20.701234623427297,14.38764558644113,11.357452244304588,3.030193342136543,1,1
FR,2015,6,1817590.377,90397,1,1,20.106755500735645,14.413022213150764,11.411966359988897,3.0010558531618665,1,1
FR,2015,7,1982584.197,92599,1,1,21.41042772600136,14.499911701702803,11.43603362143989,3.0638780802629126,1,1
FR,2015,8,1980608.799,85983,1,1,23.034888280241443,14.498914829652625,11.361904881276876,3.1370099483757476,1,1
FR,2015,9,1789537.546,87943,1,1,20.34883442684466,14.3974677902478,11.384444156321678,3.013023633926123,1,1
FR,2015,10,1758078.384,84037,1,1,20.92028968192582,14.379731943264003,11.339012457034768,3.0407194862292366,1,1
FR,2015,11,1499320.554,69355,1,1,21.618060038930142,14.220522599453256,11.146993521197391,3.0735290782558655,1,1
FR,2015,12,1575658.463,68871,1,1,22.878402564214255,14.27018381462026,11.139990468543681,3.1301933460765787,1,1
FR,2016,1,1521078.357,66377,1,1,22.915744263826326,14.234930086679773,11.103105889917028,3.1318241967627456,1,1
FR,2016,2,1426198.852,68265,1,1,20.892094807002124,14.170523317639823,11.131152469118852,3.0393708485209703,1,1
FR,2016,3,1580951.056,75982,1,1,20.80691553262615,14.273537158090654,11.238251749111685,3.0352854089789694,1,1
FR,2016,4,1703102.748,82134,1,1,20.73566060340419,14.347962291353898,11.316107338823567,3.03185495253033,1,1
FR,2016,5,1769005.149,88651,1,1,19.954711723500015,14.385927883821688,11.39246259175458,2.993465292067108,1,1
FR,2016,6,1809564.881,91479,1,1,19.78120531488101,14.408596977104391,11.423864716725856,2.984732260378537,1,1
FR,2016,7,1987649.809,94722,1,1,20.98403548278119,14.502463498267511,11.458701564759782,3.043761933507729,1,1
FR,2016,8,1973374.301,86520,1,1,22.808302138233934,14.495255478618471,11.368130880066994,3.127124598551476,1,1
FR,2016,9,1821126.945,89495,1,1,20.348923906363485,14.414966067976868,11.401938036780601,3.013028031196267,1,1
FR,2016,10,1770642.065,84254,1,1,21.015525256961094,14.38685278736022,11.341591324832383,3.0452614625278374,1,1
FR,2016,11,1507664.047,70699,1,1,21.325111345280696,14.226072022226797,11.166186707513063,3.059885314713734,1,1
FR,2016,12,1611972.022,70129,1,1,22.985812174706613,14.292968845818688,11.158091682196439,3.1348771636222486,1,1
FR,2017,1,1559692.251,68531,1,1,22.758930279727423,14.259999084764447,11.13504147662283,3.124957608141619,1,1
FR,2017,2,1436033.259,66954,1,1,21.448057756071332,14.177395189185608,11.111761095413756,3.0656340937718514,1,1
FR,2017,3,1635475.834,78291,1,1,20.889704231648594,14.307444349941903,11.26818793284376,3.039256417098143,1,1
FR,2017,4,1748476.716,82341,1,1,21.23458199438919,14.374255518839853,11.318624440015755,3.055631078824098,1,1
FR,2017,5,1822001.276,90029,1,1,20.23793750902487,14.415446057131104,11.407887119632193,3.007558937498911,1,1
FR,2017,6,1869443.113,91457,1,1,20.440678275036355,14.441151143944625,11.423624195449495,3.01752694849513,1,1
FR,2017,7,2071557.395,95728,1,1,21.640036300768845,14.543811247091384,11.469266115629813,3.074545131461571,1,1
FR,2017,8,2035424.673,87886,1,1,23.159828334433243,14.52621503960813,11.383795799088267,3.142419240519865,1,1
FR,2017,9,1880669.645,89864,1,1,20.927953852488205,14.447138465532992,11.406052695321405,3.041085770211587,1,1
FR,2017,10,1819468.441,85860,1,1,21.191106929885862,14.414054951008962,11.360473341778551,3.0535816092304104,1,1
FR,2017,11,1556885.285,71564,1,1,21.755146232742717,14.258197771159017,11.178347433209714,3.0798503379493036,1,1
FR,2017,12,1652813.159,69351,1,1,23.83257860737408,14.31798933895667,11.146935845249686,3.1710534937069825,1,1
FR,2018,1,1615818.475,70230,1,1,23.00752491812616,14.295352181926978,11.159530849153066,3.1358213327739115,1,1
FR,2018,2,1455503.035,65664,1,1,22.165920976486355,14.190862127359733,11.092306109090387,3.0985560182693455,1,1
FR,2018,3,1682596.174,77208,1,1,21.793028883017307,14.335848500234384,11.254258357586972,3.081590142647413,1,1
FR,2018,4,1724810.923,81366,1,1,21.198177654056977,14.360627992584925,11.306712774316,3.053915218268925,1,1
FR,2018,5,1867808.822,87169,1,1,21.427443494820405,14.440276548850369,11.375604042103179,3.0646725067471907,1,1
FR,2018,6,1934246.206,91269,1,1,21.19280594725482,14.475228250925998,11.421566468948216,3.053661781977782,1,1
FR,2018,7,2132486.129,96938,1,1,21.99845394994739,14.572799053754718,11.481826877868198,3.0909721758865207,1,1
FR,2018,8,2106004.867,89382,1,1,23.56184541630306,14.560303282689532,11.400674598607647,3.159628684081884,1,1
FR,2018,9,1953725.818,91232,1,1,21.414918208523325,14.485248783417937,11.421160991712398,3.064087791705538,1,1
FR,2018,10,1909668.063,87865,1,1,21.734115552267685,14.462439995914519,11.383556824628947,3.0788831712855713,1,1
FR,2018,11,1658453.34,73352,1,1,22.609517668229905,14.321396003117586,11.203025049729737,3.118370953387849,1,1
FR,2018,12,1722219.645,72342,1,1,23.80663577175085,14.359124508100523,11.189160152345366,3.169964355755157,1,1
FR,2019,1,1683623.701,70305,1,1,23.94742480620155,14.336458993351334,11.160598199024916,3.175860794326418,1,1
FR,2019,2,1531815.247,67395,1,1,22.72891530528971,14.241964026057394,11.11832611017237,3.1236379158850243,1,1
FR,2019,3,1760003.67,78057,1,1,22.54767247011799,14.380826452239432,11.265194608020675,3.115631844218758,1,1
FR,2019,4,1880074.202,85776,1,1,21.9184177625443,14.446821803176181,11.35949452606732,3.0873272771088627,1,1
FR,2019,5,1935593.442,89632,1,1,21.594892917707963,14.475924525798847,11.403467678059835,3.0724568477390117,1,1
FR,2019,6,2021080.243,94274,1,1,21.438363101173177,14.519142700199234,11.453960714804323,3.0651819853949105,1,1
FR,2019,7,2185029.517,98539,1,1,22.174261125036786,14.597139895345068,11.498207687883278,3.098932207461789,1,1
FR,2019,8,2168108.396,90382,1,1,23.988276382465536,14.58936563844679,11.411800411509988,3.1775652269368013,1,1
FR,2019,9,1978809.519,91337,1,1,21.66492789340574,14.498005968815328,11.42231124188167,3.0756947269336563,1,1
FR,2019,10,1913288.696,87306,1,1,21.91474464527066,14.464334149738775,11.377174467988334,3.087159681750441,1,1
FR,2019,11,1634112.396,71542,1,1,22.84130155712728,14.306610337838164,11.178039968810271,3.128570369027893,1,1
FR,2019,12,1710513.01,70092,1,1,24.403826542258745,14.35230388933404,11.15756394382831,3.1947399455057304,1,1
FR,2020,1,1671341.01,71659,1,1,23.323532424398888,14.329136862160928,11.179674035975085,3.1494628261858435,1,1
FR,2020,2,1528325.079,68763,1,1,22.225980236464377,14.239682974117597,11.138421088562476,3.1012618855551217,1,1
FR,2020,3,1073810.574,44699,1,1,24.02314535000783,13.886724164193495,10.707706408986764,3.1790177552067305,1,1
FR,2020,4,236997.772,7462,1,1,31.76062342535513,12.375806019229199,8.917578753781104,3.458227265448095,1,1
FR,2020,5,346089.68,12271,1,1,28.20386928530682,12.754453211207187,9.414994033976548,3.339459177230639,1,1
FR,2020,6,443925.262,24660,1,1,18.001835442011355,13.003411498416646,10.112937776718335,2.8904737216983105,1,1
FR,2020,7,747906.281,48342,1,1,15.471148918125024,13.52503295632607,10.786056027005252,2.7389769293208186,1,1
FR,2020,8,899694.495,54131,1,1,16.620688607267553,13.709810534680255,10.899162313664348,2.8106482210159065,1,1
FR,2020,9,811380.454,50306,1,1,16.12890021071045,13.60649234023584,10.82587963326826,2.7806127069675806,1,1
FR,2020,10,818984.971,44980,1,1,18.207758359270787,13.615821012239484,10.713973225513307,2.901847786726178,1,1
FR,2020,11,629814.167,27999,1,1,22.49416647023108,13.353180081838746,10.239924074233857,3.113256007604889,1,1
FR,2020,12,784089.209,33728,1,1,23.247426737428842,13.572278079849092,10.426083631901035,3.146194447948058,1,1
FR,2021,1,757434.31275,33522,1,1,22.59514088509039,13.537692096764042,10.419957218687204,3.1177348780768375,1,1
FR,2021,2,625913.2673,30460,1,1,20.54869557780696,13.346967089844231,10.324169626449153,3.022797463395079,1,1
FR,2021,3,682901.9354,34440,1,1,19.8287437688734,13.434106549035075,10.446973958541667,2.9871325904934083,1,1
FR,2021,4,660645.34865,32885,1,1,20.08956511023263,13.400972437251468,10.400771905735452,3.0002005315160174,1,1
FR,2021,5,725945.1271,40787,1,1,17.798443795817295,13.495229708443544,10.61611868216876,2.879111026274783,1,1
FR,2021,6,898656.60305,53627,1,1,16.75754010200086,13.708656263897025,10.889807951572134,2.81884831232489,1,1
FR,2021,7,1306158.2774,72005,1,1,18.139827475869733,14.082600773971468,11.184490840031483,2.8981099339399847,1,1
FR,2021,8,1347153.92245,71272,1,1,18.901587193427993,14.113504719428335,11.17425882240048,2.9392458970278543,1,1
FR,2021,9,1169885.13965,67715,1,1,17.276602520121095,13.97241613071551,11.123063000089472,2.8493531306260396,1,1
FR,2021,10,1220841.8552,66386,1,1,18.390049938239994,14.015051223983589,11.103241469860443,2.911809754123146,1,1
FR,2021,11,1207195.9707,58203,1,1,20.74112967888253,14.003810848706548,10.971692178782812,3.0321186699237357,1,1
FR,2021,12,1306203.31405,58483,1,1,22.334752219448387,14.082635253616361,10.976491392697485,3.1061438609188774,1,1
FR,2022,1,1162921.60245,50976,1,1,22.813119947622408,13.966446019469418,10.839110212709775,3.127335806759643,1,1
FR,2022,2,1088758.3015,52663,1,1,20.67406531150903,13.900548431918862,10.871668400664227,3.0288800312546353,1,1
FR,2022,3,1317730.44595,65057,1,1,20.255014002336413,14.091421455639416,11.083019087682292,3.008402367957126,1,1
FR,2022,4,1439376.0709,69927,1,1,20.58398145065568,14.179720293560283,11.15520711973478,3.0245131738255044,1,1
FR,2022,5,1566278.5292,80160,1,1,19.539402809381237,14.264212999998591,11.291779916318692,2.9724330836799,1,1
FR,2022,6,1611057.1753,82467,1,1,19.53578007324142,14.292401152094202,11.320153492301433,2.97224765979277,1,1
FR,2022,7,1809414.7258,86960,1,1,20.80743704921803,14.40851399503961,11.37320352179509,3.0353104732445195,1,1
FR,2022,8,1804205.85425,81212,1,1,22.21600076651234,14.405631082989347,11.304818298482132,3.1008127845072138,1,1
FR,2022,9,1605731.0304,78754,1,1,20.389199664778932,14.289089681505185,11.274084349048719,3.0150053324564667,1,1
FR,2022,10,1628915.439,77367,1,1,21.054395788902244,14.303424976476235,11.256315612072857,3.0471093644033767,1,1
FR,2022,11,1425185.9992,62565,1,1,22.77928553024854,14.169812888921529,11.043961295299155,3.1258515936223734,1,1
FR,2022,12,1548330.39795,63784,1,1,24.274589206540824,14.25268774572594,11.063257654182332,3.1894300915436076,1,1
FR,2023,1,1453244.1536,60291,1,1,24.1038323066461,14.189308962572536,11.006938117844488,3.1823708447280485,1,1
FR,2023,2,1357747.29855,59672,1,1,22.753507483409305,14.121337486243114,10.996618177635,3.1247193086081153,1,1
FR,2023,3,1493871.5617,64359,1,1,23.211540914246648,14.216881671568341,11.072232063384615,3.1446496081837254,1,1
FR,2023,4,1599475.3666,72417,1,1,22.087015018572988,14.285186237565403,11.190196357440879,3.094989880124523,1,1
FR,2023,5,1739476.87625,81380,1,1,21.37474657471123,14.36909498015436,11.30688482155568,3.0622101585986785,1,1
FR,2023,6,1815086.7217,84771,1,1,21.41164692760496,14.411643805090598,11.347708782159037,3.063935022931562,1,1
FR,2023,7,2001290.68555,88382,1,1,22.64364560147994,14.509302873155116,11.389423607982884,3.1198792651722314,1,1
FR,2023,8,1996583.43755,83146,1,1,24.012982435114136,14.506947996523,11.32835337763112,3.1785946188918808,1,1
FR,2023,9,1835203.49385,83684,1,1,21.930159813703934,14.422665929153382,11.334803079303539,3.0878628498498433,1,1
FR,2023,10,1823644.1898,80618,1,1,22.620806641196754,14.416347359205938,11.297477228623425,3.1188701305825135,1,1
FR,2023,11,1592075.807,64489,1,1,24.68755612585092,14.280549261715102,11.074249945604157,3.2062993161109454,1,1
FR,2023,12,1697118.20085,66461,1,1,25.535550185070942,14.344442194619239,11.104370588439984,3.2400716061792547,1,1
FR,2024,1,1514482.06686,58706,1,1,25.79773901918032,14.23058406841531,10.980297215243393,3.2502868531719167,1,1
FR,2024,2,1460575.27964,60357,1,1,24.198937648325796,14.194340943226893,11.008032209857346,3.1863087333695463,1,1
FR,2024,3,1642072.98092,69723,1,1,23.551381623280697,14.3114700143649,11.152285527968122,3.1591844863967786,1,1
FR,2024,4,1735141.20434,74980,1,1,23.14138709442518,14.366599353838197,11.224976690289903,3.1416226635482936,1,1
FR,2024,5,1880070.0475,84004,1,1,22.380720531165185,14.446819593420532,11.338619695739318,3.108199897681213,1,1
FR,2024,6,1933653.11032,86997,1,1,22.226664256468613,14.474921575060808,11.373628914283556,3.101292660777253,1,1
FR,2024,7,2098349.93928,90565,1,1,23.169546063931982,14.556661850635663,11.413823103927017,3.1428387467086467,1,1
FR,2024,8,2125033.66752,84835,1,1,25.049020657983146,14.56929820375397,11.34846347247704,3.2208347312769305,1,1
FR,2024,9,1886025.23898,83944,1,1,22.46765985633279,14.449982124365956,11.337905188837746,3.1120769355282083,1,1
FR,2024,10,1867973.86174,80772,1,1,23.126502522408757,14.440364905028487,11.299385649798714,3.140979255229774,1,1
FR,2024,11,1574486.83888,63570,1,1,24.767765280478212,14.269439960567988,11.059896939930454,3.209543020637534,1,1
FR,2024,12,1716795.1343,66405,1,1,25.85340161584218,14.355969816686335,11.103527633834352,3.2524421828519836,1,1
FR,2025,1,1619035.36944,62703,1,1,25.820700276541793,14.297341078894274,11.046164572366338,3.2511765065279348,1,1
FR,2025,2,1497042.67308,62032,1,1,24.133393620711892,14.219002168726949,11.03540565991071,3.1835965088162372,1,1
FR,2025,3,1713150.41498,71999,1,1,23.794086237031067,14.35384458137898,11.184407509012852,3.1694370723661267,1,1
FR,2025,4,1841619.97924,79461,1,1,23.176400740489044,14.426156165739734,11.283021614237802,3.143134551501932,1,1
FR,2025,5,1938570.97832,83808,1,1,23.13109701126384,14.477461650496316,11.336283747307439,3.1411779031888774,1,1
FR,2025,6,1979331.69,88199,1,1,22.441656821505912,14.498269815391513,11.387350904062128,3.110918911329386,1,1
FR,2025,7,2146388.4489,89768,1,1,23.91039623139649,14.579297196463342,11.404983843344702,3.17431335311864,1,1
FR,2025,8,2150310.65532,86045,1,1,24.99053582799698,14.58112288051256,11.36262569419901,3.2184971863135488,1,1
FR,2025,9,1933248.63592,84287,1,1,22.936498343991364,14.474712376882,11.341982920947533,3.1327294559344665,1,1
FR,2025,10,1937512.76162,82294,1,1,23.543791304590858,14.476915626830529,11.318053479997815,3.1588621468327136,1,1
FR,2025,11,1650796.85704,65593,1,1,25.167271767414203,14.316768672957613,11.091224261921477,3.225544411036136,1,1
FR,2025,12,1804436.1636,68985,1,1,26.156935038051753,14.405758726213126,11.141644368642133,3.2641143575709917,1,1
FR,2026,1,1685190.52028,62850,1,1,26.812896106284807,14.337389183792277,11.048506214018394,3.2888829697738844,1,1
FR,2026,2,1531631.6716,60986,1,1,25.11447990686387,14.241844177138775,11.01839960861769,3.2234445685210855,1,1
FR,2026,3,1716207.79304,71941,1,1,23.855767824189265,14.355627643214211,11.18360161762562,3.17202602558859,1,1
FR,2026,4,1801058.91656,76932,1,1,23.41105023345292,14.403885336871221,11.250677193775257,3.153208143095964,1,1
FR,2026,5,1892479.79008,81427,1,1,23.241428396969063,14.453398585282956,11.307462192323593,3.1459363929593636,1,1
FR,2026,6,1964090.13712,89166,1,1,22.027343798308774,14.490539661507372,11.398255079986624,3.0922845815207474,1,1
FR,2026,7,2161530.4186,91197,1,1,23.701771095540423,14.58632705590313,11.420777280784536,3.1655497751185933,1,1
GB,2010,1,2367956.025,82530,1,1,28.692063794983643,14.67753770428995,11.32091714258673,3.3566205617032203,0,0
GB,2010,2,2205308.93,83403,1,1,26.4416019807441,14.606378161357782,11.331439558922911,3.2749386024348706,0,0
GB,2010,3,2489660.24,94268,1,1,26.41044935715195,14.727656809331572,11.453897068507986,3.273759740823587,0,0
GB,2010,4,2138337.883,77403,1,1,27.62603365502629,14.575539395031026,11.256780818516603,3.3187585765144214,0,0
GB,2010,5,2764675.729,100256,1,1,27.576162314474942,14.832433909026726,11.515482193751918,3.316951715274807,0,0
GB,2010,6,2784041.289,105568,1,1,26.372018878826918,14.839414131145437,11.567110574028307,3.2723035571171293,0,0
GB,2010,7,2979184.472,110434,1,1,26.97705844214644,14.907160153913814,11.612173336426286,3.294986817487529,0,0
GB,2010,8,2943545.555,107700,1,1,27.330970798514393,14.89512538380428,11.58710486314448,3.3080205206597997,0,0
GB,2010,9,2791816.504,105733,1,1,26.404400745273474,14.842203018641573,11.56867232748463,3.2735306911569424,0,0
GB,2010,10,2786870.913,102963,1,1,27.06672215261793,14.840429987845647,11.542124979374655,3.29830500847099,0,0
GB,2010,11,2392432.501,86939,1,1,27.51851874302672,14.687821189163088,11.372962002291217,3.3148591868718706,0,0
GB,2010,12,2280235.028,77217,1,1,29.530220391882615,14.639789078074132,11.254374919024695,3.3854141590494375,0,0
GB,2011,1,2471190.412,85782,1,1,28.80779664731529,14.720210540682576,11.359564473257219,3.3606460674253564,0,0
GB,2011,2,2254036.542,81804,1,1,27.55411155933695,14.62823318551788,11.312081421150786,3.3161517643670946,0,0
GB,2011,3,2544669.476,93665,1,1,27.1677731916938,14.749511327626976,11.44747986589516,3.302031461731817,0,0
GB,2011,4,2655617.957,94561,1,1,28.083649252863232,14.792187937741318,11.457000407880116,3.335187529861203,0,0
GB,2011,5,2861752.179,104011,1,1,27.51393774696907,14.86694464520264,11.552251941761108,3.314692703441531,0,0
GB,2011,6,2869275.488,106307,1,1,26.99046617814443,14.86957011266108,11.574086413525997,3.2954836991350818,0,0
GB,2011,7,3049286.576,109590,1,1,27.82449654165526,14.930418211714303,11.604501408457438,3.325916803256864,0,0
GB,2011,8,3001820.653,107440,1,1,27.93950719471333,14.914729546885892,11.584687831197119,3.330041715688774,0,0
GB,2011,9,2893783.604,106089,1,1,27.276942981836005,14.878075409362646,11.572033643449801,3.306041765912845,0,0
GB,2011,10,2837442.674,101425,1,1,27.97577198915455,14.858413737572118,11.527074888074647,3.3313388494974694,0,0
GB,2011,11,2383843.721,85078,1,1,28.019508227743952,14.684224751746855,11.351323761750614,3.332900989996242,0,0
GB,2011,12,2462686.223,82936,1,1,29.69381478489438,14.716763272722364,11.325824505002949,3.390938767719416,0,0
GB,2012,1,2421410.016,83068,1,1,29.149732941686327,14.699860579697209,11.327414828462869,3.37244575123434,1,1
GB,2012,2,2263686.112,81984,1,1,27.611315768930524,14.632505065583826,11.314279385256405,3.3182256803274197,1,1
GB,2012,3,2520293.847,91688,1,1,27.487717553005847,14.73988605864204,11.426146788176535,3.3137392704655064,1,1
GB,2012,4,2573386.871,93288,1,1,27.585400812537515,14.76073343790918,11.44344676120017,3.31728667670901,1,1
GB,2012,5,2763798.228,103741,1,1,26.6413301202032,14.832116461205068,11.549652687342256,3.2824637738628124,1,1
GB,2012,6,2819481.045,103498,1,1,27.241889166940425,14.85206339938358,11.547307567829359,3.304755831554221,1,1
GB,2012,7,2964215.639,108340,1,1,27.360306802658297,14.90212301545082,11.59302970921189,3.309093306238931,1,1
GB,2012,8,2953248.851,106655,1,1,27.689736543059396,14.898416427747794,11.577354605125919,3.3210618226218758,1,1
GB,2012,9,2806394.297,103132,1,1,27.211673360353718,14.847411049017115,11.5437650001212,3.303646048895915,1,1
GB,2012,10,2725714.369,100595,1,1,27.095922948456682,14.818241105484656,11.518857833623336,3.29938327186132,1,1
GB,2012,11,2343132.916,84961,1,1,27.578923458998837,14.666999444860846,11.349947606651318,3.3170518382095273,1,1
GB,2012,12,2366254.519,79821,1,1,29.644511081043834,14.676818891276694,11.287541906712672,3.3892769845640216,1,1
GB,2013,1,2356051.598,79391,1,1,29.676557771031984,14.672497724192915,11.282140290684671,3.390357433508244,1,1
GB,2013,2,2159689.877,77705,1,1,27.79344800205907,14.585475193889442,11.260674884349712,3.324800309539729,1,1
GB,2013,3,2471564.853,88405,1,1,27.95729713251513,14.720362051724754,11.38968380811219,3.330678243612564,1,1
GB,2013,4,2565840.913,93663,1,1,27.394391734196002,14.757796824184318,11.447458512974078,3.3103383112102396,1,1
GB,2013,5,2807232.978,104373,1,1,26.896160673737462,14.847709850831043,11.555726300292923,3.2919835505381196,1,1
GB,2013,6,2854534.519,104739,1,1,27.253788168685972,14.864419347149207,11.55922682033707,3.3051925268121356,1,1
GB,2013,7,2981447.623,108970,1,1,27.36026083325686,14.90791952005911,11.598827893970931,3.3090916260881786,1,1
GB,2013,8,3000548.617,106702,1,1,28.12082826001387,14.91430570224661,11.577795181256631,3.3365105209899792,1,1
GB,2013,9,2883952.328,105401,1,1,27.361716947657044,14.874672247430663,11.565527402710426,3.309144844720237,1,1
GB,2013,10,2822145.303,102575,1,1,27.512993448696076,14.853007899438605,11.538349517310387,3.314658382128219,1,1
GB,2013,11,2428620.527,85406,1,1,28.43618161487483,14.702833969760816,11.355171634919952,3.347662334840864,1,1
GB,2013,12,2438811.426,80911,1,1,30.14190191692106,14.70702135809585,11.3011050641372,3.405916293958651,1,1
GB,2014,1,2438260.983,81336,1,1,29.977635770138683,14.706795631284283,11.306344001954997,3.4004516293292855,1,1
GB,2014,2,2223461.903,78148,1,1,28.451936108409683,14.614575954988037,11.266359743711526,3.348216211276511,1,1
GB,2014,3,2541498.544,88456,1,1,28.73178240028941,14.748264442978904,11.390260532222237,3.358003910756667,1,1
GB,2014,4,2683555.907,94430,1,1,28.41846772212221,14.802653303994823,11.455614098257115,3.3470392057377083,1,1
GB,2014,5,2929539.613,104918,1,1,27.922183162088487,14.890355839978305,11.56093437165654,3.3294214683217653,1,1
GB,2014,6,2949019.407,106011,1,1,27.818051023007047,14.896983268650633,11.571298141295005,3.3256851273556283,1,1
GB,2014,7,3119095.047,110512,1,1,28.224039443680322,14.953053468674845,11.612879391328754,3.3401740773460915,1,1
GB,2014,8,3125664.74,107632,1,1,29.040292292255092,14.955157535331628,11.586473280265388,3.3686842550662415,1,1
GB,2014,9,2988790.356,107117,1,1,27.902110365301493,14.910379300298393,11.581676973998272,3.328702326300121,1,1
GB,2014,10,2925370.12,103783,1,1,28.187372883805633,14.888931567395131,11.550057459807835,3.3388741075872965,1,1
GB,2014,11,2488323.98,86796,1,1,28.66864809438223,14.727119941405505,11.371315816637281,3.3558041247682238,1,1
GB,2014,12,2524689.955,84532,1,1,29.8666771755075,14.741628823053267,11.344885439882043,3.3967433831712235,1,1
GB,2015,1,2496387.314,83147,1,1,30.023780942186725,14.730355170311439,11.328365404595573,3.401989765715866,1,1
GB,2015,2,2276651.732,81377,1,1,27.976599432272018,14.638216382974477,11.306847956781812,3.331368426192666,1,1
GB,2015,3,2617646.367,93173,1,1,28.094473366747877,14.777786138788082,11.44221325913184,3.3355728796562425,1,1
GB,2015,4,2730510.779,96009,1,1,28.440154350113012,14.819999248195193,11.472197216055717,3.3478020321394766,1,1
GB,2015,5,2991594.421,105526,1,1,28.34935865094858,14.911317054409556,11.566712647033185,3.344604407376371,1,1
GB,2015,6,3021970.94,109143,1,1,27.688179177775943,14.92141980562034,11.600414227993012,3.321005577627329,1,1
GB,2015,7,3182970.966,113513,1,1,28.040585360267105,14.973325584639216,11.639672646789617,3.3336529378496,1,1
GB,2015,8,3182865.169,110457,1,1,28.815422915704755,14.9732923456435,11.612381583933727,3.3609107617097727,1,1
GB,2015,9,3035302.943,109148,1,1,27.809056904386704,14.925821793968867,11.60046003840206,3.325361755566807,1,1
GB,2015,10,2996267.578,105953,1,1,28.279214160995917,14.912877931380189,11.570750878538615,3.342127052841574,1,1
GB,2015,11,2553830.765,88751,1,1,28.775233687507747,14.753105050654014,11.393589974879816,3.3595150757741963,1,1
GB,2015,12,2612372.813,88009,1,1,29.683018929882174,14.77576949005096,11.385194360958117,3.390575129092842,1,1
GB,2016,1,2556727.992,84893,1,1,30.11706491701318,14.754238870828337,11.349146918959148,3.405091951869189,1,1
GB,2016,2,2455305.561,86872,1,1,28.263486059950274,14.713761776231445,11.372191049896736,3.3415707263347096,1,1
GB,2016,3,2740741.409,96295,1,1,28.46192854249961,14.82373902898841,11.475171675358313,3.348567353630097,1,1
GB,2016,4,2866744.379,100288,1,1,28.58511864829292,14.868687581141673,11.515801325715692,3.352886255425981,1,1
GB,2016,5,3157258.784,111201,1,1,28.392359637053623,14.965214735672573,11.61909465356394,3.3461200821086328,1,1
GB,2016,6,3203058.647,113550,1,1,28.20835444297666,14.979616738445523,11.639998547533704,3.3396181909118186,1,1
GB,2016,7,3403457.359,117902,1,1,28.866833124120035,15.040302343218134,11.677609049909996,3.3626932933081357,1,1
GB,2016,8,3406213.11,117379,1,1,29.01893106944172,15.041111707243303,11.673163294737137,3.367948412506166,1,1
GB,2016,9,3238162.083,114376,1,1,28.31155210009093,14.9905164684833,11.647246545709,3.3432699227743,1,1
GB,2016,10,3173274.775,110652,1,1,28.677970348479917,14.970274664672873,11.61414542032714,3.356129244345731,1,1
GB,2016,11,2696605.89,92878,1,1,29.033849673765587,14.807504462411721,11.439042082978863,3.3684623794328585,1,1
GB,2016,12,2800984.683,92089,1,1,30.416061451421996,14.845481585823153,11.430510779714115,3.4149708061090376,1,1
GB,2017,1,2699335.537,90059,1,1,29.972968132002354,14.808516203280213,11.408220290085277,3.400295913194937,1,1
GB,2017,2,2490715.043,87231,1,1,28.5530951496601,14.72808039308012,11.376315051307444,3.351765341772676,1,1
GB,2017,3,2838957.746,100130,1,1,28.35271892539698,14.858947551934698,11.514224620701848,3.3447229312328495,1,1
GB,2017,4,2975452.621,102851,1,1,28.92973934137733,14.905906726902126,11.54103661793126,3.3648701089708664,1,1
GB,2017,5,3215892.191,115847,1,1,27.759822792131,14.983615386020091,11.66002563397063,3.3235897520494606,1,1
GB,2017,6,3273946.754,117182,1,1,27.93899023740848,15.00150677349447,11.67148356071213,3.3300232127823386,1,1
GB,2017,7,3456507.143,120729,1,1,28.630297136562053,15.055769140906621,11.701303643346714,3.3544654975599064,1,1
GB,2017,8,3448486.938,119876,1,1,28.76711717107678,15.053446124112511,11.694213154173886,3.3592329699386267,1,1
GB,2017,9,3302269.874,117262,1,1,28.1614664085552,15.010120630588842,11.67216602648737,3.3379546041014723,1,1
GB,2017,10,3218476.004,112548,1,1,28.596474428688207,14.984418514799973,11.631135076296939,3.353283438503035,1,1
GB,2017,11,2712157.257,93580,1,1,28.982231855097247,14.813254911980792,11.446571964420206,3.366682947560584,1,1
GB,2017,12,2783815.078,90557,1,1,30.741025851121396,14.83933287509815,11.413734765679811,3.4255981094183383,1,1
GB,2018,1,2745735.479,89923,1,1,30.534295775274398,14.825559531099778,11.406709027560309,3.4188505035394687,1,1
GB,2018,2,2512708.7,85994,1,1,29.219581598716193,14.736871892576406,11.362032805359924,3.374839087216483,1,1
GB,2018,3,2876143.324,97246,1,1,29.575955041852623,14.871960831073729,11.484999129529387,3.3869617015443407,1,1
GB,2018,4,3010543.721,103775,1,1,29.010298443748493,14.917631258617922,11.54998037292124,3.367650885696683,1,1
GB,2018,5,3276214.159,114620,1,1,28.583267832838946,15.002199093918557,11.649377588105729,3.352821505812828,1,1
GB,2018,6,3323213.92,116264,1,1,28.583344113397096,15.016442920828963,11.663618746306007,3.3528241745229566,1,1
GB,2018,7,3503164.584,120480,1,1,29.076731274900396,15.069177284804155,11.699239043033721,3.3699382417704355,1,1
GB,2018,8,3503786.867,119061,1,1,29.428501919184285,15.069354903560612,11.6873912457986,3.3819636577620122,1,1
GB,2018,9,3329222.188,115014,1,1,28.9462342671327,15.018249257496052,11.652809139066216,3.3654401184298366,1,1
GB,2018,10,3275204.96,113007,1,1,28.982319325351526,15.00189100829935,11.635205042678502,3.3666859656208468,1,1
GB,2018,11,2772753.468,92889,1,1,29.85018105480735,14.835351416210052,11.439160510902152,3.3961909053078996,1,1
GB,2018,12,2864753.909,91881,1,1,31.178958750993132,14.867993008804737,11.428249540505234,3.4397434682995023,1,1
GB,2019,1,2833445.281,90031,1,1,31.471885028490185,14.857003942953074,11.407909334449478,3.449094608503598,1,1
GB,2019,2,2586421.421,86622,1,1,29.858712809678835,14.765785787527328,11.36930910385787,3.3964766836694587,1,1
GB,2019,3,2938482.027,97719,1,1,30.07073370582998,14.893403688630226,11.489851291999628,3.4035523966305985,1,1
GB,2019,4,3072182.577,103987,1,1,29.543910075297873,14.93789880410084,11.55202117031036,3.385877633790481,1,1
GB,2019,5,3294115.882,114895,1,1,28.670663492754255,15.007648368821636,11.651773946789037,3.3558744220325987,1,1
GB,2019,6,3371187.178,115378,1,1,29.218630744162663,15.030775518631378,11.65596897363395,3.374806544997428,1,1
GB,2019,7,3545285.846,119959,1,1,29.554146383347643,15.08112934826606,11.694905296716163,3.386224051549897,1,1
GB,2019,8,3530817.474,118587,1,1,29.774068607857522,15.077039981136021,11.68340214739626,3.393637833739761,1,1
GB,2019,9,3304289.9,113989,1,1,28.98779619086052,15.01073215190464,11.643857231492984,3.3668749204116564,1,1
GB,2019,10,3228652.272,110600,1,1,29.192154358047016,14.987575354873705,11.613675368070371,3.373899986803334,1,1
GB,2019,11,2738086.508,89877,1,1,30.464818674410584,14.822769879656464,11.406197347905097,3.4165725317513673,1,1
GB,2019,12,2856167.82,91456,1,1,31.229966541287613,14.864991361219483,11.423613261289539,3.4413780999299437,1,1
GB,2020,1,2748923.227,87146,1,1,31.543882989465953,14.82671983914736,11.375340152017603,3.451379687129756,1,1
GB,2020,2,2545390.315,85049,1,1,29.928515502827782,14.749794561629884,11.350982839965349,3.398811721664534,1,1
GB,2020,3,1978777.269,60949,1,1,32.466115424371196,14.497989671004703,11.01779272788393,3.4801969431207733,1,1
GB,2020,4,410791.445,9986,1,1,41.13673593030242,12.925840931600607,9.208939391060555,3.716901540540053,1,1
GB,2020,5,562576.56,12072,1,1,46.60176938369782,13.240282510465708,9.398644000447685,3.841638510018022,1,1
GB,2020,6,614938.939,15910,1,1,38.65109610307982,13.329278255680594,9.674703121331833,3.654575134348762,1,1
GB,2020,7,862076.439,35111,1,1,24.552887670530602,13.667099222048423,10.466269750670861,3.2008294713775625,1,1
GB,2020,8,1121783.759,49247,1,1,22.778722744532665,13.930430618326326,10.804603731039336,3.1258268872869905,1,1
GB,2020,9,1129589.139,46940,1,1,24.06453214742224,13.93736453076696,10.756625469405014,3.180739061361945,1,1
GB,2020,10,1114117.173,41206,1,1,27.03774142115226,13.923572876164316,10.626339155802404,3.2972337203619113,1,1
GB,2020,11,898437.853,24788,1,1,36.24487062288204,13.708412815312178,10.118114944081999,3.5902978712301796,1,1
GB,2020,12,996281.595,28444,1,1,35.026072106595414,13.811785222510913,10.25569252100341,3.5560927015075046,1,1
GB,2021,1,765614.32205,20024,1,1,38.234834301338395,13.548433825907768,9.90468683311161,3.6437469927961583,1,1
GB,2021,2,632903.32195,15700,1,1,40.3123135,13.3580729595251,9.6614159913364,3.6966569681887007,1,1
GB,2021,3,762743.2342,19639,1,1,38.83819105860787,13.544676732267533,9.885272664115224,3.65940406815231,1,1
GB,2021,4,754365.93225,21253,1,1,35.49456228532442,13.53363285054628,9.964253340858692,3.569379509687588,1,1
GB,2021,5,811337.78655,27083,1,1,29.957456210537973,13.60643975260979,10.206661503755827,3.3997782488539627,1,1
GB,2021,6,945559.5098,37391,1,1,25.28842528415929,13.759532105131738,10.529185312732531,3.230346792399207,1,1
GB,2021,7,1146295.85525,50192,1,1,22.83821834654925,13.952046306332802,10.82361093043046,3.128435375902343,1,1
GB,2021,8,1401767.6352,60857,1,1,23.033794554447308,14.153244594752152,11.016282128775599,3.136962465976554,1,1
GB,2021,9,1519090.0545,64508,1,1,23.54886300148819,14.233622065205722,11.074544526100407,3.1590775391053163,1,1
GB,2021,10,1690009.0282,67269,1,1,25.12314778278256,14.340244429015165,11.11645478544164,3.2237896435735243,1,1
GB,2021,11,1603625.9964,60200,1,1,26.638305588039866,14.28777787089372,11.005427631296913,3.2823502395968074,1,1
GB,2021,12,1803535.60705,61652,1,1,29.253480942224098,14.40525952243552,11.029260949266611,3.3759985731689093,1,1
GB,2022,1,1597470.2128,49533,1,1,32.250625094381526,14.283931818925401,10.810394393099942,3.4735374258254583,1,1
GB,2022,2,1522647.46045,53708,1,1,28.350477777053698,14.23596112803048,10.8913172451926,3.344643882837881,1,1
GB,2022,3,1907745.14325,70169,1,1,27.187862777722355,14.461432549348613,11.158661897040325,3.302770652308287,1,1
GB,2022,4,2194887.88845,83092,1,1,26.41515294432677,14.601641527309999,11.327703706654574,3.2739378206554233,1,1
GB,2022,5,2512196.5582,95420,1,1,26.32777780549151,14.736668051200118,11.466043479070098,3.2706245721300204,1,1
GB,2022,6,2613827.4591,97506,1,1,26.80683710848563,14.776326164522594,11.487669193554064,3.2886569709685305,1,1
GB,2022,7,2753082.85545,101040,1,1,27.24745502226841,14.828231880093941,11.523271757024373,3.3049601230695687,1,1
GB,2022,8,2744034.3904,99169,1,1,27.67028396373867,14.824939800693983,11.504580744434664,3.3203590562593184,1,1
GB,2022,9,2642458.32545,96196,1,1,27.469523945382342,14.787220225722319,11.474143055747744,3.3130771699745756,1,1
GB,2022,10,2613494.2922,94608,1,1,27.624453452139353,14.77619869316487,11.45749731806061,3.3187013751042582,1,1
GB,2022,11,2230459.7662,75213,1,1,29.655242660178427,14.617718295369388,11.228079367337655,3.3896389280317325,1,1
GB,2022,12,2350722.8467,76688,1,1,30.653072797569372,14.670233433163327,11.247500521399413,3.4227329117639145,1,1
GB,2023,1,2312903.952,74778,1,1,30.930272967985236,14.65401441505955,11.222279003054432,3.431735412005117,1,1
GB,2023,2,2160982.82325,72501,1,1,29.80624851036537,14.58607368693823,11.19135563385109,3.394718053087139,1,1
GB,2023,3,2496524.50985,83857,1,1,29.771211823103616,14.730410126559367,11.336868246175957,3.39354188038341,1,1
GB,2023,4,2664162.3804,90604,1,1,29.404467577590395,14.795400262388425,11.414253641166859,3.3811466212215664,1,1
GB,2023,5,2953474.76365,101206,1,1,29.182803031934867,14.898492921135617,11.524913322615555,3.3735795985200614,1,1
GB,2023,6,3024489.0789,103782,1,1,29.142713369370412,14.922252735644756,11.550047824271978,3.3722049113727772,1,1
GB,2023,7,3213563.67535,108446,1,1,29.632846535141915,14.982891058549708,11.594007632218426,3.3888834263312813,1,1
GB,2023,8,3211213.93835,106630,1,1,30.11548286926756,14.982159597557267,11.577120177012226,3.405039420545042,1,1
GB,2023,9,3106885.7907,104436,1,1,29.749184100310234,14.94913142899342,11.556329722577514,3.3928017064159053,1,1
GB,2023,10,3075440.2224,102626,1,1,29.96745680821624,14.938958610732186,11.538846590921628,3.400112019810559,1,1
GB,2023,11,2591943.0803,81941,1,1,31.63182143615528,14.76791837645238,11.313754755078138,3.454163621374242,1,1
GB,2023,12,2715358.87475,84315,1,1,32.20493239340568,14.814434684843233,11.342315064104286,3.4721196207389475,1,1
GB,2024,1,2592513.67686,77122,1,1,33.61574747620653,14.768138494620603,11.253143862558115,3.5149946320624865,1,1
GB,2024,2,2478330.07792,78999,1,1,31.37166391878378,14.723095535657992,11.277190473141195,3.4459050625167973,1,1
GB,2024,3,2765833.74778,88520,1,1,31.245297647763216,14.83285268375328,11.390983794164987,3.441868889588294,1,1
GB,2024,4,2893305.9288,94490,1,1,30.620234191977985,14.877910326310664,11.456249287776672,3.4216610385339923,1,1
GB,2024,5,3179855.12684,106124,1,1,29.963581535185256,14.972346196121096,11.572363500718842,3.3999826954022554,1,1
GB,2024,6,3226701.43166,106752,1,1,30.22614500580785,14.986970944801401,11.578263666278364,3.4087072785230372,1,1
GB,2024,7,3354506.33218,111222,1,1,30.160456853680028,15.02581517365061,11.619283482957144,3.4065316906934666,1,1
GB,2024,8,3380683.6875,110008,1,1,30.731253067958693,15.033588521412776,11.608308369402781,3.425280152009995,1,1
GB,2024,9,3248846.70972,107034,1,1,30.353408353607268,14.993810632781035,11.580901819979323,3.412908812801712,1,1
GB,2024,10,3209665.50684,104096,1,1,30.833706452121117,14.981677286200004,11.553068829273078,3.4286084569269257,1,1
GB,2024,11,2670146.95242,83112,1,1,32.12709298801617,14.797644067221428,11.327944374750368,3.4696996924710604,1,1
GB,2024,12,2779166.82154,85776,1,1,32.400284712973324,14.837661736264442,11.35949452606732,3.478167210197123,1,1
GB,2025,1,2659284.33736,78842,1,1,33.72928562644275,14.793567598453222,11.275201128778486,3.5183664696747368,1,1
GB,2025,2,2478438.46552,79447,1,1,31.196124026332022,14.723139268827724,11.28284541165472,3.4402938571730046,1,1
GB,2025,3,2754591.89656,89968,1,1,30.617462837453314,14.82877985767639,11.407209330531982,3.4215705271444072,1,1
GB,2025,4,3004514.72712,96729,1,1,31.061157740905003,14.915626624431574,11.479668533068777,3.435958091362799,1,1
GB,2025,5,3262663.65476,107396,1,1,30.379750221237288,14.998054491733539,11.58427821641547,3.41377627531807,1,1
GB,2025,6,3269238.35744,107604,1,1,30.382126662949332,15.000067597529709,11.586213100740048,3.413854496789661,1,1
GB,2025,7,3425373.66984,112497,1,1,30.4485779162111,15.046721124410627,11.630681833604383,3.4160392908062445,1,1
GB,2025,8,3429065.85772,110795,1,1,30.949644457962908,15.047798437361527,11.615436925923305,3.4323615114382213,1,1
GB,2025,9,3288975.27746,107242,1,1,30.66872379720632,15.006086608408374,11.582843241933544,3.4232433664748294,1,1
GB,2025,10,3242200.81546,105026,1,1,30.870458890750864,14.991762921203982,11.561963217534743,3.429799703669239,1,1
GB,2025,11,2754589.68654,84456,1,1,32.61567782679739,14.828779055372104,11.34398596766953,3.484793087702573,1,1
GB,2025,12,2871574.00684,88320,1,1,32.51329264990942,14.870370871839624,11.388721861510922,3.4816490103287023,1,1
GB,2026,1,2711686.2681,77848,1,1,34.83308843001747,14.813081238496663,11.262513486501826,3.5505677519948384,1,1
GB,2026,2,2500588.0587,78612,1,1,31.809241066249427,14.732036485657725,11.272279638519876,3.4597568471378475,1,1
GB,2026,3,2784576.69498,91730,1,1,30.35622691573095,14.839606425169984,11.426604758503702,3.413001666666282,1,1
GB,2026,4,2977325.08612,97345,1,1,30.585290319174074,14.90653583327024,11.486016648413012,3.4205191848572287,1,1
GB,2026,5,3252414.79196,107991,1,1,30.11746156587123,14.994908291319252,11.589803169300609,3.4051051220186435,1,1
GB,2026,6,3195448.99308,108394,1,1,29.47994347546912,14.977238165835862,11.59352801590228,3.3837101499335827,1,1
GB,2026,7,3418863.21022,114146,1,1,29.951669004783344,15.04481865911092,11.645233609732056,3.3995850493788633,1,1
GE,2014,1,16083.504,912,1,0,17.635421052631578,9.685549429441686,6.815639990074331,2.869909439367354,1,0
GE,2014,2,13886.849,797,1,0,17.4239008782936,9.53869755616147,6.680854678790215,2.8578428773712554,1,0
GE,2014,3,15695.228,909,1,0,17.266477447744773,9.66111199608994,6.812345094177479,2.8487669019124615,1,0
GE,2014,4,16789.901,964,1,0,17.416909751037345,9.728532853687318,6.871091294610546,2.857441559076772,1,0
GE,2014,5,19182.786,1111,1,0,17.26623402340234,9.861768593363326,7.01301578963963,2.8487528037236967,1,0
GE,2014,6,21287.581,1199,1,0,17.754446205170975,9.965879130013617,7.089243155027514,2.8766359749861024,1,0
GE,2014,7,23244.758,1305,1,0,17.812075095785442,10.05383492322945,7.173958319756794,2.879876603472657,1,0
GE,2014,8,25075.686,1400,1,0,17.911204285714287,10.129653970382137,7.24422751560335,2.8854264547787865,1,0
GE,2014,9,23015.734,1219,1,0,18.880831829368336,10.043933347986984,7.105786129481271,2.938147218505712,1,0
GE,2014,10,18412.805,1028,1,0,17.91128891050584,9.820801625467363,6.93537044601511,2.8854311794522527,1,0
GE,2014,11,16378.123,899,1,0,18.21815684093437,9.703701759876424,6.80128303447162,2.902418725404803,1,0
GE,2014,12,16565.97,901,1,0,18.386204217536072,9.715105870218505,6.803505257608338,2.911600612610166,1,0
GE,2015,1,15258.655,859,1,0,17.763277066356228,9.63290216202869,6.755768921984255,2.8771332400444343,1,0
GE,2015,2,13097.776,744,1,0,17.6045376344086,9.48019772378415,6.612041034833092,2.8681566889510584,1,0
GE,2015,3,16478.079,882,1,0,18.682629251700682,9.709786231135192,6.782192056006791,2.927594175128401,1,0
GE,2015,4,17214.321,962,1,0,17.894304573804575,9.753496932647964,6.8690144506657065,2.8844824819822574,1,0
GE,2015,5,18551.788,1063,1,0,17.45229350893697,9.828321451530705,6.968850378341948,2.859471073188757,1,0
GE,2015,6,22044.276,1233,1,0,17.878569343065696,10.000808255338464,7.117205503164344,2.88360275217412,1,0
GE,2015,7,26272.904,1481,1,0,17.739975692099932,10.176293420917174,7.300472814267799,2.8758206066493748,1,0
GE,2015,8,28527.956,1578,1,0,18.078552598225603,10.258639797757368,7.363913501405819,2.8947262963515494,1,0
GE,2015,9,24447.293,1382,1,0,17.689792329956585,10.104274773027155,7.231287004327616,2.872987768699541,1,0
GE,2015,10,21390.284,1187,1,0,18.020458298230835,9.970692079220662,7.079184394609668,2.891507684610993,1,0
GE,2015,11,17273.944,983,1,0,17.57267955239064,9.756954517968587,6.890609120147166,2.8663453978214206,1,0
GE,2015,12,17422.944,947,1,0,18.398040126715944,9.765543237275514,6.853299093186078,2.9122441440894358,1,0
GE,2016,1,16069.899,873,1,0,18.4076735395189,9.684703173708696,6.771935555839602,2.9127676178690938,1,0
GE,2016,2,14296.239,801,1,0,17.847988764044942,9.567751774662588,6.68586094706836,2.8818908275942277,1,0
GE,2016,3,17016.222,907,1,0,18.76099448732084,9.741922403339396,6.810142450115136,2.93177995322426,1,0
GE,2016,4,19515.373,1009,1,0,19.34130128840436,9.87895779293449,6.9167150203536085,2.9622427725808795,1,0
GE,2016,5,23020.509,1209,1,0,19.040950372208435,10.04414079323907,7.097548850614793,2.9465919426242775,1,0
GE,2016,6,24338.422,1326,1,0,18.354767722473603,10.099811532886863,7.189922170745808,2.909889362141055,1,0
GE,2016,7,30991.258,1672,1,0,18.53544138755981,10.341460443697807,7.421775793644647,2.9196846500531595,1,0
GE,2016,8,34480.762,1762,1,0,19.569104426787742,10.448156824301414,7.474204806496124,2.97395201780529,1,0
GE,2016,9,30441.186,1574,1,0,19.3400165184244,10.323551773108875,7.3613754289773485,2.962176344131526,1,0
GE,2016,10,27241.898,1405,1,0,19.389251245551602,10.212511434781792,7.247792581767846,2.964718853013945,1,0
GE,2016,11,21479.813,1114,1,0,19.281699281867144,9.974868842812093,7.01571242048723,2.959156422324864,1,0
GE,2016,12,22888.676,1199,1,0,19.08980483736447,10.03839756942137,7.089243155027514,2.949154414393856,1,0
GE,2017,1,21681.099,1127,1,0,19.237887311446315,9.984196146150712,7.027314514039777,2.956881632110935,1,0
GE,2017,2,19976.345,1005,1,0,19.876960199004976,9.902304102535341,6.912742820493176,2.9895612820421658,1,0
GE,2017,3,25277.792,1290,1,0,19.595187596899226,10.137681502674127,7.162397497355718,2.9752840053184095,1,0
GE,2017,4,27768.59,1405,1,0,19.76412099644128,10.23166080479501,7.247792581767846,2.983868223027164,1,0
GE,2017,5,29770.171,1592,1,0,18.699856155778892,10.301262198030948,7.3727463664043285,2.9285158316266187,1,0
GE,2017,6,35146.393,1901,1,0,18.48837085744345,10.467277274619093,7.550135342488429,2.9171419321306646,1,0
GE,2017,7,44737.95,2348,1,0,19.05364139693356,10.7085774136993,7.761319180947987,2.947258232751314,1,0
GE,2017,8,47480.445,2463,1,0,19.27748477466504,10.768073221046997,7.809135398120538,2.9589378229264587,1,0
GE,2017,9,43059.811,2326,1,0,18.512386500429923,10.670345381684383,7.75190533307861,2.9184400486057736,1,0
GE,2017,10,32022.763,1779,1,0,18.00042889263631,10.374202272646816,7.483806687665835,2.8903955849809813,1,0
GE,2017,11,26645.685,1448,1,0,18.401716160220996,10.190382502788493,7.277938572945661,2.9124439298428313,1,0
GE,2017,12,26678.79,1442,1,0,18.50124133148405,10.191624146677274,7.273786317844895,2.9178378288323796,1,0
GE,2018,1,26979.99,1358,1,0,19.86744477172312,10.202850759116757,7.213768308118642,2.9890824509981146,1,0
GE,2018,2,23197.021,1217,1,0,19.060822514379623,10.051779144237338,7.104144092987527,2.9476350512498106,1,0
GE,2018,3,31776.922,1704,1,0,18.64842840375587,10.366495582033219,7.440733707389261,2.925761874643958,1,0
GE,2018,4,34508.788,1843,1,0,18.724247422680413,10.44896929522032,7.519149957669823,2.9298193375504966,1,0
GE,2018,5,38552.74,1977,1,0,19.50062721294891,10.559782452989653,7.589335823170617,2.970446629819037,1,0
GE,2018,6,45052.76,2343,1,0,19.228664105847205,10.715589526420667,7.759187438507795,2.95640208791287,1,0
GE,2018,7,53849.935,2723,1,0,19.77595850165259,10.893956475527167,7.909489492673759,2.984466982853408,1,0
GE,2018,8,55160.447,2744,1,0,20.102203717201167,10.918001435572736,7.917171988845776,3.00082944672696,1,0
GE,2018,9,46283.738,2374,1,0,19.496098567818027,10.742545947276723,7.772331575169614,2.97021437210711,1,0
GE,2018,10,40735.472,2058,1,0,19.79371817298348,10.614854539764885,7.629489916393995,2.985364623370889,1,0
GE,2018,11,36117.111,1790,1,0,20.177156983240224,10.494522020943375,7.489970898834801,3.004551122108575,1,0
GE,2018,12,34627.28,1748,1,0,19.80965675057208,10.452397089697183,7.466227556215481,2.986169533481701,1,0
GE,2019,1,34488.037,1716,1,0,20.097923659673658,10.448367789263324,7.447751280047908,3.000616509215416,1,0
GE,2019,2,30610.157,1505,1,0,20.338974750830566,10.3290871609691,7.316548177182976,3.012538983786125,1,0
GE,2019,3,38081.741,1855,1,0,20.529240431266846,10.54749020739801,7.5256399750415355,3.021850232356475,1,0
GE,2019,4,40488.346,2014,1,0,20.103448857994042,10.608769458599348,7.607878073278507,3.00089138532084,1,0
GE,2019,5,43463.506,2129,1,0,20.414986378581496,10.67967692243881,7.663407664893479,3.0162692575453307,1,0
GE,2019,6,51727.693,2563,1,0,20.182478735856417,10.853748565057408,7.848933726364071,3.0048148386933367,1,0
GE,2019,7,48789.339,2411,1,0,20.23614226462049,10.795267104859942,7.787796878181171,3.007470226678771,1,0
GE,2019,8,47606.405,2389,1,0,19.927335705316032,10.770722589990815,7.77863014732581,2.9920924426650046,1,0
GE,2019,9,43017.034,2111,1,0,20.37756229275225,10.669351455768034,7.65491704784832,3.0144344079197123,1,0
GE,2019,10,37637.038,1838,1,0,20.477169749727967,10.535743897722954,7.516433302915632,3.0193105948073216,1,0
GE,2019,11,31479.219,1528,1,0,20.601583115183246,10.357082892820786,7.331714969726466,3.02536792309432,1,0
GE,2019,12,32089.384,1541,1,0,20.823740428293316,10.376280537908439,7.340186835320115,3.036093702588323,1,0
GE,2020,1,30250.36,1490,1,0,20.302255033557046,10.31726336421462,7.306531398939505,3.0107319652751148,1,0
GE,2020,2,27196.388,1316,1,0,20.665948328267476,10.210839449348523,7.182352111885263,3.0284873374632597,1,0
GE,2020,3,17540.507,812,1,0,21.60160960591133,9.772268170867601,6.699500340161678,3.0727678307059234,1,0
GE,2020,4,7734.52,175,1,0,44.19725714285715,8.953448705490171,5.1647859739235145,3.7886627315666574,1,0
GE,2020,5,12899.04,239,1,0,53.97087866108787,9.46490816897591,5.476463551931511,3.9884446170444,1,0
GE,2020,6,11939.917,275,1,0,43.41788,9.387642435498647,5.616771097666572,3.770871337832075,1,0
GE,2020,7,12555.508,316,1,0,39.732620253164555,9.437914732740465,5.755742213586912,3.6821725191535535,1,0
GE,2020,8,12116.23,363,1,0,33.37804407713499,9.40230115512971,5.8944028342648505,3.507898320864859,1,0
GE,2020,9,14142.961,404,1,0,35.00732920792079,9.556972323468795,6.0014148779611505,3.555557445507644,1,0
GE,2020,10,11518.801,342,1,0,33.680704678362574,9.351735848972087,5.834810737062605,3.5169251119094813,1,0
GE,2020,11,17927.753,389,1,0,46.08676863753214,9.794105238054307,5.963579343618446,3.8305258944358602,1,0
GE,2020,12,18986.654,397,1,0,47.8253249370277,9.851491590282693,5.983936280687191,3.8675553095955033,1,0
GE,2021,1,11761.7216,299,1,0,39.33686153846154,9.372605605295803,5.700443573390687,3.672162031905117,1,0
GE,2021,2,11635.15185,368,1,0,31.617260461956523,9.361786126790031,5.908082938168931,3.4537031886211014,1,0
GE,2021,3,19596.34075,580,1,0,33.78679439655172,9.88309813136009,6.363028103540465,3.5200700278196244,1,0
GE,2021,4,23452.6257,746,1,0,31.437836058981233,10.06273773775549,6.61472560020376,3.448012137551729,1,0
GE,2021,5,29230.44705,1064,1,0,27.47222467105263,10.282966152206605,6.96979066990159,3.3131754823050152,1,0
GE,2021,6,34631.9756,1420,1,0,24.388715211267606,10.452532684570864,7.258412150595307,3.1941205339755574,1,0
GE,2021,7,42955.5143,2006,1,0,21.413516600199404,10.667920307995477,7.603897968521881,3.064022339473595,1,0
GE,2021,8,46243.05025,2027,1,0,22.813542303897385,10.74166646678481,7.614312146452,3.1273543203328105,1,0
GE,2021,9,38171.4988,1663,1,0,22.953396752856285,10.549844411407982,7.416378479192928,3.1334659322150538,1,0
GE,2021,10,40800.7999,1558,1,0,26.187933183568678,10.616456965592226,7.351158226430694,3.2652987391615333,1,0
GE,2021,11,36401.39055,1284,1,0,28.349992640186912,10.502362254818234,7.157735484249907,3.3446267705683272,1,0
GE,2021,12,39393.34525,1394,1,0,28.259214670014345,10.581352178736164,7.2399325913204695,3.341419587415695,1,0
GE,2022,1,36190.09035,1276,1,0,28.36213977272727,10.496540613100679,7.151485463904735,3.3450551491959435,1,0
GE,2022,2,28534.39195,1112,1,0,25.660424415467627,10.258865373824898,7.013915474810528,3.244949899014371,1,0
GE,2022,3,39138.8508,1447,1,0,27.048272840359363,10.57487087925177,7.277247726631484,3.2976231526202873,1,0
GE,2022,4,36787.29705,1381,1,0,26.638158616944246,10.512907875706938,7.2305631534092925,3.2823447222976467,1,0
GE,2022,5,41583.89025,1664,1,0,24.990318659855767,10.635468117641544,7.416979621381154,3.21848849626039,1,0
GE,2022,6,38456.87265,1725,1,0,22.2938392173913,10.557292701484005,7.45298232946546,3.104310372018545,1,0
GE,2022,7,48437.7314,2256,1,0,21.470625620567375,10.788034363374614,7.721348612617949,3.0666857507566645,1,0
GE,2022,8,51748.74495,2386,1,0,21.688493273260686,10.854155458659614,7.777373602657861,3.076781856001752,1,0
GE,2022,9,45449.19855,2083,1,0,21.819106361017763,10.724350465786785,7.641564441260972,3.0827860245258116,1,0
GE,2022,10,43461.53595,1787,1,0,24.320949048684945,10.679631594879428,7.488293515159428,3.191338079720001,1,0
GE,2022,11,40535.99455,1582,1,0,25.623258249051837,10.609945612707346,7.366445148327599,3.2435004643797463,1,0
GE,2022,12,40950.45405,1733,1,0,23.62980614541258,10.620118177131832,7.457609289715606,3.162508887416227,1,0
GE,2023,1,35157.3579,1589,1,0,22.125461233480177,10.467589203924389,7.370860166536716,3.096729037387672,1,0
GE,2023,2,30048.21335,1402,1,0,21.43239183309558,10.31055848228896,7.2456550675945355,3.064903414694424,1,0
GE,2023,3,36672.0253,1691,1,0,21.68659095209935,10.509769489973824,7.43307534889858,3.076694141075244,1,0
GE,2023,4,34068.86945,1830,1,0,18.616868551912567,10.436139326952105,7.512071245835466,2.9240680811166393,1,0
GE,2023,5,35669.55895,1859,1,0,19.187498090371168,10.482052913544225,7.527793987721444,2.9542589258227814,1,0
GE,2023,6,45491.4873,2345,1,0,19.399354925373135,10.7252804951274,7.76004068088038,2.965239814247021,1,0
GE,2023,7,54932.31765,2710,1,0,20.27022791512915,10.9138571182374,7.904703913873747,3.0091532043636535,1,0
GE,2023,8,55111.71995,2832,1,0,19.460353089689264,10.917117675789662,7.94873845481361,2.9683792209760504,1,0
GE,2023,9,49502.4012,2544,1,0,19.45849103773585,10.809776456471162,7.841492924460013,2.9682835320111502,1,0
GE,2023,10,48299.43605,2364,1,0,20.43123352368866,10.785175163589063,7.768110378525988,3.0170647850630736,1,0
GE,2023,11,44247.4289,2026,1,0,21.839797087857846,10.697552544793172,7.613818684808629,3.0837338599845445,1,0
GE,2023,12,50700.18445,2244,1,0,22.59366508467023,10.833684827639718,7.716015266642587,3.1176695609971308,1,0
GE,2024,1,46037.2974,2110,1,0,21.818624360189574,10.737207159983388,7.6544432264701125,3.0827639335132755,1,0
GE,2024,2,39189.42572,1858,1,0,21.0922635737352,10.576162237348111,7.527255919373784,3.048906317974328,1,0
GE,2024,3,44795.98676,2098,1,0,21.3517572735939,10.709873833140437,7.6487397889562425,3.061134044184194,1,0
GE,2024,4,50579.18402,2308,1,0,21.91472444540728,10.831295387630401,7.744136627627991,3.087158760002412,1,0
GE,2024,5,57857.1212,2588,1,0,22.355920092735705,10.965731822712305,7.858640655620791,3.107091167091514,1,0
GE,2024,6,67898.63444,2947,1,0,23.039916674584322,11.125771202004346,7.988542982737695,3.137228219266651,1,0
GE,2024,7,71704.49852,3280,1,0,21.861127597560973,11.1803087654843,8.09559870137819,3.0847100641061105,1,0
GE,2024,8,73546.67164,3377,1,0,21.77870051525022,11.20567547198048,8.124743020385568,3.0809324515949137,1,0
GE,2024,9,65536.42888,2947,1,0,22.23835387852053,11.090361433127166,7.988542982737695,3.1018184503894703,1,0
GE,2024,10,70167.76254,2843,1,0,24.68088728104115,11.15864426146177,7.952615111651,3.20602914981077,1,0
GE,2024,11,66803.44112,2623,1,0,25.468334395730082,11.109509871970403,7.872073979866873,3.2374358921035298,1,0
GE,2024,12,64030.60284,2615,1,0,24.485890187380498,11.067116417430263,7.869019376499023,3.198097040931241,1,0
GE,2025,1,59888.97556,2418,1,0,24.767979966914805,11.000247719752384,7.790696031174738,3.2095516885776454,1,0
GE,2025,2,53289.7998,2108,1,0,25.27979117647059,10.88350021848137,7.653494909661253,3.2300053088201164,1,0
GE,2025,3,65747.77752,2507,1,0,26.225679106501797,11.093581147491525,7.826842098158293,3.2667390493332316,1,0
GE,2025,4,71546.90734,2836,1,0,25.228105550070524,11.178108560290815,7.950149887652018,3.2279586726387968,1,0
GE,2025,5,75162.21166,3085,1,0,24.36376390923825,11.227403879118945,8.034306936339489,3.1930969427794578,1,0
GE,2025,6,86258.11512,3377,1,0,25.54282354752739,11.3650994188154,8.124743020385568,3.240356398429834,1,0
GE,2025,7,92705.46668,3836,1,0,24.167222805005213,11.437182721551967,8.252185436003328,3.1849972855486386,1,0
GE,2025,8,96252.22126,4063,1,0,23.689938779227173,11.474727329909712,8.309676895987726,3.1650504339219845,1,0
GE,2025,9,85219.67288,3555,1,0,23.97177858790436,11.352987588510981,8.176110342237342,3.1768772462736394,1,0
GE,2025,10,82010.46076,3223,1,0,25.445380316475333,11.314602088353901,8.078067881815437,3.236534206538463,1,0
GE,2025,11,80072.40474,2921,1,0,27.412668517630948,11.29068656358685,7.979681302387741,3.3110052611991083,1,0
GE,2025,12,79380.9806,2977,1,0,26.66475666778636,11.282014079498348,7.998671361015776,3.2833427184825705,1,0
GE,2026,1,73243.95256,2781,1,0,26.337271686443728,11.201550964563289,7.930565854233965,3.270985110329325,1,0
GE,2026,2,60843.42936,2281,1,0,26.67401550197282,11.016059111648582,7.732369222284388,3.2836898893641946,1,0
GE,2026,3,69083.95792,2368,1,0,29.173968716216216,11.143077825350082,7.769800996003896,3.3732768293461852,1,0
GE,2026,4,71129.5948,2549,1,0,27.90490184386034,11.172258771099498,7.8434564043761155,3.3288023667233824,1,0
GE,2026,5,81371.41252,3061,1,0,26.583277530218883,11.306779292763334,8.026496938945412,3.2802823538179218,1,0
GE,2026,6,91075.03624,3510,1,0,25.947303772079774,11.419439019790493,8.163371316459912,3.256067703330581,1,0
GE,2026,7,96053.85006,4121,1,0,23.30838390196554,11.472664251307991,8.323851131338817,3.1488131199691747,1,0
HR,2010,1,12141.849,1956,1,1,6.207489263803681,9.404413359441085,7.578656850594762,1.825756508846322,0,0
HR,2010,2,10904.556,1783,1,1,6.115847448121144,9.296935962538615,7.48605261786314,1.8108833446754744,0,0
HR,2010,3,14382.412,2186,1,1,6.579328453796889,9.573761350171885,7.689828668736484,1.8839326814354012,0,0
HR,2010,4,20387.296,2609,1,1,7.814218474511306,9.922667240748,7.866722285136729,2.055944955611271,0,0
HR,2010,5,36060.964,3958,1,1,9.11090550783224,10.49296622962239,8.28349412616251,2.2094721034598783,0,0
HR,2010,6,46583.546,4521,1,1,10.303814642778146,10.749002667633984,8.416488487294606,2.3325141803393796,0,0
HR,2010,7,58511.423,5637,1,1,10.379886996629413,10.976977279115493,8.637107288081575,2.3398699910339174,0,0
HR,2010,8,59130.107,5693,1,1,10.386458282100826,10.987495498385368,8.646992628951082,2.3405028694342858,0,0
HR,2010,9,46860.918,4526,1,1,10.35371586389748,10.754939302138785,8.417593826193484,2.337345475945303,0,0
HR,2010,10,28795.5,3340,1,1,8.621407185628742,10.267974403915733,8.113726085970747,2.154248317944988,0,0
HR,2010,11,13401.071,2058,1,1,6.511696307094266,9.503089908118275,7.629489916393995,1.8735999917242796,0,0
HR,2010,12,12115.36,1862,1,1,6.506638023630505,9.402229348038192,7.529406457837013,1.87282289020118,0,0
HR,2011,1,12145.893,1879,1,1,6.464019691325173,9.404746366934113,7.538494999413465,1.8662513675206476,0,0
HR,2011,2,11180.457,1802,1,1,6.204471143174251,9.321922622438962,7.496652438168283,1.825270184270678,0,0
HR,2011,3,14045.564,2154,1,1,6.520688950789229,9.550061895371462,7.675081857716334,1.8749800376551273,0,0
HR,2011,4,23380.843,3092,1,1,7.561721539456663,10.059672290834552,8.036573409707312,2.02309888112724,0,0
HR,2011,5,35270.481,3991,1,1,8.837504635429717,10.470801660789501,8.291797105048733,2.1790045557407676,0,0
HR,2011,6,45466.681,4755,1,1,9.561867718191376,10.724735050972606,8.46695197497949,2.2577830759931152,0,0
HR,2011,7,58328.022,5744,1,1,10.154599930362117,10.973837908663537,8.65591111072806,2.3179267979354767,0,0
HR,2011,8,57671.726,5829,1,1,9.893931377594786,10.96252231506744,8.67060073804555,2.2919215770218915,0,0
HR,2011,9,45933.953,4688,1,1,9.79819816552901,10.734959839368626,8.452761331256848,2.2821985081117777,0,0
HR,2011,10,28478.381,3537,1,1,8.051563754594289,10.256900516999952,8.17103418920548,2.0858663277944722,0,0
HR,2011,11,12457.371,1960,1,1,6.355801530612244,9.430067774894237,7.580699752224563,1.849368022669675,0,0
HR,2011,12,11080.491,1877,1,1,5.9032983484283434,9.312941273398858,7.537430036586509,1.7755112368123487,0,0
HR,2012,1,10992.973,1823,1,1,6.030155238617663,9.305011529467414,7.508238774678663,1.7967727547887518,1,1
HR,2012,2,9912.5,1616,1,1,6.133972772277228,9.201551865943104,7.38770923908104,1.8138426268620629,1,1
HR,2012,3,13362.724,2086,1,1,6.405907957813998,9.500224318523014,7.643003635560718,1.857220682962295,1,1
HR,2012,4,23639.822,3018,1,1,7.8329430086149765,10.070687941880857,8.012349639327795,2.0583383025530635,1,1
HR,2012,5,35546.62,3919,1,1,9.070329165603471,10.478600353355413,8.273591798199632,2.2050085551557803,1,1
HR,2012,6,47693.406,4867,1,1,9.799343743579207,10.772548428326832,8.490233009833455,2.2823154184933774,1,1
HR,2012,7,59141.84,5851,1,1,10.107988378055033,10.987693905536617,8.674367865788236,2.3133260397483806,1,1
HR,2012,8,58481.946,5857,1,1,9.984966023561551,10.976473370203804,8.675392806089782,2.3010805641140224,1,1
HR,2012,9,49913.855,4922,1,1,10.140970134091834,10.81805389851113,8.501470230951002,2.316583667560128,1,1
HR,2012,10,28723.737,3364,1,1,8.538566290130797,10.265479133081898,8.120886021092838,2.14459311198906,1,1
HR,2012,11,12461.218,1991,1,1,6.258773480662984,9.430376540372938,7.596392304064196,1.8339842363087422,1,1
HR,2012,12,12020.94,1837,1,1,6.543788786064235,9.394405408026513,7.515889085215125,1.8785163228113864,1,1
HR,2013,1,12190.886,1843,1,1,6.6146966901790565,9.408443902360732,7.519149957669823,1.8892939446909083,1,1
HR,2013,2,11014.35,1737,1,1,6.341018998272885,9.30695424705495,7.459914766241105,1.8470394808138455,1,1
HR,2013,3,14071.664,2032,1,1,6.925031496062992,9.551918408929373,7.616775808698373,1.9351426002310004,1,1
HR,2013,4,25110.82,2962,1,1,8.47765698852127,10.131054107930652,7.993619994827744,2.1374341131029073,1,1
HR,2013,5,39898.078,3945,1,1,10.113581242078581,10.594083431291658,8.280204233279974,2.313879198011683,1,1
HR,2013,6,51981.099,5017,1,1,10.360992425752443,10.858635450719188,8.520587424484253,2.338048026234934,1,1
HR,2013,7,63291.528,5984,1,1,10.576792780748663,11.055506760312488,8.696844519654313,2.3586622406581754,1,1
HR,2013,8,63325.176,6180,1,1,10.246792233009709,11.05603825417908,8.729073550451737,2.3269647037273447,1,1
HR,2013,9,49902.325,4899,1,1,10.186226780975709,10.817822873840553,8.496786381638575,2.321036492201979,1,1
HR,2013,10,31730.215,3483,1,1,9.110024404249211,10.365024660476125,8.155649270366002,2.2093753901101243,1,1
HR,2013,11,11697.618,1764,1,1,6.631302721088436,9.367140510315053,7.475339236566737,1.891801273748316,1,1
HR,2013,12,11335.106,1779,1,1,6.371616638560989,9.33565991446385,7.483806687665835,1.8518532267980148,1,1
HR,2014,1,10805.379,1790,1,1,6.036524581005587,9.287799344679366,7.489970898834801,1.7978284458445648,1,1
HR,2014,2,9910.297,1651,1,1,6.0026026650514845,9.201329596602498,7.409136443920128,1.7921931526823704,1,1
HR,2014,3,12052.968,1975,1,1,6.102768607594937,9.397066215644141,7.5883236773352225,1.8087425383089184,1,1
HR,2014,4,25019.141,3019,1,1,8.287227890029811,10.127396450897555,8.012680929706839,2.1147155211907154,1,1
HR,2014,5,41649.843,4257,1,1,9.783848484848486,10.63705287808008,8.356319965828153,2.2807329122519286,1,1
HR,2014,6,53265.968,5283,1,1,10.082522809010033,10.883052907164686,8.572249397164315,2.3108035100003708,1,1
HR,2014,7,69680.051,6575,1,1,10.5977263878327,11.151669343443453,8.791029857045965,2.3606394863974876,1,1
HR,2014,8,67262.485,6650,1,1,10.11465939849624,11.116357930790775,8.8023721336499,2.3139857971408744,1,1
HR,2014,9,51942.423,5042,1,1,10.30194823482745,10.85789113410941,8.525558107747866,2.3323330263615447,1,1
HR,2014,10,31978.683,3602,1,1,8.878035258189895,10.3728248035512,8.189244525735901,2.1835802778152997,1,1
HR,2014,11,13114.526,2017,1,1,6.501996033713436,9.481475749825503,7.6093665379542115,1.87210921187129,1,1
HR,2014,12,12616.147,1894,1,1,6.6611124604012675,9.442732780445633,7.546446273746024,1.8962865066996089,1,1
HR,2015,1,12773.189,1945,1,1,6.567192287917738,9.455103643770382,7.573017256052546,1.8820863877178362,1,1
HR,2015,2,11798.109,1782,1,1,6.620712121212121,9.375694543374387,7.485491608030754,1.8902029353436312,1,1
HR,2015,3,14991.176,2157,1,1,6.950012053778396,9.615217040320957,7.676473646389156,1.9387433939318006,1,1
HR,2015,4,26770.24,3168,1,1,8.45020202020202,10.19504610173383,8.060855752934316,2.134190348799513,1,1
HR,2015,5,43845.479,4579,1,1,9.575339375409477,10.68842689100268,8.429235912657095,2.2591909783455844,1,1
HR,2015,6,54483.905,5365,1,1,10.15543429636533,10.905660615934554,8.587651655064798,2.3180089608697556,1,1
HR,2015,7,69650.435,6599,1,1,10.554695408395212,11.15124422470173,8.794673401383422,2.356570823318308,1,1
HR,2015,8,68593.287,6651,1,1,10.313229138475418,11.135949951782797,8.802522498284421,2.3334274534983757,1,1
HR,2015,9,53998.612,5291,1,1,10.205747873747875,10.896713621512362,8.57376254290413,2.3229510786082304,1,1
HR,2015,10,35428.526,3707,1,1,9.557196115457243,10.47527259383292,8.217978203150732,2.257294390682187,1,1
HR,2015,11,15164.818,2160,1,1,7.0207490740740734,9.626733418731838,7.67786350067821,1.948869918053628,1,1
HR,2015,12,13801.312,1917,1,1,7.199432446531038,9.532518939089965,7.558516743045645,1.9740021960443195,1,1
HR,2016,1,13012.085,1931,1,1,6.738521491455204,9.473633820003508,7.565793282428515,1.907840537574993,1,1
HR,2016,2,13081.632,1911,1,1,6.845437990580847,9.478964387870182,7.555381944240273,1.9235824436299092,1,1
HR,2016,3,16723.082,2322,1,1,7.202016365202411,9.72454519979552,7.7501841622578365,1.9743610375376828,1,1
HR,2016,4,27312.986,3121,1,1,8.75135725728933,10.215117545729978,8.045908742270779,2.1692088034591976,1,1
HR,2016,5,48503.914,4829,1,1,10.044297784220335,10.78939977470035,8.482394685873542,2.3070050888268074,1,1
HR,2016,6,63106.213,5710,1,1,11.051876182136603,11.052574506439694,8.649974302650056,2.4026002037896372,1,1
HR,2016,7,82035.956,7550,1,1,10.865689536423842,11.314912917943584,8.92930284224307,2.385610075700514,1,1
HR,2016,8,78176.964,7435,1,1,10.514722797579019,11.266730305131665,8.913953858894255,2.352776446237409,1,1
HR,2016,9,63020.347,6211,1,1,10.14657011753341,11.051212921484618,8.734077192559303,2.317135728925315,1,1
HR,2016,10,43525.809,5003,1,1,8.699941834899061,10.681109351482608,8.517793011488205,2.163316339994403,1,1
HR,2016,11,15451.636,2593,1,1,5.9589803316621675,9.645470166687582,7.860570785538664,1.7848993811489178,1,1
HR,2016,12,14524.327,2294,1,1,6.3314415867480385,9.583580246739606,7.738052297689316,1.8455279490502905,1,1
HR,2017,1,14299.288,2309,1,1,6.19284885231702,9.567965024798635,7.744569809354496,1.8233952154441395,1,1
HR,2017,2,12939.606,2319,1,1,5.579821474773609,9.468048119368769,7.7488913372555315,1.7191567821132376,1,1
HR,2017,3,16884.562,3160,1,1,5.343215822784811,9.73415499229962,8.058327306580958,1.6758276857186631,1,1
HR,2017,4,32748.438,3606,1,1,9.081652246256239,10.396610545269484,8.190354403763262,2.2062561415062203,1,1
HR,2017,5,55795.931,5496,1,1,10.152098071324598,10.929456224563573,8.611775833902186,2.3176803906613874,1,1
HR,2017,6,77240.367,6645,1,1,11.62383250564334,11.254677487955295,8.801619971147346,2.4530575168079496,1,1
HR,2017,7,101042.139,8522,1,1,11.856622741140576,11.523292926634024,9.050406334059858,2.4728865925741665,1,1
HR,2017,8,96929.727,8392,1,1,11.550253455672069,11.481741531017196,9.035034150076132,2.4467073809410635,1,1
HR,2017,9,77988.885,6599,1,1,11.818288377026821,11.26432159551764,8.794673401383422,2.4696481941342174,1,1
HR,2017,10,53129.976,5015,1,1,10.59421256231306,10.880496567722696,8.520188700396035,2.36030786732666,1,1
HR,2017,11,20433.108,2464,1,1,8.292657467532468,9.924911805462925,7.80954132465341,2.1153704808095135,1,1
HR,2017,12,18822.139,2159,1,1,8.71798934691987,9.842789062366494,7.677400430514807,2.165388631851686,1,1
HR,2018,1,19749.347,2251,1,1,8.773588183029766,9.890875706491526,7.719129840906732,2.171745865584794,1,1
HR,2018,2,17366.078,2032,1,1,8.546298228346457,9.762274042145688,7.616775808698373,2.1454982334473147,1,1
HR,2018,3,24067.984,2573,1,1,9.35405518849592,10.088637771556908,7.8528278122817445,2.235809959275163,1,1
HR,2018,4,40042.088,3787,1,1,10.573564298917349,10.597686379921653,8.239329427901795,2.3583569520198577,1,1
HR,2018,5,69209.203,5919,1,1,11.692718871430984,11.144889124092678,8.685922794690725,2.4589663294019526,1,1
HR,2018,6,89148.993,7320,1,1,12.178824180327869,11.398064327658226,8.898365606955357,2.4996987207028685,1,1
HR,2018,7,113491.639,9282,1,1,12.227067334626158,11.639484447991942,9.135832319801121,2.5036521281908213,1,1
HR,2018,8,107789.06,9005,1,1,11.969912270960577,11.587931448077105,9.105535257610056,2.482396190467049,1,1
HR,2018,9,89693.957,7323,1,1,12.248253038372251,11.40415867676969,8.89877535906107,2.5053833177086204,1,1
HR,2018,10,61343.324,5177,1,1,11.849203013328182,11.024241625962013,8.551981016901902,2.4722606090601116,1,1
HR,2018,11,22081.893,2526,1,1,8.741842042755344,10.002513230411761,7.8343923029104365,2.1681209275013242,1,1
HR,2018,12,18897.736,2270,1,1,8.32499383259912,9.846797405512747,7.727535110475448,2.1192622950372986,1,1
HR,2019,1,18135.72,2331,1,1,7.780231660231661,9.80563875316214,7.754052639035757,2.0515861141263834,1,1
HR,2019,2,17070.608,2227,1,1,7.665293219577908,9.74511343319753,7.708410667257367,2.0367027659401624,1,1
HR,2019,3,21392.877,2677,1,1,7.9913623459096,9.970813295135642,7.892452043520352,2.0783612516152887,1,1
HR,2019,4,48856.58,4533,1,1,10.777979263181116,10.796644346455231,8.41913925094085,2.3775050955143824,1,1
HR,2019,5,72248.438,6278,1,1,11.508193373685886,11.187865986363814,8.744806737401898,2.443059248961915,1,1
HR,2019,6,98922.383,7882,1,1,12.550416518650088,11.502090811519066,8.97233695775495,2.529753853764118,1,1
HR,2019,7,119632.702,9478,1,1,12.622146233382571,11.692181511217665,9.156728602527533,2.535452908690132,1,1
HR,2019,8,116131.162,9326,1,1,12.452408535277717,11.662475538217471,9.140561477368266,2.521914060849205,1,1
HR,2019,9,92826.061,7315,1,1,12.689823786739577,11.43848270909038,8.897682313454224,2.540800395636156,1,1
HR,2019,10,64746.661,5531,1,1,11.706140119327427,11.078237410664563,8.618123909994678,2.4601135006698858,1,1
HR,2019,11,20836.664,2587,1,1,8.054373405488983,9.944469406278216,7.8582541821860294,2.0862152240921876,1,1
HR,2019,12,18789.489,2402,1,1,7.822435054121566,9.841052896721054,7.784057002639929,2.0569958940811253,1,1
HR,2020,1,16911.849,2315,1,1,7.305334341252699,9.73576977949873,7.747164966520335,1.9886048129783958,1,1
HR,2020,2,16920.919,2245,1,1,7.537157683741649,9.736305946106043,7.716460800176355,2.019845145929689,1,1
HR,2020,3,13443.353,1692,1,1,7.945244089834515,9.506240062129054,7.433666540166168,2.072573521962886,1,1
HR,2020,4,3333.184,235,1,1,14.18376170212766,8.111683282304524,5.459585514144159,2.652097768160364,1,1
HR,2020,5,2615.799,570,1,1,4.589121052631579,7.869324874762754,6.345636360828596,1.523688513934159,1,1
HR,2020,6,8099.992,1833,1,1,4.418980905619204,8.999618353005722,7.513709247839705,1.4859091051660165,1,1
HR,2020,7,31727.993,4347,1,1,7.298825166781688,10.364954630134237,8.377241230988792,1.9877133991454456,1,1
HR,2020,8,48020.277,5761,1,1,8.33540652664468,10.779378638188428,8.658866349732383,2.120512288456045,1,1
HR,2020,9,26265.29,3288,1,1,7.988226885644769,10.176003574636836,8.098034756176071,2.0779688184607643,1,1
HR,2020,10,11063.442,1964,1,1,5.633117107942973,9.311401438233286,7.582738488914411,1.7286629493188745,1,1
HR,2020,11,6343.056,1385,1,1,4.579823826714801,8.75511595022491,7.233455418621439,1.521660531603472,1,1
HR,2020,12,5467.339,1143,1,1,4.783323709536308,8.606547305386679,7.04141166379481,1.5651356415918676,1,1
HR,2021,1,5109.584,1114,1,1,4.586700179533214,8.5388732708819,7.01571242048723,1.5231608503946712,1,1
HR,2021,2,4900.77075,1068,1,1,4.588736657303371,8.497147767647379,6.97354301952014,1.5236047481272392,1,1
HR,2021,3,5991.5642,1467,1,1,4.084229175187457,8.698107792245002,7.2909747781429814,1.4071330141020204,1,1
HR,2021,4,8368.28425,1734,1,1,4.8260001441753175,9.03220415441803,7.458186157340487,1.5740179970775428,1,1
HR,2021,5,12525.0821,2371,1,1,5.2826158161113455,9.435488480821801,7.771067086065406,1.6644213947563964,1,1
HR,2021,6,28110.13435,3863,1,1,7.27676271032876,10.243885443327079,8.259199362666282,1.9846860806607973,1,1
HR,2021,7,64132.9775,6952,1,1,9.225111838319908,11.068713980193444,8.846784666945227,2.221929313248215,1,1
HR,2021,8,78876.1045,7886,1,1,10.002042163327415,11.275633602915043,8.972844314437573,2.3027892884774706,1,1
HR,2021,9,64908.63515,6338,1,1,10.241185728936573,11.0807359470001,8.754318540250866,2.3264174067492345,1,1
HR,2021,10,43281.92345,4638,1,1,9.332023167313498,10.675490354538391,8.442038517815478,2.233451836722915,1,1
HR,2021,11,14912.5755,2185,1,1,6.824977345537758,9.609960129260077,7.68937110752969,1.9205890217303874,1,1
HR,2021,12,16574.46315,2287,1,1,7.247251049409707,9.715618425389252,7.734996194022781,1.980622231366471,1,1
HR,2022,1,14489.95405,2015,1,1,7.191044193548387,9.581210864157182,7.608374474380783,1.9728363897763976,1,1
HR,2022,2,13096.48985,1948,1,1,6.7230440708418895,9.480099522902446,7.5745584842024805,1.9055410386999656,1,1
HR,2022,3,18436.22295,2518,1,1,7.321772418586179,9.822072646954519,7.831220214604293,1.9908524323502268,1,1
HR,2022,4,36792.2463,3948,1,1,9.31921132218845,10.513042403587438,8.280964400553373,2.232078003034065,1,1
HR,2022,5,54960.04335,5356,1,1,10.261397190067214,10.914361715651378,8.585972706811063,2.328389008840315,1,1
HR,2022,6,75448.7279,6950,1,1,10.855932071942446,11.23120860388156,8.846496938558838,2.3847116653227234,1,1
HR,2022,7,98059.20765,8763,1,1,11.190141235878123,11.493326734915593,9.07829359105585,2.4150331438597425,1,1
HR,2022,8,97737.9814,8784,1,1,11.126819376138434,11.490045517858675,9.080687163749312,2.4093583541093633,1,1
HR,2022,9,77103.5193,7038,1,1,10.955316751918158,11.252904204424075,8.85907931788153,2.393824886542544,1,1
HR,2022,10,54883.1947,5292,1,1,10.370974055177626,10.912962473169044,8.573951525234847,2.339010947934198,1,1
HR,2022,11,19682.6123,2583,1,1,7.620058962446768,9.887490900618365,7.8567067930958405,2.0307841075225244,1,1
HR,2022,12,18464.0286,2404,1,1,7.680544342762063,9.823579718266766,7.784889295655098,2.038690422611667,1,1
HR,2023,1,16108.94845,2332,1,1,6.907782354202402,9.687130200918352,7.754481547470383,1.9326486534479699,1,1
HR,2023,2,14569.75985,2166,1,1,6.726574261311173,9.586703416555128,7.680637427560936,1.9060659889941927,1,1
HR,2023,3,20969.4983,2850,1,1,7.3577187017543855,9.950824198955498,7.955074273262696,1.9957499256928022,1,1
HR,2023,4,39684.5298,4259,1,1,9.317804602019253,10.58871671314938,8.356789669923213,2.2319270432261655,1,1
HR,2023,5,59551.24975,5779,1,1,10.304767217511682,10.994592561129142,8.661985936317778,2.3326066248113646,1,1
HR,2023,6,82456.5652,7475,1,1,11.030978622073578,11.320026951257995,8.919319398258887,2.400707552999108,1,1
HR,2023,7,107127.3421,9545,1,1,11.22339885804086,11.581773518904958,9.163772736159848,2.4180007827451098,1,1
HR,2023,8,103840.5175,9268,1,1,11.204199126025033,11.550611515554158,9.134322885552267,2.4162886300018913,1,1
HR,2023,9,83118.75775,7510,1,1,11.067744041278296,11.328025680401563,8.92399074475818,2.4040349356433817,1,1
HR,2023,10,54727.3549,5369,1,1,10.193211938908549,10.910118952986476,8.58839695042257,2.3217220025639076,1,1
HR,2023,11,21060.687,2736,1,1,7.697619517543861,9.955163406238531,7.914252278742441,2.0409111274960905,1,1
HR,2023,12,20232.3604,2516,1,1,8.041478696343402,9.91503860155611,7.830425617820331,2.0846129837357803,1,1
HR,2024,1,19201.49466,2527,1,1,7.598533700039573,9.862743401860962,7.834788107388194,2.027955294472768,1,1
HR,2024,2,17821.45566,2350,1,1,7.583598153191489,9.788158384557297,7.762170607138205,2.025987777419092,1,1
HR,2024,3,23284.77288,2836,1,1,8.210427672778561,10.055554901450076,7.950149887652018,2.105405013798058,1,1
HR,2024,4,51299.11146,5041,1,1,10.176376008728427,10.845428710541023,8.525359754082631,2.320068956458393,1,1
HR,2024,5,78030.12088,6923,1,1,11.271142695363283,11.26485019625737,8.842604480678025,2.4222457155793453,1,1
HR,2024,6,99198.5162,8628,1,1,11.497278187297171,11.504878335499807,9.062768007509048,2.44211032799076,1,1
HR,2024,7,118113.71334,10125,1,1,11.665551934814815,11.679403111786556,9.22276289197474,2.456640219811816,1,1
HR,2024,8,116248.95724,10142,1,1,11.462133429303885,11.663489353430878,9.224440496354964,2.439048857075913,1,1
HR,2024,9,95995.74424,8156,1,1,11.769953928396273,11.472059138634,9.006509131694346,2.4655500069396536,1,1
HR,2024,10,65077.22882,5905,1,1,11.020699207451312,11.083329979295456,8.683554728631462,2.3997752506639936,1,1
HR,2024,11,23931.6918,2940,1,1,8.140031224489796,10.082958876272226,7.986164860332727,2.096794015939499,1,1
HR,2024,12,22560.88982,2716,1,1,8.306660463917526,10.023973147210052,7.906915488678587,2.117057658531465,1,1
HR,2025,1,21290.52774,2593,1,1,8.210770435788662,9.96601754574376,7.860570785538664,2.1054467602050964,1,1
HR,2025,2,18773.0487,2411,1,1,7.786415885524678,9.840177540472173,7.787796878181171,2.052380662291001,1,1
HR,2025,3,25124.5903,3025,1,1,8.305649685950414,10.131602338760763,8.014666370464942,2.1169359682958215,1,1
HR,2025,4,53193.23766,5211,1,1,10.207875198618307,10.881686555596229,8.558527054909215,2.323159500687015,1,1
HR,2025,5,82240.60418,7099,1,1,11.584815351457951,11.317404427208698,8.867709208039386,2.449695219169313,1,1
HR,2025,6,105243.7514,9034,1,1,11.649740026566304,11.564034380661072,9.108750516214549,2.455283864446522,1,1
HR,2025,7,125890.07178,10727,1,1,11.7358135340729,11.743164358940458,9.280519206597429,2.4626451523430295,1,1
HR,2025,8,122953.00702,10502,1,1,11.707580177109122,11.719557504604314,9.259320994197804,2.4602365104065087,1,1
HR,2025,9,100959.42936,8555,1,1,11.801219095265926,11.522474025619605,9.054271186326293,2.4682028392933115,1,1
HR,2025,10,72046.5506,6359,1,1,11.329855417518479,11.185067725194875,8.757626411267408,2.4274413139274666,1,1
HR,2025,11,24887.12318,3017,1,1,8.248963599602254,10.122105807323623,8.012018239159062,2.1100875681645617,1,1
HR,2025,12,23051.09482,2780,1,1,8.291760726618705,10.045468544910701,7.930206206684683,2.1152623382260187,1,1
HR,2026,1,21656.4036,2621,1,1,8.262649217855781,9.983056467987854,7.8713112033234065,2.1117452646644477,1,1
HR,2026,2,19159.42812,2420,1,1,7.91711905785124,9.860550203480239,7.791522819150732,2.069027384329506,1,1
HR,2026,3,24270.68684,3046,1,1,7.968052147078135,10.097024598279008,8.021584533455107,2.0754400648239004,1,1
HR,2026,4,49981.0376,5022,1,1,9.952416885702908,10.819398964477573,8.52158353971753,2.2978154247600426,1,1
HR,2026,5,82765.43806,7184,1,1,11.52080151169265,11.323765838497271,8.879611609982035,2.4441542285152353,1,1
HR,2026,6,102713.21414,8767,1,1,11.715890742557317,11.539696055020432,9.078749951588586,2.460946103431847,1,1
HR,2026,7,123893.64226,10470,1,1,11.833203654250239,11.72717875282204,9.256269303864583,2.470909448957458,1,1
HU,2010,1,48575.838,3851,1,1,12.613824461178915,10.790881525769503,8.25608813381491,2.5347933919545946,0,0
HU,2010,2,44322.036,3662,1,1,12.103232113599127,10.699237258994177,8.205764725234456,2.493472533759722,0,0
HU,2010,3,55853.239,4452,1,1,12.545651168014375,10.930482797444192,8.401108712395436,2.529374085048757,0,0
HU,2010,4,51470.773,4107,1,1,12.532450206963722,10.848769410991379,8.320448113956559,2.5283212970348194,0,0
HU,2010,5,61226.889,4848,1,1,12.629308787128714,11.022341734753967,8.48632152774915,2.5360202070048166,0,0
HU,2010,6,65325.856,5154,1,1,12.674787737679472,11.087143194015168,8.54752839121231,2.5396148028028582,0,0
HU,2010,7,70631.802,5595,1,1,12.62409329758713,11.165235775315512,8.629628620746026,2.535607154569486,0,0
HU,2010,8,72030.433,5454,1,1,13.206900073340668,11.184843989249487,8.604104563405533,2.580739425843952,0,0
HU,2010,9,66980.656,5301,1,1,12.635475570647047,11.112159140268584,8.575650760987806,2.5365083792807774,0,0
HU,2010,10,62700.374,5028,1,1,12.470241447891807,11.046122691515503,8.522777569710138,2.523345121805365,0,0
HU,2010,11,51061.589,4363,1,1,11.703320880128352,10.840787810561935,8.38091517312361,2.4598726374383255,0,0
HU,2010,12,48770.723,4084,1,1,11.94190083251714,10.794885473281521,8.314832179284556,2.4800532939969653,0,0
HU,2011,1,47689.691,4106,1,1,11.61463492450073,10.772470531925505,8.32020459757888,2.452265934346625,0,0
HU,2011,2,42174.734,3727,1,1,11.31600053662463,10.649576600340337,8.223358899479258,2.4262177008610792,0,0
HU,2011,3,53165.182,4563,1,1,11.651365768135,10.881158987384133,8.425735580927402,2.45542340645673,0,0
HU,2011,4,60194.159,4938,1,1,12.189987646820574,11.005330600011456,8.504715669905124,2.5006149301063316,0,0
HU,2011,5,61619.856,5066,1,1,12.16341413343861,11.028739435244326,8.53030683056162,2.498432604682705,0,0
HU,2011,6,68991.431,5263,1,1,13.108765152954588,11.14173758746158,8.56845648535378,2.573281102107802,0,0
HU,2011,7,73870.094,5650,1,1,13.074352920353983,11.210063343027727,8.639410824140487,2.5706525188872407,0,0
HU,2011,8,74063.155,5544,1,1,13.359154942279941,11.212673454154338,8.620471540869739,2.592201913284598,0,0
HU,2011,9,68896.612,5470,1,1,12.595358683729431,11.140362283078654,8.607033895416027,2.533328387662627,0,0
HU,2011,10,65405.788,5237,1,1,12.489170899369869,11.088366035058312,8.563504094279487,2.524861940778825,0,0
HU,2011,11,52680.39,4252,1,1,12.389555503292568,10.87199855901888,8.355144739461839,2.5168538195570416,0,0
HU,2011,12,49323.015,4124,1,1,11.959993937924345,10.806146086796694,8.32457884513685,2.481567241659844,0,0
HU,2012,1,47110.767,3951,1,1,11.923757782839788,10.760256852605917,8.281723990411392,2.4785328621945255,1,1
HU,2012,2,34211.176,2801,1,1,12.213915030346305,10.440307653294287,7.937731775260109,2.5025758780341794,1,1
HU,2012,3,41905.108,3433,1,1,12.2065563646956,10.64316300778777,8.141189793457691,2.5019732143300772,1,1
HU,2012,4,47504.609,3878,1,1,12.249770242392986,10.76858201689442,8.263074835802596,2.5055071810918235,1,1
HU,2012,5,50401.928,4208,1,1,11.977644486692014,10.827784707296049,8.344742754417545,2.4830419528785037,1,1
HU,2012,6,52344.468,4295,1,1,12.187303376018626,10.865601537362425,8.365206834418355,2.5003947029440696,1,1
HU,2012,7,57276.019,4563,1,1,12.552272408503178,10.955637298520918,8.425735580927402,2.5299017175935155,1,1
HU,2012,8,57114.37,4461,1,1,12.803041918852276,10.952811027729904,8.403128235128264,2.5496827926016388,1,1
HU,2012,9,55551.656,4344,1,1,12.78813443830571,10.925068605604535,8.37655086161377,2.5485177439907645,1,1
HU,2012,10,54085.393,4271,1,1,12.66340271599157,10.898319428378011,8.359603270841466,2.538716157536544,1,1
HU,2012,11,46120.791,3721,1,1,12.394730180059124,10.739019125146587,8.221747728346623,2.5172713967999654,1,1
HU,2012,12,43324.252,3340,1,1,12.971332934131736,10.676467849576142,8.113726085970747,2.5627417636053944,1,1
HU,2013,1,42363.088,3350,1,1,12.645697910447762,10.654032696019627,8.116715624819111,2.5373170712005146,1,1
HU,2013,2,37566.776,3066,1,1,12.252699282452706,10.533875321737067,8.028129059431759,2.505746262305307,1,1
HU,2013,3,44690.1,3497,1,1,12.779553903345725,10.70750727956205,8.159660737063376,2.547846542498673,1,1
HU,2013,4,47970.653,3838,1,1,12.498867378843148,10.778344707078046,8.252706676567644,2.525638030510401,1,1
HU,2013,5,51966.426,4012,1,1,12.952748255234297,10.858353135193205,8.297045149081827,2.5613079861113786,1,1
HU,2013,6,53166.228,4106,1,1,12.948423770092548,10.88117866172119,8.32020459757888,2.560974064142311,1,1
HU,2013,7,56510.879,4435,1,1,12.742024577226607,10.942188447271983,8.39728289474368,2.5449055525283026,1,1
HU,2013,8,54462.856,4109,1,1,13.25452810902896,10.905274207012091,8.32093496888341,2.584339238128682,1,1
HU,2013,9,54298.473,4229,1,1,12.839553795223457,10.902251383979648,8.34972083747249,2.5525305465071586,1,1
HU,2013,10,52754.746,4171,1,1,12.647985135459122,10.873409018855096,8.335911094196945,2.53749792465815,1,1
HU,2013,11,43828.363,3508,1,1,12.493832098061572,10.688036443867547,8.162801353492073,2.5252350903754746,1,1
HU,2013,12,42112.592,3251,1,1,12.953734850815133,10.64810207233694,8.086717920303906,2.5613841520330345,1,1
HU,2014,1,43211.811,3346,1,1,12.914468320382547,10.673869139642251,8.11552088154677,2.5583482580954815,1,1
HU,2014,2,39162.218,3114,1,1,12.57617790622993,10.575467734468482,8.043663352393944,2.531804382074539,1,1
HU,2014,3,45807.4,3615,1,1,12.671479944674966,10.73220092910332,8.192847134592865,2.539353794510455,1,1
HU,2014,4,51544.528,4025,1,1,12.806093913043478,10.85020133444132,8.300280189852664,2.549921144588655,1,1
HU,2014,5,54378.599,4167,1,1,13.049819774418047,10.90372595470637,8.334951631422454,2.5687743232839164,1,1
HU,2014,6,57078.258,4357,1,1,13.100357585494606,10.952178552554644,8.379539026117442,2.572639526437202,1,1
HU,2014,7,61071.207,4520,1,1,13.511328982300885,11.019795790226881,8.416267272826277,2.603528517400605,1,1
HU,2014,8,58955.753,4341,1,1,13.58114558857406,10.984542492382772,8.375860015299594,2.608682477083179,1,1
HU,2014,9,55893.087,4393,1,1,12.723215797860233,10.931195984232794,8.38776764397578,2.543428340257015,1,1
HU,2014,10,55950.611,4299,1,1,13.014796696906256,10.932224634145143,8.366137716496281,2.5660869176488625,1,1
HU,2014,11,50073.766,3607,1,1,13.882385916273913,10.821252517194928,8.19063168090354,2.6306208362913885,1,1
HU,2014,12,48366.96,3580,1,1,13.510324022346369,10.786572214968688,8.183118079394745,2.603454135573941,1,1
HU,2015,1,46887.104,3454,1,1,13.574726114649682,10.755497948606676,8.147288258706624,2.6082096899000526,1,1
HU,2015,2,43059.057,3270,1,1,13.167907339449542,10.67032787100368,8.0925452638913,2.5777826071123813,1,1
HU,2015,3,50652.068,3831,1,1,13.221630905768729,10.832735338063477,8.25088114470065,2.5818541933628287,1,1
HU,2015,4,53941.808,4137,1,1,13.03887067923616,10.89566111485649,8.327726166461412,2.567934948395078,1,1
HU,2015,5,58857.898,4300,1,1,13.687883255813954,10.982881309291132,8.366370301681654,2.616511007609479,1,1
HU,2015,6,63523.935,4600,1,1,13.809551086956521,11.059172042994701,8.433811582477187,2.6253604605175145,1,1
HU,2015,7,69816.945,4927,1,1,14.170275015222247,11.15363202433078,8.502485562543963,2.651146461786816,1,1
HU,2015,8,67642.064,4653,1,1,14.53730152589727,11.121985317035428,8.445267451844648,2.676717865190779,1,1
HU,2015,9,65436.564,4681,1,1,13.979184789574877,11.088836463785665,8.45126704130007,2.6375694224855946,1,1
HU,2015,10,61305.062,4448,1,1,13.78261285971223,11.023617696002734,8.400209835930418,2.6234078600723167,1,1
HU,2015,11,52313.608,3740,1,1,13.987595721925134,10.865011807413742,8.226840890408578,2.6381709170051644,1,1
HU,2015,12,53607.954,3693,1,1,14.516099106417546,10.889452731571755,8.214194414852564,2.6752583167191917,1,1
HU,2016,1,52294.733,3579,1,1,14.611548756635932,10.864650937524699,8.182838710766026,2.681812226758673,1,1
HU,2016,2,48982.813,3494,1,1,14.019122209502004,10.799224760461763,8.158802490694002,2.640422269767762,1,1
HU,2016,3,57573.972,4078,1,1,14.118188327611575,10.960825869557707,8.3133619511344,2.6474639184233077,1,1
HU,2016,4,62272.969,4358,1,1,14.289345800826066,11.039282726190283,8.379768515504566,2.6595142106857175,1,1
HU,2016,5,66530.548,4577,1,1,14.535841817784574,11.105416489587626,8.428799040653642,2.6766174489339836,1,1
HU,2016,6,70284.211,4780,1,1,14.703809832635983,11.160302457979018,8.472195825485501,2.688106632493517,1,1
HU,2016,7,76322.79,5043,1,1,15.13440214158239,11.242726862057765,8.525756422076725,2.71697043998104,1,1
HU,2016,8,75373.107,4865,1,1,15.492930524152108,11.230205819286253,8.489821994620105,2.740383824666148,1,1
HU,2016,9,71335.909,4821,1,1,14.79691122173823,11.175155112160654,8.480736654405622,2.6944184577550327,1,1
HU,2016,10,68294.542,4602,1,1,14.840187309865277,11.131585130213466,8.434246270595311,2.6973388596181547,1,1
HU,2016,11,56517.629,3929,1,1,14.384736319674218,10.942307886166247,8.27614021955846,2.6661676666077887,1,1
HU,2016,12,58289.901,3914,1,1,14.892667603474706,10.973184132633625,8.272315147956022,2.7008689846776024,1,1
HU,2017,1,56456.327,3823,1,1,14.767545644781585,10.94122264478519,8.248790733696413,2.692431911088777,1,1
HU,2017,2,51562.806,3556,1,1,14.500226659167604,10.850555877604881,8.176391596633795,2.6741642809710866,1,1
HU,2017,3,61102.336,4249,1,1,14.380403859731702,11.020305376834738,8.354438940114811,2.665866436719927,1,1
HU,2017,4,66051.835,4541,1,1,14.545658445276372,11.098195091547906,8.420902531097951,2.677292560449954,1,1
HU,2017,5,73283.127,4917,1,1,14.904032336790724,11.202085670380821,8.50045386741194,2.7016318029688824,1,1
HU,2017,6,76940.581,5023,1,1,15.317654987059527,11.25078872761648,8.521782643750045,2.7290060838664356,1,1
HU,2017,7,86756.843,5516,1,1,15.72821664249456,11.370864576542477,8.615408238913192,2.7554563376292847,1,1
HU,2017,8,82624.675,5262,1,1,15.702142721398708,11.322063643712061,8.568266461600238,2.753797182111823,1,1
HU,2017,9,78984.24,5114,1,1,15.444708642940947,11.277003617876764,8.539737155851132,2.7372664620256315,1,1
HU,2017,10,73698.13,4957,1,1,14.86748638289288,11.207732704721197,8.508555998020574,2.6991767067006225,1,1
HU,2017,11,65641.14,4439,1,1,14.787371029511151,11.09195791251208,8.398184404834035,2.693773507678046,1,1
HU,2017,12,65993.487,4421,1,1,14.927275955666138,11.09731133432101,8.394121193826242,2.7031901404947667,1,1
HU,2018,1,66374.489,4415,1,1,15.033859343148357,11.103068059832873,8.392763113038061,2.710304946794812,1,1
HU,2018,2,59884.94,4018,1,1,14.9041662518666,11.000180333460758,8.29853954537488,2.701640788085878,1,1
HU,2018,3,70950.249,4757,1,1,14.914914652091653,11.169734192095772,8.467372496432281,2.702361695663491,1,1
HU,2018,4,78574.909,5176,1,1,15.18062384080371,11.271807703535922,8.551787836180736,2.720019867355185,1,1
HU,2018,5,89966.265,5490,1,1,16.38729781420765,11.407190045711495,8.610683534503575,2.796506511207919,1,1
HU,2018,6,93381.272,5636,1,1,16.568713981547194,11.4444460901927,8.636929873018572,2.80751621717413,1,1
HU,2018,7,100990.138,6085,1,1,16.59657156943303,11.522778147491596,8.713582005421628,2.809196142069969,1,1
HU,2018,8,104064.985,6029,1,1,17.260737269862332,11.55277083875166,8.704336438489406,2.8484344002622546,1,1
HU,2018,9,97934.142,5752,1,1,17.026102573018083,11.492050511337617,8.657302899400882,2.834747611936734,1,1
HU,2018,10,93539.674,5560,1,1,16.82368237410072,11.446140946133758,8.623353387244627,2.822787558889129,1,1
HU,2018,11,76855.081,4886,1,1,15.729652271796972,11.249676862591208,8.494129251817686,2.755547610773522,1,1
HU,2018,12,76367.479,4797,1,1,15.919841359182824,11.2433122169932,8.475746001502063,2.7675662154911365,1,1
HU,2019,1,72386.129,4636,1,1,15.613919111302847,11.189769971620617,8.441607204459642,2.7481627671609736,1,1
HU,2019,2,66164.191,4305,1,1,15.36915005807201,11.099894674124162,8.367532416861831,2.732362257262331,1,1
HU,2019,3,79551.856,5000,1,1,15.9103712,11.284164364731978,8.517193191416238,2.766971173315741,1,1
HU,2019,4,89338.448,5445,1,1,16.40742846648301,11.400187222917294,8.602453035367061,2.797734187550234,1,1
HU,2019,5,96450.476,5804,1,1,16.617931771192282,11.476784953521282,8.666302614004078,2.810482339517204,1,1
HU,2019,6,103442.747,5973,1,1,17.318390590992802,11.546773569550973,8.695004592732307,2.8517689768186667,1,1
HU,2019,7,108817.679,6270,1,1,17.355291706539077,11.597429091012602,8.743531633626967,2.853897457385635,1,1
HU,2019,8,108190.855,6243,1,1,17.329946339900687,11.591652122414049,8.739216115061744,2.8524360073523045,1,1
HU,2019,9,103818.764,6125,1,1,16.950002285714284,11.550402004089777,8.720134035412928,2.8302679686768504,1,1
HU,2019,10,100680.26,5952,1,1,16.91536626344086,11.51970503168533,8.691482576512929,2.828222455172402,1,1
HU,2019,11,85275.816,5334,1,1,15.987217097862768,11.3536461762824,8.58185670474196,2.771789471540441,1,1
HU,2019,12,88264.707,5331,1,1,16.556876195835677,11.388095612468788,8.581294116822761,2.8068014956460274,1,1
HU,2020,1,85346.075,5079,1,1,16.80371628273282,11.354469740053254,8.532869670801245,2.82160006925201,1,1
HU,2020,2,75328.535,4835,1,1,15.579841778697002,11.229614292867454,8.483636407887394,2.7459778849800602,1,1
HU,2020,3,51149.223,3307,1,1,15.466955851224675,10.842502580648558,8.103796712981794,2.7387058676667655,1,1
HU,2020,4,13141.887,736,1,1,17.85582472826087,9.483559889033996,6.601230118728877,2.882329770305119,1,1
HU,2020,5,15938.994,851,1,1,18.72972267920094,9.676523838683822,6.7464121285733745,2.930111710110449,1,1
HU,2020,6,19585.248,1421,1,1,13.78272202674173,9.882531908771865,7.259116128097101,2.6234157806747653,1,1
HU,2020,7,33859.477,2716,1,1,12.466670471281295,10.429974209613908,7.906915488678587,2.5230587209353215,1,1
HU,2020,8,38761.451,2946,1,1,13.157315342837746,10.565181500804528,7.988203597022576,2.5769779037819522,1,1
HU,2020,9,23898.877,1776,1,1,13.456574887387388,10.08158674936796,7.4821189235521155,2.5994678258158435,1,1
HU,2020,10,20807.387,1473,1,1,14.125856754921926,9.943063346871392,7.29505641646263,2.648006930408763,1,1
HU,2020,11,18296.909,1182,1,1,15.479618443316413,9.814487417459276,7.074963197966044,2.7395242194932323,1,1
HU,2020,12,18319.011,1246,1,1,14.702256019261636,9.815694652054736,7.1276936993473985,2.688000952707338,1,1
HU,2021,1,17433.4137,1134,1,1,15.37338068783069,9.766143971316918,7.033506484287697,2.73263748702922,1,1
HU,2021,2,14881.1427,1063,1,1,13.99919350893697,9.607850099793387,6.968850378341948,2.6389997214514382,1,1
HU,2021,3,19789.2103,1284,1,1,15.412157554517133,9.89289213380851,7.157735484249907,2.735156649558604,1,1
HU,2021,4,20723.27705,1300,1,1,15.940982346153847,9.93901284265142,7.170119543449628,2.7688932992017934,1,1
HU,2021,5,26661.71225,1641,1,1,16.24723476538696,10.190983817101692,7.403061091090091,2.787922726011602,1,1
HU,2021,6,38739.56765,2596,1,1,14.922791852850539,10.564616776599278,7.86172707782398,2.7028896987752975,1,1
HU,2021,7,50186.18965,3594,1,1,13.963881371730663,10.82349516125736,8.187021067343505,2.636474093913856,1,1
HU,2021,8,56385.376,3833,1,1,14.710507696321418,10.939965113084343,8.251403065380556,2.688562047703787,1,1
HU,2021,9,54193.89675,3859,1,1,14.043507838818346,10.900323574998636,8.258163361537619,2.6421602134610165,1,1
HU,2021,10,56961.25095,3913,1,1,14.556925875287504,10.950126507747788,8.272059622210412,2.6780668855373757,1,1
HU,2021,11,58930.48105,3787,1,1,15.561257208872458,10.984113740873475,8.239329427901795,2.744784312971681,1,1
HU,2021,12,64988.70565,3913,1,1,16.6084093151035,11.081968774549122,8.272059622210412,2.8099091523387085,1,1
HU,2022,1,57618.77805,3317,1,1,17.37075009044317,10.961603801367483,8.106816038947052,2.85478776242043,1,1
HU,2022,2,53157.7921,3216,1,1,16.529164210199003,10.881019978857058,8.075893630298857,2.8051263485582014,1,1
HU,2022,3,67861.36535,4004,1,1,16.948392944555444,11.12522215823602,8.295049140435111,2.83017301780091,1,1
HU,2022,4,72078.11685,4473,1,1,16.11404356136821,11.185505766108525,8.405814603432848,2.7796911626756775,1,1
HU,2022,5,78625.8787,4925,1,1,15.964645421319798,11.272456169774951,8.502079553606189,2.7703766161687615,1,1
HU,2022,6,81049.0045,5284,1,1,15.338570117335351,11.30280924454675,8.572438665642215,2.7303705789045343,1,1
HU,2022,7,84709.87055,5452,1,1,15.537393717901688,11.346987409269548,8.603737792816423,2.7432496164531246,1,1
HU,2022,8,86754.57115,5295,1,1,16.38424384324835,11.370838389792617,8.574518258035507,2.79632013175711,1,1
HU,2022,9,78799.45185,5241,1,1,15.035194018317114,11.274661319603501,8.564267598802166,2.7103937208013353,1,1
HU,2022,10,77283.0481,4918,1,1,15.71432454249695,11.255229910396357,8.500657222776137,2.75457268762022,1,1
HU,2022,11,71644.7348,4264,1,1,16.802236116322703,11.179474945559653,8.357962965845681,2.8215119797139723,1,1
HU,2022,12,72447.5424,4312,1,1,16.80137810760668,11.190618025848435,8.369157112588834,2.8214609132596027,1,1
HU,2023,1,67845.89595,3981,1,1,17.042425508666167,11.124994176329691,8.289288323000317,2.8357058533293737,1,1
HU,2023,2,60965.28925,3707,1,1,16.445991165362827,11.018059952508658,8.217978203150732,2.800081749357925,1,1
HU,2023,3,72676.09615,4478,1,1,16.229588242518982,11.193767808216668,8.4069317971587,2.7868360110579675,1,1
HU,2023,4,78525.92625,4778,1,1,16.434894568857263,11.271184119943774,8.471777327885755,2.7994067920580195,1,1
HU,2023,5,86317.1566,5215,1,1,16.551707881112176,11.365783659167047,8.559294367434873,2.806489291732174,1,1
HU,2023,6,94067.69425,5530,1,1,17.01043295660036,11.451769953663153,8.61794309451638,2.833826859146772,1,1
HU,2023,7,100064.58895,5812,1,1,17.216894175843084,11.513571145973378,8.667680024690174,2.8458911212832043,1,1
HU,2023,8,97198.11135,5517,1,1,17.617928466557913,11.484506559704199,8.61558951327243,2.8689170464317684,1,1
HU,2023,9,95962.85325,5449,1,1,17.6110943751147,11.471716450254819,8.603187384583098,2.8685290656717197,1,1
HU,2023,10,97560.82785,5396,1,1,18.080212722386953,11.48823133784121,8.593413217327646,2.8948181205135635,1,1
HU,2023,11,90485.3005,4744,1,1,19.07362995362563,11.412942691081216,8.464635940677562,2.9483067504036553,1,1
HU,2023,12,91719.74905,4771,1,1,19.224428641794173,11.426493000923614,8.470311205516108,2.9561817954075074,1,1
HU,2024,1,87409.09458,4605,1,1,18.981345185667752,11.37835461320948,8.434897948689407,2.9434566645200726,1,1
HU,2024,2,84876.58232,4345,1,1,19.53431123590334,11.348953507632729,8.376781037699493,2.9721724699332355,1,1
HU,2024,3,99940.04588,5112,1,1,19.550087222222224,11.512325743973536,8.53934599605737,2.9729797479161655,1,1
HU,2024,4,106779.64102,5556,1,1,19.218797879769618,11.578522560183009,8.622633703874234,2.955888856308774,1,1
HU,2024,5,113172.3369,5944,1,1,19.039760582099596,11.636667041212196,8.690137586397595,2.946529454814601,1,1
HU,2024,6,116207.16324,6142,1,1,18.920085190491697,11.663129767283058,8.722905701000768,2.9402240662822896,1,1
HU,2024,7,125743.65158,6593,1,1,19.072296614591234,11.742000602234322,8.7937637591133,2.948236843121023,1,1
HU,2024,8,129552.7107,6402,1,1,20.236287207122775,11.771843109738933,8.764365720529808,3.0074773892091247,1,1
HU,2024,9,132557.86254,6531,1,1,20.29671758383096,11.794774527498507,8.784315349902657,3.0104591775958496,1,1
HU,2024,10,134354.23036,6420,1,1,20.927450211838003,11.80823510115491,8.767173396684006,3.0410617044709025,1,1
HU,2024,11,130167.93258,5581,1,1,23.323406661888548,11.776580684872982,8.627123250788433,3.1494574340845483,1,1
HU,2024,12,130761.00342,5638,1,1,23.192799471443774,11.781126534562144,8.637284671674058,3.1438418628880873,1,1
HU,2025,1,131072.28834,5243,1,1,24.999482803738317,11.78350426937627,8.564649132572534,3.218855136803737,1,1
HU,2025,2,119825.05952,4916,1,1,24.374503563873066,11.693788120752098,8.500250470685925,3.193537650066173,1,1
HU,2025,3,145544.46474,5758,1,1,25.276912945467174,11.88823691849527,8.65834547117212,3.229891447323149,1,1
HU,2025,4,148615.72036,6168,1,1,24.09463689364462,11.90911919544165,8.727129915243166,3.181989280198485,1,1
HU,2025,5,158255.93144,6529,1,1,24.2389234859856,11.971968820757407,8.784009071186633,3.1879597495707737,1,1
HU,2025,6,156559.21542,6505,1,1,24.067519664873174,11.961189590687958,8.780326390946605,3.1808631997413523,1,1
HU,2025,7,161982.71914,6801,1,1,23.817485537420968,11.995244936549353,8.824824939175638,3.170419997373714,1,1
HU,2025,8,161178.33796,6765,1,1,23.825327118994828,11.990266720124133,8.819517540604888,3.170749179519244,1,1
HU,2025,9,162052.26358,6668,1,1,24.30297894121176,11.99567417687695,8.805075243870684,3.1905989330062647,1,1
HU,2025,10,165771.73622,6623,1,1,25.029705000754944,12.018367038032398,8.798303718484979,3.2200633195474193,1,1
HU,2025,11,155113.32236,5827,1,1,26.61975671185859,11.9519112407692,8.670257567143075,3.2816536736261255,1,1
HU,2025,12,153533.92506,6006,1,1,25.563424085914086,11.941676831753107,8.700514248543275,3.2411625832098316,1,1
HU,2026,1,137491.19588,5172,1,1,26.583757904099,11.831315164075122,8.551014739891748,3.2803004241833733,1,1
HU,2026,2,129668.95848,5001,1,1,25.928605974805038,11.772740008429235,8.517393171418904,3.2553468370103316,1,1
HU,2026,3,144733.97122,5762,1,1,25.118703786879557,11.88265265507232,8.659039915644474,3.2236127394278467,1,1
HU,2026,4,145171.85682,6142,1,1,23.635925890589384,11.8856735390329,8.722905701000768,3.1627678380321336,1,1
HU,2026,5,160923.6037,7187,1,1,22.390928579379437,11.98868502017042,8.880029117468442,3.108655902701977,1,1
HU,2026,6,159861.96546,6857,1,1,23.313688998104126,11.982066005987452,8.833025307284364,3.149040698703087,1,1
HU,2026,7,153787.20554,7357,1,1,20.903521209732226,11.943325143646604,8.903407519932264,3.0399176237143397,1,1
IE,2010,1,150363.827,8920,1,1,16.856931278026906,11.92081314960215,9.096051225574055,2.8247619240280946,0,0
IE,2010,2,134731.068,8518,1,1,15.817218595914534,11.811035981683517,9.049936850483158,2.7610991312003574,0,0
IE,2010,3,161997.299,9831,1,1,16.47821167734717,11.995334941236022,9.193295937366925,2.802039003869097,0,0
IE,2010,4,130188.616,7747,1,1,16.80503627210533,11.776739570218146,8.955060950631902,2.821678619586244,0,0
IE,2010,5,166328.382,9938,1,1,16.73660515194204,12.021719318087413,9.204121072162266,2.817598245925148,0,0
IE,2010,6,190386.236,10958,1,1,17.374177404635883,12.156810108810394,9.301825062098361,2.8549850467120326,0,0
IE,2010,7,209430.623,11794,1,1,17.757387061217567,12.252147808369095,9.37534620656045,2.8768016018086464,0,0
IE,2010,8,199790.171,11386,1,1,17.547002546987528,12.205022949792323,9.340139809511028,2.864883140281295,0,0
IE,2010,9,182294.35,10698,1,1,17.040040194428865,12.113377967317568,9.277812087091196,2.8355658802263726,0,0
IE,2010,10,177464.022,10539,1,1,16.838791346427556,12.086523174394868,9.262837940933936,2.8236852334609304,0,0
IE,2010,11,139278.503,8713,1,1,15.985137495696087,11.844230826251053,9.072571442231286,2.7716593840197654,0,0
IE,2010,12,129226.24,7797,1,1,16.57384122098243,11.769319945684675,8.9614943233096,2.8078256223750753,0,0
IE,2011,1,135531.763,8733,1,1,15.519496507500287,11.816961305115525,9.074864232413733,2.7420970727017915,0,0
IE,2011,2,128957.906,8145,1,1,15.832769306322898,11.767241320015572,9.005159521036145,2.7620817989794264,0,0
IE,2011,3,151669.691,9443,1,1,16.061600232976808,11.929460349725506,9.15302900526307,2.776431344462437,0,0
IE,2011,4,168608.17,9882,1,1,17.062150374418135,12.03533278126434,9.198470199405696,2.836862581858645,0,0
IE,2011,5,183371.573,10787,1,1,16.999311486048022,12.11926982679076,9.28609698437543,2.833172842415331,0,0
IE,2011,6,194494.86,10923,1,1,17.80599285910464,12.178161014956228,9.298625936843543,2.879535078112684,0,0
IE,2011,7,207116.759,11352,1,1,18.244957628611697,12.241037966369424,9.337149218839878,2.903888747529545,0,0
IE,2011,8,198663.12,10823,1,1,18.355642612953893,12.199365804871029,9.289428778295147,2.909937026575882,0,0
IE,2011,9,180885.96,10007,1,1,18.07594284001199,12.105622056431125,9.211040127090456,2.8945819293406694,0,0
IE,2011,10,162649.602,9408,1,1,17.288435586734696,11.999353484926479,9.149315670138408,2.85003781478807,0,0
IE,2011,11,129143.451,7916,1,1,16.314230798383022,11.768679088759756,8.976641306722456,2.7920377820372986,0,0
IE,2011,12,136203.232,7931,1,1,17.17352565880721,11.821903402225105,8.97853441008332,2.843368992141786,0,0
IE,2012,1,123356.634,7931,1,1,15.553730172739883,11.72283490243267,8.97853441008332,2.7443004923493497,1,1
IE,2012,2,114829.394,7570,1,1,15.169008454425363,11.651202775389768,8.931948346431495,2.719254428958273,1,1
IE,2012,3,137892.258,8643,1,1,15.954212426240888,11.834227920073385,9.064505023752638,2.7697228963207468,1,1
IE,2012,4,159523.812,9407,1,1,16.957990007441268,11.979948481600214,9.149209371971951,2.830739109628263,1,1
IE,2012,5,176773.757,10252,1,1,17.24285573546625,12.082625984910456,9.235228087483963,2.8473978974264935,1,1
IE,2012,6,186557.767,10649,1,1,17.51880617898394,12.13649621273301,9.273221270015384,2.863274942717625,1,1
IE,2012,7,190717.012,10797,1,1,17.663889228489396,12.158545995790085,9.28702359674714,2.871522399042945,1,1
IE,2012,8,188156.423,10654,1,1,17.660636662286468,12.145028933095032,9.273690687476945,2.871338245618088,1,1
IE,2012,9,178130.014,10118,1,1,17.60525933979047,12.090268978380813,9.222071294851881,2.868197683528931,1,1
IE,2012,10,164294.199,9822,1,1,16.727163408674404,12.009413996037463,9.19238004659919,2.817033949438273,1,1
IE,2012,11,133084.869,8225,1,1,16.180531185410334,11.798742316478453,9.014933575633572,2.783808740844881,1,1
IE,2012,12,128843.498,7986,1,1,16.133671174555474,11.766353753030012,8.985445287623167,2.780908465406846,1,1
IE,2013,1,127250.091,7872,1,1,16.164899771341464,11.753909649540216,8.971067438732089,2.7828422108081257,1,1
IE,2013,2,113434.993,7330,1,1,15.475442428376535,11.63898520292161,8.899730794880696,2.739254408040913,1,1
IE,2013,3,138317.576,8780,1,1,15.753710250569476,11.837307595622933,9.080231686629162,2.75707590899377,1,1
IE,2013,4,160876.644,9320,1,1,17.261442489270387,11.988393163960431,9.139917907679637,2.8484752562807953,1,1
IE,2013,5,180939.722,10320,1,1,17.532918798449614,12.105919227157639,9.241839039035554,2.864080188122086,1,1
IE,2013,6,199362.993,10831,1,1,18.40670233588773,12.202882527510264,9.290167671835738,2.912714855674527,1,1
IE,2013,7,210586.204,11410,1,1,18.45628431200701,12.25765036846409,9.342245442856122,2.9154049256079686,1,1
IE,2013,8,203385.546,10994,1,1,18.4996858286338,12.222858698124675,9.305104948420606,2.9177537497040684,1,1
IE,2013,9,186779.726,10400,1,1,17.959589038461537,12.137685265696149,9.249561085129464,2.888124180566684,1,1
IE,2013,10,173460.231,10022,1,1,17.3079456196368,12.063703635956688,9.21253795551967,2.8511656804370187,1,1
IE,2013,11,137099.869,8363,1,1,16.393622982183427,11.82846491004302,9.031572493381526,2.7968924166614944,1,1
IE,2013,12,134860.198,8216,1,1,16.414337633885104,11.811993950476728,9.013838751608395,2.798155198868334,1,1
IE,2014,1,130426.053,8261,1,1,15.788167655247548,11.778561701463522,9.019300924562506,2.759260776901017,1,1
IE,2014,2,114909.011,7550,1,1,15.21973655629139,11.651895885478934,8.92930284224307,2.7225930432358645,1,1
IE,2014,3,138384.143,8765,1,1,15.788265031374788,11.837788741902216,9.078521797355334,2.759266944546882,1,1
IE,2014,4,174863.228,10123,1,1,17.273854390990813,12.071759393047161,9.222565341598752,2.8491940514484093,1,1
IE,2014,5,197537.118,11029,1,1,17.910700698159395,12.193681784905452,9.308283446306147,2.8853983385993063,1,1
IE,2014,6,211209.581,11243,1,1,18.785873966023303,12.260606194368636,9.32750099174976,2.9331052026188758,1,1
IE,2014,7,226845.162,11738,1,1,19.32570812744931,12.332022957996715,9.37058672111828,2.961436236878435,1,1
IE,2014,8,220411.422,11380,1,1,19.36831476274165,12.303251178874524,9.339612707680322,2.9636384711942023,1,1
IE,2014,9,206779.751,10970,1,1,18.84956709206928,12.239409500961605,9.302919553269277,2.9364899476923294,1,1
IE,2014,10,196197.106,10728,1,1,18.288320842654734,12.186875075749771,9.280612424961515,2.906262650788257,1,1
IE,2014,11,154019.08,8951,1,1,17.20691319405653,11.944831769825173,9.099520536870939,2.8453112329542347,1,1
IE,2014,12,150542.416,8724,1,1,17.256122879413113,11.922000157350402,9.07383312732152,2.8481670300288813,1,1
IE,2015,1,142086.14,8549,1,1,16.620205872031818,11.864188772382342,9.053569596026234,2.8106191763561084,1,1
IE,2015,2,128904.921,8118,1,1,15.87890133037694,11.766830365079864,9.001839097398843,2.7649912676810207,1,1
IE,2015,3,156255.119,9431,1,1,16.568245042943484,11.959245328661998,9.151757414543885,2.8074879141181137,1,1
IE,2015,4,182960.401,10189,1,1,17.95665924035725,12.117025020430159,9.229063985974285,2.8879610344558744,1,1
IE,2015,5,220468.934,11263,1,1,19.57461901802362,12.303512075054376,9.329278296047697,2.9742337790066804,1,1
IE,2015,6,249194.661,12121,1,1,20.55891931358799,12.42598964110734,9.402694764470512,3.0232948766368266,1,1
IE,2015,7,265218.888,12469,1,1,21.270261287994224,12.488310756477155,9.431000842996585,3.057309913480569,1,1
IE,2015,8,248983.652,11759,1,1,21.173879751679564,12.425142518673011,9.372374183823416,3.052768334849596,1,1
IE,2015,9,232961.446,11390,1,1,20.453155926251096,12.35862825104537,9.340491056441229,3.0181371946041424,1,1
IE,2015,10,220367.739,11338,1,1,19.43620911977421,12.303052970773924,9.33591519488425,2.9671377758896753,1,1
IE,2015,11,171167.198,9558,1,1,17.90826511822557,12.050396123864775,9.165133779138104,2.885262344726671,1,1
IE,2015,12,168937.923,9331,1,1,18.105018004501126,12.037286606900242,9.141097469234023,2.8961891376662194,1,1
IE,2016,1,162629.632,9323,1,1,17.443916335943367,11.999230698114793,9.140239744296693,2.8589909538180995,1,1
IE,2016,2,149637.8,9060,1,1,16.516313465783664,11.915972986402657,9.111624399037025,2.8043485873656326,1,1
IE,2016,3,185562.113,10429,1,1,17.792896059066067,12.13114494595325,9.252345666121213,2.8787992798320374,1,1
IE,2016,4,205957.193,11148,1,1,18.474810997488337,12.23542362520723,9.319015388601839,2.9164082366053923,1,1
IE,2016,5,242264.982,12392,1,1,19.55011152356359,12.397787373041915,9.424806382096705,2.972980990945211,1,1
IE,2016,6,271034.422,13029,1,1,20.802396346611406,12.510001110245863,9.474932921202932,3.0350681890429305,1,1
IE,2016,7,282693.849,13437,1,1,21.038464612636748,12.552119785397572,9.50576737487541,3.046352410522162,1,1
IE,2016,8,271422.455,13000,1,1,20.878650384615387,12.51143176061693,9.472704636443673,3.0387271241732563,1,1
IE,2016,9,254426.01,12319,1,1,20.6531382417404,12.44676534578793,9.418898064961974,3.0278672808259572,1,1
IE,2016,10,242171.343,11974,1,1,20.224765575413397,12.397400783530214,9.390492911485298,3.0069078720449163,1,1
IE,2016,11,184234.143,9903,1,1,18.603871857013026,12.123962743932804,9.200593020521303,2.9233697234115015,1,1
IE,2016,12,189164.299,9899,1,1,19.10943519547429,12.150371223291696,9.200189020919808,2.950182202371889,1,1
IE,2017,1,182259.62,9785,1,1,18.62643025038324,12.113187433114334,9.188605879830176,2.9245815532841566,1,1
IE,2017,2,163594.79,9028,1,1,18.120822995126275,12.00514785667792,9.108086137937427,2.8970617187404937,1,1
IE,2017,3,202861.234,10785,1,1,18.80957199814557,12.220277447924401,9.285911558823257,2.934365889101144,1,1
IE,2017,4,232501.218,11362,1,1,20.46305386375638,12.356650742705504,9.338029733117072,3.0186210095884314,1,1
IE,2017,5,267290.578,12625,1,1,21.171530930693066,12.496091652721619,9.443434254143561,3.052657398578059,1,1
IE,2017,6,295069.673,13277,1,1,22.22412239210665,12.594966787096949,9.493788493895902,3.101178293201046,1,1
IE,2017,7,309783.544,13673,1,1,22.656589190375193,12.64362908741335,9.523178364309082,3.1204507231042693,1,1
IE,2017,8,307046.687,13477,1,1,22.783014543295984,12.634755089925683,9.508739807769159,3.1260152821565232,1,1
IE,2017,9,287985.889,12774,1,1,22.544691482699236,12.570666761389937,9.455167134121535,3.115499627268402,1,1
IE,2017,10,285570.427,12273,1,1,23.268184388495072,12.562243957167446,9.415157006597509,3.1470869505699386,1,1
IE,2017,11,214773.804,10372,1,1,20.7070771307366,12.27734067887243,9.246865146658555,3.030475532213876,1,1
IE,2017,12,211190.091,10160,1,1,20.786426279527557,12.260513912099942,9.226213721132472,3.0343001909674685,1,1
IE,2018,1,202897.152,10115,1,1,20.059036282748394,12.220454489244226,9.221774749601845,2.99867973964238,1,1
IE,2018,2,178881.019,9247,1,1,19.344762517573265,12.094476165488997,9.132054453577638,2.962421711911358,1,1
IE,2018,3,218262.45,10558,1,1,20.67270789922334,12.293453516748402,9.264639145383562,3.028814371364841,1,1
IE,2018,4,261551.116,12042,1,1,21.719906660023252,12.474385015660234,9.396155818024393,3.07822919763584,1,1
IE,2018,5,296811.443,13370,1,1,22.19980875093493,12.600852344114363,9.500768670095988,3.100083674018375,1,1
IE,2018,6,321497.22,13898,1,1,23.1326248381062,12.680744175655086,9.539500223874272,3.1412439517808126,1,1
IE,2018,7,332935.06,14262,1,1,23.344205581264898,12.715702734929666,9.565353936588249,3.1503487983414162,1,1
IE,2018,8,326396.927,13921,1,1,23.446370734861002,12.695869487199339,9.541153770388567,3.1547157168107707,1,1
IE,2018,9,316818.853,13489,1,1,23.487200904440655,12.666085447884038,9.50962981746968,3.156455630414358,1,1
IE,2018,10,303928.011,13053,1,1,23.28415008044128,12.624546146424358,9.47677327138879,3.147772875035567,1,1
IE,2018,11,237609.222,10840,1,1,21.919669926199262,12.37838267884873,9.290998274993637,3.0873844038550926,1,1
IE,2018,12,234396.408,10724,1,1,21.857180902648267,12.364769012335495,9.28023949935585,3.0845295129796457,1,1
IE,2019,1,219823.46,10493,1,1,20.949533975030974,12.30058004865005,9.25846364715791,3.0421164014921382,1,1
IE,2019,2,194519.412,9820,1,1,19.808494093686356,12.178287241687737,9.192176401348512,2.9861108403392254,1,1
IE,2019,3,237558.597,11251,1,1,21.11444289396498,12.378169596235947,9.328212292571072,3.0499573036648746,1,1
IE,2019,4,272100.418,12444,1,1,21.865993089038895,12.513926460970085,9.428993858017527,3.0849326029525566,1,1
IE,2019,5,307477.523,13707,1,1,22.43215313343547,12.636157267622112,9.525661930231381,3.110495337390731,1,1
IE,2019,6,324625.112,13909,1,1,23.33921288374434,12.690426293978467,9.54029139160713,3.150134902371337,1,1
IE,2019,7,345404.628,14492,1,1,23.83415870825283,12.752471843562681,9.581352052014967,3.1711197915477123,1,1
IE,2019,8,343275.431,14372,1,1,23.885014681324797,12.746288409742291,9.573037148233409,3.173251261508883,1,1
IE,2019,9,325301.81,13754,1,1,23.65143303766177,12.692508676540646,9.529084969879781,3.163423706660864,1,1
IE,2019,10,297167.015,13079,1,1,22.720927823228077,12.602049599798251,9.478763169489152,3.1232864303090992,1,1
IE,2019,11,219894.273,10418,1,1,21.107148492992895,12.300902132547503,9.251290358305138,3.0496117742423663,1,1
IE,2019,12,217764.778,10581,1,1,20.580736981381722,12.291170759231647,9.266815218904162,3.0243555403274867,1,1
IE,2020,1,207331.811,10185,1,1,20.356584290623463,12.242075740582521,9.228671328660907,3.0134044119216146,1,1
IE,2020,2,193503.079,9781,1,1,19.7835680400777,12.17304870347008,9.188197007290492,2.984851696179587,1,1
IE,2020,3,167860.695,8092,1,1,20.744030523974295,12.030889717983305,8.998631198287637,3.032258519695669,1,1
IE,2020,4,40032.245,1322,1,1,30.28157715582451,10.597440533351827,7.186901020411631,3.410539512940195,1,1
IE,2020,5,59902.454,1472,1,1,40.694601902173915,11.00047275154483,7.294377299288821,3.7060954522560094,1,1
IE,2020,6,58256.391,1759,1,1,33.11903979533826,10.972609082147704,7.472500744737558,3.500108337410145,1,1
IE,2020,7,92354.568,4340,1,1,21.279854377880184,11.433390448399752,8.375629627094451,3.057760821305301,1,1
IE,2020,8,107746.418,5298,1,1,20.3371872404681,11.587535763793923,8.575084669832014,3.0124510939619085,1,1
IE,2020,9,95634.41,4431,1,1,21.58303091852855,11.468287971516117,8.39638057119949,3.0719074003166287,1,1
IE,2020,10,83686.274,3562,1,1,23.4941813587872,11.33483025258761,8.178077463849608,3.156752788738002,1,1
IE,2020,11,59747.9,2384,1,1,25.06203859060403,10.997889322732592,7.776535028185241,3.2213542945473512,1,1
IE,2020,12,63751.107,2550,1,1,25.00043411764706,11.06274182757579,7.843848638152472,3.2188931894233184,1,1
IE,2021,1,61861.2187,2462,1,1,25.12640889520715,11.0326487469826,7.808729306744399,3.223919440238202,1,1
IE,2021,2,48573.0221,1715,1,1,28.322461865889213,10.790823554940038,7.44716835960004,3.3436551953399984,1,1
IE,2021,3,57586.72115,1999,1,1,28.807764457228615,10.96104728451629,7.6004023345004,3.360644950015891,1,1
IE,2021,4,58546.32595,2049,1,1,28.573121498291847,10.977573616416482,7.6251071482389,3.3524664681775813,1,1
IE,2021,5,63710.60985,2258,1,1,28.21550480513729,11.062106387345366,7.722234744709607,3.3398716426357593,1,1
IE,2021,6,81890.7002,3375,1,1,24.263911170370374,11.313140712722245,8.12415060330663,3.1889901094156143,1,1
IE,2021,7,120340.35395,5213,1,1,23.084664099366968,11.698079290019809,8.558910784768106,3.1391685052517038,1,1
IE,2021,8,152234.46845,6858,1,1,22.19808522163896,11.93317716690372,8.833171133022866,3.100006033880854,1,1
IE,2021,9,152725.5478,7330,1,1,20.835681828103684,11.936397784350625,8.899730794880696,3.0366669894699276,1,1
IE,2021,10,157881.16725,7563,1,1,20.875468365727887,11.969597923022825,8.93102321585603,3.038574707166796,1,1
IE,2021,11,136579.6809,7423,1,1,18.39952591943958,11.824663466152709,8.912338567117548,2.9123248990351613,1,1
IE,2021,12,161477.9361,8271,1,1,19.523387268770403,11.992123793735828,9.020510699691906,2.971613094043923,1,1
IE,2022,1,140955.89765,6746,1,1,20.894737273940112,11.856202337809504,8.816705015621595,3.0394973221879087,1,1
IE,2022,2,136012.7844,7083,1,1,19.202708513341804,11.820504163241367,8.865452825753623,2.955051337487743,1,1
IE,2022,3,192638.1495,9582,1,1,20.104169223544144,12.168568835055625,9.167641617443067,3.000927217612557,1,1
IE,2022,4,233048.8716,11511,1,1,20.24575376596299,12.35900345990974,9.351058378915061,3.007945080994678,1,1
IE,2022,5,268555.427,12650,1,1,21.229678023715415,12.500812603656692,9.445412494155667,3.0554001095010257,1,1
IE,2022,6,270951.2186,12721,1,1,21.29952194009905,12.509694078492911,9.45100945015621,3.0586846283367013,1,1
IE,2022,7,297254.2478,13031,1,1,22.811315156166067,12.60234310477893,9.475086413144906,3.1272566916340234,1,1
IE,2022,8,292038.76685,12847,1,1,22.732059379621703,12.5846418356231,9.46086560003161,3.123776235591489,1,1
IE,2022,9,281449.4677,12483,1,1,22.546620820315628,12.547708199613071,9.432122997651051,3.1155852019620194,1,1
IE,2022,10,268610.25325,12308,1,1,21.82403747562561,12.501016735276437,9.418004736441933,3.0830119988345044,1,1
IE,2022,11,212013.37705,10506,1,1,20.180218641728537,12.264404650955926,9.259701801513907,3.004702849442019,1,1
IE,2022,12,213713.6503,10351,1,1,20.64666701767945,12.272392315261639,9.24483841238375,3.027553902877889,1,1
IE,2023,1,204806.45285,10301,1,1,19.882191326084847,12.229820679707762,9.239996256883693,2.9898244228240687,1,1
IE,2023,2,182118.92875,9321,1,1,19.53856117905804,12.112415207320723,9.140025198061156,2.9723900092595654,1,1
IE,2023,3,234171.5188,11354,1,1,20.62458330103928,12.363809112161347,9.337325383730672,3.026483728430675,1,1
IE,2023,4,264044.0427,12602,1,1,20.952550603078876,12.483871196623232,9.441610810502,3.0422603861212316,1,1
IE,2023,5,299305.81805,13898,1,1,21.535891354871204,12.609221132509193,9.539500223874272,3.069720908634919,1,1
IE,2023,6,307906.1135,13901,1,1,22.14992543701892,12.63755018918803,9.539716058977092,3.097834130210938,1,1
IE,2023,7,323238.5123,14427,1,1,22.40510932972898,12.686145757874225,9.576856729945773,3.1092890279284537,1,1
IE,2023,8,327212.32735,14413,1,1,22.702582900853393,12.698364558276095,9.575885856083103,3.122478702192992,1,1
IE,2023,9,311973.06525,13953,1,1,22.358852236078263,12.650672133738105,9.543449817892206,3.107222315845899,1,1
IE,2023,10,300897.7236,13780,1,1,21.835828998548624,12.614525697285432,9.53097354456765,3.0835521527177825,1,1
IE,2023,11,218408.22155,10561,1,1,20.680638343906825,12.294121166604059,9.264923249746474,3.0291979168575844,1,1
IE,2023,12,224514.7828,10914,1,1,20.571264687557264,12.321696831658054,9.297801647746176,3.0238951839118764,1,1
IE,2024,1,199839.33544,10282,1,1,19.435842777669713,12.205268999893507,9.23815007261545,2.9671189272780567,1,1
IE,2024,2,189473.7732,10018,1,1,18.913333320023956,12.152005893926454,9.212138753917563,2.939867140008892,1,1
IE,2024,3,247019.80914,11746,1,1,21.030121670355864,12.417223811341719,9.371268036082466,3.0459557752592543,1,1
IE,2024,4,270131.68656,12695,1,1,21.27858893737692,12.50666484707987,9.448963494138779,3.0577013529410912,1,1
IE,2024,5,309874.91216,14324,1,1,21.633266696453504,12.64392398586831,9.569691731118324,3.074232254749987,1,1
IE,2024,6,319384.30348,14094,1,1,22.661012024975168,12.674150369785886,9.553504453886967,3.120645915898919,1,1
IE,2024,7,332088.77956,14575,1,1,22.78482192521441,12.713157620464647,9.587063011218692,3.126094609245955,1,1
IE,2024,8,337682.39516,14746,1,1,22.89993185677472,12.72986107341867,9.598727138549595,3.131133934869073,1,1
IE,2024,9,321849.22678,14234,1,1,22.611298776169736,12.681838475054388,9.563388747859216,3.1184497271951703,1,1
IE,2024,10,297484.00332,13328,1,1,22.320228340336136,12.603115732169202,9.497622364406624,3.105493367762579,1,1
IE,2024,11,219425.65666,10569,1,1,20.76125051187435,12.298768760095694,9.265680467009346,3.0330882930863474,1,1
IE,2024,12,219923.96348,10633,1,1,20.68315277720305,12.301037145048499,9.271717651651086,3.029319493397412,1,1
IE,2025,1,194977.442,10093,1,1,19.318086000198157,12.180639148802918,9.219597393238859,2.961041755564058,1,1
IE,2025,2,182984.83516,9737,1,1,18.792732377529013,12.117158560411676,9.183688340978756,2.933470219432919,1,1
IE,2025,3,240750.64076,11766,1,1,20.461553693693695,12.391516991172926,9.3729692954244,3.0185476957485244,1,1
IE,2025,4,300964.31002,13908,1,1,21.639654157319526,12.614746965338746,9.540219493127752,3.0745274722109945,1,1
IE,2025,5,336558.15928,15214,1,1,22.12160899697647,12.726526249031476,9.629971335557247,3.09655491347423,1,1
IE,2025,6,342450.0637,15252,1,1,22.452797252819302,12.743881126638591,9.632465920977454,3.111415205661136,1,1
IE,2025,7,359211.50682,15678,1,1,22.91181954458477,12.791666649473923,9.660013734748668,3.1316529147252554,1,1
IE,2025,8,357275.57412,15720,1,1,22.72745382442748,12.786262679290136,9.662689065983198,3.1235736133069385,1,1
IE,2025,9,343103.42788,15119,1,1,22.69352654805212,12.745787219703073,9.623707509980202,3.1220797097228723,1,1
IE,2025,10,327146.56888,14698,1,1,22.25789691658729,12.698163572332142,9.595466709088816,3.102696863243325,1,1
IE,2025,11,252972.619,11952,1,1,21.165714441097723,12.441036536556435,9.388653907372598,3.052382629183836,1,1
IE,2025,12,260542.08198,12239,1,1,21.287857012827846,12.47051967023828,9.412382853382338,3.058136816855942,1,1
IE,2026,1,230956.21334,11525,1,1,20.039584671583512,12.349983418895865,9.352273867864849,2.9977095510310163,1,1
IE,2026,2,210650.44152,10823,1,1,19.46322105885614,12.257955363393572,9.289428778295147,2.9685265850984264,1,1
IE,2026,3,260523.40882,12920,1,1,20.16435052786378,12.470447997251535,9.466531777336593,3.0039162199149416,1,1
IE,2026,4,299582.60264,14002,1,1,21.395700802742464,12.610145460314321,9.546955455537143,3.0631900047771774,1,1
IE,2026,5,350761.62928,15494,1,1,22.63854584226152,12.767862152881934,9.648208131191847,3.119654021690086,1,1
IE,2026,6,358860.93752,15679,1,1,22.88799907647171,12.790690231758369,9.66007751636045,3.130612715397918,1,1
IE,2026,7,370960.67548,16089,1,1,23.056788829635153,12.823851339960816,9.685891087651035,3.1379602523097816,1,1
IS,2010,1,12064.188,1117,1,1,10.800526410026858,9.39799667368069,7.018401799069201,2.379594874611491,0,0
IS,2010,2,10586.769,1183,1,1,8.949086221470838,9.267360292893096,7.075808863978387,2.191551428914709,0,0
IS,2010,3,10782.895,1244,1,1,8.667922025723472,9.285716361284814,7.126087273299125,2.1596290879856905,0,0
IS,2010,4,9705.845,1071,1,1,9.062413632119513,9.180483560334247,6.976348070447749,2.204135489886499,0,0
IS,2010,5,10315.86,1126,1,1,9.161509769094138,9.241437795757538,7.026426808699636,2.2150109870579016,0,0
IS,2010,6,18313.825,1529,1,1,11.977648790058863,9.815411518090736,7.332369205929062,2.483042312161673,0,0
IS,2010,7,20900.564,1625,1,1,12.861885538461538,9.947531423234729,7.393263094763838,2.5542683284708914,0,0
IS,2010,8,20832.278,1623,1,1,12.83566112138016,9.944258889773325,7.392031567514591,2.5522273222587333,0,0
IS,2010,9,15581.645,1283,1,1,12.144696024941544,9.653848897933289,7.1569563646156364,2.4968925333176526,0,0
IS,2010,10,17048.668,1304,1,1,13.074131901840492,9.743827356492734,7.1731917424865985,2.5706356140061355,0,0
IS,2010,11,14340.509,1278,1,1,11.221055555555555,9.570843608642225,7.15305163493748,2.4177919737047437,0,0
IS,2010,12,13062.682,1222,1,1,10.689592471358429,9.477514741624457,7.108244139731541,2.3692706018929166,0,0
IS,2011,1,11565.805,1167,1,1,9.910715509854327,9.355808178814666,7.062191632286556,2.293616546528111,0,0
IS,2011,2,10814.156,1109,1,1,9.75126780883679,9.288611295582305,7.011213987350367,2.2773973082319383,0,0
IS,2011,3,12718.898,1374,1,1,9.256839883551674,9.45084419792094,7.2254814727822945,2.225362725138645,0,0
IS,2011,4,13783.701,1649,1,1,8.358824135839903,9.531242086155896,7.407924322559599,2.123317763596297,0,0
IS,2011,5,17064.461,1375,1,1,12.41051709090909,9.744753275726254,7.226209010100671,2.5185442656255814,0,0
IS,2011,6,25561.285,1737,1,1,14.71576568796776,10.148834181093198,7.459914766241105,2.6889194148520925,0,0
IS,2011,7,27208.682,1880,1,1,14.472703191489362,10.211291392529894,7.539027055823995,2.6722643367058985,0,0
IS,2011,8,25786.69,1800,1,1,14.325938888888889,10.15761374631905,7.495541943884256,2.662071802434794,0,0
IS,2011,9,19815.88,1466,1,1,13.516971350613916,9.894238915438304,7.290292882446597,2.6039460329917072,0,0
IS,2011,10,18346.605,1410,1,1,13.011776595744681,9.817199822741607,7.251344983372214,2.5658548393693925,0,0
IS,2011,11,14385.964,1316,1,1,10.93158358662614,9.57400828799125,7.182352111885263,2.391656176105987,0,0
IS,2011,12,12607.927,1310,1,1,9.62437175572519,9.44208102210628,7.177782416195197,2.264298605911082,0,0
IS,2012,1,10592.602,1315,1,1,8.055210646387833,9.267911111909154,7.181591944611865,2.0863191672972894,1,1
IS,2012,2,11846.124,1379,1,1,8.59037273386512,9.379756004450536,7.229113877793302,2.1506421266572344,1,1
IS,2012,3,13078.093,1472,1,1,8.884574048913043,9.478693819275016,7.294377299288821,2.184316519986195,1,1
IS,2012,4,14546.713,1624,1,1,8.957335591133004,9.585120336425062,7.392647520721623,2.192472815703439,1,1
IS,2012,5,18323.258,1737,1,1,10.548795624640185,9.81592646084469,7.459914766241105,2.3560116946035854,1,1
IS,2012,6,24980.562,2041,1,1,12.239373836354728,10.125853281424892,7.621195162809845,2.5046581186150463,1,1
IS,2012,7,25397.307,2170,1,1,11.703828110599078,10.142398423763678,7.682482446534506,2.459915977229174,1,1
IS,2012,8,24605.592,2202,1,1,11.174201634877384,10.110729013161015,7.697121317282625,2.4136076958783885,1,1
IS,2012,9,21529.094,1725,1,1,12.480634202898552,9.977160508655523,7.45298232946546,2.5241781791900624,1,1
IS,2012,10,19384.777,1735,1,1,11.17278213256484,9.872243346298855,7.45876269238096,2.413480653917896,1,1
IS,2012,11,17004.307,1486,1,1,11.443006056527592,9.741221943891093,7.303843225277705,2.4373787186133886,1,1
IS,2012,12,14426.253,1441,1,1,10.011278972935463,9.576804950688842,7.273092595999522,2.303712354689321,1,1
IS,2013,1,13626.704,1445,1,1,9.430244982698962,9.519786675931751,7.275864600546533,2.243922075385218,1,1
IS,2013,2,11940.673,1444,1,1,8.269164127423823,9.387705750517267,7.275172319452771,2.1125334310644948,1,1
IS,2013,3,16568.427,1588,1,1,10.433518261964736,9.715254175316948,7.370230641807081,2.3450235335098677,1,1
IS,2013,4,18080.573,1748,1,1,10.343577231121282,9.802593325921848,7.466227556215481,2.336365769706367,1,1
IS,2013,5,20215.629,1777,1,1,11.376268429938099,9.91421129709908,7.482681828154651,2.4315294689444285,1,1
IS,2013,6,27031.138,1947,1,1,13.883481253210066,10.204744739753105,7.5740450053721995,2.6306997343809053,1,1
IS,2013,7,28215.906,2197,1,1,12.842924897587618,10.247641140467186,7.69484807238461,2.5527930680825754,1,1
IS,2013,8,27873.632,2125,1,1,13.117003294117648,10.235436431324958,7.661527081358517,2.573909349966441,1,1
IS,2013,9,23002.273,1719,1,1,13.381194299011053,10.043348316115267,7.449498005382849,2.593850310732418,1,1
IS,2013,10,20604.832,1737,1,1,11.862309729418536,9.933280890378844,7.459914766241105,2.473366124137739,1,1
IS,2013,11,18034.556,1429,1,1,12.620403079076278,9.800044974237808,7.264730177929867,2.5353147963079405,1,1
IS,2013,12,16708.895,1408,1,1,11.867112926136365,9.723696491335856,7.249925536717988,2.4737709546178692,1,1
IS,2014,1,15538.141,1444,1,1,10.760485457063712,9.65105298999616,7.275172319452771,2.3758806705433875,1,1
IS,2014,2,14306.415,1383,1,1,10.344479392624729,9.568463317055075,7.232010331664759,2.336452985390317,1,1
IS,2014,3,18590.571,1587,1,1,11.714285444234404,9.830409795682188,7.369600720526409,2.4608090751557787,1,1
IS,2014,4,19774.587,1617,1,1,12.229181818181818,9.892152907462009,7.388327859577107,2.503825047884902,1,1
IS,2014,5,23357.634,1766,1,1,13.226293318233294,10.058679147565993,7.476472381163905,2.582206766402087,1,1
IS,2014,6,30692.293,2073,1,1,14.805737095996141,10.331766859713607,7.636752112435779,2.6950147472778276,1,1
IS,2014,7,33901.809,2239,1,1,15.141495757034392,10.431223654776655,7.713784616598755,2.7174390381779,1,1
IS,2014,8,32295.701,2188,1,1,14.760375228519196,10.38268940437746,7.690743163541872,2.6919462408355885,1,1
IS,2014,9,28222.086,1790,1,1,15.766528491620111,10.247860141881151,7.489970898834801,2.757889243046351,1,1
IS,2014,10,24115.901,1709,1,1,14.111118197776479,10.090626694442468,7.443663683115591,2.646963011326878,1,1
IS,2014,11,21239.082,1450,1,1,14.64764275862069,9.963598254082866,7.27931883541462,2.6842794186682464,1,1
IS,2014,12,18231.396,1348,1,1,13.524774480712166,9.810900441811597,7.206377291472252,2.6045231503393445,1,1
IS,2015,1,17493.484,1466,1,1,11.932799454297408,9.769583747717649,7.290292882446597,2.4792908652710524,1,1
IS,2015,2,15931.198,1309,1,1,12.170510313216196,9.67603460409399,7.1770187659099,2.499015838184091,1,1
IS,2015,3,20946.974,1566,1,1,13.376100893997444,9.949749475777136,7.356279876550748,2.5934695992263865,1,1
IS,2015,4,21424.178,1583,1,1,13.533909033480732,9.972275376335572,7.367077059881012,2.6051983164545605,1,1
IS,2015,5,33252.972,1944,1,1,17.10543827160494,10.411899425548183,7.572502985020384,2.839396440527799,1,1
IS,2015,6,40148.522,2137,1,1,18.78732896583996,10.600340906742163,7.667158255319148,2.9331826514230155,1,1
IS,2015,7,43700.69,2454,1,1,17.807942135289323,10.685119170432714,7.805474625270857,2.8796445451618564,1,1
IS,2015,8,42405.944,2320,1,1,18.278424137931037,10.65504382007378,7.749322464660356,2.9057213554134242,1,1
IS,2015,9,38988.824,2083,1,1,18.717630340854537,10.571030319941881,7.641564441260972,2.9294658786809094,1,1
IS,2015,10,28830.318,1832,1,1,15.737073144104803,10.269182820748515,7.513163545234075,2.7560192755144395,1,1
IS,2015,11,27341.68,1700,1,1,16.08334117647059,10.216167556817275,7.438383530044307,2.7777840267729688,1,1
IS,2015,12,23793.107,1471,1,1,16.17478382053025,10.077151195862319,7.293697720601438,2.783453475260882,1,1
IS,2016,1,22688.298,1611,1,1,14.08336312849162,10.029604563942351,7.384610383176974,2.644994180765376,1,1
IS,2016,2,21179.349,1622,1,1,13.057551787916152,9.960781882139111,7.3914152346753585,2.5693666474637524,1,1
IS,2016,3,26692.22,1791,1,1,14.903528754885539,10.192127416159469,7.490529402060711,2.7015980140987574,1,1
IS,2016,4,27300.452,1843,1,1,14.813050461204558,10.214658537812547,7.519149957669823,2.6955085801427225,1,1
IS,2016,5,42463.028,2008,1,1,21.146926294820716,10.656389046892562,7.60489448081162,3.051494566080942,1,1
IS,2016,6,57544.6,2315,1,1,24.857278617710584,10.96031557829667,7.747164966520335,3.213150611776336,1,1
IS,2016,7,61039.308,2567,1,1,23.77846045968056,11.019273329065767,7.8504931808711405,3.1687801481946267,1,1
IS,2016,8,61684.513,2503,1,1,24.644232121454255,11.02978817352425,7.8252452914317745,3.2045428820924755,1,1
IS,2016,9,55817.784,2288,1,1,24.395884615384617,10.929847807269681,7.7354333524996886,3.1944144547699924,1,1
IS,2016,10,46323.193,1975,1,1,23.454781265822785,10.743398043377116,7.5883236773352225,3.1550743660418945,1,1
IS,2016,11,37237.138,1677,1,1,22.20461419200954,10.52506187559127,7.424761761823209,3.1003001137680615,1,1
IS,2016,12,37490.194,1626,1,1,23.05669987699877,10.531834684429827,7.3938782901077555,3.13795639432207,1,1
IS,2017,1,36650.881,1612,1,1,22.73627853598015,10.509192745225066,7.385230923066573,3.123961822158493,1,1
IS,2017,2,33672.664,1569,1,1,21.461226258763542,10.424441629904349,7.358193752733032,3.0662478771713166,1,1
IS,2017,3,41632.59,2055,1,1,20.259167883211678,10.636638553002744,7.628031126930335,3.008607426072408,1,1
IS,2017,4,44950.63,1869,1,1,24.05063135366506,10.713320055374409,7.533158807455563,3.180161247918845,1,1
IS,2017,5,53246.534,2173,1,1,24.503697192820983,10.8826879922514,7.6838639802564295,3.19882401199497,1,1
IS,2017,6,74034.43,2621,1,1,28.246634872186185,11.212285534251926,7.8713112033234065,3.3409743309285203,1,1
IS,2017,7,78101.825,2762,1,1,28.277271904417088,11.265768703032355,7.923710333969238,3.3420583690631176,1,1
IS,2017,8,78485.297,2752,1,1,28.519366642441863,11.270666586864726,7.920083199053234,3.350583387811492,1,1
IS,2017,9,73964.921,2549,1,1,29.01723067869753,11.211346219253029,7.8434564043761155,3.3678898148769134,1,1
IS,2017,10,57128.83,2266,1,1,25.21131067961165,10.953064171900886,7.725771441587952,3.227292730312935,1,1
IS,2017,11,44587.551,2018,1,1,22.09492120911794,10.705209973484827,7.609862200913554,3.0953477725712735,1,1
IS,2017,12,42629.259,1884,1,1,22.626995222929935,10.66029612748292,7.5411524551363085,3.119143672346613,1,1
IS,2018,1,41921.383,1812,1,1,23.135421081677706,10.643551309862932,7.502186486602924,3.1413648232600084,1,1
IS,2018,2,34089.933,1536,1,1,22.193966796875,10.436757399744273,7.336936913707618,3.0998204860366565,1,1
IS,2018,3,46411.627,2169,1,1,21.39770723835869,10.745305288720498,7.682021510826875,3.0632837778936244,1,1
IS,2018,4,47323.348,2114,1,1,22.385689687795647,10.764759067914094,7.656337166430183,3.108421901483911,1,1
IS,2018,5,67860.85,2455,1,1,27.641894093686357,11.125214564048163,7.805882040228621,3.3193325238195412,1,1
IS,2018,6,91130.232,2882,1,1,31.620482997918113,11.420044883300605,7.966239776559467,3.4538051067411373,1,1
IS,2018,7,96404.109,3129,1,1,30.8098782358581,11.476304104171568,8.048468743668883,3.427835360502685,1,1
IS,2018,8,96091.987,3175,1,1,30.26519275590551,11.47306120958806,8.063062911326792,3.409998298261268,1,1
IS,2018,9,84205.314,2613,1,1,32.22553157290471,11.341013309877917,7.868254265520613,3.472759044357305,1,1
IS,2018,10,69600.506,2482,1,1,28.04210556003223,11.150527116411027,7.8168199657645525,3.333707150646474,1,1
IS,2018,11,48107.74,1955,1,1,24.607539641943735,10.781198357909377,7.578145472419466,3.20305288548991,1,1
IS,2018,12,41848.465,1774,1,1,23.589890078917698,10.641810396630847,7.480992162869525,3.1608182337613218,1,1
IS,2019,1,36940.649,1764,1,1,20.941410997732426,10.517067822629759,7.475339236566737,3.0417285860630217,1,1
IS,2019,2,29928.376,1625,1,1,18.417462153846152,10.30656233943476,7.393263094763838,2.9132992446709234,1,1
IS,2019,3,38639.575,1773,1,1,21.793330513254368,10.562032289301161,7.480428306074208,3.081603983226954,1,1
IS,2019,4,34026.999,1639,1,1,20.76082916412447,10.434909576712341,7.40184157874383,3.0330679979685122,1,1
IS,2019,5,43833.439,2065,1,1,21.226846973365618,10.688152252575328,7.632885505395133,3.0552667471801955,1,1
IS,2019,6,59718.942,2265,1,1,26.36597880794702,10.997404535488158,7.725330037917135,3.2720744975710243,1,1
IS,2019,7,64346.834,2516,1,1,25.575053259141495,11.072043012124729,7.830425617820331,3.2416173943043973,1,1
IS,2019,8,61948.066,2472,1,1,25.05989724919094,11.034051667845196,7.812782818577581,3.2212688492676147,1,1
IS,2019,9,50244.342,2069,1,1,24.28436056065732,10.824653222566877,7.634820677745543,3.189832544821334,1,1
IS,2019,10,40590.274,1823,1,1,22.265646736149204,10.6112837602413,7.508238774678663,3.103044985562637,1,1
IS,2019,11,30337.628,1677,1,1,18.090416219439476,10.320144069226615,7.424761761823209,2.8953823074034064,1,1
IS,2019,12,26045.41,1339,1,1,19.451389096340552,10.167596832040415,7.199678345691172,2.9679184863492414,1,1
IS,2020,1,20962.894,1212,1,1,17.29611716171617,9.95050920142293,7.10002716662926,2.8504820347936697,1,1
IS,2020,2,23270.081,1278,1,1,18.208201095461657,10.054923737166945,7.15305163493748,2.901872102229464,1,1
IS,2020,3,17215.747,1124,1,1,15.316500889679714,9.75357976722156,7.024649030453636,2.7289307367679223,1,1
IS,2020,4,3655.923,548,1,1,6.671392335766423,8.204103871083102,6.306275286948016,1.8978285841350868,1,1
IS,2020,5,6471.188,850,1,1,7.613162352941177,8.775114987331891,6.745236349484363,2.029878637847529,1,1
IS,2020,6,7957.849,1100,1,1,7.234408181818182,8.981914016190116,7.003065458786462,1.9788485574036538,1,1
IS,2020,7,9185.959,1250,1,1,7.3487672,9.12543140156204,7.1308988302963465,1.9945325712656932,1,1
IS,2020,8,6465.652,1085,1,1,5.959126267281106,8.77425913685559,6.98933526597456,1.78492387088103,1,1
IS,2020,9,6590.549,1016,1,1,6.486760826771653,8.793391932069119,6.923628628138427,1.869763303930692,1,1
IS,2020,10,9985.588,1073,1,1,9.306232991612301,9.208898132448564,6.9782137426306985,2.230684389817866,1,1
IS,2020,11,8903.465,817,1,1,10.897753977968176,9.094195805795287,6.705639094860003,2.388556710935284,1,1
IS,2020,12,8000.225,927,1,1,8.630231930960086,8.987224945266473,6.831953565565855,2.1552713797006176,1,1
IS,2021,1,8301.7377,920,1,1,9.023627934782608,9.024220133317423,6.824373670043086,2.1998464632743375,1,1
IS,2021,2,7315.37925,985,1,1,7.426780964467005,8.89773415763319,6.892641641172089,2.0050925164611013,1,1
IS,2021,3,9183.43725,1115,1,1,8.236266591928253,9.125156841638402,7.016609683894219,2.1085471577441823,1,1
IS,2021,4,8598.04755,1053,1,1,8.16528732193732,9.059290427396832,6.959398512133975,2.0998919152628557,1,1
IS,2021,5,14590.28065,1359,1,1,10.736041685062547,9.588110877109756,7.214504414151143,2.3736064629586124,1,1
IS,2021,6,25148.6946,1730,1,1,14.536817687861271,10.132561269608232,7.455876687491824,2.676684582116407,1,1
IS,2021,7,38101.0327,2196,1,1,17.35019704007286,10.547996665734335,7.694392802629421,2.8536038631049143,1,1
IS,2021,8,38865.91455,1961,1,1,19.819436282508924,10.567872912842496,7.581209826196346,2.98666308664615,1,1
IS,2021,9,37547.37985,1870,1,1,20.078812754010695,10.533358877127881,7.533693709848633,2.9996651672792494,1,1
IS,2021,10,29347.1744,1709,1,1,17.172132475131654,10.28695154804934,7.443663683115591,2.843287864933748,1,1
IS,2021,11,23182.6278,1593,1,1,14.552810922787193,10.051158475438221,7.373374309910049,2.677784165528173,1,1
IS,2021,12,23081.13045,1580,1,1,14.608310411392406,10.046770699058621,7.365180126021013,2.681590573037609,1,1
IS,2022,1,15563.27845,1108,1,1,14.046280189530686,9.652669472839595,7.010311867307229,2.6423576055323656,1,1
IS,2022,2,17377.53265,1310,1,1,13.265292099236643,9.762933423839225,7.177782416195197,2.5851510076440287,1,1
IS,2022,3,20531.8201,1608,1,1,12.768544838308458,9.929731161709215,7.382746449738912,2.5469847119703033,1,1
IS,2022,4,23769.6225,1655,1,1,14.362309667673717,10.076163678865067,7.411556287811163,2.6646073910539037,1,1
IS,2022,5,39082.4977,2101,1,1,18.60185516420752,10.573430016601609,7.650168700845001,2.9232613157566085,1,1
IS,2022,6,48555.61255,2180,1,1,22.273216766055047,10.790465070539446,7.687080155783135,3.1033849147563113,1,1
IS,2022,7,54838.3298,2578,1,1,21.27165624515128,10.912144677340835,7.8547691834991324,3.057375493841702,1,1
IS,2022,8,54410.43895,2603,1,1,20.90297308874376,10.904311306898265,7.864419904994565,3.0398914019037004,1,1
IS,2022,9,44792.2292,2094,1,1,21.390749379178605,10.709789948000813,7.646831391430482,3.0629585565703312,1,1
IS,2022,10,40640.4744,2156,1,1,18.849941743970316,10.612519755412578,7.6760099320288875,2.9365098233836906,1,1
IS,2022,11,30572.2002,1812,1,1,16.872075165562915,10.327846384817063,7.502186486602924,2.8256598982141385,1,1
IS,2022,12,28369.683,1682,1,1,16.866636741973842,10.253076353965355,7.427738840532894,2.825337513432462,1,1
IS,2023,1,22298.90665,1427,1,1,15.626423721093204,10.01229292709826,7.2633296174768365,2.748963309621424,1,1
IS,2023,2,18015.7766,1174,1,1,15.34563594548552,9.799003130773725,7.068172000388042,2.7308311303856834,1,1
IS,2023,3,26577.03845,1711,1,1,15.533044097019287,10.187802905818758,7.444833273892193,2.742969631926564,1,1
IS,2023,4,30549.25725,1664,1,1,18.358928635817307,10.327095651701894,7.416979621381154,2.91011603032074,1,1
IS,2023,5,44826.31895,1960,1,1,22.870570892857142,10.710550722468776,7.580699752224563,3.129850970244213,1,1
IS,2023,6,60127.15395,2444,1,1,24.601945151391163,11.004216831298603,7.8013913202914855,3.2028255110071178,1,1
IS,2023,7,60938.8034,2627,1,1,23.19710826037305,11.017625416639664,7.87359778968554,3.144027626954124,1,1
IS,2023,8,60914.94775,2617,1,1,23.27663269010317,11.017233871035534,7.869783902530146,3.147449968505388,1,1
IS,2023,9,52056.279,2171,1,1,23.978018885306312,10.860080700773182,7.682943169878292,3.1771375308948904,1,1
IS,2023,10,42500.32115,1975,1,1,21.51914994936709,10.657266911354547,7.5883236773352225,3.0689432340193243,1,1
IS,2023,11,33652.35595,1881,1,1,17.890673019670388,10.423838345995009,7.53955882930103,2.8842795166939785,1,1
IS,2023,12,33764.81045,1566,1,1,21.56118164112388,10.427174428191911,7.356279876550748,3.070894551641163,1,1
IS,2024,1,27129.99176,1529,1,1,17.7436178940484,10.208395101930115,7.332369205929062,2.876025896001053,1,1
IS,2024,2,23639.85654,1502,1,1,15.73891913448735,10.070689402973702,7.31455283232408,2.756136570649622,1,1
IS,2024,3,31965.24768,1716,1,1,18.627766713286714,10.372404581645702,7.447751280047908,2.924653301597795,1,1
IS,2024,4,36176.2949,1800,1,1,20.09794161111111,10.496159346297881,7.495541943884256,3.000617402413626,1,1
IS,2024,5,49110.46232,2172,1,1,22.61071009208103,10.801827372957622,7.683403681053826,3.118423691903795,1,1
IS,2024,6,64591.11952,2395,1,1,26.969152200417536,11.07583221159035,7.781138509845015,3.2946937017453353,1,1
IS,2024,7,69354.2154,2606,1,1,26.613282962394475,11.1469822083225,7.8655717576847906,3.2814104506377095,1,1
IS,2024,8,69163.79082,2525,1,1,27.391600324752474,11.144232750614346,7.83399634170946,3.310236408904886,1,1
IS,2024,9,58652.05784,2285,1,1,25.66829664770241,10.979377940252114,7.734121303328305,3.2452566369238083,1,1
IS,2024,10,46941.12874,2210,1,1,21.240329746606335,10.75664951555817,7.700747794511798,3.0559017210463715,1,1
IS,2024,11,33312.87078,1553,1,1,21.450657295556987,10.413699111202732,7.347943823148687,3.065755288054044,1,1
IS,2024,12,31762.10532,1532,1,1,20.732444725848563,10.36602920157719,7.3343293503005365,3.0316998512766538,1,1
IS,2025,1,27962.1358,1552,1,1,18.01684007731959,10.238606581127065,7.347299700743164,2.8913068803839006,1,1
IS,2025,2,22888.81524,1384,1,1,16.538161300578036,10.038403652760419,7.232733136177615,2.805670516582804,1,1
IS,2025,3,30554.42734,1669,1,1,18.30702656680647,10.32726487521262,7.419979923661835,2.907284951550786,1,1
IS,2025,4,39453.42502,1792,1,1,22.01642021205357,10.582876141770338,7.491087593534876,3.0917885482354626,1,1
IS,2025,5,51779.25514,2147,1,1,24.11702614811365,10.854744868111293,7.671826797878781,3.1829180702325126,1,1
IS,2025,6,60951.38948,2358,1,1,25.84876568278202,11.017831931696328,7.765569081097317,3.252262850599012,1,1
IS,2025,7,66261.36172,2651,1,1,24.994855420596,11.101362226804804,7.8826922062890254,3.218670020515778,1,1
IS,2025,8,67841.65552,2812,1,1,24.12576654338549,11.124931673469916,7.941651252930556,3.18328042053936,1,1
IS,2025,9,53760.11404,2197,1,1,24.46978335912608,10.892287096474544,7.69484807238461,3.197439024089933,1,1
IS,2025,10,41318.65006,1867,1,1,22.131039132297804,10.629069252322346,7.532088143541722,3.0969811087806227,1,1
IS,2025,11,30602.5094,1669,1,1,18.33583547034152,10.328837291114068,7.419979923661835,2.9088573674522324,1,1
IS,2025,12,29624.92024,1572,1,1,18.845369109414758,10.296371186113133,7.360103972989152,2.936267213123981,1,1
IS,2026,1,26558.8263,1501,1,1,17.694088141239174,10.187117412101893,7.313886831633462,2.8732305804684306,1,1
IS,2026,2,22646.64446,1472,1,1,15.384948682065216,10.027766972474891,7.294377299288821,2.7333896731860707,1,1
IS,2026,3,29450.662900000003,1596,1,1,18.452796303258147,10.290471698164263,7.3752557780097545,2.915215920154508,1,1
IS,2026,4,35291.48748,1715,1,1,20.57812681049563,10.47139706596521,7.44716835960004,3.02422870636517,1,1
IS,2026,5,44858.35816,2124,1,1,21.119754312617705,10.71126520820693,7.66105638236183,3.0502088258450994,1,1
IS,2026,6,56220.14296,2297,1,1,24.475464936874182,10.937030387324597,7.739359202689098,3.1976711846354986,1,1
IS,2026,7,63835.04342,2630,1,1,24.271879627376425,11.064057588445337,7.874739125171811,3.189318463273527,1,1
IT,2010,1,899660.529,60178,1,1,14.949990511482602,13.709772781152406,11.005062115999351,2.704710665153056,0,0
IT,2010,2,815751.944,57901,1,1,14.088736705756377,13.61186559753578,10.96648993456911,2.6453756629666705,0,0
IT,2010,3,954000.917,68340,1,1,13.95962711442786,13.768419911645895,11.132250525669283,2.6361693859766118,0,0
IT,2010,4,930763.918,65447,1,1,14.221643742264732,13.743760945155259,11.088995933771097,2.654765011384162,0,0
IT,2010,5,1087672.131,77766,1,1,13.986473921765297,13.89955031079911,11.26145959665143,2.6380907141476806,0,0
IT,2010,6,1132813.938,81590,1,1,13.884225248192182,13.940215305871321,11.309461984422846,2.6307533214484766,0,0
IT,2010,7,1235128.44,89431,1,1,13.810965325222798,14.026685522636589,11.401222657207711,2.625462865428879,0,0
IT,2010,8,1248727.817,85540,1,1,14.598174152443303,14.037635844622951,11.3567393817809,2.680896462842052,0,0
IT,2010,9,1148608.515,81322,1,1,14.124203966946213,13.954061780757655,11.30617186163562,2.6478899191220355,0,0
IT,2010,10,1081340.543,75683,1,1,14.28776003858198,13.893712072913047,11.234308843532059,2.6594032293809886,0,0
IT,2010,11,917473.789,64493,1,1,14.225943730327323,13.729379290655382,11.074311969762586,2.6550673208927966,0,0
IT,2010,12,912267.171,61692,1,1,14.78744684886209,13.723688176812697,11.029909541843505,2.693778634969193,0,0
IT,2011,1,932843.315,62024,1,1,15.040037969173222,13.745992528963393,11.035276685898795,2.710715843064599,0,0
IT,2011,2,825160.326,59045,1,1,13.975109255652468,13.623332980981761,10.986055144035381,2.637277836946379,0,0
IT,2011,3,978218.035,68938,1,1,14.189823246975545,13.7934878638424,11.140962828916065,2.652525034926335,0,0
IT,2011,4,1016802.334,72844,1,1,13.958628493767504,13.832173294291412,11.19607544721571,2.6360978470757006,0,0
IT,2011,5,1075885.9,79099,1,1,13.601763612687897,13.88865497318894,11.2784555114508,2.6101994617381403,0,0
IT,2011,6,1137521.177,81925,1,1,13.884909087580102,13.944362046776803,11.313559473567015,2.6308025732097873,0,0
IT,2011,7,1246562.861,89114,1,1,13.988406546670557,14.035900610678212,11.397671727939567,2.6382288827386433,0,0
IT,2011,8,1247387.927,87072,1,1,14.325936317070928,14.036562264495977,11.374490641582973,2.662071622913004,0,0
IT,2011,9,1151846.762,82563,1,1,13.951125346704941,13.956877092292928,11.321316917264511,2.635560175028415,0,0
IT,2011,10,1089892.678,75134,1,1,14.50598501344265,13.901589788807309,11.2270284649948,2.674561323812509,0,0
IT,2011,11,871266.142,61095,1,1,14.260842000163679,13.677702768288396,11.020185308750623,2.6575174595377744,0,0
IT,2011,12,872119.115,58939,1,1,14.796978486231527,13.67868129333286,10.98425828974124,2.6944230035916203,0,0
IT,2012,1,866728.188,58320,1,1,14.861594444444444,13.672480697958049,10.97370036668254,2.6987803312755094,1,1
IT,2012,2,782063.485,54955,1,1,14.230979619688837,13.569691199096749,10.914269947503001,2.655421251593747,1,1
IT,2012,3,901874.374,64722,1,1,13.934587528197522,13.712230514400538,11.077856453603484,2.6343740607970534,1,1
IT,2012,4,979486.589,67609,1,1,14.487517771302638,13.794783824593573,11.121496389263907,2.673287435329666,1,1
IT,2012,5,1046245.986,75443,1,1,13.868032633909044,13.860719064219323,11.23113268321868,2.6295863810006432,1,1
IT,2012,6,1127931.841,80223,1,1,14.059955885469254,13.93589628456911,11.292565535782604,2.643330748786505,1,1
IT,2012,7,1232419.814,88107,1,1,13.987762765728036,14.024490123147624,11.386307263932462,2.6381828592151617,1,1
IT,2012,8,1225187.304,84433,1,1,14.510763611384174,14.018604291497253,11.343713599425984,2.6748906920712696,1,1
IT,2012,9,1129581.387,78539,1,1,14.38242639962312,13.937357668071195,11.27135059568527,2.666007072385925,1,1
IT,2012,10,1022926.091,70152,1,1,14.581567040141408,13.838177795011973,11.158419595459192,2.6797581995527815,1,1
IT,2012,11,806870.139,55480,1,1,14.543441582552271,13.600918016087748,10.923777874428767,2.6771401416589793,1,1
IT,2012,12,828923.438,54782,1,1,15.131310247891642,13.627883075208329,10.91111695182567,2.7167661233826585,1,1
IT,2013,1,818163.532,53214,1,1,15.374967715262901,13.614817512474586,10.882076798604507,2.732740713870078,1,1
IT,2013,2,726586.588,49473,1,1,14.686527762617994,13.496112940024696,10.809182345196879,2.686930594827816,1,1
IT,2013,3,861560.307,57439,1,1,14.999570100454395,13.666500334821606,10.958478794099808,2.7080215407217985,1,1
IT,2013,4,941576.038,64018,1,1,14.707988971851666,13.755310386431072,11.066919572798442,2.6883908136326298,1,1
IT,2013,5,1034447.705,70588,1,1,14.654724669915566,13.849378223899173,11.164615437363123,2.6847627865360497,1,1
IT,2013,6,1108074.074,75575,1,1,14.661912987098908,13.918133997845365,11.232880819647658,2.685253178197706,1,1
IT,2013,7,1195663.572,82779,1,1,14.444044649005182,13.994211879607667,11.323929685017145,2.670282194590521,1,1
IT,2013,8,1191858.724,79636,1,1,14.966330855392032,13.991024599449137,11.285221530899687,2.7058030685494505,1,1
IT,2013,9,1096935.0,74841,1,1,14.656872569848078,13.908030484995031,11.223121142137346,2.684909342857685,1,1
IT,2013,10,1000259.379,66418,1,1,15.060064726429582,13.815769903331358,11.103723383065155,2.712046520266202,1,1
IT,2013,11,817296.014,54469,1,1,15.00479197341607,13.61375662645819,10.90538701147962,2.7083696149785705,1,1
IT,2013,12,832115.421,53893,1,1,15.440139183196333,13.631726437345083,10.894755878333363,2.7369705590117213,1,1
IT,2014,1,830865.712,53096,1,1,15.648367334639145,13.6302234627046,10.87985687482576,2.75036658787884,1,1
IT,2014,2,744959.997,49421,1,1,15.073754011452621,13.521085800618039,10.808130714060667,2.712955086557373,1,1
IT,2014,3,875639.04,58217,1,1,15.040950924987547,13.682709230206104,10.971932687287666,2.710776542918438,1,1
IT,2014,4,988660.297,64130,1,1,15.416502370185562,13.804106070307402,11.068667552142909,2.735438518164493,1,1
IT,2014,5,1076067.541,70910,1,1,15.175116922859964,13.888823788179982,11.169166746298043,2.719657041881939,1,1
IT,2014,6,1154767.658,76730,1,1,15.049754437638473,13.959409719797499,11.24804804517171,2.7113616746257883,1,1
IT,2014,7,1252310.176,83218,1,1,15.048549304237063,14.040500544367548,11.329218949563693,2.7112815948038564,1,1
IT,2014,8,1276140.338,81991,1,1,15.56439533607347,14.059350719597832,11.314364764125187,2.744985955472645,1,1
IT,2014,9,1149863.744,75054,1,1,15.320485836864124,13.95515400984145,11.225963133442797,2.7291908763986537,1,1
IT,2014,10,1052089.642,67131,1,1,15.67218784168268,13.866288879676155,11.114401213291382,2.7518876663847722,1,1
IT,2014,11,850789.761,54246,1,1,15.683916989271099,13.65392032768009,10.901284535965422,2.7526357917146695,1,1
IT,2014,12,852740.611,53361,1,1,15.980596521804314,13.656210689959359,10.884835421043586,2.7713752689157714,1,1
IT,2015,1,840651.603,54147,1,1,15.525358801041609,13.641932587963044,10.899457849232357,2.742474738730687,1,1
IT,2015,2,752810.064,50225,1,1,14.988751896465903,13.531568235920588,10.824268189683135,2.7073000462374526,1,1
IT,2015,3,889067.52,59241,1,1,15.007638628652455,13.697928462118135,10.98936914872542,2.7085593133927155,1,1
IT,2015,4,1014652.013,66435,1,1,15.272853360427487,13.830056267338493,11.103979305025408,2.726076962313086,1,1
IT,2015,5,1101007.6,70708,1,1,15.571188550093343,13.911736318496615,11.166313999655774,2.7454223188408413,1,1
IT,2015,6,1163091.417,74392,1,1,15.634630296268414,13.966592032882827,11.217103688158033,2.7494883447247935,1,1
IT,2015,7,1279913.468,82473,1,1,15.519181647327006,14.062303030485605,11.320226246030094,2.7420767844555125,1,1
IT,2015,8,1280048.129,79870,1,1,16.02664491047953,14.062408235970159,11.288155591911435,2.7742526440587234,1,1
IT,2015,9,1172390.938,74726,1,1,15.689197039852262,13.974555758345126,11.221583369464737,2.7529723888803903,1,1
IT,2015,10,1076953.547,65993,1,1,16.319208810025305,13.889646823360595,11.097303954777678,2.7923428685829172,1,1
IT,2015,11,863712.765,54425,1,1,15.869779788700047,13.668995544596466,10.904578886102748,2.7644166584937184,1,1
IT,2015,12,889441.147,54736,1,1,16.249655564893306,13.698348619761928,10.910276907217385,2.788071712544542,1,1
IT,2016,1,867103.232,52663,1,1,16.465131724360557,13.67291331672539,10.871668400664227,2.8012449160611634,1,1
IT,2016,2,822453.419,51833,1,1,15.867370574730383,13.62004712658328,10.855782291044472,2.764264835538809,1,1
IT,2016,3,945324.711,59038,1,1,16.01213982519733,13.759283756979457,10.985936583361818,2.773347173617638,1,1
IT,2016,4,1031569.713,63226,1,1,16.31559347420365,13.846592193310565,11.054470887941358,2.792121305369207,1,1
IT,2016,5,1151841.948,70500,1,1,16.33818365957447,13.956872912908812,11.16336798880036,2.793504924108452,1,1
IT,2016,6,1222773.68,72158,1,1,16.945781202361484,14.016632344396866,11.186613438166152,2.8300189062307144,1,1
IT,2016,7,1364993.425,81261,1,1,16.79764493422429,14.126660169739779,11.305421475643698,2.8212386940960807,1,1
IT,2016,8,1353297.191,79175,1,1,17.092481098831705,14.118054536395555,11.27941587140684,2.838638664988714,1,1
IT,2016,9,1254383.365,73857,1,1,16.983946883843103,14.042154667170195,11.209886070197406,2.83226859697279,1,1
IT,2016,10,1145687.343,65540,1,1,17.48073455904791,13.95151531442609,11.090415922252806,2.861099392173283,1,1
IT,2016,11,888591.123,53498,1,1,16.609800796291452,13.697392479562337,10.887399549007759,2.8099929305545785,1,1
IT,2016,12,917718.613,53728,1,1,17.08082588222156,13.729646100828731,10.891689559877268,2.837956540951463,1,1
IT,2017,1,899437.176,51743,1,1,17.382779815627234,13.709524486687323,10.854044436277903,2.8554800504094215,1,1
IT,2017,2,808412.794,48161,1,1,16.78563140300243,13.60282809070997,10.782304843886733,2.8205232468232375,1,1
IT,2017,3,957299.688,57329,1,1,16.698349665963125,13.77187177501775,10.956561882875715,2.8153098921420368,1,1
IT,2017,4,1086155.991,63134,1,1,17.20397869610669,13.898155407282598,11.053014730672343,2.8451406766102543,1,1
IT,2017,5,1208417.229,71650,1,1,16.865557976273553,14.00482198608914,11.179548433256318,2.825273552832823,1,1
IT,2017,6,1295320.494,76178,1,1,17.003865866785684,14.074268708210523,11.240827986078092,2.8334407221324316,1,1
IT,2017,7,1426670.387,84224,1,1,16.93900060552812,14.17085388659675,11.341235195244934,2.8296186913518158,1,1
IT,2017,8,1403439.698,81174,1,1,17.289276098258064,14.1544367084175,11.304350277831416,2.850086430586084,1,1
IT,2017,9,1320336.076,76376,1,1,17.287316382109562,14.093396865187005,11.24342378967787,2.849973075509136,1,1
IT,2017,10,1196497.999,68800,1,1,17.3909592877907,13.994909513951399,11.138959023921435,2.8559504900299633,1,1
IT,2017,11,933951.519,54466,1,1,17.1474225939118,13.747179809011524,10.905331932762941,2.841847876248583,1,1
IT,2017,12,966172.249,54203,1,1,17.82506962714241,13.781097408893235,10.900491536449458,2.8806058724437773,1,1
IT,2018,1,951849.686,54167,1,1,17.57250144922185,13.76616240844997,10.899827145911038,2.8663352625389313,1,1
IT,2018,2,857372.433,49678,1,1,17.25859400539474,13.661627680774687,10.813317458148045,2.848310222626642,1,1
IT,2018,3,1029544.8,58545,1,1,17.58552908019472,13.84462732077321,10.977550968282825,2.867076352490385,1,1
IT,2018,4,1164916.497,65611,1,1,17.75489623691149,13.968159966018213,11.091498643801799,2.8766613222164135,1,1
IT,2018,5,1265411.239,71988,1,1,17.578085778185255,14.050907717431992,11.184254717441094,2.8666529999908983,1,1
IT,2018,6,1358650.943,77120,1,1,17.617361812759334,14.122002811724123,11.253117929284427,2.868884882439695,1,1
IT,2018,7,1476013.6,85194,1,1,17.325323379580723,14.204855498192247,11.352686287802413,2.8521692103898335,1,1
IT,2018,8,1478662.662,83043,1,1,17.80598800621365,14.206648630484855,11.327113824914775,2.8795348055700805,1,1
IT,2018,9,1384327.845,78621,1,1,17.607609226542525,14.140725269333021,11.27239411830478,2.8683311510282414,1,1
IT,2018,10,1279218.119,71981,1,1,17.771608049346355,14.061759604723019,11.184157474284504,2.8776021304385155,1,1
IT,2018,11,1033092.872,58283,1,1,17.725458058095843,13.848067649191238,10.973065734619182,2.8750019145720564,1,1
IT,2018,12,1060084.182,58285,1,1,18.187941700265934,13.873858879916021,10.973100049353933,2.9007588305620877,1,1
IT,2019,1,1021526.39,56499,1,1,18.08043310501071,13.83680852746313,10.941978217862857,2.8948303096002745,1,1
IT,2019,2,926249.558,53250,1,1,17.394357896713615,13.738898978399337,10.882753083571671,2.856145894827666,1,1
IT,2019,3,1085810.869,60620,1,1,17.91175963378423,13.897837610534166,11.012380150611794,2.885457459922372,1,1
IT,2019,4,1240918.024,68277,1,1,18.17475905502585,14.0313620055988,11.131328239212023,2.9000337663867763,1,1
IT,2019,5,1341888.735,74695,1,1,17.9649070888279,14.109588683240489,11.221168434476418,2.8884202487640707,1,1
IT,2019,6,1458744.218,80705,1,1,18.07501664085249,14.193086498907524,11.29855581020738,2.894530688700144,1,1
IT,2019,7,1567594.215,87562,1,1,17.902677131632444,14.265052654946121,11.380102392856065,2.884950262090057,1,1
IT,2019,8,1557787.412,84666,1,1,18.399208796919662,14.258777046808811,11.346469383285816,2.9123076635229967,1,1
IT,2019,9,1452932.89,79132,1,1,18.360876636506088,14.18909475428686,11.278872623147983,2.9102221311388767,1,1
IT,2019,10,1326741.478,71352,1,1,18.594313796389727,14.09823647745489,11.175380653346043,2.9228558241088467,1,1
IT,2019,11,1048278.636,58390,1,1,17.953050796369244,13.862659982570685,10.974899921277583,2.8877600612931023,1,1
IT,2019,12,1078449.053,59542,1,1,18.11240893822848,13.891034504938029,10.994437224868893,2.896597280069137,1,1
IT,2020,1,1007158.603,56924,1,1,17.693039895298995,13.822643659795324,10.949472323803551,2.873171335991772,1,1
IT,2020,2,898612.398,53974,1,1,16.648986512024308,13.708607072540602,10.896257728115502,2.8123493444250998,1,1
IT,2020,3,382373.432,21782,1,1,17.554560279129554,12.854152980758299,9.988839219635631,2.865313761122666,1,1
IT,2020,4,112198.256,7226,1,1,15.527021311929143,11.628022728277914,8.885440911707585,2.742581816570329,1,1
IT,2020,5,142651.63,8833,1,1,16.149850560398505,11.868160783144887,9.086249986745132,2.7819107963997554,1,1
IT,2020,6,200924.446,15588,1,1,12.889687323582242,12.21068422582939,9.6542566664586,2.556427559370789,1,1
IT,2020,7,444780.576,37618,1,1,11.823610399276943,13.00533635190024,10.53523793823075,2.4700984136694903,1,1
IT,2020,8,565994.729,47952,1,1,11.80336021438105,13.246340044421109,10.777955789556444,2.468384254864664,1,1
IT,2020,9,480895.805,40378,1,1,11.909847070186736,13.083405904000424,10.60604036117017,2.4773655428302552,1,1
IT,2020,10,437887.234,34308,1,1,12.763414772064824,12.989716699589934,10.443133842110312,2.546582857479621,1,1
IT,2020,11,327427.486,21683,1,1,15.100654245261264,12.699021892747233,9.984283822364217,2.7147380703830155,1,1
IT,2020,12,316471.353,21236,1,1,14.90258772838576,12.664988004621582,9.963453133703561,2.70153487091802,1,1
IT,2021,1,277629.0698,18185,1,1,15.266927126752819,12.53404122043192,9.80835235742109,2.7256888630108307,1,1
IT,2021,2,251985.31705,15703,1,1,16.04695389734446,12.437126099121446,9.661607055884954,2.775519043236493,1,1
IT,2021,3,295790.5365,19548,1,1,15.131498695518722,12.597406835846444,9.880628258390045,2.716778577456399,1,1
IT,2021,4,339775.43795,22586,1,1,15.043630476844063,12.73604020176393,10.025085524283616,2.710954677480313,1,1
IT,2021,5,378946.3299,27086,1,1,13.99048696374511,12.845149864274422,10.206772268215317,2.638377596059105,1,1
IT,2021,6,558937.5341,43684,1,1,12.795017262613316,13.233793000097146,10.684737181317619,2.5490558187795265,1,1
IT,2021,7,807773.16625,62677,1,1,12.887872205912855,13.602036563250723,11.04574983316754,2.5562867300831824,1,1
IT,2021,8,896059.07235,69028,1,1,12.981095676392188,13.705761618745903,11.14226749836747,2.563494120378433,1,1
IT,2021,9,821724.6207,60928,1,1,13.486814284073004,13.619160606595623,11.017448118151037,2.601712488444585,1,1
IT,2021,10,770106.2145,55003,1,1,14.001167472683308,13.554283725225986,10.915143008181603,2.639140717044381,1,1
IT,2021,11,681058.92265,48153,1,1,14.143644687766079,13.431404105103814,10.782138720581328,2.649265384522486,1,1
IT,2021,12,731763.0016,49401,1,1,14.812716374162466,13.503211972213164,10.807725945886109,2.695486026327055,1,1
IT,2022,1,622622.3978,41617,1,1,14.960770785976885,13.341695510965124,10.636264016619267,2.7054314943458575,1,1
IT,2022,2,565797.146,40230,1,1,14.064060303256275,13.245990893651657,10.602368264943834,2.6436226287078233,1,1
IT,2022,3,736034.79945,51040,1,1,14.420744503330722,13.509032678454675,10.840364918018672,2.6686677604360027,1,1
IT,2022,4,914800.2923,62795,1,1,14.568043511426069,13.726461060654104,11.047630731452227,2.6788303292018782,1,1
IT,2022,5,1043925.1536,70889,1,1,14.726193818504987,13.858498352900707,11.168870552387599,2.689627800513109,1,1
IT,2022,6,1135449.48645,75957,1,1,14.948582572376475,13.942539153805074,11.237922669675521,2.7046164841295526,1,1
IT,2022,7,1237915.1974,82993,1,1,14.915898899907221,14.02893923020357,11.326511545872743,2.7024276843308273,1,1
IT,2022,8,1231337.44365,80663,1,1,15.265207637330622,14.02361148916997,11.29803526089217,2.725576228277799,1,1
IT,2022,9,1182122.7649,77079,1,1,15.336508840280752,13.982822333568432,11.252586148910154,2.7302361846582763,1,1
IT,2022,10,1097312.20185,69619,1,1,15.761677154943335,13.908374294802238,11.150792797573676,2.757581497228562,1,1
IT,2022,11,809661.54395,52158,1,1,15.523247516200774,13.60437159235094,10.86203285230712,2.74233874004382,1,1
IT,2022,12,854267.71075,53719,1,1,15.902524446657607,13.657999902276524,10.891522035422959,2.766477866853565,1,1
IT,2023,1,818818.24695,51640,1,1,15.85627898818745,13.615617417511194,10.85205184496058,2.7635655725506156,1,1
IT,2023,2,753543.4529,48556,1,1,15.519059496251751,13.53254196346823,10.790473050017694,2.742068913450536,1,1
IT,2023,3,909986.8762,57048,1,1,15.951249407516478,13.721185456630797,10.95164829770814,2.769537158922657,1,1
IT,2023,4,1095322.924,66600,1,1,16.44629015015015,13.90655978551855,11.106459856528481,2.8000999289900683,1,1
IT,2023,5,1215562.5416,73990,1,1,16.428740932558455,14.0107175248083,11.211685227919597,2.7990322968887034,1,1
IT,2023,6,1310844.8737,79691,1,1,16.44909555282278,14.086182429047504,11.285911934938985,2.8002704941085175,1,1
IT,2023,7,1425670.1357,86772,1,1,16.430071171576085,14.17015253180896,11.371039267962953,2.799113263846008,1,1
IT,2023,8,1427864.84975,84347,1,1,16.928460404637985,14.17169077437052,11.342694521247969,2.828996253122551,1,1
IT,2023,9,1350935.61955,79772,1,1,16.934959880033094,14.116307961883832,11.286927844673112,2.8293801172107194,1,1
IT,2023,10,1297352.1605,75982,1,1,17.07446711721197,14.075835945719144,11.238251749111685,2.8375841966074598,1,1
IT,2023,11,984339.0353,57024,1,1,17.26183774024972,13.799725664760441,10.951227510830481,2.8484981539299596,1,1
IT,2023,12,1038260.2022,58902,1,1,17.626909140606433,13.853056987787125,10.983630324920576,2.8694266628665486,1,1
IT,2024,1,985180.15846,55830,1,1,17.64607126025434,13.800579805419543,10.930066638304407,2.8705131671151376,1,1
IT,2024,2,919990.03408,52863,1,1,17.403288388475872,13.732118116444811,10.87545894023684,2.8566591762079714,1,1
IT,2024,3,1088560.7586,61392,1,1,17.731312851837373,13.900366976748455,11.025034812486734,2.8753321642617204,1,1
IT,2024,4,1304783.61458,74096,1,1,17.60936642436839,14.081547772408129,11.213116828720533,2.868430943687596,1,1
IT,2024,5,1441733.33922,81393,1,1,17.713235035199588,14.181356655468457,11.307044553206847,2.8743121022616105,1,1
IT,2024,6,1528332.65272,85781,1,1,17.81668029890069,14.239687929674067,11.359552815731995,2.880135113942073,1,1
IT,2024,7,1632746.68854,92755,1,1,17.60278894442348,14.305774239614019,11.437716887372474,2.8680573522415447,1,1
IT,2024,8,1623103.3371,90398,1,1,17.955080168809044,14.299850514894992,11.411977422241726,2.887873092653266,1,1
IT,2024,9,1530471.39274,85093,1,1,17.985867142303128,14.241086345745677,11.351500055009028,2.889586290736649,1,1
IT,2024,10,1441332.96266,79396,1,1,18.153722639175776,14.18107891189918,11.282203268132468,2.898875643766712,1,1
IT,2024,11,1073800.82976,59806,1,1,17.954734136374277,13.88671508970266,10.99886126935372,2.8878538203489406,1,1
IT,2024,12,1125718.54978,62135,1,1,18.11730183922105,13.933932100647208,11.037064716240096,2.896867384407114,1,1
IT,2025,1,1042222.68198,57685,1,1,18.067481702002254,13.856866184778287,10.96275245336139,2.8941137314168968,1,1
IT,2025,2,974328.66038,55829,1,1,17.452017058876212,13.78950395936177,10.930048726626888,2.8594552327348834,1,1
IT,2025,3,1179393.59448,65269,1,1,18.069735930993275,13.9805109613654,11.086272470537482,2.8942384908279193,1,1
IT,2025,4,1402141.47452,77063,1,1,18.19474293136784,14.153511250558447,11.252378548125716,2.901132702432731,1,1
IT,2025,5,1523421.93476,84731,1,1,17.97951086095998,14.236469635373028,11.347236811318073,2.8892328240549556,1,1
IT,2025,6,1612169.35328,88778,1,1,18.159559274595058,14.293091254396524,11.393894150537971,2.899197103858554,1,1
IT,2025,7,1709568.38504,94744,1,1,18.044080733766783,14.351751490209628,11.45893379640133,2.892817693808296,1,1
IT,2025,8,1709588.5685,92584,1,1,18.465270116866847,14.351763296312871,11.435871619527914,2.915891676784957,1,1
IT,2025,9,1600253.15888,87397,1,1,18.310161205533372,14.285672398993865,11.37821623611172,2.9074561628821445,1,1
IT,2025,10,1517213.52548,81842,1,1,18.53832415483493,14.232386003521183,11.31254583825457,2.919840165266613,1,1
IT,2025,11,1142107.73392,62036,1,1,18.41040257141015,13.948386002682,11.035470140679344,2.9129158620026563,1,1
IT,2025,12,1187271.82518,64446,1,1,18.422738807373612,13.98716864921145,11.073582942826102,2.9135857063853474,1,1
IT,2026,1,1083415.27052,58295,1,1,18.585046239300112,13.895628897103833,10.973271605367392,2.922357291736441,1,1
IT,2026,2,1030719.12954,58152,1,1,17.724568880520017,13.84576730060816,10.97081555116447,2.8749517494436887,1,1
IT,2026,3,1210976.74308,68976,1,1,17.556494187543493,14.006937817627447,11.141513896986917,2.865423920640531,1,1
IT,2026,4,1436518.0305,78538,1,1,18.290738629707914,14.17773270901084,11.271337863076422,2.9063948459344187,1,1
IT,2026,5,1616130.99824,88025,1,1,18.359909096733883,14.295545578045056,11.385376144023253,2.9101694340218023,1,1
IT,2026,6,1692126.8716,93639,1,1,18.07074906395839,14.341496799552335,11.4472022423509,2.894294557201435,1,1
IT,2026,7,1797575.18866,100442,1,1,17.896648699348876,14.401949197276915,11.517335725458777,2.884613471818139,1,1
LI,2010,1,0.347,1,1,1,0.347,-1.058430499035278,0.0,-1.058430499035278,0,0
LI,2010,3,0.347,1,1,1,0.347,-1.058430499035278,0.0,-1.058430499035278,0,0
LI,2010,4,0.347,1,1,1,0.347,-1.058430499035278,0.0,-1.058430499035278,0,0
LI,2010,6,0.347,1,1,1,0.347,-1.058430499035278,0.0,-1.058430499035278,0,0
LI,2010,7,0.347,1,1,1,0.347,-1.058430499035278,0.0,-1.058430499035278,0,0
LI,2012,1,0.63,1,1,1,0.63,-0.4620354595965587,0.0,-0.4620354595965587,1,1
LI,2012,4,0.592,1,1,1,0.592,-0.5242486440981314,0.0,-0.5242486440981314,1,1
LI,2013,1,0.69,1,1,1,0.69,-0.37106368139083207,0.0,-0.37106368139083207,1,1
LI,2015,4,0.542,1,1,1,0.542,-0.6124892775424908,0.0,-0.6124892775424908,1,1
LI,2015,7,0.627,1,1,1,0.627,-0.4668087383492164,0.0,-0.4668087383492164,1,1
LI,2016,11,0.74,1,1,1,0.74,-0.3011050927839216,0.0,-0.3011050927839216,1,1
LI,2018,3,0.532,1,1,1,0.532,-0.6311117896404926,0.0,-0.6311117896404926,1,1
LI,2018,12,0.51,1,1,1,0.51,-0.6733445532637656,0.0,-0.6733445532637656,1,1
LI,2019,4,0.583,1,1,1,0.583,-0.5395680926316447,0.0,-0.5395680926316447,1,1
LI,2019,9,0.671,1,1,1,0.671,-0.3989861420104552,0.0,-0.3989861420104552,1,1
LI,2019,12,0.513,1,1,1,0.513,-0.6674794338113675,0.0,-0.6674794338113675,1,1
LI,2020,9,0.463,1,1,1,0.463,-0.770028224895903,0.0,-0.770028224895903,1,1
LI,2022,6,0.5733,1,1,1,0.5733,-0.5563461390678,0.0,-0.5563461390678,1,1
LI,2023,7,0.4914,1,1,1,0.4914,-0.7104968188950583,0.0,-0.7104968188950583,1,1
LI,2024,6,0.99856,2,1,1,0.49928,-0.001441037796404191,0.6931471805599453,-0.6945882183563495,1,1
LI,2024,7,0.45188,1,1,1,0.45188,-0.794338621123409,0.0,-0.794338621123409,1,1
LI,2024,8,0.45188,1,1,1,0.45188,-0.794338621123409,0.0,-0.794338621123409,1,1
LI,2024,10,0.73944,1,1,1,0.73944,-0.3018621360256149,0.0,-0.3018621360256149,1,1
LI,2024,11,0.474,1,1,1,0.474,-0.7465479572870606,0.0,-0.7465479572870606,1,1
LI,2025,1,1.08072,2,1,1,0.54036,0.07762748567928876,0.6931471805599453,-0.6155196948806566,1,1
LI,2025,3,0.50244,1,1,1,0.50244,-0.6882790491630848,0.0,-0.6882790491630848,1,1
LI,2025,5,1.52628,3,1,1,0.50876,0.4228334022692564,1.0986122886681098,-0.6757788863988533,1,1
LI,2025,8,0.50876,1,1,1,0.50876,-0.6757788863988533,0.0,-0.6757788863988533,1,1
LI,2025,10,0.4582,1,1,1,0.4582,-0.7804495089627419,0.0,-0.7804495089627419,1,1
LI,2025,11,0.50876,1,1,1,0.50876,-0.6757788863988533,0.0,-0.6757788863988533,1,1
LT,2010,1,12874.972,1414,1,1,9.105355021216408,9.463040550772291,7.254177846456518,2.2088627043157727,0,0
LT,2010,2,12228.327,1389,1,1,8.803691144708424,9.411510424556994,7.236339342754344,2.17517108180265,0,0
LT,2010,3,16018.592,1684,1,1,9.512228028503563,9.681505326622457,7.428927194802272,2.252578131820185,0,0
LT,2010,4,14250.387,1498,1,1,9.512941922563419,9.564539343222764,7.311886164077165,2.2526531791455997,0,0
LT,2010,5,18205.288,1882,1,1,9.673373007438895,9.80946738031412,7.540090320145325,2.269377060168794,0,0
LT,2010,6,18406.66,1827,1,1,10.07480021893815,9.820467834628356,7.510430556378006,2.31003727825035,0,0
LT,2010,7,19118.648,1777,1,1,10.75894653911086,9.85841947280816,7.482681828154651,2.3757376446535083,0,0
LT,2010,8,18316.748,1733,1,1,10.5693871898442,9.815571111554164,7.457609289715606,2.357961821838557,0,0
LT,2010,9,16178.13,1675,1,1,9.658585074626865,9.69141560914952,7.423568444259167,2.267847164890352,0,0
LT,2010,10,15295.729,1623,1,1,9.424355514479359,9.635328918084024,7.392031567514591,2.243297350569433,0,0
LT,2010,11,13406.022,1496,1,1,8.961244652406418,9.5034592879728,7.310550158534422,2.1929091294383776,0,0
LT,2010,12,12395.091,1426,1,1,8.692209677419354,9.425055786112368,7.262628600974241,2.162427185138128,0,0
LT,2011,1,12467.911,1469,1,1,8.487345813478557,9.430913502587769,7.292337176173877,2.1385763264138915,0,0
LT,2011,2,11262.551,1345,1,1,8.373643866171003,9.329238430208227,7.20414929203594,2.125089138172288,0,0
LT,2011,3,13551.751,1584,1,1,8.555398358585858,9.514271043051254,7.367708572374371,2.1465624706768835,0,0
LT,2011,4,14842.011,1568,1,1,9.46556823979592,9.605217019669812,7.357556200910353,2.247660818759459,0,0
LT,2011,5,18932.212,1831,1,1,10.339820862916438,9.84862008893513,7.5126175446745105,2.336002544260619,0,0
LT,2011,6,18705.538,1866,1,1,10.024404072883172,9.836574908731622,7.531552381407289,2.305022527324333,0,0
LT,2011,7,18742.019,1885,1,1,9.942715649867374,9.838523287449128,7.541683099882111,2.2968401875670175,0,0
LT,2011,8,18920.389,1917,1,1,9.869790818988001,9.847995402648209,7.558516743045645,2.2894786596025654,0,0
LT,2011,9,18718.218,1864,1,1,10.041962446351931,9.837252553192815,7.530479995245536,2.306772557947279,0,0
LT,2011,10,18286.144,1777,1,1,10.290458075407992,9.81389889357032,7.482681828154651,2.331217065415669,0,0
LT,2011,11,16582.118,1648,1,1,10.061964805825243,9.716080164800886,7.4073177104694174,2.3087624543314695,0,0
LT,2011,12,17296.315,1675,1,1,10.326158208955222,9.75824875201657,7.423568444259167,2.334680307757403,0,0
LT,2012,1,16132.832,1619,1,1,9.9646893143916,9.68861172917363,7.389563953677635,2.2990477754959944,1,1
LT,2012,2,14662.365,1538,1,1,9.533397269180755,9.59303928575822,7.338238150065589,2.25480113569263,1,1
LT,2012,3,16573.782,1714,1,1,9.669651108518085,9.715577328191074,7.446585099157725,2.2689922290333486,1,1
LT,2012,4,17362.982,1820,1,1,9.5401,9.762095747656392,7.506591780070841,2.2555039675855513,1,1
LT,2012,5,20277.946,1960,1,1,10.34589081632653,9.917289170524464,7.580699752224563,2.3365894182999014,1,1
LT,2012,6,21299.348,1961,1,1,10.861472718001021,9.966431740900372,7.581209826196346,2.3852219147040263,1,1
LT,2012,7,21539.411,1948,1,1,11.05719250513347,9.977639605861118,7.5745584842024805,2.4030811216586376,1,1
LT,2012,8,21455.139,1979,1,1,10.841404244567963,9.973719476080937,7.590346945602565,2.383372530478372,1,1
LT,2012,9,20153.613,1915,1,1,10.524079895561359,9.911138856512489,7.557472901614746,2.353665954897743,1,1
LT,2012,10,19976.398,1995,1,1,10.013232080200503,9.902306755669821,7.598399329323964,2.3039074263458574,1,1
LT,2012,11,15877.924,1549,1,1,10.250435119431891,9.672684995776564,7.3453648404168685,2.3273201553596947,1,1
LT,2012,12,15069.917,1503,1,1,10.026558216899534,9.620455783974318,7.315218389752975,2.3052373942213444,1,1
LT,2013,1,15368.034,1548,1,1,9.927670542635658,9.640044916835325,7.344719054149673,2.295325862685653,1,1
LT,2013,2,13574.042,1400,1,1,9.695744285714285,9.515914571409498,7.24422751560335,2.2716870558061486,1,1
LT,2013,3,15777.22,1534,1,1,10.285019556714472,9.666322406509602,7.335633981927201,2.3306884245824,1,1
LT,2013,4,18379.1,1756,1,1,10.46645785876993,9.81896942844311,7.470793774195062,2.3481756542480468,1,1
LT,2013,5,20806.812,1953,1,1,10.653769585253457,9.94303571207299,7.577121930876679,2.3659137811963116,1,1
LT,2013,6,21842.634,2007,1,1,10.883225710014948,9.99161902698232,7.604396348796338,2.387222678185982,1,1
LT,2013,7,23449.621,2174,1,1,10.786394204231831,10.06260961169691,7.684324067681155,2.378285544015755,1,1
LT,2013,8,23334.301,2139,1,1,10.908976624590931,10.057679702932042,7.668093709082406,2.389585993849636,1,1
LT,2013,9,24321.462,2133,1,1,11.402466947960619,10.09911444940484,7.665284718471351,2.4338297309334895,1,1
LT,2013,10,24324.484,2191,1,1,11.102000912825194,10.099238694085122,7.692113339595466,2.4071253544896556,1,1
LT,2013,11,18899.901,1864,1,1,10.13943186695279,9.846911962938776,7.530479995245536,2.3164319676932403,1,1
LT,2013,12,17743.826,1671,1,1,10.618687013764214,9.783792903410419,7.421177528595393,2.3626153748150243,1,1
LT,2014,1,17014.021,1703,1,1,9.990617146212566,9.741793047812722,7.440146680662688,2.3016463671500333,1,1
LT,2014,2,15021.177,1553,1,1,9.672361236316807,9.617216284431725,7.347943823148687,2.269272461283038,1,1
LT,2014,3,18211.507,1844,1,1,9.876088394793927,9.809808926024578,7.519692404116539,2.2901165219080384,1,1
LT,2014,4,22893.942,2200,1,1,10.406337272727272,10.038627613060344,7.696212639346407,2.342414973713937,1,1
LT,2014,5,25960.571,2329,1,1,11.146659939888364,10.164334165953635,7.753194269884341,2.4111398960692942,1,1
LT,2014,6,25306.499,2263,1,1,11.182721608484313,10.138816519198599,7.724446645633537,2.4143698735650614,1,1
LT,2014,7,25376.437,2343,1,1,10.830745625266752,10.141576345282513,7.759187438507795,2.3823889067747164,1,1
LT,2014,8,25328.804,2314,1,1,10.94589628349179,10.139697525141932,7.746732907753622,2.392964617388309,1,1
LT,2014,9,25532.819,2333,1,1,10.944200171453064,10.147719923254554,7.75491027202143,2.3928096512331245,1,1
LT,2014,10,25767.33,2333,1,1,11.044719245606515,10.156862689431147,7.75491027202143,2.401952417409716,1,1
LT,2014,11,20330.957,1903,1,1,10.68363478717814,9.919899978805184,7.551186867296149,2.3687131115090336,1,1
LT,2014,12,19242.929,1846,1,1,10.424121885157096,9.864898947560372,7.520776415062797,2.344122532497574,1,1
LT,2015,1,19863.311,1861,1,1,10.673461042450297,9.89662964072256,7.528869256642251,2.367760384080309,1,1
LT,2015,2,17036.771,1818,1,1,9.371161166116613,9.743129287121638,7.505492274737424,2.2376370123842144,1,1
LT,2015,3,20237.06,2149,1,1,9.41696603071196,9.915270855933597,7.67275789664251,2.2425129592910875,1,1
LT,2015,4,23739.889,2278,1,1,10.421373573309921,10.074911992499821,7.731053144007127,2.3438588484926943,1,1
LT,2015,5,26563.671,2434,1,1,10.913587099424815,10.187299809400953,7.797291273547472,2.3900085358534806,1,1
LT,2015,6,26317.391,2280,1,1,11.542715350877193,10.177985254386115,7.731930721948486,2.446054532437629,1,1
LT,2015,7,25658.455,2401,1,1,10.686570179092046,10.152628425912635,7.783640596221253,2.3689878296913816,1,1
LT,2015,8,26843.985,2394,1,1,11.213026315789474,10.197797052493888,7.780720886117918,2.4170761663759697,1,1
LT,2015,9,26750.185,2414,1,1,11.081269676884839,10.19429666818809,7.789040401657477,2.4052562665306114,1,1
LT,2015,10,27088.26,2396,1,1,11.305617696160267,10.206855702672984,7.78155595923534,2.4252997434376438,1,1
LT,2015,11,21506.639,2004,1,1,10.731855788423154,9.976116957147394,7.602900462204755,2.373216494942638,1,1
LT,2015,12,20410.168,1927,1,1,10.59168033212247,9.923788487029201,7.563719668414366,2.360068818614834,1,1
LT,2016,1,20656.002,1882,1,1,10.975558979808714,9.935761209910586,7.540090320145325,2.3956708897652614,1,1
LT,2016,2,18918.594,1773,1,1,10.670385786802031,9.847900526948123,7.480428306074208,2.3674722208739154,1,1
LT,2016,3,21498.402,2022,1,1,10.632246290801186,9.975733885772076,7.611842399580417,2.363891486191659,1,1
LT,2016,4,25816.584,2283,1,1,11.308183968462549,10.15877235510593,7.733245646529795,2.425526708576134,1,1
LT,2016,5,28248.343,2478,1,1,11.399654156577885,10.248790079987067,7.815207062189088,2.4335830177979787,1,1
LT,2016,6,28393.44,2460,1,1,11.542048780487804,10.25391341155245,7.807916628926408,2.4459967826260405,1,1
LT,2016,7,27477.536,2478,1,1,11.088594027441484,10.221124077105058,7.815207062189088,2.40591701491597,1,1
LT,2016,8,27615.097,2468,1,1,11.189261345218801,10.226117894912859,7.811163385025279,2.4149545098875813,1,1
LT,2016,9,29157.75,2549,1,1,11.438897606904668,10.280476022651744,7.8434564043761155,2.437019618275628,1,1
LT,2016,10,28187.176,2504,1,1,11.256859424920128,10.24662240172221,7.825644732219989,2.4209776695022205,1,1
LT,2016,11,22627.099,2185,1,1,10.355651716247138,10.026903537745596,7.68937110752969,2.337532430215906,1,1
LT,2016,12,23084.377,2126,1,1,10.858126528692381,10.046911347355788,7.661997558901893,2.384913788453895,1,1
LT,2017,1,22688.969,2106,1,1,10.773489553656221,10.029634138222356,7.652545692693921,2.3770884455284342,1,1
LT,2017,2,20043.05,1906,1,1,10.515766002098635,9.905637739227007,7.552762084214147,2.3528756550128596,1,1
LT,2017,3,23857.038,2279,1,1,10.468204475647214,10.079834547124339,7.731492029245684,2.348342517878655,1,1
LT,2017,4,28854.646,2464,1,1,11.710489448051948,10.270026298832072,7.80954132465341,2.4604849741786605,1,1
LT,2017,5,31967.91,2671,1,1,11.968517409210033,10.372487866129001,7.890208213109961,2.4822796530190407,1,1
LT,2017,6,33085.522,2699,1,1,12.258437198962577,10.406851063864389,7.900636613018005,2.506214450846384,1,1
LT,2017,7,23863.542,2225,1,1,10.725187415730337,10.080107133921912,7.707512194600341,2.372594939321572,1,1
LT,2017,8,24472.357,2301,1,1,10.635531073446328,10.10529947382502,7.741099090035366,2.3642003837896546,1,1
LT,2017,9,32264.992,2734,1,1,11.801386978785661,10.381738082423217,7.913521017283895,2.468217065139323,1,1
LT,2017,10,33424.399,2740,1,1,12.198685766423356,10.417041421255014,7.9157131993821155,2.501328221872898,1,1
LT,2017,11,26967.168,2388,1,1,11.29278391959799,10.20237540505857,7.778211474512493,2.4241639305460776,1,1
LT,2017,12,27068.183,2227,1,1,12.154550067355187,10.206114258079964,7.708410667257367,2.4977035908225966,1,1
LT,2018,1,26721.868,2261,1,1,11.818605926581158,10.19323753538662,7.72356247227797,2.46967506310865,1,1
LT,2018,2,23650.898,2087,1,1,11.332485864877816,10.071156363600913,7.643482907077201,2.427673456523712,1,1
LT,2018,3,28674.763,2431,1,1,11.795459893048127,10.263772676924184,7.796057974316123,2.4677147026080597,1,1
LT,2018,4,33175.024,2640,1,1,12.56629696969697,10.409552582636469,7.878534196140362,2.531018386496107,1,1
LT,2018,5,37236.463,3057,1,1,12.180720641151456,10.525043748362535,8.025189321890835,2.499854426471701,1,1
LT,2018,6,38063.681,3003,1,1,12.675218448218446,10.547015851885511,8.00736706798333,2.5396487839021806,1,1
LT,2018,7,36160.756,2996,1,1,12.069678237650201,10.495729721367208,8.005033344637111,2.490696376730099,1,1
LT,2018,8,36080.492,2956,1,1,12.205849797023003,10.493507610447223,7.991592282068092,2.5019153283791296,1,1
LT,2018,9,35546.561,2814,1,1,12.632040156361052,10.478598693561908,7.942362237674335,2.5362364558875736,1,1
LT,2018,10,35750.276,2836,1,1,12.605880112834978,10.484313268372073,7.950149887652018,2.5341633807200545,1,1
LT,2018,11,28899.769,2420,1,1,11.942053305785125,10.271588880988993,7.791522819150732,2.480066061838262,1,1
LT,2018,12,28596.937,2310,1,1,12.379626406926407,10.261054893170456,7.745002803515839,2.5160520896546172,1,1
LT,2019,1,28709.419,2389,1,1,12.01733737965676,10.26498053605907,7.77863014732581,2.486350388733261,1,1
LT,2019,2,25707.144,2198,1,1,11.695697907188354,10.154524208908656,7.6953031349635665,2.4592210739450895,1,1
LT,2019,3,27950.63,2407,1,1,11.612226838388036,10.238195018579665,7.786136437783072,2.452058580796593,1,1
LT,2019,4,33634.537,2687,1,1,12.517505396352808,10.42330870494204,7.8961806086154915,2.527128096326548,1,1
LT,2019,5,37230.254,3070,1,1,12.127118566775245,10.5248769892985,8.029432840581244,2.4954441487172563,1,1
LT,2019,6,35000.423,2955,1,1,11.844474788494079,10.463115426112806,7.991253929840199,2.471861496272606,1,1
LT,2019,7,34438.231,3000,1,1,11.479410333333334,10.446922592530237,8.006367567650246,2.440555024879991,1,1
LT,2019,8,35114.954,3076,1,1,11.41578478543563,10.466382358610772,8.031385330625534,2.4349970279852386,1,1
LT,2019,9,36035.249,2949,1,1,12.219480840963039,10.49225287728333,7.989221408815276,2.503031468468053,1,1
LT,2019,10,38676.592,3055,1,1,12.66009558101473,10.562989838136412,8.024534871605695,2.5384549665307157,1,1
LT,2019,11,30830.834,2536,1,1,12.157268927444795,10.336270572087452,7.8383433155571165,2.4979272565303354,1,1
LT,2019,12,30252.23,2469,1,1,12.252827055488051,10.317325179750139,7.81156848934518,2.5057566904049597,1,1
LT,2020,1,29319.047,2466,1,1,11.889313463098134,10.285992652061699,7.81035268372429,2.4756399683374095,1,1
LT,2020,2,28202.808,2400,1,1,11.75117,10.247176826437082,7.783224016336037,2.463952810101045,1,1
LT,2020,3,19147.038,1654,1,1,11.576201934703748,9.85990330901635,7.4109518755836366,2.4489514334327134,1,1
LT,2020,4,7784.45,502,1,1,15.506872509960159,8.959883433088997,6.218600119691729,2.7412833133972683,1,1
LT,2020,5,6204.146,549,1,1,11.300812386156649,8.732973057223912,6.3080984415095305,2.4248746157143817,1,1
LT,2020,6,7842.931,908,1,1,8.637589207048459,8.967367895520008,6.811244378601294,2.1561235169187145,1,1
LT,2020,7,17297.043,1549,1,1,11.166586830213042,9.758290841021061,7.3453648404168685,2.412926000604193,1,1
LT,2020,8,20690.324,1795,1,1,11.526642896935934,9.93742143035598,7.492760300922379,2.4446611294336016,1,1
LT,2020,9,17205.774,1552,1,1,11.086194587628867,9.753000304142105,7.347299700743164,2.405700603398942,1,1
LT,2020,10,12676.209,1196,1,1,10.59883695652174,9.447482208525946,7.086737934510577,2.3607442740153686,1,1
LT,2020,11,8163.889,872,1,1,9.362258027522936,9.00747592756097,6.77078942390898,2.2366865036519905,1,1
LT,2020,12,8471.146,852,1,1,9.942659624413146,9.044421079556312,6.747586526829315,2.296834552726995,1,1
LT,2021,1,7663.2301,778,1,1,9.849910154241645,8.944188857924,6.656726524178391,2.28746233374561,1,1
LT,2021,2,6349.49475,726,1,1,8.745860537190083,8.756130521791988,6.587550014824796,2.1685805069671913,1,1
LT,2021,3,8351.91955,903,1,1,9.249080343300111,9.030246677652656,6.805722553416985,2.224524124235671,1,1
LT,2021,4,10196.2414,1021,1,1,9.986524387855045,9.22977444116709,6.928537818164665,2.3012366230024233,1,1
LT,2021,5,12264.14225,1148,1,1,10.68305074041812,9.414435019473293,7.045776576879511,2.368658442593781,1,1
LT,2021,6,19345.10715,1508,1,1,12.828320391246685,9.870194806018214,7.318539548567902,2.5516552574503124,1,1
LT,2021,7,26272.00965,1976,1,1,13.295551442307692,10.176259379563293,7.588829878307813,2.58742950125548,1,1
LT,2021,8,27472.9134,2011,1,1,13.661319443063153,10.220955830982911,7.606387389772652,2.6145684412102583,1,1
LT,2021,9,27033.73125,1960,1,1,13.792720025510205,10.204840670809185,7.580699752224563,2.624140918584622,1,1
LT,2021,10,29593.2896,2058,1,1,14.37963537414966,10.295302911908507,7.629489916393995,2.665812995514512,1,1
LT,2021,11,27160.3718,1941,1,1,13.992978773827923,10.209514270827832,7.57095858316901,2.6385556876588208,1,1
LT,2021,12,26567.5793,1972,1,1,13.472403296146044,10.187446928092307,7.586803535162581,2.6006433929297255,1,1
LT,2022,1,22201.1026,1690,1,1,13.136747100591714,10.00789723329369,7.432483807917119,2.57541342537657,1,1
LT,2022,2,20650.2405,1681,1,1,12.284497620464009,9.935482244810464,7.427144133408616,2.5083381114018475,1,1
LT,2022,3,26990.12975,2083,1,1,12.957335453672588,10.203226513336546,7.641564441260972,2.5616620720755736,1,1
LT,2022,4,32404.54655,2468,1,1,13.129881098055105,10.386054017552986,7.811163385025279,2.574890632527708,1,1
LT,2022,5,36559.8872,2728,1,1,13.40171818181818,10.506706940224158,7.911324018963353,2.5953829212608053,1,1
LT,2022,6,35762.5562,2687,1,1,13.309473836992929,10.484656708835635,7.8961806086154915,2.5884761002201437,1,1
LT,2022,7,34634.90135,2633,1,1,13.154159266995823,10.452617162177782,7.87587915949631,2.5767380026814735,1,1
LT,2022,8,34373.98285,2696,1,1,12.749993638724035,10.445055244712904,7.899524472032198,2.5455307726807055,1,1
LT,2022,9,34099.34135,2601,1,1,13.110088946559017,10.437033347835799,7.8636512654486515,2.573382082387148,1,1
LT,2022,10,35210.61785,2548,1,1,13.818923802982733,10.469102959566854,7.843064016692054,2.6260389428748,1,1
LT,2022,11,26280.88135,2017,1,1,13.029688324243926,10.176597008946395,7.6093665379542115,2.5672304709921834,1,1
LT,2022,12,25217.98965,1919,1,1,13.141213991662324,10.13531289381196,7.5595594960077,2.57575339780426,1,1
LT,2023,1,25930.5559,1952,1,1,13.284096260245901,10.163177316791147,7.5766097669730375,2.586567549818109,1,1
LT,2023,2,24028.99645,1860,1,1,12.918815295698924,10.087016565478084,7.528331766707247,2.558684798770837,1,1
LT,2023,3,27927.2051,2159,1,1,12.935250162112089,10.237356585904873,7.677400430514807,2.559956155390065,1,1
LT,2023,4,32464.96095,2363,1,1,13.73887471434617,10.387916662108042,7.767687277186908,2.620229384921135,1,1
LT,2023,5,36659.0871,2707,1,1,13.542329922423345,10.509416619283314,7.903596289614301,2.6058203296690126,1,1
LT,2023,6,35785.15825,2724,1,1,13.13698907856094,10.485288512406877,7.909856667269403,2.575431845137474,1,1
LT,2023,7,39143.29815,2725,1,1,14.364513082568807,10.574984502857266,7.9102237070973445,2.6647607957599213,1,1
LT,2023,8,37299.65635,2705,1,1,13.789152070240295,10.526739392452736,7.902857191280582,2.6238822011721545,1,1
LT,2023,9,37627.8154,2744,1,1,13.712760714285714,10.535498827158685,7.917171988845776,2.6183268383129095,1,1
LT,2023,10,38669.8191,2728,1,1,14.175153629032259,10.562814706545405,7.911324018963353,2.651490687582052,1,1
LT,2023,11,29463.50325,2173,1,1,13.558906235618961,10.29090759842535,7.6838639802564295,2.607043618168922,1,1
LT,2023,12,28218.8695,2175,1,1,12.974192873563219,10.247746164363408,7.684783943522785,2.5629622208406238,1,1
LT,2024,1,26801.49796,2089,1,1,12.829821905217807,10.196213058966785,7.644440761556566,2.5517722974102197,1,1
LT,2024,2,24452.9041,1919,1,1,12.74252428348098,10.104504264945692,7.5595594960077,2.544944768937992,1,1
LT,2024,3,29808.02238,2355,1,1,12.657334343949044,10.30253284364624,7.764296006450518,2.5382368371957225,1,1
LT,2024,4,35225.2704,2635,1,1,13.368224060721063,10.469519013103636,7.876638460975463,2.592880552128172,1,1
LT,2024,5,41841.75676,3156,1,1,13.25784434727503,10.641650085429053,8.057060681965766,2.584589403463288,1,1
LT,2024,6,39934.18222,2993,1,1,13.342526635482795,10.59498793336543,8.0040315078527,2.5909564255127315,1,1
LT,2024,7,38739.64938,2921,1,1,13.262461273536461,10.564618886326329,7.979681302387741,2.5849375839385873,1,1
LT,2024,8,37386.00982,2770,1,1,13.49675444765343,10.529051844437411,7.926602599181384,2.602449245256027,1,1
LT,2024,9,38701.78094,2822,1,1,13.71430933380581,10.563640897080473,7.945201132412759,2.6184397646677136,1,1
LT,2024,10,40566.61488,2912,1,1,13.930843021978022,10.610700713724937,7.976595409316577,2.634105304408359,1,1
LT,2024,11,31251.77016,2287,1,1,13.664962903366856,10.349831298680273,7.734996194022781,2.6148351046574922,1,1
LT,2024,12,30571.25348,2360,1,1,12.953920966101695,10.327815417642555,7.7664168980196555,2.561398519622899,1,1
LT,2025,1,30198.2376,2274,1,1,13.279787862796834,10.315538844044195,7.729295674310482,2.586243169733714,1,1
LT,2025,2,28648.6059,2144,1,1,13.362222901119402,10.2628600612731,7.670428522190693,2.592431539082408,1,1
LT,2025,3,33764.83624,2522,1,1,13.388119048374305,10.427175192004585,7.8328075165248645,2.5943676754797202,1,1
LT,2025,4,38541.44142,2774,1,1,13.89381449891853,10.559489341891702,7.928045600874777,2.6314437410169242,1,1
LT,2025,5,42031.03424,2979,1,1,14.109108506210138,10.646163534881754,7.999342952713282,2.646820582168472,1,1
LT,2025,6,38806.8325,2902,1,1,13.372444004135078,10.56635160546922,7.973155433444133,2.5931961720250882,1,1
LT,2025,7,38396.136,2856,1,1,13.444025210084034,10.555712108512783,7.957177323459475,2.598534785053308,1,1
LT,2025,8,39190.53488,3000,1,1,13.063511626666667,10.576190539480228,8.006367567650246,2.5698229718299808,1,1
LT,2025,9,42034.96716,3073,1,1,13.678804803123983,10.646257102315374,8.030409562130485,2.61584754018489,1,1
LT,2025,10,43577.8978,3116,1,1,13.985204685494223,10.682305369611408,8.044305406990638,2.637999962620769,1,1
LT,2025,11,34434.65762,2489,1,1,13.83473588589795,10.446818825138603,7.819636302367592,2.6271825227710117,1,1
LT,2025,12,33785.48584,2436,1,1,13.869247060755336,10.427786576229186,7.798112628829788,2.629673947399399,1,1
LT,2026,1,30502.9336,2260,1,1,13.496873274336282,10.325578141576713,7.723120092266331,2.6024580493103824,1,1
LT,2026,2,29611.21722,2186,1,1,13.545845022872827,10.29590852866003,7.689828668736484,2.606079859923547,1,1
LT,2026,3,34140.29554,2655,1,1,12.858868376647834,10.438233653018637,7.884199933676039,2.5540337193425975,1,1
LT,2026,4,38330.60168,2920,1,1,13.126918383561645,10.554003855616386,7.979338895262328,2.5746649603540592,1,1
LT,2026,5,43209.0756,3229,1,1,13.381565685970887,10.673805835501122,8.079927770758275,2.5938780647428463,1,1
LT,2026,6,42424.81274,3180,1,1,13.341136081761007,10.655488676185792,8.064636475774222,2.5908522004115686,1,1
LT,2026,7,41552.92624,3171,1,1,13.104044856512141,10.634723224759208,8.061802274538348,2.5729209502208605,1,1
LU,2010,1,89324.883,1916,1,1,46.62050260960334,11.400035373067075,7.557994958530806,3.842040414536269,0,0
LU,2010,2,89562.606,1914,1,1,46.79342006269592,11.402693168100882,7.5569505720129,3.845742596087981,0,0
LU,2010,3,100978.654,2279,1,1,44.3083168056165,11.522664426951916,7.731492029245684,3.791172397706233,0,0
LU,2010,4,91674.926,1963,1,1,46.70143963321447,11.426004185739856,7.5822291942764615,3.8437749914633943,0,0
LU,2010,5,112354.688,2381,1,1,47.18802519949601,11.629416003489712,7.7752758464868625,3.8541401570028495,0,0
LU,2010,6,99107.071,2467,1,1,40.17311349817592,11.50395606994216,7.810758116529357,3.6931979534128034,0,0
LU,2010,7,99177.882,2451,1,1,40.46425214198286,11.504670304703183,7.804251383528112,3.700418921175071,0,0
LU,2010,8,99675.313,2290,1,1,43.52633755458515,11.509673312450294,7.736307096548285,3.7733662159020085,0,0
LU,2010,9,97492.462,2388,1,1,40.8259891122278,11.487530341176635,7.778211474512493,3.709318866664143,0,0
LU,2010,10,106797.996,2472,1,1,43.20307281553398,11.57869444128724,7.812782818577581,3.7659116227096594,0,0
LU,2010,11,107098.296,2259,1,1,47.40960424966799,11.581502345945124,7.7226775164680035,3.85882482947712,0,0
LU,2010,12,100318.541,1953,1,1,51.36638044034818,11.516105812300065,7.577121930876679,3.9389838814233866,0,0
LU,2011,1,90166.767,2120,1,1,42.53149386792453,11.409416201354103,7.659171367666058,3.750244833688045,0,0
LU,2011,2,82140.551,1908,1,1,43.05060324947589,11.31618709554746,7.553810852008231,3.7623762435392294,0,0
LU,2011,3,100327.795,2311,1,1,43.41315231501515,11.516198054203816,7.745435610274381,3.770762443929435,0,0
LU,2011,4,94297.806,2319,1,1,40.66313324708926,11.454213202179096,7.7488913372555315,3.7053218649235635,0,0
LU,2011,5,96199.065,2533,1,1,37.97831227793131,11.474174917271846,7.837159650001675,3.6370152672701703,0,0
LU,2011,6,96735.183,2491,1,1,38.83387515054195,11.479732451876963,7.820439515262181,3.659292936614783,0,0
LU,2011,7,105189.777,2580,1,1,40.771231395348835,11.563521397757691,7.855544677915663,3.707976719842028,0,0
LU,2011,8,105578.719,2420,1,1,43.62756983471074,11.567212105324272,7.791522819150732,3.775689286173539,0,0
LU,2011,9,95222.306,2504,1,1,38.02807747603834,11.463969500056612,7.825644732219989,3.6383247678366235,0,0
LU,2011,10,99416.554,2487,1,1,39.974488942501004,11.507073918013958,7.818832443803404,3.688241474210554,0,0
LU,2011,11,99447.782,2113,1,1,47.06473355418836,11.507387981368755,7.655864017616056,3.851523963752698,0,0
LU,2011,12,100822.91,2054,1,1,49.08612950340799,11.521120890540853,7.627544390488503,3.8935765000523506,0,0
LU,2012,1,83884.387,2033,1,1,41.26138071815052,11.337194784554267,7.617267813628347,3.719926970925921,1,1
LU,2012,2,89450.936,2084,1,1,42.92271401151631,11.401445552828458,7.642044402873258,3.7594011499552,1,1
LU,2012,3,96447.209,2345,1,1,41.12887377398721,11.476751080641986,7.76004068088038,3.716710399761606,1,1
LU,2012,4,92026.095,2362,1,1,38.961090177815414,11.429827457116936,7.767263996757308,3.6625634603596278,1,1
LU,2012,5,91210.949,2488,1,1,36.66034927652733,11.42093022368098,7.81923445385907,3.60169576982191,1,1
LU,2012,6,93415.88,2566,1,1,36.405253312548716,11.444816631178208,7.850103545175582,3.594713086002626,1,1
LU,2012,7,94357.012,2626,1,1,35.93184006092917,11.454840867060081,7.873217054862741,3.58162381219734,1,1
LU,2012,8,90927.331,2329,1,1,39.04136152855303,11.41781590604019,7.753194269884341,3.6646216361558492,1,1
LU,2012,9,89196.217,2440,1,1,36.55582663934426,11.398593907354856,7.799753318287247,3.598840589067609,1,1
LU,2012,10,88197.166,2482,1,1,35.534716357775984,11.38733010995938,7.8168199657645525,3.5705101441948273,1,1
LU,2012,11,89889.71,2244,1,1,40.057803030303035,11.406338753396927,7.716015266642587,3.690323486754341,1,1
LU,2012,12,87201.546,2088,1,1,41.76319252873564,11.375977339097705,7.643961949002529,3.7320153900951767,1,1
LU,2013,1,77284.889,2003,1,1,38.584567648527205,11.255253730342908,7.602401335665818,3.65285239467709,1,1
LU,2013,2,73815.32,1989,1,1,37.11177476118653,11.209321577121022,7.5953872788539725,3.6139342982670493,1,1
LU,2013,3,90692.977,2337,1,1,38.807435601198115,11.415235202013776,7.756623334538858,3.6586118674749177,1,1
LU,2013,4,86151.552,2369,1,1,36.36621021528071,11.363863256883766,7.7702232041587855,3.5936400527249797,1,1
LU,2013,5,90412.047,2537,1,1,35.63738549467876,11.412132800775844,7.838737559599282,3.573395241176561,1,1
LU,2013,6,95667.51,2666,1,1,35.884287321830456,11.468634021365805,7.888334500738654,3.58029952062715,1,1
LU,2013,7,92506.297,2649,1,1,34.92121442053605,11.435031996859149,7.88193748927207,3.553094507587079,1,1
LU,2013,8,95233.134,2509,1,1,37.95660980470307,11.46408320644391,7.827639546366422,3.6364436600774868,1,1
LU,2013,9,88126.125,2572,1,1,34.2636566874028,11.386524305990532,7.85243908535751,3.5340852206330227,1,1
LU,2013,10,95013.361,2637,1,1,36.03085362153963,11.461772802798768,7.877397186353287,3.5843756164454805,1,1
LU,2013,11,96162.436,2295,1,1,41.90084357298475,11.473794082226867,7.738488122494646,3.7353059597322216,1,1
LU,2013,12,94197.857,2119,1,1,44.45392024539878,11.453152710836466,7.6586995582682995,3.7944531525681677,1,1
LU,2014,1,88276.988,2147,1,1,41.11643595714951,11.388234741075431,7.671826797878781,3.71640794319665,1,1
LU,2014,2,80881.843,2082,1,1,38.848147454370796,11.300744640279445,7.641084249174914,3.6596603911045307,1,1
LU,2014,3,96446.532,2387,1,1,40.40491495601173,11.476744061233305,7.77779262633883,3.6989514348944748,1,1
LU,2014,4,98151.772,2507,1,1,39.15108575987236,11.494270253540616,7.826842098158293,3.6674281553823236,1,1
LU,2014,5,95200.729,2687,1,1,35.43011871976182,11.463742878313163,7.8961806086154915,3.567562269697672,1,1
LU,2014,6,90645.452,2714,1,1,33.39920854826824,11.414711043937077,7.906178840394815,3.508532203542263,1,1
LU,2014,7,94643.846,2641,1,1,35.83636728511927,11.457876136034505,7.878912912297133,3.5789632237373725,1,1
LU,2014,8,101342.871,2464,1,1,41.12941193181818,11.526264809001605,7.80954132465341,3.716723484348195,1,1
LU,2014,9,97101.97,2654,1,1,36.5870271288621,11.483516942436124,7.8838232148921525,3.59969372754397,1,1
LU,2014,10,104174.145,2624,1,1,39.700512576219516,11.55381924891356,7.8724551500639794,3.6813640988495817,1,1
LU,2014,11,109574.848,2332,1,1,46.987499142367064,11.604363138108315,7.754481547470383,3.8498815906379327,1,1
LU,2014,12,99952.7,2214,1,1,45.14575429087624,11.512452353070442,7.7025561132685825,3.809896239801859,1,1
LU,2015,1,93069.319,2122,1,1,43.859245523091424,11.441099860079815,7.660114319173928,3.780985540905887,1,1
LU,2015,2,93412.797,2103,1,1,44.41882881597718,11.444783627679497,7.6511201757027,3.793663451976797,1,1
LU,2015,3,106429.48,2436,1,1,43.69026272577997,11.575237885182696,7.798112628829788,3.777125256352908,1,1
LU,2015,4,105897.42,2593,1,1,40.839730042421905,11.570226168686492,7.860570785538664,3.709655383147828,1,1
LU,2015,5,106749.837,2704,1,1,39.4784900147929,11.578243404157622,7.902487437162855,3.675755966994766,1,1
LU,2015,6,104768.816,2806,1,1,37.337425516749825,11.559511449338228,7.939515260662406,3.619996188675821,1,1
LU,2015,7,110347.379,2749,1,1,40.140916333212076,11.611388659703668,7.918992488165245,3.6923961715384217,1,1
LU,2015,8,110416.799,2554,1,1,43.23288919342208,11.612017566104306,7.845416036592485,3.7666015295118225,1,1
LU,2015,9,107243.471,2763,1,1,38.81414078899747,11.58285695848034,7.924072324923417,3.6587846335569236,1,1
LU,2015,10,115142.206,2737,1,1,42.068763609791745,11.653923217330613,7.914617709040679,3.7393055082899345,1,1
LU,2015,11,119704.107,2442,1,1,49.018880835380834,11.692778201734406,7.80057265467065,3.8922055470637558,1,1
LU,2015,12,107689.504,2342,1,1,45.98185482493595,11.587007402499339,7.758760544157663,3.8282468583416756,1,1
LU,2016,1,101645.842,2221,1,1,45.76580009004953,11.529249913153453,7.7057128238944275,3.823537089259026,1,1
LU,2016,2,93743.066,2249,1,1,41.682110271231664,11.448312978430618,7.718240951959316,3.7300720264713023,1,1
LU,2016,3,112780.081,2647,1,1,42.60675519455988,11.633195015573364,7.881182202227102,3.752012813346263,1,1
LU,2016,4,114701.198,2800,1,1,40.964713571428575,11.650085747701104,7.937374696163295,3.712711051537809,1,1
LU,2016,5,113876.49,2840,1,1,40.09735563380282,11.64286971899916,7.951559331155252,3.691310387843909,1,1
LU,2016,6,113776.281,2949,1,1,38.58130925737538,11.641989351885401,7.989221408815276,3.6527679430701254,1,1
LU,2016,7,122534.736,2915,1,1,42.03593001715266,11.716149827955284,7.977625098784593,3.7385247291706922,1,1
LU,2016,8,120083.823,2773,1,1,43.30466029570862,11.695945302909148,7.927685045615778,3.76826025729337,1,1
LU,2016,9,120028.864,2983,1,1,40.23763459604425,11.695487526174013,8.000684784514748,3.6948027416592635,1,1
LU,2016,10,131882.069,3007,1,1,43.85835350848021,11.789663385567305,8.008698182988528,3.780965202578776,1,1
LU,2016,11,137019.035,2712,1,1,50.52324299410029,11.82787513676461,7.905441649060286,3.9224334877043243,1,1
LU,2016,12,135272.118,2599,1,1,52.04775606002308,11.815043717534403,7.8628820346414905,3.9521616828929123,1,1
LU,2017,1,109732.316,2440,1,1,44.972260655737706,11.605799188114064,7.799753318287247,3.806045869826816,1,1
LU,2017,2,104569.68,2367,1,1,44.178149556400506,11.557608922436858,7.769378609513984,3.7882303129228734,1,1
LU,2017,3,129711.532,2807,1,1,46.21002208763805,11.773068279227887,7.939871576361883,3.8331967028660046,1,1
LU,2017,4,132297.462,2984,1,1,44.33561058981233,11.79280816624557,8.001019961323651,3.791788204921917,1,1
LU,2017,5,130378.57,3231,1,1,40.35238935314145,11.778197574478513,8.080546965824498,3.697650608654016,1,1
LU,2017,6,135456.514,3244,1,1,41.75601541307028,11.816405937903577,8.084562415235304,3.7318435226682722,1,1
LU,2017,7,147273.572,3182,1,1,46.28333500942803,11.900047170196215,8.065265208897733,3.8347819612984835,1,1
LU,2017,8,138328.966,2969,1,1,46.59109666554395,11.83738993896201,7.99598047476376,3.8414094641982515,1,1
LU,2017,9,138649.055,3158,1,1,43.90407061431286,11.839701235297653,8.057694194815587,3.782007040482066,1,1
LU,2017,10,142971.38,3211,1,1,44.52549984428527,11.87039974935125,8.074337694089515,3.796062055261736,1,1
LU,2017,11,152455.187,2902,1,1,52.53452343211578,11.93462597610784,7.973155433444133,3.961470542663708,1,1
LU,2017,12,146958.034,2738,1,1,53.67349671292915,11.89790234200965,7.914983005848394,3.982919336161255,1,1
LU,2018,1,141834.939,2774,1,1,51.1301149963951,11.862419259062436,7.928045600874777,3.9343736581876594,1,1
LU,2018,2,122279.872,2595,1,1,47.12133795761079,11.714067729226336,7.861341795599989,3.8527259336263473,1,1
LU,2018,3,148262.577,3022,1,1,49.06107776307081,11.906740149686524,8.013674142832684,3.893066006853839,1,1
LU,2018,4,142772.603,3231,1,1,44.18836366450016,11.869008454738657,8.080546965824498,3.788461488914159,1,1
LU,2018,5,144095.286,3378,1,1,42.656982238010656,11.878230068059041,8.125039097367745,3.7531909706912967,1,1
LU,2018,6,142145.08,3411,1,1,41.67255350337144,11.864603505154095,8.134760782418645,3.7298427227354503,1,1
LU,2018,7,143430.024,3287,1,1,43.6355412229997,11.873602557617255,8.097730573664219,3.775871983953036,1,1
LU,2018,8,143020.257,3134,1,1,45.635053286534784,11.870741556552248,8.050065422915965,3.820676133636282,1,1
LU,2018,9,146423.241,3333,1,1,43.93136543654366,11.8942566179099,8.11162807830774,3.7826285396021606,1,1
LU,2018,10,148561.064,3365,1,1,44.14890460624072,11.908751358090331,8.121183242078828,3.7875681160115033,1,1
LU,2018,11,162563.164,3027,1,1,53.70438189626693,11.998821906765517,8.01532730902172,3.9834945977437997,1,1
LU,2018,12,153451.78,2830,1,1,54.22324381625442,11.941141659850269,7.948031990637284,3.9931096692129855,1,1
LU,2019,1,136674.797,2729,1,1,50.08237339684866,11.825359638486809,7.911690520708339,3.91366911777847,1,1
LU,2019,2,125203.216,2621,1,1,47.76925448302175,11.737693424219191,7.8713112033234065,3.8663822208957845,1,1
LU,2019,3,151311.671,3001,1,1,50.42041686104632,11.927097034937608,8.006700845440367,3.9203961894972403,1,1
LU,2019,4,144072.429,3272,1,1,44.03191595354523,11.878071431273183,8.093156697722637,3.7849147335505453,1,1
LU,2019,5,150164.552,3463,1,1,43.362561940514006,11.9194869851323,8.149890544402423,3.7695964407298783,1,1
LU,2019,6,145924.305,3402,1,1,42.893681657848326,11.890843307340074,8.132118772955806,3.7587245343842675,1,1
LU,2019,7,147343.33,3402,1,1,43.31079659024103,11.900520720768705,8.132118772955806,3.7684019478128983,1,1
LU,2019,8,149755.014,3153,1,1,47.49603996194101,11.916755997887956,8.056109659545061,3.860646338342894,1,1
LU,2019,9,145660.029,3432,1,1,42.441733391608395,11.889030616865666,8.140898460607852,3.7481321562578134,1,1
LU,2019,10,152652.41,3456,1,1,44.17025752314815,11.935918785788154,8.147867129923947,3.788051655864207,1,1
LU,2019,11,170133.85,3154,1,1,53.942247939124925,12.044340759173853,8.056426767522984,3.9879139916508684,1,1
LU,2019,12,154063.674,2998,1,1,51.38881721147432,11.945121263474087,8.005700678662542,3.9394205848115447,1,1
LU,2020,1,127532.766,2875,1,1,44.35922295652174,11.756128598800093,7.963807953231451,3.792320645568641,1,1
LU,2020,2,122864.45,2746,1,1,44.74306263656227,11.71883699414989,7.917900586327916,3.8009364078219754,1,1
LU,2020,3,132038.637,1934,1,1,68.27230455015511,11.790849863284345,7.56734567601324,4.2235041872711045,1,1
LU,2020,4,104748.426,557,1,1,188.05821543985638,11.559316811418507,6.322565239927284,5.236751571491221,1,1
LU,2020,5,118697.697,693,1,1,171.28094805194806,11.684335178556129,6.541029999189903,5.143305179366226,1,1
LU,2020,6,111321.895,1087,1,1,102.41204691812328,11.620181238491703,6.99117688712121,4.629004351370495,1,1
LU,2020,7,123339.681,1861,1,1,66.27602418054809,11.722697462195455,7.528869256642251,4.193828205553205,1,1
LU,2020,8,126847.9,1867,1,1,67.94209962506694,11.750744009904189,7.532088143541722,4.218655866362465,1,1
LU,2020,9,131788.655,1812,1,1,72.73104580573951,11.788954819955688,7.502186486602924,4.2867683333527635,1,1
LU,2020,10,147863.08,1772,1,1,83.44417607223475,11.90404198940949,7.4798641311650265,4.424177858244465,1,1
LU,2020,11,148623.033,1442,1,1,103.06729056865464,11.909168399254536,7.273786317844895,4.6353820814096425,1,1
LU,2020,12,150866.035,1480,1,1,101.93651013513514,11.924147536584682,7.299797366758161,4.624350169826521,1,1
LU,2021,1,138462.12145,1307,1,1,105.93888404743689,11.838352075868215,7.175489713624222,4.662862362243993,1,1
LU,2021,2,129428.1268,1093,1,1,118.41548655077767,11.770881000643813,6.996681488176539,4.774199512467275,1,1
LU,2021,3,149338.5617,1266,1,1,117.96094921011058,11.913971233500057,7.143617602704121,4.7703536307959356,1,1
LU,2021,4,145353.39375,1447,1,1,100.4515506219765,11.886923254527652,7.277247726631484,4.609675527896168,1,1
LU,2021,5,152270.67575,1673,1,1,91.01654258816497,11.933414977665608,7.422373700986824,4.511041276678784,1,1
LU,2021,6,139513.55185,1952,1,1,71.47210648053279,11.845917021403338,7.5766097669730375,4.2693072544303,1,1
LU,2021,7,151010.94185,2369,1,1,63.744593436048966,11.925107575754557,7.7702232041587855,4.154884371595771,1,1
LU,2021,8,153574.9263,2435,1,1,63.06978492813141,11.941943846136196,7.79770203551669,4.144241810619507,1,1
LU,2021,9,155977.75385,2599,1,1,60.01452629857638,11.957468672537184,7.8628820346414905,4.094586637895693,1,1
LU,2021,10,168954.8487,2687,1,1,62.87861879419427,12.037386790754006,7.8961806086154915,4.141206182138515,1,1
LU,2021,11,163845.74755,2450,1,1,66.87581532653061,12.006680700479212,7.803843303538772,4.20283739694044,1,1
LU,2021,12,168814.58915,2530,1,1,66.7251340513834,12.036556286023,7.835974581721566,4.200581704301435,1,1
LU,2022,1,163220.8579,1960,1,1,83.27594790816326,12.002859519105487,7.580699752224563,4.422159766880925,1,1
LU,2022,2,136354.37625,2069,1,1,65.90351679555341,11.823012483468249,7.634820677745543,4.188191805722706,1,1
LU,2022,3,168238.3775,2599,1,1,64.73196517891496,12.03313716636907,7.8628820346414905,4.17025513172758,1,1
LU,2022,4,155406.37245,2974,1,1,52.25500082380632,11.953798722831687,7.9976631270201,3.9561355958115865,1,1
LU,2022,5,161966.70735,3368,1,1,48.089877479216156,11.995146082909224,8.122074375362217,3.873071707547007,1,1
LU,2022,6,159544.2095,3407,1,1,46.82835617845612,11.98007633834958,8.133587417660966,3.8464889206886133,1,1
LU,2022,7,167065.24715,3342,1,1,49.98960118192699,12.026139716591942,8.114324709155339,3.911815007436603,1,1
LU,2022,8,159185.23285,3168,1,1,50.24786390467172,11.977823789610186,8.060855752934316,3.9169680366758697,1,1
LU,2022,9,155076.43245,3298,1,1,47.02135610976349,11.951673386941973,8.101071503119543,3.8506018838224296,1,1
LU,2022,10,163210.36215,3201,1,1,50.98730463917526,12.002795213062688,8.071218539969863,3.931576673092826,1,1
LU,2022,11,157707.8871,2741,1,1,57.53662426121853,11.96849978501693,7.916078096302786,4.052421688714143,1,1
LU,2022,12,153342.9726,2725,1,1,56.27265049541285,11.940432342603868,7.9102237070973445,4.030208635506525,1,1
LU,2023,1,127278.8001,2421,1,1,52.572821189591075,11.754135235720216,7.791935956938058,3.9621992787821587,1,1
LU,2023,2,133687.5901,2437,1,1,54.85744361920394,11.803260939784328,7.798523053625206,4.0047378861591225,1,1
LU,2023,3,152097.47975,2874,1,1,52.92187882741823,11.932276908419112,7.96346006663897,3.9688168417801424,1,1
LU,2023,4,142349.8455,3024,1,1,47.07336160714286,11.86604300735259,8.014335737299424,3.851707270053168,1,1
LU,2023,5,144013.99355,3227,1,1,44.62782570498916,11.877665751267273,8.079308192051961,3.7983575592153107,1,1
LU,2023,6,142961.9394,3358,1,1,42.57353764145325,11.870333715773748,8.119100837637486,3.7512328781362623,1,1
LU,2023,7,148780.10385,3308,1,1,44.97584759673519,11.910224681755574,8.104099056143582,3.806125625611992,1,1
LU,2023,8,143924.1983,3144,1,1,45.77741676208651,11.877042039266207,8.053251153549096,3.8237908857171097,1,1
LU,2023,9,144486.9143,3310,1,1,43.65163574018127,11.88094422395645,8.104703468371108,3.77624075558534,1,1
LU,2023,10,159391.67875,3339,1,1,47.73635182689428,11.979119840399688,8.113426639943654,3.8656932004560334,1,1
LU,2023,11,172661.88135,2747,1,1,62.854707444484895,12.059090518000277,7.918264686095274,4.140825831905002,1,1
LU,2023,12,167603.3642,2707,1,1,61.91480022164758,12.029355539621026,7.903596289614301,4.125759250006726,1,1
LU,2024,1,140705.42338,2409,1,1,58.408228883354084,11.854423788059686,7.786967002614872,4.067456785444814,1,1
LU,2024,2,122167.90474,2349,1,1,52.00847370796083,11.71315164588679,7.761744984658913,3.951406661227877,1,1
LU,2024,3,158166.41022,2845,1,1,55.594520288224956,11.971402986992832,7.953318346560431,4.018084640432401,1,1
LU,2024,4,152605.02108,3111,1,1,49.05336582449373,11.935608300829847,8.042699496897637,3.8929088039322104,1,1
LU,2024,5,165446.05324,3424,1,1,48.31952489485982,12.016400458365926,8.138564737261632,3.877835721104293,1,1
LU,2024,6,161586.6933,3321,1,1,48.65603532068654,11.99279707823813,8.108021221376747,3.8847758568613844,1,1
LU,2024,7,161026.14192,3317,1,1,48.54571658727766,11.989322002959579,8.106816038947052,3.882505964012526,1,1
LU,2024,8,161946.6564,3214,1,1,50.38788313627878,11.995022278507989,8.075271546297458,3.919750732210531,1,1
LU,2024,9,154736.18396,3249,1,1,47.62578761465066,11.949476906819651,8.0861025356691,3.86337437115055,1,1
LU,2024,10,169887.8338,3260,1,1,52.11283245398773,12.042893697091339,8.089482474360754,3.953411222730586,1,1
LU,2024,11,168206.33648,2722,1,1,61.795127288758266,12.032946698106288,7.909122183211411,4.123824514894877,1,1
LU,2024,12,165071.783,2713,1,1,60.8447412458533,12.014135706761412,7.905810312658931,4.10832539410248,1,1
LU,2025,1,145211.1181,2368,1,1,61.322262711148646,11.885943949378067,7.769800996003896,4.116142953374171,1,1
LU,2025,2,127496.2527,2344,1,1,54.39259927474403,11.755842252560472,7.759614150696903,3.9962281018635677,1,1
LU,2025,3,158231.12948,2826,1,1,55.99119939136589,11.971812087904071,7.946617563244473,4.025194524659599,1,1
LU,2025,4,156561.57222,3094,1,1,50.601671693600515,11.961204644303642,8.037220031133012,3.9239846131706315,1,1
LU,2025,5,157378.86682,3237,1,1,48.61874168056843,11.966411341783473,8.082402253926244,3.8840090878572298,1,1
LU,2025,6,156957.78838,3230,1,1,48.59374253250775,11.963732184358433,8.080237416216702,3.88349476814173,1,1
LU,2025,7,165312.78758,3297,1,1,50.1403662663027,12.01559464064761,8.10076824307173,3.914826397575878,1,1
LU,2025,8,161971.96918,3212,1,1,50.42713859900373,11.99517856949006,8.074649075066652,3.9205294944234077,1,1
LU,2025,9,167859.25088,3289,1,1,51.03656153238067,12.03088111486027,8.098338846189057,3.932542268671212,1,1
LU,2025,10,172307.61868,3308,1,1,52.08815558645708,12.057036639066023,8.104099056143582,3.9529375829224414,1,1
LU,2025,11,174519.9795,2835,1,1,61.55907566137566,12.069794509772493,7.949797216161852,4.1199972936106395,1,1
LU,2025,12,167975.19988,2822,1,1,59.52345849751949,12.031571627726622,7.945201132412759,4.086370495313862,1,1
LU,2026,1,153075.79856,2359,1,1,64.89012232301823,11.938688493121704,7.765993079407675,4.172695413714028,1,1
LU,2026,2,128528.39582,2397,1,1,53.620523913224865,11.763905138049086,7.781973234434385,3.981931903614701,1,1
LU,2026,3,182248.9219,3073,1,1,59.30651542466644,12.113128734352722,8.030409562130485,4.082719172222237,1,1
LU,2026,4,177115.85378,3153,1,1,56.17375635267999,12.084559338567292,8.056109659545061,4.0284496790222315,1,1
LU,2026,5,180121.33258,3361,1,1,53.591589580481994,12.10138597267817,8.119993827725105,3.981392144953064,1,1
LU,2026,6,177410.93326,3474,1,1,51.06820185952792,12.086223977510956,8.153061946801051,3.933162030709905,1,1
LU,2026,7,178409.77526,3449,1,1,51.72797195129023,12.091838291685203,8.145839612936841,3.9459986787483614,1,1
LV,2011,1,25972.613,2600,1,1,9.989466538461539,10.16479791569083,7.8632667240095735,2.3015311916812555,0,0
LV,2011,2,22362.203,2337,1,1,9.568764655541292,10.015127446566119,7.756623334538858,2.2585041120272606,0,0
LV,2011,3,25920.884,2721,1,1,9.52623447262036,10.162804254822923,7.908754738783246,2.254049516039676,0,0
LV,2011,4,30333.247,3011,1,1,10.074143806044503,10.319999650672981,8.010027528481734,2.309972122191247,0,0
LV,2011,5,33279.459,3366,1,1,9.886945632798575,10.4126956387934,8.121480374750751,2.291215264042648,0,0
LV,2011,6,35610.155,3470,1,1,10.262292507204611,10.480386128972263,8.151909872940905,2.3284762560313585,0,0
LV,2011,7,38067.219,3686,1,1,10.32751465002713,10.547108797062897,8.212297138229768,2.334811658833129,0,0
LV,2011,8,37410.701,3625,1,1,10.320193379310345,10.529712065471898,8.195609567288775,2.334102498183123,0,0
LV,2011,9,33346.109,3309,1,1,10.077397703233604,10.414696372872934,8.104401307921613,2.3102950649513216,0,0
LV,2011,10,31200.998,3054,1,1,10.216436804191224,10.348205360465482,8.024207485778577,2.323997874686904,0,0
LV,2011,11,24295.931,2500,1,1,9.7183724,10.098064166747895,7.824046010856292,2.2740181558916017,0,0
LV,2011,12,24396.948,2528,1,1,9.650691455696203,10.102213321490678,7.8351837552667485,2.2670295662239304,0,0
LV,2012,1,23960.424,2530,1,1,9.470523320158103,10.084158748233078,7.835974581721566,2.2481841665115114,1,1
LV,2012,2,21274.873,2325,1,1,9.150483010752689,9.965281983976048,7.751475318021456,2.2138066659545923,1,1
LV,2012,3,24684.918,2625,1,1,9.403778285714287,10.113947728832068,7.872836175025724,2.241111553806344,1,1
LV,2012,4,42023.517,3014,1,1,13.942772727272727,10.645984669135423,8.01102337918644,2.6349612899489823,1,1
LV,2012,5,34922.32,3177,1,1,10.992231665092854,10.460881445318252,8.063692634269517,2.397188811048737,1,1
LV,2012,6,35297.22,3158,1,1,11.177080430652312,10.471559486279089,8.057694194815587,2.4138652914635013,1,1
LV,2012,7,35628.075,3291,1,1,10.825911577028258,10.480889229635432,8.098946748943339,2.381942480692092,1,1
LV,2012,8,34654.109,3219,1,1,10.76548897173035,10.453171583445888,8.076826031298808,2.3763455521470798,1,1
LV,2012,9,32060.894,3012,1,1,10.644387118193892,10.37539231098998,8.010359588919783,2.365032722070196,1,1
LV,2012,10,30083.268,2907,1,1,10.348561403508771,10.311724415779507,7.9748769005588755,2.336847515220631,1,1
LV,2012,11,25609.551,2447,1,1,10.46569309358398,10.150720646825901,7.802618063442671,2.348102583383229,1,1
LV,2012,12,26490.585,2411,1,1,10.98738490253007,10.184544665827481,7.787796878181171,2.3967477876463104,1,1
LV,2013,1,25894.394,2477,1,1,10.453933790876059,10.16178177638296,7.814803429489359,2.346978346893599,1,1
LV,2013,2,23653.003,2254,1,1,10.493790150842946,10.0712453626034,7.720461694599722,2.350783668003679,1,1
LV,2013,3,27877.418,2548,1,1,10.940901883830456,10.235572249394961,7.843064016692054,2.3925082327029075,1,1
LV,2013,4,30077.175,2821,1,1,10.661884083658277,10.311521857429968,7.944846711001996,2.366675146427971,1,1
LV,2013,5,33317.708,3028,1,1,11.003206076618229,10.413844306399803,8.01565761455734,2.3981866918424637,1,1
LV,2013,6,40630.191,3064,1,1,13.260506201044386,10.612266689930605,8.027476530860483,2.5847901590701228,1,1
LV,2013,7,42254.366,3284,1,1,12.866737515225335,10.651462964724498,8.096817470572319,2.554645494152179,1,1
LV,2013,8,36823.903,3179,1,1,11.583486316451713,10.513902451341968,8.064321960910803,2.449580490431165,1,1
LV,2013,9,36954.051,3022,1,1,12.228342488418265,10.517430555008318,8.013674142832684,2.503756412175632,1,1
LV,2013,10,39727.142,2938,1,1,13.52183185840708,10.589789910656094,7.9854843567338225,2.604305553922271,1,1
LV,2013,11,28207.121,2459,1,1,11.47097234648231,10.247329742779465,7.807510042216193,2.439819700563273,1,1
LV,2013,12,26268.811,2451,1,1,10.717589147286823,10.176137620901576,7.804251383528112,2.3718862373734626,1,1
LV,2014,1,25759.971,2490,1,1,10.345369879518072,10.156577054441259,7.820037989458753,2.3365390649825053,1,1
LV,2014,2,23253.599,2179,1,1,10.671683799908214,10.054215194734809,7.68662133494462,2.367593859790189,1,1
LV,2014,3,27485.204,2484,1,1,11.06489694041868,10.221403102497524,7.81762544305337,2.4037776594441542,1,1
LV,2014,4,29115.563,2803,1,1,10.38728612201213,10.279028121195715,7.938445551164788,2.3405825700309273,1,1
LV,2014,5,33884.154,2982,1,1,11.362895372233401,10.43070275045907,8.000349495324684,2.4303532551343854,1,1
LV,2014,6,36047.748,3047,1,1,11.830570397111913,10.492599671968497,8.021912778985708,2.470686892982787,1,1
LV,2014,7,36417.868,3259,1,1,11.174552930346733,10.502814812303969,8.089175678837561,2.413639133466407,1,1
LV,2014,8,36219.016,3172,1,1,11.418353089533419,10.497339563757489,8.06211758275474,2.43522198100275,1,1
LV,2014,9,34740.238,2981,1,1,11.653887286145588,10.45565389066397,8.000014093678072,2.4556397969859005,1,1
LV,2014,10,29155.78,2780,1,1,10.487690647482014,10.280408456856952,7.930206206684683,2.35020225017227,1,1
LV,2014,11,25010.785,2352,1,1,10.633837159863946,10.127062410824111,7.763021309018518,2.3640411018055936,1,1
LV,2014,12,24417.718,2326,1,1,10.497729148753224,10.103064295304712,7.75190533307861,2.351158962226102,1,1
LV,2015,1,24329.832,2408,1,1,10.103750830564783,10.099458530698241,7.786551806428712,2.3129067242695296,1,1
LV,2015,2,21792.003,2109,1,1,10.332860597439545,9.989298346614428,7.653969180478774,2.335329166135653,1,1
LV,2015,3,27257.141,2519,1,1,10.820619690353315,10.213070820806836,7.831617276352611,2.3814535444542253,1,1
LV,2015,4,29055.893,2830,1,1,10.2671,10.276976598850187,7.948031990637284,2.328944608212903,1,1
LV,2015,5,31682.187,3076,1,1,10.299800715214564,10.363509877636528,8.031385330625534,2.3321245470109933,1,1
LV,2015,6,35184.027,3180,1,1,11.064159433962265,10.468347480188518,8.064636475774222,2.4037110044142955,1,1
LV,2015,7,34688.803,3240,1,1,10.706420679012346,10.454172233747247,8.083328608786376,2.3708436249608713,1,1
LV,2015,8,34943.074,3246,1,1,10.76496426370918,10.461475559211333,8.085178748074537,2.376296811136797,1,1
LV,2015,9,33759.616,3171,1,1,10.646362661620941,10.427020574237622,8.061802274538348,2.3652182996992743,1,1
LV,2015,10,31056.561,3025,1,1,10.26663173553719,10.343565369387832,8.014666370464942,2.32889899892289,1,1
LV,2015,11,27429.886,2668,1,1,10.281066716641678,10.219388427889472,7.889084407035514,2.330304020853958,1,1
LV,2015,12,26414.17,2590,1,1,10.198521235521234,10.181655887563958,7.859413154693583,2.3222427328703743,1,1
LV,2016,1,26543.019,2549,1,1,10.413110631620244,10.18652205424276,7.8434564043761155,2.3430656498666442,1,1
LV,2016,2,23337.707,2323,1,1,10.046365475678002,10.057825657655311,7.750614732770409,2.3072109248849024,1,1
LV,2016,3,27374.321,2661,1,1,10.287230740323187,10.217360663158217,7.886457270977689,2.330903392180529,1,1
LV,2016,4,28787.07,2848,1,1,10.10781952247191,10.267681606978737,7.954372272531867,2.3133093344468705,1,1
LV,2016,5,32020.739,3039,1,1,10.536603817045082,10.374139065609803,8.019283792916793,2.354855272693011,1,1
LV,2016,6,35745.762,3151,1,1,11.344259600126945,10.48418699564054,8.055475141757274,2.428711853883266,1,1
LV,2016,7,33844.662,3061,1,1,11.056733747141456,10.429536570188748,8.026496938945412,2.4030396312433355,1,1
LV,2016,8,34886.298,3142,1,1,11.103213876511777,10.459849423650178,8.052614818815567,2.4072346048346125,1,1
LV,2016,9,32594.767,3058,1,1,10.658851209941139,10.391907032997455,8.025516386489008,2.3663906465084485,1,1
LV,2016,10,32349.006,3046,1,1,10.620159553512805,10.384338573027305,8.021584533455107,2.3627540395721978,1,1
LV,2016,11,25810.099,2611,1,1,9.885139410187668,10.158521128427891,7.8674885686991285,2.2910325597287624,1,1
LV,2016,12,26532.931,2636,1,1,10.065603566009106,10.186141919732817,7.877017895622398,2.3091240241104196,1,1
LV,2017,1,25581.374,2553,1,1,10.020122992557775,10.149619787529234,7.845024417241484,2.3045953702877497,1,1
LV,2017,2,23945.121,2367,1,1,10.116231939163498,10.083519866010967,7.769378609513984,2.3141412564969825,1,1
LV,2017,3,28646.562,2759,1,1,10.382951069227982,10.26278871494231,7.922623574217286,2.3401651407250235,1,1
LV,2017,4,30713.584,2965,1,1,10.358712984822933,10.332460311281872,7.994632311431825,2.337827999850047,1,1
LV,2017,5,35216.031,3253,1,1,10.825708884106978,10.469256684047545,8.087332926473351,2.381923757574194,1,1
LV,2017,6,39876.652,3478,1,1,11.465397354801611,10.593546268696054,8.154212694914229,2.4393335737818256,1,1
LV,2017,7,40016.746,3559,1,1,11.24381736442821,10.597053295486614,8.177234885510194,2.41981840997642,1,1
LV,2017,8,38866.026,3641,1,1,10.674547102444382,10.567875780389587,8.200013648175434,2.367862132214154,1,1
LV,2017,9,36852.004,3482,1,1,10.583573808156233,10.514665278771094,8.155362120328135,2.35930315844296,1,1
LV,2017,10,35724.247,3427,1,1,10.424349868689816,10.483584924899233,8.139440521874608,2.344144403024625,1,1
LV,2017,11,31810.715,3041,1,1,10.460609996711607,10.367558461699007,8.019941687677365,2.3476167740216414,1,1
LV,2017,12,32454.394,3047,1,1,10.651261568756153,10.38759112128585,8.021912778985708,2.365678342300141,1,1
LV,2018,1,31399.296,3033,1,1,10.352553907022749,10.354540751262839,8.017307507688582,2.3372332435742575,1,1
LV,2018,2,27955.386,2718,1,1,10.285278145695363,10.23836516127098,7.907651594711089,2.330713566559891,1,1
LV,2018,3,33422.961,3221,1,1,10.376579012728968,10.416998397865601,8.0774471493312,2.3395512485344034,1,1
LV,2018,4,36332.753,3468,1,1,10.476572376009226,10.500474899938546,8.151333337900432,2.349141562038113,1,1
LV,2018,5,41778.516,3835,1,1,10.894006779661018,10.640137515092462,8.251924713801357,2.3882128012911052,1,1
LV,2018,6,44757.564,3863,1,1,11.586219000776598,10.70901573735235,8.259199362666282,2.4498163746860695,1,1
LV,2018,7,44274.894,3899,1,1,11.355448576558091,10.698173068520557,8.268475388982598,2.4296976795379592,1,1
LV,2018,8,44742.646,3999,1,1,11.188458614653664,10.708682375002963,8.293799608846818,2.4148827661561447,1,1
LV,2018,9,42649.397,3807,1,1,11.202888626214866,10.660768414484592,8.244596756382498,2.416171658102093,1,1
LV,2018,10,42188.876,3768,1,1,11.19662314225053,10.649911863379282,8.234299635696253,2.4156122276830283,1,1
LV,2018,11,35032.58,3187,1,1,10.992337621587701,10.464033764635571,8.066835314417336,2.3971984502182346,1,1
LV,2018,12,35197.757,3182,1,1,11.06152011313639,10.468737637964972,8.065265208897733,2.4034724290672402,1,1
LV,2019,1,34493.75,3139,1,1,10.98877030901561,10.448533427187812,8.051659556841953,2.396873870345858,1,1
LV,2019,2,30301.811,2780,1,1,10.89993201438849,10.318962758688263,7.930206206684683,2.3887565520035814,1,1
LV,2019,3,35659.304,3191,1,1,11.174962080852396,10.481765373559806,8.068089626278244,2.413675747281562,1,1
LV,2019,4,41129.619,3722,1,1,11.050408113917248,10.624483797870113,8.222016437202196,2.4024673606679174,1,1
LV,2019,5,46377.084,4041,1,1,11.476635486265776,10.744560736905445,8.304247465078474,2.4403132718269713,1,1
LV,2019,6,47213.502,4060,1,1,11.628941379310344,10.762435189988514,8.308938252595778,2.4534969373927353,1,1
LV,2019,7,48568.859,4265,1,1,11.38777467760844,10.790737843196444,8.35819745992578,2.432540383270665,1,1
LV,2019,8,48471.068,4265,1,1,11.364845955451347,10.78872236284466,8.35819745992578,2.4305249029188802,1,1
LV,2019,9,45369.635,4015,1,1,11.300033623910338,10.722598327662016,8.297792626380861,2.4248057012811546,1,1
LV,2019,10,44444.554,3934,1,1,11.297548042704625,10.701997713750862,8.277411998949004,2.424585714801857,1,1
LV,2019,11,35285.72,3204,1,1,11.013021223470663,10.471233628498108,8.07215530818825,2.399078320309858,1,1
LV,2019,12,36942.647,3356,1,1,11.00794010727056,10.51712190792667,8.118505067587098,2.398616840339573,1,1
LV,2020,1,35963.402,3290,1,1,10.931125227963527,10.49025708922757,8.098642843759418,2.3916142454681535,1,1
LV,2020,2,31831.247,3025,1,1,10.522726280991735,10.368203696385905,8.014666370464942,2.353537325920963,1,1
LV,2020,3,20916.806,1900,1,1,11.008845263157895,9.948308229658316,7.549609165154532,2.398699064503784,1,1
LV,2020,4,2069.824,178,1,1,11.628224719101125,7.635218858490067,5.181783550292085,2.453435308197982,1,1
LV,2020,5,3136.297,331,1,1,9.47521752265861,8.050798083618561,5.802118375377063,2.2486797082414984,1,1
LV,2020,6,7637.095,759,1,1,10.062048748353096,8.940772574250586,6.63200177739563,2.3087707968549553,1,1
LV,2020,7,19210.564,1651,1,1,11.635714112658993,9.8632156150401,7.409136443920128,2.4540791711199716,1,1
LV,2020,8,18877.171,1826,1,1,10.337990690032857,9.845708587370497,7.509883061154913,2.3358255262155834,1,1
LV,2020,9,18650.333,1706,1,1,10.932199882766705,9.833619280140441,7.441906728051625,2.3917125520888165,1,1
LV,2020,10,14669.58,1324,1,1,11.079743202416918,9.593531240870334,7.188412736496954,2.4051185043733807,1,1
LV,2020,11,10057.071,995,1,1,10.10760904522613,9.216031248178933,6.902742737158593,2.3132885110203394,1,1
LV,2020,12,11638.822,1078,1,1,10.796680890538033,9.362101513414943,6.982862751468942,2.379238761946002,1,1
LV,2021,1,9488.6757,837,1,1,11.336530107526881,9.157854334974935,6.729824070489475,2.4280302644854603,1,1
LV,2021,2,4966.5401,560,1,1,8.868821607142857,8.510478719719261,6.327936783729195,2.1825419359900664,1,1
LV,2021,3,7229.34595,761,1,1,9.499797568988173,8.88590384771359,6.634633357861686,2.2512704898519047,1,1
LV,2021,4,9698.55355,902,1,1,10.752276662971175,9.179732034815496,6.804614520062624,2.3751175147528722,1,1
LV,2021,5,12629.75855,1158,1,1,10.906527245250432,9.443811097980486,7.05444965813294,2.3893614398475465,1,1
LV,2021,6,18712.55975,1536,1,1,12.182656087239584,9.836950221775558,7.336936913707618,2.500013308067941,1,1
LV,2021,7,26708.1239,2166,1,1,12.330620452446906,10.192723064026456,7.680637427560936,2.512085636465521,1,1
LV,2021,8,30224.8264,2424,1,1,12.468987788778879,10.316418931876756,7.793174347189205,2.5232445846875504,1,1
LV,2021,9,30422.8367,2360,1,1,12.8910325,10.322948812616225,7.7664168980196555,2.556531914596569,1,1
LV,2021,10,33374.0744,2429,1,1,13.739841251543844,10.41553466198464,7.795234929002173,2.6202997329824687,1,1
LV,2021,11,31831.5942,2241,1,1,14.204191967871486,10.368214603847571,7.714677473800927,2.6535371300466446,1,1
LV,2021,12,32191.27165,2332,1,1,13.80414736277873,10.379450628017075,7.754481547470383,2.624969080546693,1,1
LV,2022,1,25355.0745,1938,1,1,13.083113777089782,10.140734166501277,7.569411792450712,2.571322374050565,1,1
LV,2022,2,22282.48705,1679,1,1,13.271284723049433,10.011556314831136,7.425953657077541,2.5856026577535958,1,1
LV,2022,3,24732.89745,1982,1,1,12.478757542885974,10.115889517016706,7.591861714889934,2.5240278021267724,1,1
LV,2022,4,29205.1718,2351,1,1,12.422446533390048,10.282101089011464,7.762596048540069,2.5195050404713952,1,1
LV,2022,5,32550.5194,2649,1,1,12.287851793129484,10.390548604498651,7.88193748927207,2.5086111152265818,1,1
LV,2022,6,32593.804,2639,1,1,12.350816218264494,10.391877487941159,7.878155336503324,2.5137221514378347,1,1
LV,2022,7,32374.7976,2647,1,1,12.230750887797507,10.385135547244845,7.881182202227102,2.503953345017744,1,1
LV,2022,8,32490.91255,2632,1,1,12.344571637537994,10.388715715372435,7.875499292445208,2.513216422927227,1,1
LV,2022,9,32626.4449,2610,1,1,12.500553601532566,10.39287843176691,7.867105500316739,2.5257729314501707,1,1
LV,2022,10,33066.1722,2603,1,1,12.703101114099116,10.406266050864016,7.864419904994565,2.5418461458694503,1,1
LV,2022,11,27299.60585,2215,1,1,12.32487848758465,10.214627543339889,7.703007682479236,2.511619860860652,1,1
LV,2022,12,28764.84975,2306,1,1,12.473915763226367,10.266909425922028,7.743269700829004,2.5236397250930236,1,1
LV,2023,1,27629.46185,2176,1,1,12.697362982536765,10.226637940710049,7.685243607975833,2.5413943327342152,1,1
LV,2023,2,24252.1364,1911,1,1,12.69080920983778,10.096259991454215,7.555381944240273,2.5408780472139423,1,1
LV,2023,3,29304.1622,2321,1,1,12.625662300732442,10.285484839523868,7.749753406274437,2.53573143324943,1,1
LV,2023,4,32304.36545,2523,1,1,12.803949841458582,10.382957653329145,7.833203948641057,2.5497537046880865,1,1
LV,2023,5,37269.6441,2888,1,1,12.90500141966759,10.5259344431924,7.968319500012717,2.5576149431796833,1,1
LV,2023,6,38006.9535,2932,1,1,12.962808151432471,10.545524408810579,7.983440063006542,2.562084345804036,1,1
LV,2023,7,39255.6321,2965,1,1,13.239673558178753,10.57785020591005,7.994632311431825,2.5832178944782243,1,1
LV,2023,8,39115.3869,3015,1,1,12.973594328358208,10.574271195416292,8.011355109161286,2.562916086255007,1,1
LV,2023,9,36976.2872,2849,1,1,12.978689785889786,10.518032099684344,7.954723334497908,2.5633087651864352,1,1
LV,2023,10,38492.7012,2846,1,1,13.525193675333803,10.558223923082684,7.953669778649798,2.604554144432887,1,1
LV,2023,11,30277.12275,2342,1,1,12.927891865926558,10.318147681570245,7.758760544157663,2.5593871374125823,1,1
LV,2023,12,30472.18385,2388,1,1,12.760546000837522,10.324569541547957,7.778211474512493,2.546358067035465,1,1
LV,2024,1,26472.74796,2105,1,1,12.576127296912114,10.183871103962035,7.652070746116482,2.531800357845554,1,1
LV,2024,2,24318.17974,1936,1,1,12.561043254132231,10.09897948706188,7.568379267836522,2.530600219225358,1,1
LV,2024,3,32347.43988,2451,1,1,13.197649889840882,10.384290158621258,7.804251383528112,2.5800387750931457,1,1
LV,2024,4,33715.586,2695,1,1,12.510421521335807,10.425715502005326,7.899153483343097,2.526562018662228,1,1
LV,2024,5,38033.61802,3043,1,1,12.498724291817286,10.546225732342474,8.02059914989697,2.5256265824455038,1,1
LV,2024,6,39152.46976,3016,1,1,12.981588116710876,10.575218783975819,8.011686729127847,2.563532054847972,1,1
LV,2024,7,39226.15876,3219,1,1,12.185821298539919,10.577099118528821,8.076826031298808,2.500273087230014,1,1
LV,2024,8,38418.66346,3139,1,1,12.239140955718383,10.556298648106825,8.051659556841953,2.5046390912648717,1,1
LV,2024,9,38162.42322,2956,1,1,12.910156705006765,10.549606625118411,7.991592282068092,2.558014343050318,1,1
LV,2024,10,39405.64346,3026,1,1,13.022354084600131,10.58166432005425,8.014996894348302,2.5666674257059476,1,1
LV,2024,11,33558.80384,2567,1,1,13.07316082586677,10.42105451751447,7.8504931808711405,2.5705613366433293,1,1
LV,2024,12,34113.73828,2559,1,1,13.330886393122313,10.437455464247838,7.847371836159788,2.5900836280880495,1,1
LV,2025,1,28845.65308,2281,1,1,12.64605571240684,10.269714587446993,7.732369222284388,2.5373453651626052,1,1
LV,2025,2,26615.55576,2075,1,1,12.826773860240964,10.189251126846667,7.637716432664798,2.551534694181869,1,1
LV,2025,3,34883.25,2663,1,1,13.09923019151333,10.45976205028775,7.887208585813932,2.572553464473818,1,1
LV,2025,4,34391.34434,2659,1,1,12.933939202707785,10.445560193677109,7.88570539124302,2.559854802434088,1,1
LV,2025,5,38025.4095,2904,1,1,13.094149276859504,10.546009886300276,7.973844375944687,2.5721655103555885,1,1
LV,2025,6,38541.6796,2874,1,1,13.410466109951289,10.559495521714128,7.96346006663897,2.5960354550751576,1,1
LV,2025,7,38374.67958,3022,1,1,12.698437981469226,10.5551531351478,8.013674142832684,2.541478992315114,1,1
LV,2025,8,38024.75204,2977,1,1,12.772842472287538,10.545992596133187,7.998671361015776,2.5473212351174115,1,1
LV,2025,9,39076.63048,2909,1,1,13.43301150910966,10.573279881354514,7.975564658495202,2.597715222859312,1,1
LV,2025,10,39667.59706,2891,1,1,13.72106435835351,10.588289938444603,7.969357742016346,2.6189321964282573,1,1
LV,2025,11,33566.4951,2441,1,1,13.751124580090128,10.421283678804032,7.80016307039296,2.6211206084110716,1,1
LV,2025,12,34980.77746,2532,1,1,13.815472930489731,10.46255397416894,7.836764783264067,2.6257891909048747,1,1
LV,2026,1,29255.82682,2191,1,1,13.352727895937926,10.283834040342187,7.692113339595466,2.59172070074672,1,1
LV,2026,2,28255.53352,2078,1,1,13.597465601539943,10.249044594207389,7.639161171659173,2.609883422548215,1,1
LV,2026,3,34245.12414,2632,1,1,13.011065402735563,10.441299472680187,7.875499292445208,2.5658001802349797,1,1
LV,2026,4,36003.8508,2851,1,1,12.628499052963873,10.491381178384387,7.955425088912672,2.535956089471716,1,1
LV,2026,5,36947.37882,2947,1,1,12.53728497455039,10.517249985294459,7.988542982737695,2.528707002556765,1,1
LV,2026,6,39022.27208,2984,1,1,13.077168927613942,10.571887841082601,8.001019961323651,2.570867879758949,1,1
LV,2026,7,39377.66542,3174,1,1,12.406321808443604,10.580954067043201,8.062747901086354,2.518206165956847,1,1
MC,2010,1,6.215,14,1,0,0.4439285714285714,1.8269657249626745,2.6390573296152584,-0.8120916046525842,0,0
MC,2010,2,5.626,14,1,0,0.40185714285714286,1.727398710067665,2.6390573296152584,-0.9116586195475935,0,0
MC,2010,3,11.685,29,1,0,0.40293103448275863,2.4583059679908215,3.367295829986474,-0.9089898619956527,0,0
MC,2010,4,24.526,56,1,0,0.4379642857142857,3.199733779339834,4.02535169073515,-0.8256179113953149,0,0
MC,2010,5,26.426,73,1,0,0.362,3.274348373992025,4.290459441148391,-1.016111067156366,0,0
MC,2010,6,27.493,64,1,0,0.429578125,3.3139314268157873,4.1588830833596715,-0.8449516565438846,0,0
MC,2010,7,37.404,89,1,0,0.4202696629213484,3.6217776505732004,4.48863636973214,-0.8668587191589393,0,0
MC,2010,8,29.357,68,1,0,0.43172058823529413,3.3795310186890872,4.219507705176107,-0.8399766864870192,0,0
MC,2010,9,34.0,81,1,0,0.41975308641975306,3.5263605246161616,4.394449154672439,-0.8680886300562775,0,0
MC,2010,10,27.559,71,1,0,0.3881549295774648,3.3163291610169137,4.2626798770413155,-0.9463507160244017,0,0
MC,2010,11,6.053,15,1,0,0.40353333333333335,1.8005540169095502,2.70805020110221,-0.9074961841926599,0,0
MC,2010,12,8.121,20,1,0,0.40605,2.094453299300274,2.995732273553991,-0.9012789742537172,0,0
MC,2011,1,12.719,40,1,0,0.317975,2.5430969384693474,3.6888794541139363,-1.1457825156445889,0,0
MC,2011,2,9.724,29,1,0,0.3353103448275862,2.274597056453877,3.367295829986474,-1.092698773532597,0,0
MC,2011,3,10.026,27,1,0,0.37133333333333335,2.3051817188413115,3.295836866004329,-0.9906551471630174,0,0
MC,2011,4,19.165,75,1,0,0.25553333333333333,2.9530856988325183,4.31748811353631,-1.364402414703792,0,0
MC,2011,5,23.849,86,1,0,0.2773139534883721,3.171742287734143,4.454347296253507,-1.2826050085193648,0,0
MC,2011,6,22.104,71,1,0,0.3113239436619718,3.0957585876211153,4.2626798770413155,-1.1669212894202001,0,0
MC,2011,7,24.597,84,1,0,0.29282142857142857,3.2026244842821505,4.430816798843313,-1.2281923145611633,0,0
MC,2011,8,25.467,76,1,0,0.33509210526315786,3.2373834964239405,4.330733340286331,-1.0933498438623908,0,0
MC,2011,9,28.302,85,1,0,0.33296470588235294,3.3429324735301797,4.442651256490317,-1.099718782960137,0,0
MC,2011,10,20.639,72,1,0,0.28665277777777776,3.0271824898272386,4.276666119016055,-1.249483629188817,0,0
MC,2011,11,14.136,44,1,0,0.32127272727272727,2.648724735017395,3.784189633918261,-1.135464898900866,0,0
MC,2011,12,12.254,42,1,0,0.2917619047619048,2.5058524143034626,3.7376696182833684,-1.2318172039799054,0,0
MC,2012,1,20.645,29,1,0,0.7118965517241379,3.0274731593380535,3.367295829986474,-0.33982267064842053,1,0
MC,2012,2,25.128,35,1,0,0.7179428571428571,3.2239827622363455,3.5553480614894135,-0.3313652992530683,1,0
MC,2012,3,35.749,52,1,0,0.6874807692307693,3.57652229672082,3.9512437185814275,-0.37472142186060714,1,0
MC,2012,4,35.364,51,1,0,0.6934117647058823,3.5656943535435577,3.9318256327243257,-0.3661312791807679,1,0
MC,2012,5,57.076,84,1,0,0.6794761904761905,4.044383713068329,4.430816798843313,-0.38643308577498486,1,0
MC,2012,6,62.81,89,1,0,0.7057303370786517,4.140114296466289,4.48863636973214,-0.3485220732658504,1,0
MC,2012,7,63.428,92,1,0,0.6894347826086956,4.149905404327321,4.5217885770490405,-0.3718831727217193,1,0
MC,2012,8,59.11,84,1,0,0.7036904761904762,4.079400114836278,4.430816798843313,-0.35141668400703546,1,0
MC,2012,9,42.089,62,1,0,0.6788548387096774,3.739786423887742,4.127134385045092,-0.3873479611573496,1,0
MC,2012,10,30.591,45,1,0,0.6798000000000001,3.4207058480501984,3.8066624897703196,-0.38595664172012134,1,0
MC,2012,11,24.235,35,1,0,0.6924285714285714,3.187797869297339,3.5553480614894135,-0.3675501921920744,1,0
MC,2012,12,18.958,28,1,0,0.6770714285714285,2.94222600603085,3.332204510175204,-0.3899785041443541,1,0
MC,2013,1,14.306,21,1,0,0.6812380952380952,2.660679029686192,3.044522437723423,-0.383843408037231,1,0
MC,2013,2,19.464,30,1,0,0.6487999999999999,2.968566605481221,3.4011973816621555,-0.432630776180934,1,0
MC,2013,3,18.44,27,1,0,0.682962962962963,2.914522218128448,3.295836866004329,-0.38131464787588126,1,0
MC,2013,4,35.952,51,1,0,0.7049411764705882,3.582184715442973,3.9318256327243257,-0.3496409172813525,1,0
MC,2013,5,37.687,58,1,0,0.6497758620689654,3.629315207401055,4.060443010546419,-0.4311278031453643,1,0
MC,2013,6,54.742,78,1,0,0.7018205128205128,4.002631239298768,4.356708826689592,-0.3540775873908231,1,0
MC,2013,7,69.979,101,1,0,0.6928613861386138,4.248195197040357,4.61512051684126,-0.36692531980090254,1,0
MC,2013,8,68.283,96,1,0,0.71128125,4.223660833692157,4.564348191467836,-0.3406873577756791,1,0
MC,2013,9,40.354,57,1,0,0.7079649122807017,3.6976905223924863,4.04305126783455,-0.345360745442064,1,0
MC,2013,10,30.266,44,1,0,0.6878636363636363,3.410024970264834,3.784189633918261,-0.37416466365342677,1,0
MC,2013,11,26.057,38,1,0,0.6857105263157894,3.2602864461137484,3.6375861597263857,-0.3772997136126372,1,0
MC,2013,12,21.161,31,1,0,0.6826129032258065,3.0521598648526345,3.4339872044851463,-0.3818273396325119,1,0
MC,2014,1,19.058,26,1,0,0.733,2.9474869609259966,3.258096538021482,-0.3106095770954856,1,0
MC,2014,2,19.808,27,1,0,0.7336296296296296,2.9860858965021855,3.295836866004329,-0.3097509695021435,1,0
MC,2014,3,33.059,45,1,0,0.7346444444444444,3.498293843901519,3.8066624897703196,-0.3083686458688005,1,0
MC,2014,4,41.578,57,1,0,0.7294385964912281,3.7275711812249224,4.04305126783455,-0.3154800866096277,1,0
MC,2014,5,44.293,62,1,0,0.7144032258064515,3.7908266510216166,4.127134385045092,-0.3363077340234751,1,0
MC,2014,6,53.423,72,1,0,0.7419861111111111,3.978241364847016,4.276666119016055,-0.2984247541690394,1,0
MC,2014,7,55.037,72,1,0,0.7644027777777778,4.008005686325639,4.276666119016055,-0.26866043269041645,1,0
MC,2014,8,61.295,78,1,0,0.7858333333333334,4.115698273546958,4.356708826689592,-0.24101055314263412,1,0
MC,2014,9,54.569,69,1,0,0.7908550724637682,3.99946595594319,4.23410650459726,-0.23464054865406933,1,0
MC,2014,10,41.251,54,1,0,0.7639074074074074,3.7196753549110895,3.9889840465642745,-0.26930869165318483,1,0
MC,2014,11,20.189,28,1,0,0.7210357142857143,3.005137901628087,3.332204510175204,-0.3270666085471171,1,0
MC,2014,12,14.792,20,1,0,0.7396,2.6940864940848237,2.995732273553991,-0.3016457794691672,1,0
MC,2015,1,22.335,34,1,0,0.6569117647058824,3.106154954804082,3.5263605246161616,-0.4202055698120793,1,0
MC,2015,2,18.539,29,1,0,0.6392758620689656,2.9198766212504554,3.367295829986474,-0.44741920873601865,1,0
MC,2015,3,18.306,28,1,0,0.6537857142857143,2.9072288749625876,3.332204510175204,-0.42497563521261633,1,0
MC,2015,4,23.909,41,1,0,0.5831463414634146,3.1742549570907963,3.713572066704308,-0.5393171096135114,1,0
MC,2015,5,28.998,47,1,0,0.6169787234042553,3.367226862091002,3.8501476017100584,-0.48292073961905657,1,0
MC,2015,6,23.193,38,1,0,0.6103421052631579,3.1438505090064472,3.6375861597263857,-0.49373565071993836,1,0
MC,2015,7,53.674,79,1,0,0.6794177215189874,3.982928712943877,4.3694478524670215,-0.3865191395231444,1,0
MC,2015,8,33.501,57,1,0,0.5877368421052631,3.511575289131765,4.04305126783455,-0.5314759787027855,1,0
MC,2015,9,42.029,63,1,0,0.6671269841269842,3.738359856204833,4.143134726391533,-0.4047748701866998,1,0
MC,2015,10,21.913,36,1,0,0.6086944444444444,3.0870800680132664,3.58351893845611,-0.4964388704428436,1,0
MC,2015,11,22.554,37,1,0,0.6095675675675676,3.115912433810096,3.6109179126442243,-0.4950054788341285,1,0
MC,2015,12,10.497,17,1,0,0.6174705882352941,2.351089502053661,2.833213344056216,-0.4821238420025554,1,0
MC,2016,1,17.089,28,1,0,0.6103214285714286,2.8384349816647716,3.332204510175204,-0.4937695285104321,1,0
MC,2016,2,12.215,21,1,0,0.5816666666666667,2.5026647047097037,3.044522437723423,-0.5418577330137192,1,0
MC,2016,3,18.284,30,1,0,0.6094666666666666,2.906026360469498,3.4011973816621555,-0.49517102119265755,1,0
MC,2016,4,28.835,47,1,0,0.6135106382978723,3.361589927067376,3.8501476017100584,-0.4885576746426826,1,0
MC,2016,5,40.569,70,1,0,0.5795571428571429,3.7030042281593327,4.248495242049359,-0.5454910138900265,1,0
MC,2016,6,30.518,48,1,0,0.6357916666666666,3.418316673469544,3.871201010907891,-0.4528843374383471,1,0
MC,2016,7,64.063,96,1,0,0.6673229166666667,4.159866974180318,4.564348191467836,-0.40448121728751807,1,0
MC,2016,8,57.645,89,1,0,0.6476966292134831,4.054303512684917,4.48863636973214,-0.4343328570472229,1,0
MC,2016,9,32.665,49,1,0,0.6666326530612244,3.4863041682927136,3.8918202981106265,-0.405516129817913,1,0
MC,2016,10,20.425,35,1,0,0.5835714285714286,3.0167596407460664,3.5553480614894135,-0.538588420743347,1,0
MC,2016,11,15.364,26,1,0,0.590923076923077,2.732027110483658,3.258096538021482,-0.5260694275378236,1,0
MC,2016,12,10.262,18,1,0,0.5701111111111111,2.3284477525197733,2.8903717578961645,-0.5619240053763916,1,0
MC,2017,1,10.106,17,1,0,0.5944705882352941,2.3131293068697167,2.833213344056216,-0.5200840371864993,1,0
MC,2017,2,8.938,14,1,0,0.6384285714285715,2.19031185051126,2.6390573296152584,-0.4487454791039988,1,0
MC,2017,3,16.832,23,1,0,0.7318260869565217,2.8232818365552994,3.1354942159291497,-0.3122123793738503,1,0
MC,2017,4,18.148,28,1,0,0.6481428571428571,2.8985603618017173,3.332204510175204,-0.43364414837348647,1,0
MC,2017,5,37.56,64,1,0,0.586875,3.6259396543400624,4.1588830833596715,-0.5329434290196097,1,0
MC,2017,6,42.985,69,1,0,0.6229710144927536,3.7608512176264073,4.23410650459726,-0.473255286970852,1,0
MC,2017,7,37.276,57,1,0,0.6539649122807019,3.618349687923409,4.04305126783455,-0.42470157991114094,1,0
MC,2017,8,45.2,70,1,0,0.6457142857142858,3.8110970868381857,4.248495242049359,-0.43739815521117337,1,0
MC,2017,9,34.526,51,1,0,0.6769803921568628,3.541712663394357,3.9318256327243257,-0.3901129693299686,1,0
MC,2017,10,31.043,48,1,0,0.6467291666666667,3.4353733401292934,3.871201010907891,-0.43582767077859735,1,0
MC,2017,11,17.052,28,1,0,0.609,2.8362674989029637,3.332204510175204,-0.49593701127224005,1,0
MC,2017,12,11.523,19,1,0,0.6064736842105263,2.4443450380318774,2.9444389791664403,-0.5000939411345631,1,0
MC,2018,1,12.982,20,1,0,0.6491,2.563563782611277,2.995732273553991,-0.43216849094271415,1,0
MC,2018,2,5.036,8,1,0,0.6295,1.6166121161821005,2.0794415416798357,-0.46282942549773526,1,0
MC,2018,3,11.713,17,1,0,0.689,2.4606993360877376,2.833213344056216,-0.37251400796847856,1,0
MC,2018,4,15.991,26,1,0,0.6150384615384615,2.772026063977305,3.258096538021482,-0.486070474044177,1,0
MC,2018,5,23.855,39,1,0,0.6116666666666667,3.17199383896807,3.6635616461296463,-0.49156780716157605,1,0
MC,2018,6,44.416,68,1,0,0.6531764705882352,3.7935997648843394,4.219507705176107,-0.4259079402917675,1,0
MC,2018,7,52.655,83,1,0,0.6343975903614458,3.9637612008325607,4.418840607796598,-0.45507940696403737,1,0
MC,2018,8,57.029,83,1,0,0.6870963855421687,4.043559910383818,4.418840607796598,-0.3752806974127799,1,0
MC,2018,9,38.871,57,1,0,0.6819473684210526,3.6602484713147834,4.04305126783455,-0.3828027965197667,1,0
MC,2018,10,19.365,32,1,0,0.60515625,2.9634673129667153,3.4657359027997265,-0.5022685898330111,1,0
MC,2018,11,13.477,20,1,0,0.6738500000000001,2.600984528787022,2.995732273553991,-0.3947477447669687,1,0
MC,2018,12,11.724,20,1,0,0.5862,2.461638022848646,2.995732273553991,-0.5340942507053449,1,0
MC,2019,1,11.74,17,1,0,0.6905882352941176,2.4630018143999504,2.833213344056216,-0.37021152965626575,1,0
MC,2019,2,15.669,24,1,0,0.652875,2.7516842381222713,3.1780538303479458,-0.4263695922256743,1,0
MC,2019,3,30.425,44,1,0,0.6914772727272728,3.415264638873591,3.784189633918261,-0.36892499504467025,1,0
MC,2019,4,23.762,33,1,0,0.7200606060606061,3.1680876660360955,3.4965075614664802,-0.3284198954303846,1,0
MC,2019,5,37.387,60,1,0,0.6231166666666667,3.6213230504129466,4.0943445622221,-0.47302151180915414,1,0
MC,2019,6,61.603,89,1,0,0.6921685393258428,4.120710570652306,4.48863636973214,-0.3679257990798341,1,0
MC,2019,7,51.802,76,1,0,0.6816052631578947,3.947428758558699,4.330733340286331,-0.38330458172763204,1,0
MC,2019,8,53.838,80,1,0,0.672975,3.9859795375439755,4.382026634673881,-0.396047097129906,1,0
MC,2019,9,46.326,70,1,0,0.6618,3.8357033585547335,4.248495242049359,-0.4127918834946252,1,0
MC,2019,10,27.838,46,1,0,0.6051739130434782,3.326401993805209,3.828641396489095,-0.5022394026838862,1,0
MC,2019,11,13.95,21,1,0,0.6642857142857143,2.6354795082673745,3.044522437723423,-0.4090429294560484,1,0
MC,2019,12,12.078,20,1,0,0.6039,2.4913856158857093,2.995732273553991,-0.5043466576682816,1,0
MC,2020,1,16.663,26,1,0,0.6408846153846154,2.8131906925564865,3.258096538021482,-0.4449058454649956,1,0
MC,2020,2,17.983,28,1,0,0.64225,2.88942686718306,3.332204510175204,-0.4427776429921441,1,0
MC,2020,3,9.023,12,1,0,0.7519166666666667,2.1997768730123637,2.4849066497880004,-0.28512977677563667,1,0
MC,2020,4,0.432,1,1,0,0.432,-0.8393296907380268,0.0,-0.8393296907380268,1,0
MC,2020,5,15.026,22,1,0,0.6829999999999999,2.709782033946969,3.091042453358316,-0.3812604194113471,1,0
MC,2020,6,35.618,55,1,0,0.6476000000000001,3.5728511280538138,4.007333185232471,-0.4344820571786569,1,0
MC,2020,7,46.391,74,1,0,0.6269054054054054,3.8371054749012243,4.30406509320417,-0.46695961830294536,1,0
MC,2020,8,53.1,71,1,0,0.747887323943662,3.9721769282478934,4.2626798770413155,-0.29050294879342226,1,0
MC,2020,9,43.985,67,1,0,0.6564925373134328,3.783848666704638,4.204692619390966,-0.42084395268632824,1,0
MC,2020,10,34.741,53,1,0,0.6554905660377358,3.547920545660617,3.970291913552122,-0.4223713678915048,1,0
MC,2020,11,28.453,37,1,0,0.769,3.3482536031677315,3.6109179126442243,-0.26266430947649305,1,0
MC,2020,12,21.636,28,1,0,0.7727142857142857,3.0743585940091807,3.332204510175204,-0.2578459161660234,1,0
MC,2021,1,26.15445,37,1,0,0.706877027027027,3.264019348117435,3.6109179126442243,-0.3468985645267892,1,0
MC,2021,2,26.28045,39,1,0,0.6738576923076922,3.268825316757479,3.6635616461296463,-0.3947363293721674,1,0
MC,2021,3,24.04395,37,1,0,0.6498364864864865,3.179883405653875,3.6109179126442243,-0.4310345069903494,1,0
MC,2021,4,32.8419,47,1,0,0.6987638297872341,3.491705139183456,3.8501476017100584,-0.35844246252660267,1,0
MC,2021,5,47.2437,69,1,0,0.684691304347826,3.8553193117167393,4.23410650459726,-0.3787871928805202,1,0
MC,2021,6,61.3557,93,1,0,0.6597387096774193,4.116688076376549,4.532599493153256,-0.4159114167767068,1,0
MC,2021,7,83.6441,136,1,0,0.6150301470588235,4.426570892966854,4.912654885736052,-0.4860839927691978,1,0
MC,2021,8,58.05765,84,1,0,0.6911625,4.061436482407028,4.430816798843313,-0.36938031643628627,1,0
MC,2021,9,42.25095,65,1,0,0.6500146153846155,3.743626838757495,4.174387269895637,-0.430760431138142,1,0
MC,2021,10,22.68945,35,1,0,0.64827,3.1219000587447674,3.5553480614894135,-0.4334480027446461,1,0
MC,2021,11,15.2271,25,1,0,0.609084,2.7230767351188327,3.2188758248682006,-0.49579908974936787,1,0
MC,2021,12,20.10095,34,1,0,0.591204411764706,3.0007670776297295,3.5263605246161616,-0.5255934469864317,1,0
MC,2022,1,18.00855,27,1,0,0.6669833333333334,2.890846645119376,3.295836866004329,-0.40499022088495307,1,0
MC,2022,2,18.53775,30,1,0,0.617925,2.919809193549782,3.4011973816621555,-0.4813881881123737,1,0
MC,2022,3,20.90025,31,1,0,0.6742016129032258,3.0397611206217126,3.4339872044851463,-0.3942260838634338,1,0
MC,2022,4,31.1724,49,1,0,0.6361714285714286,3.4395330879277286,3.8918202981106265,-0.4522872101828981,1,0
MC,2022,5,57.8781,92,1,0,0.6291097826086957,4.058339074686817,4.5217885770490405,-0.46344950236222393,1,0
MC,2022,6,42.8211,67,1,0,0.639120895522388,3.757030971761988,4.204692619390966,-0.4476616476289779,1,0
MC,2022,7,48.4407,77,1,0,0.6291,3.8803403694475307,4.343805421853684,-0.4634650524061531,1,0
MC,2022,8,50.80005,79,1,0,0.6430386075949367,3.9278973388359204,4.3694478524670215,-0.4415505136311012,1,0
MC,2022,9,36.55575,61,1,0,0.5992745901639345,3.5988384925639423,4.110873864173311,-0.5120353716093691,1,0
MC,2022,10,30.52665,46,1,0,0.6636228260869566,3.4186000725899546,3.828641396489095,-0.4100413238991403,1,0
MC,2022,11,19.1835,32,1,0,0.599484375,2.954050534559347,3.4657359027997265,-0.5116853682403792,1,0
MC,2022,12,5.84955,10,1,0,0.584955,1.7663647352081104,2.302585092994046,-0.5362203577859352,1,0
MC,2023,1,10.3761,18,1,0,0.5764499999999999,2.3395050845929903,2.8903717578961645,-0.5508666733031746,1,0
MC,2023,2,12.64095,20,1,0,0.6320475,2.5369415441223215,2.995732273553991,-0.45879072943166965,1,0
MC,2023,3,18.13455,30,1,0,0.604485,2.8978189585312144,3.4011973816621555,-0.503378423130941,1,0
MC,2023,4,25.05825,41,1,0,0.6111768292682928,3.221203114627292,3.713572066704308,-0.4923689520770158,1,0
MC,2023,5,32.9112,54,1,0,0.6094666666666667,3.493813025371617,3.9889840465642745,-0.4951710211926574,1,0
MC,2023,6,31.3803,52,1,0,0.6034673076923076,3.4461803074886332,3.9512437185814275,-0.5050634110927942,1,0
MC,2023,7,39.42855,64,1,0,0.61607109375,3.674490173183428,4.1588830833596715,-0.4843929101762437,1,0
MC,2023,8,42.3234,70,1,0,0.60462,3.745340124587588,4.248495242049359,-0.5031551174617709,1,0
MC,2023,9,34.3224,57,1,0,0.6021473684210527,3.535798202244698,4.04305126783455,-0.5072530655898518,1,0
MC,2023,10,21.987,36,1,0,0.6107499999999999,3.0904513696118228,3.58351893845611,-0.4930675688442874,1,0
MC,2023,11,13.0347,21,1,0,0.6207,2.567615032160893,3.044522437723423,-0.47690740556253,1,0
MC,2023,12,11.9889,18,1,0,0.6660499999999999,2.4839812217114994,2.8903717578961645,-0.40639053618466536,1,0
MC,2024,1,9.4958,15,1,0,0.6330533333333332,2.2508495955859917,2.70805020110221,-0.45720060551621855,1,0
MC,2024,2,15.25332,28,1,0,0.5447614285714286,2.7247971842771768,3.332204510175204,-0.6074073258980273,1,0
MC,2024,3,13.78392,26,1,0,0.5301507692307692,2.623502695378258,3.258096538021482,-0.634593842643224,1,0
MC,2024,4,30.77208,51,1,0,0.6033741176470588,3.4266077853593297,3.9318256327243257,-0.5052178473649959,1,0
MC,2024,5,35.09496,61,1,0,0.5753272131147541,3.5580575304182362,4.110873864173311,-0.552816333755075,1,0
MC,2024,6,28.24724,46,1,0,0.6140704347826087,3.3409957537045365,3.828641396489095,-0.4876456427845587,1,0
MC,2024,7,39.61376,64,1,0,0.618965,3.6791765326525403,4.1588830833596715,-0.4797065507071314,1,0
MC,2024,8,35.35408,56,1,0,0.6313228571428572,3.5654138029385343,4.02535169073515,-0.45993788779661515,1,0
MC,2024,9,26.37652,47,1,0,0.5612025531914894,3.27247422046742,3.8501476017100584,-0.5776733812426382,1,0
MC,2024,10,15.04792,24,1,0,0.6269966666666666,2.7112397756634916,3.1780538303479458,-0.46681405468445386,1,0
MC,2024,11,12.66212,20,1,0,0.633106,2.5386148592528284,2.995732273553991,-0.4571174143011628,1,0
MC,2024,12,13.05396,22,1,0,0.5933618181818182,2.569091536013448,3.091042453358316,-0.5219509173448675,1,0
MC,2025,1,11.95744,17,1,0,0.7033788235294117,2.4813536787884525,2.833213344056216,-0.3518596652677636,1,0
MC,2025,2,14.46332,21,1,0,0.6887295238095238,2.6716157892703256,3.044522437723423,-0.37290664845309723,1,0
MC,2025,3,17.72128,28,1,0,0.6329028571428571,2.8747661773311095,3.332204510175204,-0.4574383328440943,1,0
MC,2025,4,26.27856,36,1,0,0.7299599999999999,3.2687533975945873,3.58351893845611,-0.31476554086152286,1,0
MC,2025,5,47.99408,73,1,0,0.6574531506849315,3.8710776699683764,4.290459441148391,-0.4193817711800145,1,0
MC,2025,6,36.06508,56,1,0,0.6440192857142858,3.5853250841702837,4.02535169073515,-0.4400266065648654,1,0
MC,2025,7,64.47348,98,1,0,0.6578926530612245,4.166253976460432,4.584967478670572,-0.41871350221013987,1,0
MC,2025,8,38.35924,58,1,0,0.6613662068965517,3.6469954375144873,4.060443010546419,-0.4134475730319321,1,0
MC,2025,9,39.68644,58,1,0,0.6842489655172413,3.6810095676348102,4.060443010546419,-0.37943344291160896,1,0
MC,2025,10,24.06024,36,1,0,0.66834,3.180560685559126,3.58351893845611,-0.40295825289698356,1,0
MC,2025,11,11.84052,18,1,0,0.6578066666666667,2.471527547410371,2.8903717578961645,-0.4188442104857937,1,0
MC,2025,12,9.78652,14,1,0,0.6990371428571428,2.2810059285898863,2.6390573296152584,-0.3580514010253722,1,0
MC,2026,1,8.16544,12,1,0,0.6804533333333334,2.0999106135191763,2.4849066497880004,-0.3849960362688241,1,0
MC,2026,2,12.46304,21,1,0,0.5934780952380952,2.5227674643392097,3.044522437723423,-0.5217549733842133,1,0
MC,2026,3,19.36448,27,1,0,0.7172029629629629,2.963440460037111,3.295836866004329,-0.3323964059672182,1,0
MC,2026,4,34.810559999999995,48,1,0,0.7252199999999999,3.5499207890251743,3.871201010907891,-0.32128022188271665,1,0
MC,2026,5,25.34004,39,1,0,0.6497446153846154,3.232385753423712,3.6635616461296463,-0.4311758927059341,1,0
MC,2026,6,64.04688,98,1,0,0.6535395918367347,4.159615315212484,4.584967478670572,-0.4253521634580878,1,0
MC,2026,7,54.984,81,1,0,0.6788148148148149,4.007042233819304,4.394449154672439,-0.3874069208531346,1,0
MD,2010,1,4626.296,448,1,0,10.326553571428573,8.439511826909511,6.104793232414985,2.3347185944945257,0,0
MD,2010,2,3789.631,382,1,0,9.920499999999999,8.240023931858962,5.945420608606575,2.294603323252388,0,0
MD,2010,3,4337.759,431,1,0,10.064406032482598,8.375113134287997,6.066108090103747,2.309005044184249,0,0
MD,2010,4,4711.728,464,1,0,10.154586206896552,8.457809998707718,6.139884552226255,2.3179254464814627,0,0
MD,2010,5,6333.037,629,1,0,10.068421303656597,8.753535178912122,6.444131256700441,2.3094039222116813,0,0
MD,2010,6,6562.849,640,1,0,10.2544515625,8.789180086438204,6.461468176353717,2.327711910084486,0,0
MD,2010,7,7080.416,678,1,0,10.44309144542773,8.865087942023784,6.519147287940395,2.3459406540833885,0,0
MD,2010,8,7860.14,736,1,0,10.679538043478262,8.96955969696946,6.601230118728877,2.368329578240584,0,0
MD,2010,9,6732.155,667,1,0,10.093185907046477,8.8146505794069,6.502790045915623,2.311860533491276,0,0
MD,2010,10,5880.688,621,1,0,9.46970692431562,8.679429040850632,6.431331081933479,2.248097958917153,0,0
MD,2010,11,5282.296,545,1,0,9.69228623853211,8.572116130665954,6.300785794663244,2.271330336002709,0,0
MD,2010,12,5420.312,526,1,0,10.304775665399239,8.59790865735256,6.26530121273771,2.332607444614851,0,0
MD,2011,1,5583.55,541,1,0,10.320794824399261,8.627580053802319,6.293419278846481,2.3341607749558384,0,0
MD,2011,2,4244.635,449,1,0,9.453530066815146,8.353411111538643,6.1070228877422545,2.2463882237963877,0,0
MD,2011,3,5387.366,555,1,0,9.706965765765766,8.59181186171289,6.318968113746434,2.2728437479664545,0,0
MD,2011,4,5577.54,556,1,0,10.031546762589928,8.626503097952867,6.320768294250582,2.305734803702285,0,0
MD,2011,5,6401.722,635,1,0,10.081451968503936,8.76432229565694,6.453624998892692,2.3106972967642485,0,0
MD,2011,6,6827.86,661,1,0,10.329591527987896,8.828766579896275,6.493753839851686,2.335012740044589,0,0
MD,2011,7,7866.432,711,1,0,11.063898734177215,8.970359871392178,6.566672429803241,2.403687441588938,0,0
MD,2011,8,7938.046,749,1,0,10.59819225634179,8.979422428236777,6.618738983517219,2.3606834447195575,0,0
MD,2011,9,7744.54,774,1,0,10.005865633074935,8.95474335793025,6.651571873589727,2.303171484340523,0,0
MD,2011,10,6285.925,646,1,0,9.730534055727555,8.746068286010484,6.470799503782602,2.2752687822278816,0,0
MD,2011,11,5202.196,565,1,0,9.207426548672567,8.55683612311503,6.336825731146441,2.2200103919685894,0,0
MD,2011,12,4995.519,537,1,0,9.302642458100559,8.51629658958892,6.285998094508865,2.2302984950800564,0,0
MD,2012,1,5197.211,538,1,0,9.660243494423792,8.555877414530624,6.2878585601617845,2.2680188543688393,1,0
MD,2012,2,3766.134,400,1,0,9.415335,8.233804290102944,5.991464547107982,2.2423397429949614,1,0
MD,2012,3,4191.727,487,1,0,8.607242299794661,8.340868099834413,6.18826412308259,2.152603976751824,1,0
MD,2012,4,5679.692,602,1,0,9.434704318936877,8.644652284892837,6.400257445308821,2.244394839584016,1,0
MD,2012,5,6638.643,685,1,0,9.691449635036497,8.800662854114723,6.529418838262226,2.271244015852498,1,0
MD,2012,6,8466.021,804,1,0,10.529876865671643,9.043815901588069,6.6895992691789665,2.3542166324091025,1,0
MD,2012,7,9325.532,851,1,0,10.95832197414806,9.14051129382301,6.7464121285733745,2.394099165249637,1,0
MD,2012,8,9395.817,846,1,0,11.106166666666665,9.148019869216212,6.740519359606223,2.407500509609988,1,0
MD,2012,9,8811.521,857,1,0,10.281821470245042,9.083815348750747,6.75343791859778,2.3303774301529674,1,0
MD,2012,10,7525.823,764,1,0,9.850553664921467,8.926095452407512,6.638567789166521,2.287527663240992,1,0
MD,2012,11,5581.993,587,1,0,9.509357751277683,8.627301160064668,6.375024819828097,2.2522763402365715,1,0
MD,2012,12,6092.36,621,1,0,9.810563607085346,8.714790806162709,6.431331081933479,2.283459724229229,1,0
MD,2013,1,5852.731,586,1,0,9.987595563139932,8.674663668897965,6.373319789577012,2.3013438793209535,1,0
MD,2013,2,4628.539,484,1,0,9.563097107438017,8.439996546527725,6.182084906716632,2.257911639811093,1,0
MD,2013,3,5278.602,561,1,0,9.409272727272727,8.571416568914547,6.329720905522696,2.2416956633918512,1,0
MD,2013,4,6481.186,657,1,0,9.864818873668188,8.776658797290702,6.48768401848461,2.2889747788060926,1,0
MD,2013,5,8734.57,814,1,0,10.730429975429976,9.075043994109748,6.70196036600254,2.3730836281072074,1,0
MD,2013,6,8843.25,815,1,0,10.850613496932516,9.087409735124892,6.703188113240863,2.3842216218840298,1,0
MD,2013,7,9673.928,913,1,0,10.595759036144578,9.177189710725504,6.816735880594968,2.3604538301305342,1,0
MD,2013,8,9973.939,924,1,0,10.794306277056277,9.207730870186023,6.828712071641684,2.379018798544338,1,0
MD,2013,9,9166.667,854,1,0,10.733802107728337,9.123329031350188,6.74993119378857,2.373397837561619,1,0
MD,2013,10,8066.558,787,1,0,10.249756035578145,8.995482152311553,6.668228248417403,2.327253903894149,1,0
MD,2013,11,6491.668,636,1,0,10.207025157232703,8.778274787462346,6.455198563340122,2.3230762241222234,1,0
MD,2013,12,7413.933,675,1,0,10.983604444444444,8.911116346712737,6.51471269087253,2.396403655840206,1,0
MD,2014,1,7404.58,656,1,0,11.287469512195122,8.909854006659858,6.486160788944089,2.423693217715768,1,0
MD,2014,2,5921.708,556,1,0,10.650553956834532,8.686380199779544,6.320768294250582,2.3656119055289624,1,0
MD,2014,3,6798.192,668,1,0,10.176934131736527,8.824411973458277,6.504288173536645,2.3201237999216318,1,0
MD,2014,4,7767.962,717,1,0,10.83397768479777,8.957763118095137,6.57507584059962,2.382687277495518,1,0
MD,2014,5,9211.965,846,1,0,10.888847517730497,9.128258461541261,6.740519359606223,2.3877391019350376,1,0
MD,2014,6,10169.138,851,1,0,11.949633372502939,9.227112726354973,6.7464121285733745,2.480700597781598,1,0
MD,2014,7,11455.638,945,1,0,12.122368253968254,9.346237289539152,6.851184927493743,2.495052362045409,1,0
MD,2014,8,11845.95,957,1,0,12.378213166144201,9.379741315993966,6.863803391452954,2.515937924541012,1,0
MD,2014,9,11359.032,965,1,0,11.77101761658031,9.33776847737685,6.872128101338986,2.4656403760378645,1,0
MD,2014,10,9787.813,873,1,0,11.211698739977091,9.188893319353495,6.771935555839602,2.4169577635138935,1,0
MD,2014,11,9309.058,839,1,0,11.09542073897497,9.138743183626675,6.732210706467206,2.406532477159469,1,0
MD,2014,12,10029.239,870,1,0,11.52786091954023,9.213260005694675,6.76849321164863,2.4447667940460454,1,0
MD,2015,1,9638.025,842,1,0,11.446585510688836,9.173471491096063,6.7357800142423265,2.4376914768537365,1,0
MD,2015,2,7436.233,707,1,0,10.5180099009901,8.914119682401,6.561030665896573,2.3530890165044256,1,0
MD,2015,3,8458.445,767,1,0,11.027959582790091,9.042920629559276,6.642486801367256,2.400433828192021,1,0
MD,2015,4,11249.108,908,1,0,12.388885462555066,9.328044115600147,6.811244378601294,2.5167997369988537,1,0
MD,2015,5,12527.084,1034,1,0,12.115168278529982,9.435648299337796,6.9411900550683745,2.494458244269421,1,0
MD,2015,6,13183.348,1089,1,0,12.105921028466483,9.486709797042874,6.9930151229329605,2.4936946741099137,1,0
MD,2015,7,14452.966,1143,1,0,12.644764654418198,9.578654931993297,7.04141166379481,2.5372432681984862,1,0
MD,2015,8,14471.764,1131,1,0,12.79554730327144,9.579954719590036,7.030857476116121,2.549097243473916,1,0
MD,2015,9,12937.01,1048,1,0,12.344475190839695,9.467847474894336,6.954638864880987,2.5132086100133493,1,0
MD,2015,10,11336.959,942,1,0,12.034988322717624,9.335823375534037,6.848005274576363,2.487818100957674,1,0
MD,2015,11,10202.784,878,1,0,11.62048291571754,9.230415903207167,6.777646593635117,2.4527693095720497,1,0
MD,2015,12,12286.92,887,1,0,13.852220969560316,9.416290560899846,6.787844982309579,2.6284455785902665,1,0
MD,2016,1,11144.74,810,1,0,13.758938271604938,9.31872291670083,6.697034247666484,2.6216886690343464,1,0
MD,2016,2,8058.674,655,1,0,12.303319083969466,8.99450430583738,6.484635235635252,2.509869070202127,1,0
MD,2016,3,9320.199,732,1,0,12.732512295081968,9.139939259383018,6.595780513961311,2.5441587454217065,1,0
MD,2016,4,10372.451,801,1,0,12.949377028714107,9.246908628165977,6.68586094706836,2.5610476810976186,1,0
MD,2016,5,12864.163,959,1,0,13.414142857142858,9.462200662358372,6.8658910748834385,2.5963095874749333,1,0
MD,2016,6,13939.982,1048,1,0,13.301509541984732,9.542516393065474,6.954638864880987,2.587877528184487,1,0
MD,2016,7,15932.401,1143,1,0,13.939108486439196,9.676110113455037,7.04141166379481,2.634698449660227,1,0
MD,2016,8,16665.29,1198,1,0,13.910926544240402,9.721083392330605,7.088408778675395,2.632674613655211,1,0
MD,2016,9,15046.162,1109,1,0,13.567323715058611,9.618878221043461,7.011213987350367,2.607664233693094,1,0
MD,2016,10,13198.325,1001,1,0,13.185139860139861,9.487845206583351,6.90875477931522,2.5790904272681305,1,0
MD,2016,11,11357.969,885,1,0,12.833863276836157,9.337674891079894,6.785587645007929,2.552087246071964,1,0
MD,2016,12,11606.285,886,1,0,13.099644469525959,9.359302040713056,6.786716950605081,2.572585090107974,1,0
MD,2017,1,12060.037,922,1,0,13.08030043383948,9.397652538269837,6.826545223556594,2.5711073147132426,1,0
MD,2017,2,10391.838,815,1,0,12.750721472392637,9.248775969314377,6.703188113240863,2.5455878560735146,1,0
MD,2017,3,11557.876,908,1,0,12.728938325991189,9.355122388320432,6.811244378601294,2.5438780097191387,1,0
MD,2017,4,14225.003,1041,1,0,13.664748318924111,9.562756469890818,6.947937068614969,2.6148194012758497,1,0
MD,2017,5,17103.227,1241,1,0,13.7818106365834,9.7470224381369,7.123672785204607,2.623349652932293,1,0
MD,2017,6,19508.311,1422,1,0,13.718924753867793,9.878595858880436,7.259819610363186,2.61877624851725,1,0
MD,2017,7,20578.504,1464,1,0,14.05635519125683,9.932002314811937,7.288927694521257,2.6430746202906805,1,0
MD,2017,8,20834.054,1494,1,0,13.945149933065595,9.944344138458094,7.309212365692763,2.635131772765331,1,0
MD,2017,9,17688.663,1304,1,0,13.564925613496932,9.78067920487416,7.1731917424865985,2.607487462387561,1,0
MD,2017,10,14432.038,1116,1,0,12.931933691756273,9.577205875336633,7.017506142941256,2.559699732395376,1,0
MD,2017,11,12621.909,959,1,0,13.161531803962461,9.443189392484223,6.8658910748834385,2.5772983176007846,1,0
MD,2017,12,13683.447,997,1,0,13.724620862587763,9.523942133120714,6.904750769961838,2.6191913631588766,1,0
MD,2018,1,13452.114,962,1,0,13.983486486486486,9.506891547400523,6.8690144506657065,2.6378770967348157,1,0
MD,2018,2,11221.842,834,1,0,13.455446043165468,9.325617336725077,6.726233402358747,2.599383934366331,1,0
MD,2018,3,12960.384,986,1,0,13.144405679513184,9.469652599096946,6.893656354602635,2.575996244494311,1,0
MD,2018,4,15076.115,1113,1,0,13.54547619047619,9.620866982375976,7.014814351275545,2.6060526311004297,1,0
MD,2018,5,16599.512,1252,1,0,13.258396166134185,9.717128576322155,7.132497551660044,2.584631024662112,1,0
MD,2018,6,19728.584,1448,1,0,13.62471270718232,9.889823827561273,7.277938572945661,2.6118852546156117,1,0
MD,2018,7,21069.333,1528,1,0,13.788830497382198,9.955573849913677,7.331714969726466,2.6238588801872114,1,0
MD,2018,8,21228.826,1523,1,0,13.93882206172029,9.96311525406321,7.328437352895162,2.634677901168048,1,0
MD,2018,9,18723.994,1363,1,0,13.7373396918562,9.83756108197556,7.217443431696533,2.6201176502790275,1,0
MD,2018,10,15332.522,1175,1,0,13.048954893617022,9.6377314723597,7.069023426578259,2.5687080457814404,1,0
MD,2018,11,12388.146,977,1,0,12.679780962128968,9.42449532662261,6.884486652042782,2.540008674579828,1,0
MD,2018,12,13018.441,966,1,0,13.476646997929608,9.474122169730004,6.873163834212518,2.6009583355174852,1,0
MD,2019,1,13654.738,977,1,0,13.976190378710337,9.521841846612782,6.884486652042782,2.637355194569999,1,0
MD,2019,2,11424.836,866,1,0,13.192651270207852,9.343544861173601,6.763884908562435,2.5796599526111668,1,0
MD,2019,3,13143.454,991,1,0,13.262819374369323,9.483679118988201,6.898714534329988,2.584964584658213,1,0
MD,2019,4,14638.443,1041,1,0,14.061904899135445,9.591406429400463,6.947937068614969,2.6434693607854935,1,0
MD,2019,5,17440.258,1274,1,0,13.689370486656202,9.766536490931529,7.149916836132109,2.6166196547994196,1,0
MD,2019,6,20103.807,1416,1,0,14.197603813559322,9.90866447909776,7.255591274253665,2.653073204844096,1,0
MD,2019,7,20813.258,1465,1,0,14.207002047781572,9.943345466480013,7.289610521451167,2.653734945028845,1,0
MD,2019,8,21570.53,1510,1,0,14.285119205298013,9.97908331024499,7.31986492980897,2.659218380436019,1,0
MD,2019,9,18500.563,1344,1,0,13.765299851190475,9.825556443035792,7.203405521083095,2.622150921952697,1,0
MD,2019,10,14439.962,1105,1,0,13.06783891402715,9.577754780864407,7.007600613951853,2.570154166912554,1,0
MD,2019,11,11209.054,864,1,0,12.97344212962963,9.324477123566812,6.761572768804055,2.5629043547627552,1,0
MD,2019,12,12754.27,940,1,0,13.568372340425533,9.453621396480212,6.84587987526405,2.607741521216163,1,0
MD,2020,1,12769.194,937,1,0,13.627741728922091,9.454790830354925,6.842683282238422,2.6121075481165033,1,0
MD,2020,2,10919.029,826,1,0,13.21916343825666,9.298262325931411,6.716594773520978,2.5816675524104333,1,0
MD,2020,3,5961.611,465,1,0,12.8206688172043,8.693096025547812,6.142037405587356,2.5510586199604544,1,0
MD,2020,4,1202.745,94,1,0,12.795159574468084,7.0923617234310345,4.543294782270004,2.5490669411610303,1,0
MD,2020,5,1123.846,97,1,0,11.586041237113403,7.0245120103906595,4.574710978503383,2.4498010318872767,1,0
MD,2020,6,3396.986,231,1,0,14.7055670995671,8.130643846868606,5.442417710521793,2.6882261363468123,1,0
MD,2020,7,6730.785,544,1,0,12.372766544117647,8.814447057738567,6.298949246855942,2.515497810882625,1,0
MD,2020,8,7015.332,508,1,0,13.809708661417323,8.85585331857276,6.230481447578482,2.625371870994279,1,0
MD,2020,9,6822.591,493,1,0,13.838926977687628,8.827994590712668,6.20050917404269,2.627485416669978,1,0
MD,2020,10,5939.355,444,1,0,13.376925675675675,8.689355820602234,6.095824562432225,2.593531258170009,1,0
MD,2020,11,3448.41,389,1,0,8.864807197943444,8.14566853422717,5.963579343618446,2.1820891906087225,1,0
MD,2020,12,5398.986,366,1,0,14.751327868852458,8.593966437142134,5.902633333401366,2.6913331037407673,1,0
MD,2021,1,4923.09975,325,1,0,15.147999230769232,8.501693641588274,5.783825182329737,2.7178684592585354,1,0
MD,2021,2,3733.60865,265,1,0,14.08908924528302,8.225130511431722,5.579729825986222,2.6454006854455,1,0
MD,2021,3,4679.0034,336,1,0,13.925605357142857,8.450840417516947,5.817111159963204,2.6337292575537417,1,0
MD,2021,4,5583.38435,389,1,0,14.353173136246788,8.627550385856791,5.963579343618446,2.6639710422383445,1,0
MD,2021,5,8226.00115,582,1,0,14.134022594501719,9.015055288590991,6.366470447731438,2.648584840859554,1,0
MD,2021,6,13209.07,904,1,0,14.611803097345133,9.488658993826887,6.806829360392176,2.681829633434709,1,0
MD,2021,7,18151.0479,1157,1,0,15.688027571305101,9.806483573563556,7.053585727193677,2.7528978463698786,1,0
MD,2021,8,19471.5157,1195,1,0,16.29415539748954,9.876707943307487,7.085901464365611,2.7908064789418763,1,0
MD,2021,9,16413.6828,1037,1,0,15.82804513018322,9.705870583036436,6.9440872082295275,2.761783374806908,1,0
MD,2021,10,14709.9996,1060,1,0,13.877358113207546,9.596282786403096,6.966024187106113,2.6302585992969836,1,0
MD,2021,11,11480.34585,725,1,0,15.834959793103447,9.34839179572639,6.586171654854675,2.762220140871715,1,0
MD,2021,12,13223.21705,806,1,0,16.405976488833748,9.48972943100276,6.692083742506628,2.797645688496132,1,0
MD,2022,1,11920.1409,741,1,0,16.08655991902834,9.385984761019278,6.608000625296087,2.7779841357231914,1,0
MD,2022,2,6886.00425,482,1,0,14.286315871369295,8.837246261092586,6.1779441140506,2.6593021470419855,1,0
MD,2022,3,1955.70545,152,1,0,12.86648322368421,7.578506251320701,5.0238805208462765,2.554625730474424,1,0
MD,2022,4,6557.7491,446,1,0,14.703473318385651,8.788402698057283,6.100318952020064,2.6880837460372184,1,0
MD,2022,5,9058.73325,620,1,0,14.61086008064516,9.1114845713808,6.429719478039138,2.681765093341662,1,0
MD,2022,6,13380.07995,975,1,0,13.723158923076923,9.50152230900069,6.882437470997847,2.619084838002843,1,0
MD,2022,7,15746.8724,1028,1,0,15.317969260700389,9.664397046756823,6.93537044601511,2.7290266007417134,1,0
MD,2022,8,17330.6917,1127,1,0,15.377721118012422,9.760234295358025,7.027314514039777,2.732919781318248,1,0
MD,2022,9,19468.0876,1251,1,0,15.562020463629096,9.876531870635024,7.1316985104669115,2.744833360168112,1,0
MD,2022,10,18013.08865,1213,1,0,14.850031863149217,9.798853919857072,7.10085190894405,2.6980020109130205,1,0
MD,2022,11,16574.9056,1116,1,0,14.852065949820787,9.715645119713562,7.017506142941256,2.698138976772305,1,0
MD,2022,12,15812.85885,965,1,0,16.386382227979276,9.668578739283516,6.872128101338986,2.7964506379445297,1,0
MD,2023,1,15557.796,941,1,0,16.533258235919234,9.652317142455532,6.846943139585379,2.805374002870152,1,0
MD,2023,2,12556.16955,797,1,0,15.754290526976162,9.437967421374973,6.680854678790215,2.7571127425847584,1,0
MD,2023,3,11450.7912,794,1,0,14.421651385390428,9.345814107031742,6.677083461247136,2.668730645784606,1,0
MD,2023,4,11625.69195,785,1,0,14.809798662420382,9.360972751264804,6.665683717782408,2.6952890334823953,1,0
MD,2023,5,11841.25015,888,1,0,13.33474115990991,9.379344489857326,6.78897174299217,2.590372746865156,1,0
MD,2023,6,15378.49765,1127,1,0,13.645516992014196,9.640725556233816,7.027314514039777,2.6134110421940395,1,0
MD,2023,7,17977.33185,1225,1,0,14.675372938775508,9.79686690157454,7.110696122978827,2.6861707785957143,1,0
MD,2023,8,19366.2777,1320,1,0,14.671422499999998,9.871288569632851,7.1853870155804165,2.685901554052434,1,0
MD,2023,9,20835.53315,1367,1,0,15.241794550109729,9.944415132682025,7.220373836723949,2.724041295958075,1,0
MD,2023,10,16685.62335,1153,1,0,14.47148599306158,9.722302750391716,7.050122520269059,2.672180230122657,1,0
MD,2023,11,13795.05165,942,1,0,14.644428503184713,9.532065230754561,6.848005274576363,2.6840599561781993,1,0
MD,2023,12,14561.41145,947,1,0,15.376358447729672,9.586130257299528,6.853299093186078,2.732831164113449,1,0
MD,2024,1,14109.18198,921,1,0,15.319415830618892,9.554581068680093,6.825460036255307,2.7291210324247874,1,0
MD,2024,2,12835.38594,869,1,0,14.770294522439587,9.45996116219481,6.767343125265392,2.692618036929419,1,0
MD,2024,3,14586.57514,999,1,0,14.601176316316318,9.587856873727993,6.906754778648554,2.681102095079441,1,0
MD,2024,4,15991.5498,1081,1,0,14.793293061979648,9.679815724208185,6.985641817639208,2.694173906568977,1,0
MD,2024,5,22616.85286,1472,1,0,15.364709823369564,10.026450609132867,7.294377299288821,2.732073309844046,1,0
MD,2024,6,26730.99454,1715,1,0,15.58658573760933,10.193579015324458,7.44716835960004,2.746410655724417,1,0
MD,2024,7,27942.49214,1778,1,0,15.71568736782902,10.237903824967788,7.48324441607385,2.754659408893938,1,0
MD,2024,8,28879.63722,1848,1,0,15.627509318181819,10.270892031293515,7.521859252201629,2.7490327790918863,1,0
MD,2024,9,24908.92856,1626,1,0,15.31914425584256,10.122981594886364,7.3938782901077555,2.729103304778607,1,0
MD,2024,10,24265.92252,1574,1,0,15.41672332909784,10.09682827966186,7.3613754289773485,2.7354528506845113,1,0
MD,2024,11,20516.37946,1297,1,0,15.818334202004626,9.928978844146263,7.167809184316444,2.7611696598298194,1,0
MD,2024,12,21925.72056,1315,1,0,16.673551756653993,9.995415681466598,7.181591944611865,2.813823736854733,1,0
MD,2025,1,21648.1005,1307,1,0,16.56319854628921,9.98267299286099,7.175489713624222,2.8071832792367686,1,0
MD,2025,2,18341.85022,1124,1,0,16.318372081850534,9.816940625127637,7.024649030453636,2.792291594674001,1,0
MD,2025,3,21971.24792,1377,1,0,15.95588084241104,9.997489964857934,7.227662498728654,2.769827466129279,1,0
MD,2025,4,24708.15136,1539,1,0,16.054679246263806,10.114888482748135,7.338888133838879,2.776000348909256,1,0
MD,2025,5,30806.89404,1947,1,0,15.822749892141756,10.33549377638245,7.5740450053721995,2.761448771010249,1,0
MD,2025,6,34963.77416,2261,1,0,15.46385411764706,10.462067780464325,7.72356247227797,2.738505308186355,1,0
MD,2025,7,39394.34436,2449,1,0,16.085889897917518,10.581377540820139,7.803435056952168,2.777942483867972,1,0
MD,2025,8,41540.96616,2568,1,0,16.176388691588787,10.634435355705607,7.850882664809852,2.7835526908957555,1,0
MD,2025,9,36225.20858,2330,1,0,15.547299819742488,10.497510525074308,7.753623546559746,2.7438869785145616,1,0
MD,2025,10,34446.49878,2129,1,0,16.17966124001879,10.447162639346596,7.663407664893479,2.783754974453117,1,0
MD,2025,11,28790.97708,1732,1,0,16.62296598152425,10.267817321203312,7.4570320891223805,2.810785232080931,1,0
MD,2025,12,30767.47556,1811,1,0,16.989218972943124,10.334213422701493,7.501634457883413,2.832578964818081,1,0
MD,2026,1,28680.35476,1685,1,0,17.02098205341246,10.26396766423259,7.429520842786462,2.8344468214461287,1,0
MD,2026,2,22660.58368,1371,1,0,16.528507425237052,10.028382292414427,7.223295679562314,2.805086612852113,1,0
MD,2026,3,25257.1676,1567,1,0,16.118166943203573,10.136865259767896,7.356918242356021,2.779947017411875,1,0
MD,2026,4,27047.34572,1656,1,0,16.332938236714977,10.20534415450627,7.412160334945205,2.793183819561065,1,0
MD,2026,5,28078.65208,1817,1,0,15.45330329113924,10.24276485413857,7.504942068396171,2.7378227857423996,1,0
MD,2026,6,36671.73294,2286,1,0,16.041877926509187,10.509761517652606,7.734558844354756,2.775202673297851,1,0
MD,2026,7,42721.2634,2655,1,0,16.090871337099813,10.662452047166813,7.884199933676039,2.7782521134907734,1,0
ME,2010,1,4208.656,577,1,0,7.294031195840555,8.344898635803533,6.3578422665081,1.9870563692954333,0,0
ME,2010,2,3385.183,523,1,0,6.472625239005736,8.12716324592348,6.259581464064923,1.8675817818585578,0,0
ME,2010,3,3880.816,611,1,0,6.351581014729951,8.263800719783774,6.415096959171596,1.8487037606121781,0,0
ME,2010,4,4443.841,665,1,0,6.682467669172933,8.399274371541594,6.499787040655854,1.8994873308857403,0,0
ME,2010,5,7715.833,890,1,0,8.669475280898876,8.951029730452882,6.7912214627261855,2.1598082677266963,0,0
ME,2010,6,12569.888,1154,1,0,10.89245060658579,9.439059391441177,7.050989447068045,2.3880699443731324,0,0
ME,2010,7,16157.415,1465,1,0,11.028952218430035,9.690134356408375,7.289610521451167,2.400523834957207,0,0
ME,2010,8,16955.548,1545,1,0,10.974464724919093,9.738350374886739,7.3427791893318455,2.3955711855548927,0,0
ME,2010,9,12394.166,1159,1,0,10.693844693701466,9.424981157009897,7.055312843339752,2.3696683136701453,0,0
ME,2010,10,6340.548,846,1,0,7.494737588652482,8.754720479027183,6.740519359606223,2.0142011194209606,0,0
ME,2010,11,4962.316,695,1,0,7.140023021582733,8.509627846222394,6.543911845564792,1.9657160006576022,0,0
ME,2010,12,5181.341,675,1,0,7.676060740740741,8.552819182058684,6.51471269087253,2.0381064911861544,0,0
ME,2011,1,4458.634,590,1,0,7.557006779661017,8.40259772007451,6.380122536899765,2.0224751831747447,0,0
ME,2011,2,3603.873,496,1,0,7.265872983870968,8.189764379483583,6.206575926724928,1.9831884527586547,0,0
ME,2011,3,3843.939,575,1,0,6.685111304347826,8.254252901077695,6.354370040797351,1.8998828602803441,0,0
ME,2011,4,5217.572,666,1,0,7.834192192192193,8.559787438568646,6.501289670540389,2.0584977680282575,0,0
ME,2011,5,7085.16,821,1,0,8.629914738124238,8.865757734791456,6.710523109452428,2.1552346253390278,0,0
ME,2011,6,13373.207,1185,1,0,11.285406751054852,9.501008506703123,7.077498053569231,2.4235104531338907,0,0
ME,2011,7,17614.758,1554,1,0,11.335108108108109,9.776492352389738,7.348587530927593,2.4279048214621453,0,0
ME,2011,8,16879.049,1476,1,0,11.435670054200541,9.733828427700296,7.297091005160418,2.4367374225398777,0,0
ME,2011,9,13116.145,1187,1,0,11.049827295703455,9.481599193103186,7.079184394609668,2.4024147984935187,0,0
ME,2011,10,5460.043,725,1,0,7.531093793103448,8.605211944165815,6.586171654854675,2.0190402893111403,0,0
ME,2011,11,3459.538,515,1,0,6.717549514563107,8.148890333124818,6.244166900663736,1.9047234324610816,0,0
ME,2011,12,3410.413,534,1,0,6.386541198501873,8.13458867731331,6.280395838960195,1.854192838353116,0,0
ME,2012,1,3293.189,506,1,0,6.508278656126482,8.099611675202489,6.226536669287466,1.8730750059150236,1,0
ME,2012,2,2366.554,373,1,0,6.344648793565684,7.76919016759431,5.921578419643816,1.8476117479504945,1,0
ME,2012,3,3526.217,574,1,0,6.143235191637631,8.167980903888864,6.352629396319567,1.8153515075692979,1,0
ME,2012,4,4802.223,667,1,0,7.199734632683658,8.476834214686699,6.502790045915623,1.9740441687710752,1,0
ME,2012,5,6891.56,819,1,0,8.414603174603176,8.838052753474015,6.70808408385307,2.1299686696209457,1,0
ME,2012,6,14157.225,1259,1,0,11.244817315329627,9.557980373465913,7.138073034044347,2.4199073394215658,1,0
ME,2012,7,15685.083,1434,1,0,10.937993723849372,9.660465412290726,7.2682230211595655,2.3922423911311608,1,0
ME,2012,8,15976.188,1429,1,0,11.179977606717985,9.67885464267789,7.264730177929867,2.414124464748023,1,0
ME,2012,9,13222.111,1115,1,0,11.858395515695069,9.489645782957362,7.016609683894219,2.473036099063143,1,0
ME,2012,10,5968.487,650,1,0,9.182287692307693,8.69424874043102,6.476972362889683,2.2172763775413378,1,0
ME,2012,11,3520.405,513,1,0,6.86238791423002,8.166331318791796,6.240275845170769,1.9260554736210271,1,0
ME,2012,12,3242.113,473,1,0,6.854361522198731,8.083980556715959,6.159095388491933,1.9248851682240267,1,0
ME,2013,1,3422.983,491,1,0,6.9714521384928725,8.138267672114113,6.19644412779452,1.9418235443195928,1,0
ME,2013,2,2695.061,419,1,0,6.432126491646779,7.89917611759529,6.037870919922137,1.861305197673152,1,0
ME,2013,3,3625.511,502,1,0,7.222133466135458,8.195750522871311,6.218600119691729,1.9771504031795823,1,0
ME,2013,4,4547.954,576,1,0,7.895753472222221,8.422432740483304,6.3561076606958915,2.066325079787413,1,0
ME,2013,5,7395.077,808,1,0,9.15232301980198,8.90856978753153,6.694562058521095,2.214007729010434,1,0
ME,2013,6,17988.02,1366,1,0,13.168389458272328,9.797461259742326,7.2196420401307355,2.5778192196115906,1,0
ME,2013,7,19476.699,1618,1,0,12.037514833127318,9.876974106985106,7.388946097618437,2.488028009366668,1,0
ME,2013,8,20276.011,1658,1,0,12.229198431845596,9.91719374210541,7.4133673356952405,2.5038264064101687,1,0
ME,2013,9,15591.761,1261,1,0,12.364600317208565,9.65449791269639,7.13966033596492,2.5148375767314715,1,0
ME,2013,10,6107.369,705,1,0,8.662934751773049,8.717251353863794,6.558197802812269,2.159053551051525,1,0
ME,2013,11,3530.814,475,1,0,7.433292631578947,8.169283718245275,6.163314804034641,2.0059689142106336,1,0
ME,2013,12,3603.345,488,1,0,7.3839036885245894,8.189617859702734,6.1903154058531475,1.9993024538495863,1,0
ME,2014,1,3382.47,448,1,0,7.55015625,8.12636149082601,6.104793232414985,2.0215682584110257,1,0
ME,2014,2,2869.378,407,1,0,7.050068796068796,7.961850560526791,6.008813185442595,1.953037375084196,1,0
ME,2014,3,3700.766,493,1,0,7.506624746450305,8.216295104232206,6.20050917404269,2.015785930189515,1,0
ME,2014,4,5331.141,617,1,0,8.640423014586709,8.581320565544459,6.424869023905388,2.1564515416390715,1,0
ME,2014,5,8099.092,794,1,0,10.200367758186397,8.999507235611562,6.677083461247136,2.322423774364426,1,0
ME,2014,6,17445.277,1332,1,0,13.097054804804804,9.76682423197002,7.194436851100335,2.572387380869686,1,0
ME,2014,7,19924.384,1514,1,0,13.160095112285335,9.899699587245752,7.322510433997394,2.577189153248359,1,0
ME,2014,8,20727.065,1596,1,0,12.9868828320802,9.939195613158162,7.3752557780097545,2.5639398351484086,1,0
ME,2014,9,14160.817,1110,1,0,12.757492792792792,9.558234063323374,7.01211529430638,2.5461187690169935,1,0
ME,2014,10,6289.935,703,1,0,8.947275960170698,8.746706015777816,6.555356891810665,2.1913491239671514,1,0
ME,2014,11,4322.879,540,1,0,8.00533148148148,8.371676894454026,6.29156913955832,2.0801077548957063,1,0
ME,2014,12,4245.061,538,1,0,7.890447955390334,8.353511468489081,6.2878585601617845,2.0656529083272965,1,0
ME,2015,1,4494.714,517,1,0,8.69383752417795,8.410657318630095,6.248042874508429,2.1626144441216653,1,0
ME,2015,2,3788.762,456,1,0,8.308688596491228,8.239794595638525,6.1224928095143865,2.1173017861241386,1,0
ME,2015,3,4171.349,522,1,0,7.9910900383141765,8.335994763676657,6.257667587882639,2.0783271757940187,1,0
ME,2015,4,5741.262,653,1,0,8.79213169984686,8.655434325774984,6.481577129276431,2.173857196498553,1,0
ME,2015,5,7789.719,826,1,0,9.430652542372881,8.960560066327153,6.716594773520978,2.243965292806175,1,0
ME,2015,6,15292.725,1258,1,0,12.156379173290938,9.635132504103138,7.1372784372603855,2.497854066842752,1,0
ME,2015,7,19375.756,1631,1,0,11.879678724708768,9.871777872815152,7.396948602621014,2.4748292701941375,1,0
ME,2015,8,21212.657,1705,1,0,12.441441055718474,9.962353310811498,7.4413203897176174,2.5210329210938807,1,0
ME,2015,9,14476.946,1168,1,0,12.394645547945206,9.580312732092517,7.0630481633881725,2.5172645687043453,1,0
ME,2015,10,6755.341,748,1,0,9.031204545454546,8.818088730245263,6.617402977974478,2.2006857522707857,1,0
ME,2015,11,4034.351,513,1,0,7.864231968810916,8.302600725140474,6.240275845170769,2.0623248799697036,1,0
ME,2015,12,4223.995,532,1,0,7.93984022556391,8.348536641673276,6.2766434893416445,2.071893152331631,1,0
ME,2016,1,4013.698,497,1,0,8.075851106639838,8.297468289854214,6.208590026096629,2.088878263757585,1,0
ME,2016,2,3569.468,471,1,0,7.578488322717622,8.180171844061316,6.154858094016418,2.0253137500448988,1,0
ME,2016,3,4154.405,538,1,0,7.721942379182155,8.331924496072617,6.2878585601617845,2.0440659359108317,1,0
ME,2016,4,6065.049,699,1,0,8.676751072961373,8.710297900488136,6.54965074223381,2.1606471582543256,1,0
ME,2016,5,8443.651,855,1,0,9.875615204678363,9.041170076991365,6.75110146893676,2.290068608054606,1,0
ME,2016,6,18343.142,1423,1,0,12.890472241742797,9.817011050657117,7.260522598089852,2.556488452567265,1,0
ME,2016,7,22286.828,1803,1,0,12.360969495285635,10.011751110286658,7.497207223203318,2.514543887083341,1,0
ME,2016,8,21988.29,1758,1,0,12.507559726962457,9.998265317905766,7.471932078245122,2.526333239660643,1,0
ME,2016,9,17906.297,1372,1,0,13.05123688046647,9.792907717675556,7.22402480828583,2.5688829093897247,1,0
ME,2016,10,7886.979,794,1,0,9.933222921914359,8.972968450785089,6.677083461247136,2.2958849895379534,1,0
ME,2016,11,4173.258,518,1,0,8.056482625482625,8.336452304704846,6.249975242259483,2.0864770624453626,1,0
ME,2016,12,4300.628,543,1,0,7.9201252302025775,8.366516337529529,6.297109319933935,2.0694070175955925,1,0
ME,2017,1,4097.782,526,1,0,7.790460076045628,8.318201130702544,6.26530121273771,2.0528999179648335,1,0
ME,2017,2,3645.223,466,1,0,7.822366952789699,8.201172822269573,6.144185634125646,2.056987188143928,1,0
ME,2017,3,4514.883,561,1,0,8.047919786096257,8.41513455189406,6.329720905522696,2.0854136463713635,1,0
ME,2017,4,7191.026,759,1,0,9.47434255599473,8.880589138726608,6.63200177739563,2.2485873613309773,1,0
ME,2017,5,10300.401,977,1,0,10.542887410440123,9.23993810549873,6.884486652042782,2.3554514534559474,1,0
ME,2017,6,21950.434,1622,1,0,13.532943279901357,9.996542190517417,7.3914152346753585,2.6051269558420587,1,0
ME,2017,7,25709.323,1927,1,0,13.341631032693305,10.154608967746766,7.563719668414366,2.590889299332399,1,0
ME,2017,8,25118.571,1866,1,0,13.461184887459806,10.131362732021337,7.531552381407289,2.5998103506140473,1,0
ME,2017,9,20392.029,1490,1,0,13.685925503355703,9.922899368181264,7.306531398939505,2.616367969241759,1,0
ME,2017,10,9410.899,920,1,0,10.22923804347826,9.149623764679212,6.824373670043086,2.325250094636127,1,0
ME,2017,11,4958.189,596,1,0,8.319109060402685,8.508795832078341,6.39024066706535,2.1185551650129915,1,0
ME,2017,12,5148.185,599,1,0,8.594632721202004,8.54639950435626,6.395261598115449,2.1511379062408116,1,0
ME,2018,1,5036.965,602,1,0,8.36705149501661,8.524558997141005,6.400257445308821,2.1243015518321835,1,0
ME,2018,2,4281.814,513,1,0,8.346615984405458,8.362132030560227,6.240275845170769,2.121856185389457,1,0
ME,2018,3,5552.856,647,1,0,8.582466769706336,8.622067668976682,6.472346294500901,2.149721374475781,1,0
ME,2018,4,8061.555,819,1,0,9.843168498168499,8.994861744932155,6.70808408385307,2.286777661079086,1,0
ME,2018,5,12425.544,1126,1,0,11.035119005328596,9.427509632702572,7.026426808699636,2.4010828240029367,1,0
ME,2018,6,22355.921,1712,1,0,13.058365070093457,10.014846486656381,7.445417556701687,2.569428929954694,1,0
ME,2018,7,26385.092,2041,1,0,12.927531602155806,10.180554432663328,7.621195162809845,2.5593592698534824,1,0
ME,2018,8,27052.824,2105,1,0,12.851697862232779,10.205546678086032,7.652070746116482,2.5534759319695506,1,0
ME,2018,9,21513.735,1631,1,0,13.190518087063152,9.976446847355431,7.396948602621014,2.579498244734417,1,0
ME,2018,10,9349.304,953,1,0,9.810392444910809,9.143057181009375,6.859614903654202,2.283442277355174,1,0
ME,2018,11,5230.575,613,1,0,8.532748776508972,8.562276493654343,6.418364935936212,2.1439115577181314,1,0
ME,2018,12,5270.299,630,1,0,8.365553968253968,8.569842376168852,6.4457198193855785,2.124122556783274,1,0
ME,2019,1,5158.74,603,1,0,8.555124378109452,8.54844764261083,6.401917196727186,2.1465304458836445,1,0
ME,2019,2,4520.02,550,1,0,8.218218181818182,8.41627169759525,6.309918278226516,2.106353419368732,1,0
ME,2019,3,5532.091,653,1,0,8.471808575803982,8.61832114239628,6.481577129276431,2.136744013119849,1,0
ME,2019,4,8579.318,880,1,0,9.749225,9.057109702143247,6.779921907472252,2.2771877946709953,1,0
ME,2019,5,14167.348,1239,1,0,11.434502017756255,9.558695159205561,7.122059881629142,2.436635277576418,1,0
ME,2019,6,23414.72,1789,1,0,13.088160983789827,10.061120163399655,7.489412083508719,2.5717080798909366,1,0
ME,2019,7,27062.222,2055,1,0,13.168964476885646,10.205894012174761,7.628031126930335,2.577862885244427,1,0
ME,2019,8,27289.229,2098,1,0,13.00725881792183,10.214247361196287,7.6487397889562425,2.5655075722400444,1,0
ME,2019,9,22673.927,1708,1,0,13.275132903981264,10.028970953025745,7.443078374348516,2.5858925786772287,1,0
ME,2019,10,11173.995,1055,1,0,10.591464454976304,9.321344482551659,6.961296045910167,2.360048436641492,1,0
ME,2019,11,5734.576,630,1,0,9.102501587301587,8.654269094833854,6.4457198193855785,2.2085492754482754,1,0
ME,2019,12,6095.897,652,1,0,9.34953527607362,8.715371200898279,6.480044561926653,2.2353266389716255,1,0
ME,2020,1,5811.083,616,1,0,9.433576298701299,8.667522235228995,6.423246963533519,2.244275271695475,1,0
ME,2020,2,5114.311,585,1,0,8.742411965811966,8.539797967455334,6.371611847231857,2.168186120223478,1,0
ME,2020,3,3200.497,326,1,0,9.817475460122699,8.07106138922808,5.786897381366708,2.2841640078613725,1,0
ME,2020,4,367.549,36,1,0,10.209694444444445,5.906856643098126,3.58351893845611,2.323337704642016,1,0
ME,2020,5,361.09,42,1,0,8.597380952380952,5.88912723474016,3.7376696182833684,2.1514576164567916,1,0
ME,2020,6,1063.856,219,1,0,4.8577899543379,6.969655322396664,5.389071729816501,1.580583592580164,1,0
ME,2020,7,5045.801,668,1,0,7.553594311377246,8.526311691245374,6.504288173536645,2.0220235177087287,1,0
ME,2020,8,6931.113,851,1,0,8.144668625146886,8.843775685348783,6.7464121285733745,2.097363556775408,1,0
ME,2020,9,5877.362,740,1,0,7.9423810810810815,8.6788633007681,6.606650186198215,2.072213114569884,1,0
ME,2020,10,3245.755,466,1,0,6.965139484978541,8.085103267715184,6.144185634125646,1.9409176335895375,1,0
ME,2020,11,1730.435,301,1,0,5.748953488372093,7.456128100971513,5.707110264748875,1.7490178362226365,1,0
ME,2020,12,1733.992,273,1,0,6.351619047619048,7.458181543719695,5.60947179518496,1.8487097485347348,1,0
ME,2021,1,1167.7876,195,1,0,5.98865435897436,7.062866297536512,5.272999558563747,1.7898667389727658,1,0
ME,2021,2,1075.21525,201,1,0,5.34932960199005,6.98027615307604,5.303304908059076,1.6769712450169638,1,0
ME,2021,3,1447.11945,266,1,0,5.440298684210526,7.277330273328074,5.583496308781699,1.6938339645463751,1,0
ME,2021,4,1789.9565,305,1,0,5.868709836065574,7.489946596863533,5.720311776607412,1.769634820256121,1,0
ME,2021,5,3384.04895,536,1,0,6.313524160447761,8.126828185751519,6.284134161070802,1.8426940246807166,1,0
ME,2021,6,8491.09685,938,1,0,9.052342057569296,9.046773464129108,6.843749949006225,2.203023515122883,1,0
ME,2021,7,15436.1797,1644,1,0,9.389403710462288,9.644469364206746,7.404887575616125,2.23958178859062,1,0
ME,2021,8,17125.3904,1763,1,0,9.713777878615996,9.748317459950869,7.47477218239787,2.2735452775529983,1,0
ME,2021,9,12333.1181,1218,1,0,10.125712725779968,9.420043451454625,7.1049654482698426,2.3150780031847815,1,0
ME,2021,10,5835.6647,713,1,0,8.184662973352035,8.671743454256712,6.569481420414296,2.102262033842416,1,0
ME,2021,11,3668.3795,519,1,0,7.068168593448941,8.20750529040181,6.251903883165888,1.9556014072359216,1,0
ME,2021,12,3461.4909,507,1,0,6.827398224852071,8.149454671196525,6.2285110035911835,1.9209436676053422,1,0
ME,2022,1,2850.70765,424,1,0,6.7233670990566035,7.955322540687402,6.049733455231958,1.9055890854554447,1,0
ME,2022,2,2738.7124,412,1,0,6.647360194174757,7.915243161924517,6.021023349349527,1.8942198125749903,1,0
ME,2022,3,3694.05855,523,1,0,7.0632094646271515,8.214481010660647,6.259581464064923,1.954899546595723,1,0
ME,2022,4,6055.7106,718,1,0,8.434137325905294,8.708757006657072,6.576469569048224,2.1322874376088485,1,0
ME,2022,5,8311.3757,929,1,0,8.946583100107643,9.025380421681106,6.834108738813838,2.1912716828672676,1,0
ME,2022,6,12228.42695,1228,1,0,9.95800240228013,9.411518598168275,7.113142108707088,2.298376489461188,1,0
ME,2022,7,15799.85205,1606,1,0,9.8380149750934,9.667755855047165,7.381501894506707,2.2862539605404586,1,0
ME,2022,8,15734.16435,1574,1,0,9.996292471410419,9.663589700366602,7.3613754289773485,2.302214271389254,1,0
ME,2022,9,11715.2452,1190,1,0,9.844743865546217,9.368646281153929,7.081708586105575,2.2869376950483535,1,0
ME,2022,10,7720.4269,823,1,0,9.380834629404617,8.951624939417409,6.71295620067707,2.2386687387403392,1,0
ME,2022,11,4102.00885,574,1,0,7.146356881533102,8.319232096114153,6.352629396319567,1.9666026997945862,1,0
ME,2022,12,4094.99985,578,1,0,7.084774826989619,8.317521959657132,6.359573868672378,1.957948090984755,1,0
ME,2023,1,4178.8971,568,1,0,7.357213204225352,8.337802639029183,6.342121418721152,1.9956812203080323,1,0
ME,2023,2,3735.33615,507,1,0,7.367526923076923,8.22559309351716,6.2285110035911835,1.9970820899259776,1,0
ME,2023,3,4753.9171,600,1,0,7.923195166666666,8.466724209821104,6.396929655216146,2.069794554604958,1,0
ME,2023,4,6960.4368,776,1,0,8.969635051546392,8.847997509979916,6.654152520183219,2.1938449897966965,1,0
ME,2023,5,10536.9069,1057,1,0,9.968691485335857,9.26263931602856,6.963189985870238,2.299449330158321,1,0
ME,2023,6,15985.79335,1478,1,0,10.815827706359945,9.679455691166341,7.298445101508147,2.3810105896581946,1,0
ME,2023,7,20041.9163,1837,1,0,10.910134077299945,9.905581174379636,7.515889085215125,2.389692089164511,1,0
ME,2023,8,19815.3405,1793,1,0,11.051500557724482,9.894211689428445,7.491645473605133,2.402566215823312,1,0
ME,2023,9,15236.42975,1456,1,0,10.464580872252746,9.631444533422812,7.283448228756631,2.347996304666181,1,0
ME,2023,10,9677.58655,982,1,0,9.854976120162933,9.177567825837283,6.889591308354466,2.2879765174828166,1,0
ME,2023,11,4691.6413,616,1,0,7.616300811688312,8.453537757575608,6.423246963533519,2.0302907940420893,1,0
ME,2023,12,4800.83965,637,1,0,7.536639952904238,8.476546108681358,6.456769655572163,2.019776453109194,1,0
ME,2024,1,4627.08504,594,1,0,7.789705454545454,8.439682367817424,6.386879319362645,2.0528030484547783,1,0
ME,2024,2,4347.03044,559,1,0,7.776440858676208,8.377248233494756,6.326149473155099,2.051098760339656,1,0
ME,2024,3,5146.88792,650,1,0,7.918289107692308,8.546147523623935,6.476972362889683,2.0691751607342526,1,0
ME,2024,4,9678.62708,1004,1,0,9.640066812749005,9.177675339633202,6.911747300251674,2.2659280393815284,1,0
ME,2024,5,12912.66452,1280,1,0,10.08801915625,9.465963854489031,7.154615356913663,2.3113484975753673,1,0
ME,2024,6,18151.59314,1627,1,0,11.156480110633067,9.806513612149422,7.394493107219038,2.4120205049303842,1,0
ME,2024,7,23433.91188,2094,1,0,11.190979885386819,10.06193947787282,7.646831391430482,2.4151080864423364,1,0
ME,2024,8,23298.27676,2091,1,0,11.142169660449547,10.056134678020422,7.645397699428633,2.4107369785917885,1,0
ME,2024,9,18053.84556,1621,1,0,11.137474127082049,9.801113991484522,7.390798521735676,2.4103154697488467,1,0
ME,2024,10,12168.22394,1153,1,0,10.55353333911535,9.406583237780296,7.050122520269059,2.3564607175112373,1,0
ME,2024,11,5007.2393,644,1,0,7.775216304347826,8.518640004277566,6.467698726104354,2.0509412781732124,1,0
ME,2024,12,4666.58372,627,1,0,7.442717256778309,8.448182545485608,6.440946540632921,2.0072360048526865,1,0
ME,2025,1,4776.21372,631,1,0,7.5692768938193336,8.47140340281496,6.447305862541213,2.024097540273748,1,0
ME,2025,2,3886.68494,535,1,0,7.264831663551402,8.265311872769061,6.282266746896006,1.9830451258730541,1,0
ME,2025,3,4900.09602,647,1,0,7.573564173106646,8.497010079825088,6.472346294500901,2.0246637853241873,1,0
ME,2025,4,10967.63996,1074,1,0,10.211955270018622,9.302704394299267,6.97914527506881,2.3235591192304574,1,0
ME,2025,5,15298.8634,1410,1,0,10.850257730496454,9.635533817039368,7.251344983372214,2.3841888336671544,1,0
ME,2025,6,19900.92566,1746,1,0,11.398010114547537,9.898521525208658,7.465082736399547,2.43343878880911,1,0
ME,2025,7,25105.6228,2149,1,0,11.682467566309912,10.130847115968306,7.67275789664251,2.4580892193257964,1,0
ME,2025,8,25591.73932,2192,1,0,11.67506355839416,10.150024895581852,7.692569648067906,2.4574552475139466,1,0
ME,2025,9,19877.7255,1702,1,0,11.679039659224442,9.897355062196262,7.43955930913332,2.4577957530629413,1,0
ME,2025,10,13705.47146,1222,1,0,11.215606759410802,9.525550408728929,7.108244139731541,2.4173062689973874,1,0
ME,2025,11,4979.8914,617,1,0,8.071136790923825,8.513163362552001,6.424869023905388,2.088294338646614,1,0
ME,2025,12,4650.32994,619,1,0,7.512649337641356,8.444693450902935,6.428105272684596,2.01658817821834,1,0
ME,2026,1,4366.54854,579,1,0,7.541534611398963,8.381728168246827,6.361302477572996,2.0204256906738314,1,0
ME,2026,2,3936.64246,529,1,0,7.441668166351607,8.278083471478144,6.270988431858299,2.007095039619845,1,0
ME,2026,3,5111.03374,653,1,0,7.827004196018376,8.539156960194347,6.481577129276431,2.0575798309179167,1,0
ME,2026,4,11199.8915,1130,1,0,9.911408407079646,9.323659369736262,7.029972911706386,2.2936864580298755,1,0
ME,2026,5,17439.00814,1573,1,0,11.08646417037508,9.766464823139234,7.360739903058278,2.4057249200809574,1,0
ME,2026,6,25169.96986,2062,1,0,12.2065809214355,10.133406890671354,7.631431664576906,2.501975226094449,1,0
ME,2026,7,30456.10314,2561,1,0,11.892269871144084,10.324041684581422,7.848153086199526,2.4758885983818963,1,0
MK,2010,1,3648.76,440,1,0,8.292636363636364,8.20214266282918,6.0867747269123065,2.1153679359168733,0,0
MK,2010,2,2521.933,349,1,0,7.226169054441261,7.832780949954689,5.855071922202427,1.9777090277522618,0,0
MK,2010,3,3142.388,421,1,0,7.464104513064133,8.052738299415584,6.042632833682381,2.010105465733203,0,0
MK,2010,4,3226.16,414,1,0,7.792657004830917,8.079047854479441,6.025865973825314,2.0531818806541264,0,0
MK,2010,5,3938.12,493,1,0,7.988073022312373,8.278458731055775,6.20050917404269,2.077949557013084,0,0
MK,2010,6,4685.098,554,1,0,8.45685559566787,8.452142112276587,6.317164686747284,2.134977425529303,0,0
MK,2010,7,6390.819,654,1,0,9.771894495412845,8.76261770817272,6.483107351457199,2.27951035671552,0,0
MK,2010,8,6027.908,651,1,0,9.259459293394778,8.704155297519767,6.478509642208569,2.225645655311197,0,0
MK,2010,9,4289.816,535,1,0,8.0183476635514,8.36399912055935,6.282266746896006,2.0817323736633444,0,0
MK,2010,10,4263.327,526,1,0,8.105184410646388,8.3578051203681,6.26530121273771,2.0925039076303906,0,0
MK,2010,11,3582.994,453,1,0,7.9094790286975725,8.183954042729173,6.115892125483034,2.0680619172461387,0,0
MK,2010,12,3831.785,461,1,0,8.311898047722343,8.251086031044908,6.133398042996649,2.1176879880482593,0,0
MK,2011,1,3586.994,389,1,0,9.221064267352185,8.185069804823886,5.963579343618446,2.22149046120544,0,0
MK,2011,2,2883.755,335,1,0,8.608223880597015,7.96684854333995,5.814130531825066,2.1527180115148834,0,0
MK,2011,3,3048.523,365,1,0,8.352117808219178,8.022412490013522,5.8998973535824915,2.12251513643103,0,0
MK,2011,4,3687.38,404,1,0,9.127178217821783,8.21267145774568,6.0014148779611505,2.2112565797845294,0,0
MK,2011,5,4093.212,488,1,0,8.38772950819672,8.31708527089989,6.1903154058531475,2.1267698650467417,0,0
MK,2011,6,4562.2,514,1,0,8.875875486381323,8.425560242304238,6.2422232654551655,2.1833369768490734,0,0
MK,2011,7,6826.216,665,1,0,10.264986466165414,8.828525772681207,6.499787040655854,2.328738732025353,0,0
MK,2011,8,6212.196,621,1,0,10.003536231884057,8.734269735605986,6.431331081933479,2.302938653672508,0,0
MK,2011,9,5105.399,566,1,0,9.020139575971733,8.53805388621251,6.338594078203183,2.199459808009326,0,0
MK,2011,10,4575.592,497,1,0,9.206422535211267,8.428491368245409,6.208590026096629,2.21990134214878,0,0
MK,2011,11,3574.012,420,1,0,8.509552380952382,8.181444053296277,6.040254711277414,2.1411893420188632,0,0
MK,2011,12,4125.826,452,1,0,9.127933628318583,8.325021521147185,6.113682179832232,2.2113393413149542,0,0
MK,2012,1,4044.139,455,1,0,8.888217582417584,8.305023951458663,6.12029741895095,2.184726532507712,1,0
MK,2012,2,2981.645,347,1,0,8.59263688760807,8.000230440618905,5.849324779946859,2.1509056606720467,1,0
MK,2012,3,3339.163,407,1,0,8.204331695331696,8.113475455763224,6.008813185442595,2.1046622703206292,1,0
MK,2012,4,3943.404,423,1,0,9.322468085106383,8.27979958868475,6.0473721790462776,2.232427409638471,1,0
MK,2012,5,4542.23,447,1,0,10.16158836689038,8.421173359868668,6.102558594613569,2.318614765255099,1,0
MK,2012,6,4703.017,487,1,0,9.65711909650924,8.455959496652527,6.18826412308259,2.2676953735699374,1,0
MK,2012,7,6648.974,620,1,0,10.724151612903226,8.80221783603235,6.429719478039138,2.3724983579932117,1,0
MK,2012,8,5917.059,579,1,0,10.219445595854923,8.685594813896206,6.361302477572996,2.3242923363232104,1,0
MK,2012,9,4597.307,472,1,0,9.74005720338983,8.433225976260724,6.156978985585555,2.2762469906751677,1,0
MK,2012,10,3949.386,425,1,0,9.29267294117647,8.281315402774672,6.052089168924417,2.229226233850255,1,0
MK,2012,11,4085.869,402,1,0,10.163853233830846,8.315289714168555,5.996452088619021,2.318837625549535,1,0
MK,2012,12,4348.74,425,1,0,10.232329411764706,8.377641426952154,6.052089168924417,2.3255522580277375,1,0
MK,2013,1,4758.273,442,1,0,10.765323529411765,8.467640066266084,6.091309882077698,2.3763301841883853,1,0
MK,2013,2,3771.706,376,1,0,10.031132978723404,8.235282697979706,5.929589143389895,2.3056935545898116,1,0
MK,2013,3,4539.416,441,1,0,10.293460317460317,8.420553648400052,6.089044875446846,2.3315087729532054,1,0
MK,2013,4,4936.625,444,1,0,11.118524774774775,8.504437178315037,6.095824562432225,2.408612615882812,1,0
MK,2013,5,5792.665,520,1,0,11.139740384615385,8.664347741010895,6.253828811575473,2.4105189294354212,1,0
MK,2013,6,6398.946,553,1,0,11.571330922242314,8.763888568285287,6.315358001522335,2.448530566762953,1,0
MK,2013,7,7679.192,664,1,0,11.565048192771084,8.9462696122736,6.498282149476434,2.447987462797166,1,0
MK,2013,8,7470.518,655,1,0,11.405370992366413,8.918719619765515,6.484635235635252,2.434084384130262,1,0
MK,2013,9,6334.947,573,1,0,11.055753926701572,8.753836726500827,6.35088571671474,2.402951009786087,1,0
MK,2013,10,5645.67,502,1,0,11.246354581673307,8.638644158646171,6.218600119691729,2.4200440389544418,1,0
MK,2013,11,4650.071,423,1,0,10.993075650118204,8.444637767282039,6.0473721790462776,2.397265588235761,1,0
MK,2013,12,4453.609,405,1,0,10.996565432098766,8.401470057704332,6.003887067106539,2.3975829905977926,1,0
MK,2014,1,4742.063,410,1,0,11.56600731707317,8.464227552070628,6.016157159698354,2.4480703923722755,1,0
MK,2014,2,4517.758,409,1,0,11.045863080684596,8.415771132069688,6.013715156042802,2.402055976026887,1,0
MK,2014,3,5202.957,462,1,0,11.261811688311688,8.556982396793343,6.135564891081739,2.421417505711604,1,0
MK,2014,4,6708.784,554,1,0,12.109718411552345,8.811172991486394,6.317164686747284,2.4940083047391104,1,0
MK,2014,5,7347.06,621,1,0,11.831014492753624,8.902055512185543,6.431331081933479,2.470724430252064,1,0
MK,2014,6,7507.044,634,1,0,11.840763406940063,8.923597058752042,6.452048954437226,2.4715481043148166,1,0
MK,2014,7,8558.716,709,1,0,12.0715317348378,9.054705457884662,6.5638555265321274,2.490849931352535,1,0
MK,2014,8,8849.835,720,1,0,12.291437499999999,9.088154093760375,6.579251212010101,2.5089028817502745,1,0
MK,2014,9,8219.813,658,1,0,12.492117021276595,9.014302738399726,6.489204931325317,2.5250978070744097,1,0
MK,2014,10,6803.643,578,1,0,11.77100865051903,8.825213483003397,6.359573868672378,2.4656396143310193,1,0
MK,2014,11,5885.833,507,1,0,11.609138067061144,8.680303555981807,6.2285110035911835,2.451792552390624,1,0
MK,2014,12,6184.123,506,1,0,12.221586956521739,8.729740480108264,6.226536669287466,2.503203810820798,1,0
MK,2015,1,5936.977,496,1,0,11.969711693548387,8.688955360252729,6.206575926724928,2.482379433527801,1,0
MK,2015,2,5029.706,443,1,0,11.353738148984199,8.523116812081383,6.093569770045136,2.4295470420362473,1,0
MK,2015,3,5953.665,518,1,0,11.493561776061776,8.691762275296801,6.249975242259483,2.4417870330373184,1,0
MK,2015,4,6530.602,551,1,0,11.8522722323049,8.784254407914052,6.311734809152915,2.4725195987611377,1,0
MK,2015,5,7340.005,601,1,0,12.212986688851913,8.90109480280724,6.398594934535208,2.502499868272032,1,0
MK,2015,6,7784.084,653,1,0,11.92049617151608,8.959836415174522,6.481577129276431,2.47825928589809,1,0
MK,2015,7,10532.237,836,1,0,12.59836961722488,9.262196023211477,6.728628613084702,2.533567410126775,1,0
MK,2015,8,10909.878,823,1,0,13.25623086269745,9.297423896363126,6.71295620067707,2.584467695686057,1,0
MK,2015,9,9265.83,725,1,0,12.780455172413793,9.134088719164648,6.586171654854675,2.547917064309974,1,0
MK,2015,10,8004.764,640,1,0,12.50744375,8.987792143422208,6.461468176353717,2.526323967068491,1,0
MK,2015,11,7133.502,580,1,0,12.299141379310345,8.87255755692211,6.363028103540465,2.509529453381646,1,0
MK,2015,12,7684.015,619,1,0,12.41359450726979,8.946897475994819,6.428105272684596,2.518792203310223,1,0
MK,2016,1,7197.238,569,1,0,12.648924428822497,8.881452620295471,6.343880434126331,2.53757218616914,1,0
MK,2016,2,6726.335,539,1,0,12.479285714285714,8.813785697780093,6.289715570908998,2.5240701268710946,1,0
MK,2016,3,7803.031,610,1,0,12.791854098360655,8.962267526939833,6.413458957167357,2.548808569772475,1,0
MK,2016,4,8115.657,645,1,0,12.582413953488372,9.001550437854506,6.4692503167957724,2.532300121058734,1,0
MK,2016,5,8811.214,694,1,0,12.696273775216138,9.083780507393826,6.542471960506805,2.5413085468870213,1,0
MK,2016,6,9047.108,730,1,0,12.393298630136986,9.11020042761338,6.593044534142437,2.517155893470944,1,0
MK,2016,7,10841.869,887,1,0,12.223076662908682,9.29117067710571,6.787844982309579,2.5033256947961293,1,0
MK,2016,8,10839.745,891,1,0,12.165819304152638,9.290974750731705,6.792344427470809,2.498630323260895,1,0
MK,2016,9,9462.187,766,1,0,12.35272454308094,9.155058819259382,6.641182169740591,2.513876649518792,1,0
MK,2016,10,8726.79,687,1,0,12.702751091703059,9.07415288362181,6.532334292222349,2.5418185913994606,1,0
MK,2016,11,7783.555,616,1,0,12.635641233766234,8.959768453680784,6.423246963533519,2.5365214901472637,1,0
MK,2016,12,7742.979,593,1,0,13.057300168634065,8.954541776255963,6.385194398997726,2.5693473772582376,1,0
MK,2017,1,7527.484,585,1,0,12.867494017094018,8.926316134813943,6.371611847231857,2.554704287582086,1,0
MK,2017,2,6381.329,496,1,0,12.865582661290322,8.761131661855933,6.206575926724928,2.554555735131005,1,0
MK,2017,3,7547.669,594,1,0,12.706513468013467,8.928994052850678,6.386879319362645,2.5421147334880336,1,0
MK,2017,4,8464.257,657,1,0,12.883191780821917,9.043607517531246,6.48768401848461,2.5559234990466364,1,0
MK,2017,5,9186.547,701,1,0,13.104917261055636,9.125495410249826,6.55250788703459,2.572987523215236,1,0
MK,2017,6,9474.501,770,1,0,12.304546753246754,9.156359363656131,6.646390514847729,2.509968848808401,1,0
MK,2017,7,11996.825,963,1,0,12.457762201453791,9.392397310428459,6.870053411798126,2.522343898630333,1,0
MK,2017,8,13732.751,1061,1,0,12.943214891611687,9.527538842857858,6.966967138613983,2.5605717042438747,1,0
MK,2017,9,11647.299,883,1,0,13.190599093997736,9.362829586619963,6.78332520060396,2.579504386016003,1,0
MK,2017,10,10444.842,792,1,0,13.187931818181818,9.2538635470213,6.674561391814426,2.579302155206874,1,0
MK,2017,11,8865.134,675,1,0,13.133531851851853,9.089881334017306,6.51471269087253,2.5751686431447762,1,0
MK,2017,12,9214.416,684,1,0,13.471368421052631,9.128524493163471,6.52795791762255,2.6005665755409213,1,0
MK,2018,1,9377.081,689,1,0,13.609696661828737,9.14602379953951,6.535241271013659,2.610782528525851,1,0
MK,2018,2,8191.41,595,1,0,13.767075630252101,9.010841323201243,6.38856140554563,2.6222799176556126,1,0
MK,2018,3,9499.895,711,1,0,13.361315049226443,9.159036024895972,6.566672429803241,2.5923635950927317,1,0
MK,2018,4,10367.685,754,1,0,13.750245358090185,9.246449036186071,6.625392368007956,2.621056668178115,1,0
MK,2018,5,10664.734,779,1,0,13.69028754813864,9.274697689197316,6.658011045870748,2.6166866433265676,1,0
MK,2018,6,12162.704,893,1,0,13.62004927211646,9.406129499221018,6.794586580876499,2.6115429183445187,1,0
MK,2018,7,14420.488,1052,1,0,13.707688212927756,9.576405252152586,6.9584483932976555,2.6179568588549302,1,0
MK,2018,8,14757.634,1056,1,0,13.975032196969696,9.599515787202368,6.962243464266207,2.6372723229361617,1,0
MK,2018,9,13405.447,962,1,0,13.934976091476091,9.503416395880606,6.8690144506657065,2.6344019452149006,1,0
MK,2018,10,10709.202,786,1,0,13.62493893129771,9.27885865086188,6.666956792429207,2.611901858432673,1,0
MK,2018,11,8589.698,645,1,0,13.317361240310078,9.058318857200787,6.4692503167957724,2.5890685404050133,1,0
MK,2018,12,9399.904,700,1,0,13.428434285714287,9.148454755439987,6.551080335043404,2.5973744203965827,1,0
MK,2019,1,9164.31,680,1,0,13.476926470588234,9.12307187102393,6.522092798170152,2.6009790728537765,1,0
MK,2019,2,7922.08,593,1,0,13.359325463743676,8.977409076590858,6.385194398997726,2.592214677593132,1,0
MK,2019,3,9200.918,695,1,0,13.238730935251798,9.127058540667875,6.543911845564792,2.583146695103082,1,0
MK,2019,4,11694.82,854,1,0,13.694168618266978,9.366901287707016,6.74993119378857,2.6169700939184466,1,0
MK,2019,5,12496.879,923,1,0,13.539413867822319,9.433234212115153,6.827629234502852,2.6056049776122996,1,0
MK,2019,6,14420.293,1025,1,0,14.068578536585365,9.5763917296339,6.932447891572509,2.64394383806139,1,0
MK,2019,7,15875.044,1192,1,0,13.317989932885906,9.672503595410594,7.083387847625295,2.5891157477852995,1,0
MK,2019,8,16974.782,1235,1,0,13.744762753036436,9.739484109929116,7.118826249062078,2.620657860867038,1,0
MK,2019,9,14449.313,1053,1,0,13.722044634377967,9.578402149157768,6.959398512133975,2.6190036370237912,1,0
MK,2019,10,12401.119,896,1,0,13.840534598214287,9.425541989457054,6.79794041297493,2.6276015764821232,1,0
MK,2019,11,10101.777,734,1,0,13.762638964577656,9.22046662794768,6.598509028614515,2.6219575993331636,1,0
MK,2019,12,11201.119,788,1,0,14.214618020304568,9.323768963006728,6.669498089857879,2.6542708731488496,1,0
MK,2020,1,10462.922,757,1,0,13.82156142668428,9.255593048512392,6.6293632534374485,2.626229795074943,1,0
MK,2020,2,9306.044,692,1,0,13.448040462427745,9.138419360525804,6.539585955617669,2.5988334049081345,1,0
MK,2020,3,5562.946,436,1,0,12.759050458715596,8.623883103035551,6.077642243349034,2.546240859686516,1,0
MK,2020,4,535.321,78,1,0,6.863089743589744,6.282866566967974,4.356708826689592,1.9261577402783825,1,0
MK,2020,5,403.223,67,1,0,6.018253731343283,5.999489758781025,4.204692619390966,1.7947971393900592,1,0
MK,2020,6,218.024,63,1,0,3.4606984126984126,5.3846051484725574,4.143134726391533,1.2414704220810244,1,0
MK,2020,7,6760.683,479,1,0,14.114160751565763,8.818879199436227,6.171700597410915,2.6471786020253103,1,0
MK,2020,8,6358.909,471,1,0,13.500868365180466,8.757612100738845,6.154858094016418,2.602754006722427,1,0
MK,2020,9,4607.831,398,1,0,11.577464824120604,8.435512526355948,5.986452005284438,2.44906052107151,1,0
MK,2020,10,3751.46,349,1,0,10.74916905444126,8.229900376527233,5.855071922202427,2.3748284543248066,1,0
MK,2020,11,3211.663,320,1,0,10.036446875,8.074544150508714,5.768320995793772,2.306223154714942,1,0
MK,2020,12,3492.203,330,1,0,10.582433333333332,8.158288048144986,5.799092654460526,2.35919539368446,1,0
MK,2021,1,3828.33835,349,1,0,10.969450859598854,8.250186136859107,5.855071922202427,2.395114214656679,1,0
MK,2021,2,2940.92585,296,1,0,9.935560304054054,7.986479725723403,5.69035945432406,2.296120271399343,1,0
MK,2021,3,3790.3962,386,1,0,9.8196792746114,8.240225830871305,5.955837369464831,2.2843884614064733,1,0
MK,2021,4,4163.13135,408,1,0,10.20375330882353,8.334022798462783,6.0112671744041615,2.322755624058621,1,0
MK,2021,5,5081.57685,527,1,0,9.64246081593928,8.53337689595062,6.267200548541362,2.2661763474092593,1,0
MK,2021,6,7864.59265,677,1,0,11.616828138847858,8.970126021398386,6.517671272912275,2.4524547484861103,1,0
MK,2021,7,12827.7767,943,1,0,13.603156627783669,9.459368153427363,6.849066282633458,2.610301870793905,1,0
MK,2021,8,13479.32255,971,1,0,13.881897579814625,9.508912127268708,6.878326468291325,2.6305856589773833,1,0
MK,2021,9,10605.40305,839,1,0,12.640528069129918,9.269118871934294,6.732210706467206,2.536908165467089,1,0
MK,2021,10,9103.067,653,1,0,13.94037825421133,9.116366668689121,6.481577129276431,2.634789539412691,1,0
MK,2021,11,6887.7072,540,1,0,12.755013333333332,8.837493536493245,6.29156913955832,2.5459243969349243,1,0
MK,2021,12,8872.19235,645,1,0,13.755336976744186,9.090677209363262,6.4692503167957724,2.6214268925674897,1,0
MK,2022,1,7442.7885,536,1,0,13.885799440298507,8.915000855994863,6.284134161070802,2.6308666949240616,1,0
MK,2022,2,5133.29425,409,1,0,12.550841687041565,8.543502886068262,6.013715156042802,2.5297877300254616,1,0
MK,2022,3,7536.0184,543,1,0,13.878486924493554,8.927449257866806,6.297109319933935,2.630339937932871,1,0
MK,2022,4,9976.0167,699,1,0,14.271840772532189,9.207939161376114,6.54965074223381,2.6582884191423033,1,0
MK,2022,5,11532.1968,781,1,0,14.765937003841229,9.35289812416939,6.660575149839686,2.6923229743297035,1,0
MK,2022,6,13865.18715,1001,1,0,13.851335814185814,9.53713645597537,6.90875477931522,2.628381676660149,1,0
MK,2022,7,15310.27485,1102,1,0,13.893171370235935,9.636279440809334,7.004881989712859,2.6313974510964746,1,0
MK,2022,8,15152.8419,1062,1,0,14.268212711864406,9.625943377504223,6.967909201801884,2.6580341757023387,1,0
MK,2022,9,13645.0338,979,1,0,13.93772604698672,9.52113091023721,6.88653164253051,2.6345992677066983,1,0
MK,2022,10,11365.05975,858,1,0,13.245990384615386,9.33829899364194,6.754604099487962,2.583694894153977,1,0
MK,2022,11,8285.77575,676,1,0,12.257064718934913,9.022295558549178,6.516193076042964,2.5061024825062135,1,0
MK,2022,12,9315.24715,732,1,0,12.725747472677595,9.139407815158213,6.595780513961311,2.5436273011969006,1,0
MK,2023,1,8601.1695,692,1,0,12.429435693641619,9.05965346136811,6.539585955617669,2.520067505750442,1,0
MK,2023,2,7425.23355,598,1,0,12.416778511705685,8.912639417721671,6.393590753950631,2.519048663771039,1,0
MK,2023,3,9392.2709,740,1,0,12.692257972972973,9.14764238534867,6.606650186198215,2.540992199150454,1,0
MK,2023,4,12626.17,896,1,0,14.091707589285715,9.443526923116986,6.79794041297493,2.645586510142055,1,0
MK,2023,5,14512.5351,1002,1,0,14.483567964071856,9.582768044607873,6.90975328164481,2.673014762963063,1,0
MK,2023,6,15524.85155,1075,1,0,14.441722372093023,9.650197344759183,6.980075940561763,2.670121404197421,1,0
MK,2023,7,16879.88125,1217,1,0,13.870074979457682,9.733877733172596,7.104144092987527,2.629733640185069,1,0
MK,2023,8,16800.6668,1218,1,0,13.793650903119868,9.729173855079894,7.1049654482698426,2.624208406810052,1,0
MK,2023,9,14965.16245,1120,1,0,13.3617521875,9.613480275556983,7.02108396428914,2.5923963112678416,1,0
MK,2023,10,14116.4292,1084,1,0,13.022536162361623,9.555094589546874,6.988413181999592,2.5666814075472817,1,0
MK,2023,11,12539.45695,990,1,0,12.666118131313132,9.436635507826557,6.897704943128636,2.538930564697922,1,0
MK,2023,12,13685.0805,992,1,0,13.795444052419354,9.524061503810419,6.899723107284872,2.624338396525547,1,0
MK,2024,1,13275.33316,958,1,0,13.857341503131524,9.493662942593714,6.86484777797086,2.628815164622853,1,0
MK,2024,2,9686.05096,779,1,0,12.433955019255457,9.178442084151069,6.658011045870748,2.5204310382803206,1,0
MK,2024,3,10734.96346,842,1,0,12.749362779097389,9.281261306487806,6.7357800142423265,2.545481292245479,1,0
MK,2024,4,13086.8583,1021,1,0,12.817686875612145,9.479363822458083,6.928537818164665,2.550826004293418,1,0
MK,2024,5,14225.74656,1082,1,0,13.147640073937152,9.562808739866947,6.9865664594064265,2.5762422804605203,1,0
MK,2024,6,14558.31908,1092,1,0,13.331794029304028,9.585917867283868,6.9957661563048505,2.5901517109790184,1,0
MK,2024,7,16599.20824,1300,1,0,12.768621723076922,9.717110276821584,7.170119543449628,2.5469907333719557,1,0
MK,2024,8,16063.88844,1258,1,0,12.769386677265501,9.684329077746225,7.1372784372603855,2.5470506404858395,1,0
MK,2024,9,14727.98286,1164,1,0,12.652906237113402,9.597504559142546,7.059617628291383,2.537886930851163,1,0
MK,2024,10,13479.17248,1073,1,0,12.562136514445479,9.508900993857898,6.9782137426306985,2.530687251227199,1,0
MK,2024,11,10944.29976,908,1,0,12.053193568281937,9.3005740298381,6.811244378601294,2.489329651236807,1,0
MK,2024,12,11806.5757,939,1,0,12.573563045793396,9.376411917952415,6.844815479208263,2.531596438744153,1,0
MK,2025,1,11295.78656,913,1,0,12.372164906900329,9.332185064370371,6.816735880594968,2.5154491837754027,1,0
MK,2025,2,9154.362,728,1,0,12.574673076923077,9.121985765985539,6.590301048196686,2.5316847177888526,1,0
MK,2025,3,11648.01112,936,1,0,12.444456324786325,9.362890725106341,6.841615476477592,2.5212752486287493,1,0
MK,2025,4,13478.0952,1056,1,0,12.763347727272727,9.508821068843734,6.962243464266207,2.546577604577527,1,0
MK,2025,5,14663.01648,1148,1,0,12.77266243902439,9.59308371689379,7.045776576879511,2.547307140014279,1,0
MK,2025,6,15940.64296,1243,1,0,12.824330619469025,9.6766272877917,7.1252830915107115,2.551344196280988,1,0
MK,2025,7,17503.3105,1359,1,0,12.879551508462104,9.770145313449518,7.214504414151143,2.555640899298375,1,0
MK,2025,8,17202.49,1347,1,0,12.770965107646623,9.75280941976561,7.205635176410364,2.5471742433552462,1,0
MK,2025,9,15066.41864,1193,1,0,12.629018139145012,9.620223615069811,7.084226422097916,2.5359971929718945,1,0
MK,2025,10,14674.25812,1147,1,0,12.793599058413252,9.593850089414993,7.044905117129371,2.548944972285623,1,0
MK,2025,11,12655.11744,996,1,0,12.705941204819277,9.445816953062597,6.903747257584598,2.5420696954779984,1,0
MK,2025,12,13393.27132,1009,1,0,13.273807056491576,9.502507719525836,6.9167150203536085,2.585792699172227,1,0
MK,2026,1,12886.41882,1003,1,0,12.847875194416751,9.463929231110502,6.910750787961936,2.553178443148566,1,0
MK,2026,2,11382.32746,871,1,0,13.068114190585534,9.339817208736921,6.769641976852503,2.570175231884418,1,0
MK,2026,3,13272.78616,1012,1,0,13.115401343873517,9.493471064594589,6.919683849847411,2.5737872147471785,1,0
MK,2026,4,14801.07568,1140,1,0,12.983399719298246,9.602455138192147,7.038783541388542,2.5636715968036046,1,0
MK,2026,5,15556.85064,1195,1,0,13.018285054393306,9.652256376218252,7.085901464365611,2.5663549118526414,1,0
MK,2026,6,15874.17482,1256,1,0,12.638674219745223,9.672448842567373,7.135687347028144,2.53676149553923,1,0
MK,2026,7,19608.94122,1540,1,0,12.733078714285714,9.883740925891882,7.3395376954076745,2.5442032304842077,1,0
MT,2010,1,16447.512,909,1,1,18.094072607260724,9.70792949855405,6.812345094177479,2.8955844043765713,0,0
MT,2010,2,14674.217,823,1,1,17.830154313487242,9.593847287225113,6.71295620067707,2.8808910865480426,0,0
MT,2010,3,19354.707,1018,1,1,19.01248231827112,9.870690924689983,6.925595197110468,2.945095727579515,0,0
MT,2010,4,24011.922,1274,1,1,18.847662480376766,10.086305735990646,7.149916836132109,2.936388899858537,0,0
MT,2010,5,29399.591,1558,1,1,18.870084082156612,10.28873604166538,7.351158226430694,2.937577815234687,0,0
MT,2010,6,30300.825,1635,1,1,18.532614678899083,10.318930218849566,7.399398083331354,2.9195321355182116,0,0
MT,2010,7,32924.583,1777,1,1,18.528184018007877,10.401974861383215,7.482681828154651,2.919293033228563,0,0
MT,2010,8,33429.419,1816,1,1,18.40827037444934,10.417191599663955,7.504391559161238,2.9128000405027166,0,0
MT,2010,9,31749.926,1721,1,1,18.44853341080767,10.36564567360946,7.450660796211539,2.9149848773979206,0,0
MT,2010,10,30015.278,1607,1,1,18.67783322962041,10.3094617976787,7.382124365737512,2.9273374319411873,0,0
MT,2010,11,19573.391,1087,1,1,18.00679944802208,9.881926320801234,6.99117688712121,2.8907494336800243,0,0
MT,2010,12,20768.267,1098,1,1,18.914632969034606,9.941181475738587,7.001245622069476,2.9399358536691103,0,0
MT,2011,1,19667.407,1055,1,1,18.642091943127962,9.886718077579022,6.961296045910167,2.9254220316688566,0,0
MT,2011,2,21489.753,1047,1,1,20.525074498567335,9.975331495852494,6.953684210870537,3.021647284981958,0,0
MT,2011,3,25784.209,1214,1,1,21.239051894563424,10.157517529264469,7.101675971619444,3.055841557645026,0,0
MT,2011,4,26007.476,1391,1,1,18.69696333572969,10.166139314133897,7.237778191923443,2.928361122210454,0,0
MT,2011,5,29212.702,1545,1,1,18.90789773462783,10.282358893671303,7.3427791893318455,2.939579704339456,0,0
MT,2011,6,29803.074,1594,1,1,18.69703513174404,10.302366821535866,7.374001859350161,2.9283649621857064,0,0
MT,2011,7,33113.55,1776,1,1,18.645016891891892,10.407697843156846,7.4821189235521155,2.925578919604731,0,0
MT,2011,8,31368.757,1711,1,1,18.333580946814727,10.353567676555242,7.444833273892193,2.9087344026630477,0,0
MT,2011,9,30526.008,1656,1,1,18.43357971014493,10.32633432054671,7.412160334945205,2.9141739856015048,0,0
MT,2011,10,29821.871,1593,1,1,18.720571876961706,10.30299732947588,7.373374309910049,2.9296230195658324,0,0
MT,2011,11,19496.524,1046,1,1,18.63912428298279,9.87799147225202,6.952728644624869,2.9252628276271513,0,0
MT,2011,12,17314.989,1007,1,1,17.194626613704074,9.759327821548997,6.914730892718563,2.8445969288304354,0,0
MT,2012,1,16746.253,982,1,1,17.053210794297353,9.725929810735764,6.889591308354466,2.8363385023812984,1,1
MT,2012,2,17237.588,959,1,1,17.974544316996873,9.754847627237185,6.8658910748834385,2.888956552353746,1,1
MT,2012,3,20101.495,1131,1,1,17.773205128205127,9.908549469390705,7.030857476116121,2.877691993274585,1,1
MT,2012,4,26453.893,1402,1,1,18.868682596291013,10.183158609820875,7.2456550675945355,2.9375035422263407,1,1
MT,2012,5,29432.674,1575,1,1,18.68741206349206,10.289860696767036,7.362010551259734,2.927850145507302,1,1
MT,2012,6,31738.647,1652,1,1,19.212256053268767,10.365290365572575,7.409741954080923,2.955548411491651,1,1
MT,2012,7,33610.061,1826,1,1,18.4063860898138,10.422580735653534,7.509883061154913,2.9126976744986215,1,1
MT,2012,8,34185.209,1799,1,1,19.00233963312952,10.439548344121805,7.4949862339505335,2.944562110171271,1,1
MT,2012,9,30906.452,1638,1,1,18.868407814407814,10.338720243678607,7.401231264413015,2.9374889792655923,1,1
MT,2012,10,29302.553,1531,1,1,19.139485956890923,10.285429924315093,7.333676395657684,2.9517535286574086,1,1
MT,2012,11,18622.816,997,1,1,18.678852557673018,9.832142774627098,6.904750769961838,2.9273920046652595,1,1
MT,2012,12,18274.764,978,1,1,18.685852760736196,9.813276370717906,6.885509670034818,2.9277667006830885,1,1
MT,2013,1,17595.035,966,1,1,18.214321946169772,9.775372038955185,6.873163834212518,2.9022082047426667,1,1
MT,2013,2,17367.744,913,1,1,19.02272070098576,9.762369971698229,6.816735880594968,2.9456340911032615,1,1
MT,2013,3,21097.833,1161,1,1,18.172121447028424,9.956925612768204,7.057036981697891,2.899888631070313,1,1
MT,2013,4,27894.739,1496,1,1,18.64621590909091,10.236193383720352,7.310550158534422,2.925643225185929,1,1
MT,2013,5,32279.874,1680,1,1,19.214210714285713,10.382199219030543,7.426549072397305,2.9556501466332374,1,1
MT,2013,6,33888.129,1756,1,1,19.298478929384967,10.430820055051111,7.470793774195062,2.9600262808560496,1,1
MT,2013,7,36839.632,1921,1,1,19.177320145757417,10.514329501177114,7.560601162768557,2.953728338408558,1,1
MT,2013,8,36961.565,1942,1,1,19.032731719876416,10.517633867932771,7.571473648851271,2.946160219081501,1,1
MT,2013,9,33220.523,1752,1,1,18.96148573059361,10.410923126571353,7.468513271496337,2.942409855075016,1,1
MT,2013,10,32208.234,1690,1,1,19.058126627218936,10.379977413128888,7.432483807917119,2.9474936052117697,1,1
MT,2013,11,21136.464,1164,1,1,18.158474226804124,9.958754979587,7.059617628291383,2.8991373512956176,1,1
MT,2013,12,20562.34,1129,1,1,18.21287865367582,9.931216526322439,7.029087564149662,2.9021289621727773,1,1
MT,2014,1,19475.412,1091,1,1,17.85097341888176,9.876908025842521,6.994849985833071,2.88205804000945,1,1
MT,2014,2,17458.064,966,1,1,18.072530020703933,9.76755694122969,6.873163834212518,2.8943931070171733,1,1
MT,2014,3,22061.414,1256,1,1,17.564820063694267,10.001585388668088,7.135687347028144,2.8658980416399435,1,1
MT,2014,4,30632.421,1647,1,1,18.59891985428051,10.329814236860022,7.4067107301776405,2.923103506682381,1,1
MT,2014,5,33519.265,1824,1,1,18.376790021929825,10.419875627147977,7.508787170634276,2.9110884565137005,1,1
MT,2014,6,34937.441,1882,1,1,18.563996280552605,10.461314341166155,7.540090320145325,2.9212240210208296,1,1
MT,2014,7,39408.911,2044,1,1,19.28028913894325,10.581747237226699,7.622663951323595,2.9590832859031044,1,1
MT,2014,8,39617.935,2137,1,1,18.539043051006082,10.587037198752897,7.667158255319148,2.9198789434337495,1,1
MT,2014,9,34461.251,1885,1,1,18.28183076923077,10.447590812382938,7.541683099882111,2.9059077125008264,1,1
MT,2014,10,33364.125,1848,1,1,18.054180194805195,10.415236499907655,7.521859252201629,2.8933772477060256,1,1
MT,2014,11,21533.101,1226,1,1,17.56370391517129,9.977346611570692,7.111512116496157,2.8658344950745356,1,1
MT,2014,12,21004.165,1218,1,1,17.244798850574714,9.952476030373438,7.1049654482698426,2.8475105821035958,1,1
MT,2015,1,19920.196,1208,1,1,16.49022847682119,9.899489370447613,7.0967213784947605,2.8027679919528525,1,1
MT,2015,2,18464.249,1165,1,1,15.849140772532188,9.8235916549188,7.060476365999801,2.7631152889190003,1,1
MT,2015,3,21889.083,1349,1,1,16.226154929577465,9.99374329836489,7.207118856207756,2.7866244421571342,1,1
MT,2015,4,32661.731,1866,1,1,17.50360718113612,10.393959365732343,7.531552381407289,2.862406984325054,1,1
MT,2015,5,36481.979,2007,1,1,18.177368709516692,10.504573691620358,7.604396348796338,2.9001773428240196,1,1
MT,2015,6,36271.432,2034,1,1,17.83256243854474,10.498785713162857,7.617759576608505,2.8810261365543504,1,1
MT,2015,7,39015.269,2254,1,1,17.309347382431234,10.57170836131115,7.720461694599722,2.8512466667114285,1,1
MT,2015,8,39941.56,2315,1,1,17.25337365010799,10.595172664794921,7.747164966520335,2.8480076982745866,1,1
MT,2015,9,37256.044,2093,1,1,17.800307692307694,10.525569465679338,7.646353722445999,2.8792157432333387,1,1
MT,2015,10,35560.772,1977,1,1,17.987239251390996,10.478998399178463,7.589335823170617,2.8896625760078467,1,1
MT,2015,11,23293.504,1365,1,1,17.064838095238095,10.055929802399064,7.21890970761906,2.8370200947800037,1,1
MT,2015,12,21215.682,1225,1,1,17.318924081632655,9.962495904185475,7.110696122978827,2.8517997812066476,1,1
MT,2016,1,21173.322,1199,1,1,17.65915095913261,9.960497271988281,7.089243155027514,2.8712541169607664,1,1
MT,2016,2,21233.738,1176,1,1,18.055899659863947,9.963346610795314,7.069874128458572,2.893472482336742,1,1
MT,2016,3,27044.928,1478,1,1,18.29832746955345,10.205254762072366,7.298445101508147,2.9068096605642193,1,1
MT,2016,4,33865.948,1857,1,1,18.236913301023154,10.430165304760811,7.526717561352706,2.9034477434081047,1,1
MT,2016,5,37349.001,2086,1,1,17.90460258868648,10.528061443215304,7.643003635560718,2.8850578076545865,1,1
MT,2016,6,37844.173,2113,1,1,17.910162328442972,10.54123229721226,7.655864017616056,2.8853682795962015,1,1
MT,2016,7,42227.287,2349,1,1,17.976707960834396,10.65082190243545,7.761744984658913,2.8890769177765367,1,1
MT,2016,8,41780.311,2388,1,1,17.495942629815747,10.640180478835845,7.778211474512493,2.8619690043233517,1,1
MT,2016,9,38877.289,2182,1,1,17.81727268560953,10.568165528777055,7.687997166393016,2.880168362384038,1,1
MT,2016,10,38481.196,2144,1,1,17.948319029850747,10.557924985377717,7.670428522190693,2.8874964631870244,1,1
MT,2016,11,27905.218,1588,1,1,17.572555415617128,10.236568975412052,7.370230641807081,2.8663383336049697,1,1
MT,2016,12,27635.918,1536,1,1,17.992134114583333,10.22687158245998,7.336936913707618,2.8899346687523617,1,1
MT,2017,1,27700.551,1540,1,1,17.98737077922078,10.229207583674343,7.3395376954076745,2.8896698882666687,1,1
MT,2017,2,24163.166,1433,1,1,16.861944173063502,10.092584686509719,7.267525427828172,2.825059258681547,1,1
MT,2017,3,29703.028,1788,1,1,16.612431767337807,10.299004272455903,7.488852955733459,2.8101513167224446,1,1
MT,2017,4,37275.5,2137,1,1,17.442910622367805,10.526091553359205,7.667158255319148,2.858933298040058,1,1
MT,2017,5,42208.141,2404,1,1,17.557462978369387,10.6503683961104,7.784889295655098,2.865479100455302,1,1
MT,2017,6,41483.265,2465,1,1,16.8289107505071,10.633045371878382,7.80994708647679,2.8230982854015902,1,1
MT,2017,7,44961.879,2689,1,1,16.72066902194124,10.713570276398908,7.896924656268864,2.8166456201300436,1,1
MT,2017,8,44893.634,2728,1,1,16.456610703812316,10.712051281941172,7.911324018963353,2.8007272629778184,1,1
MT,2017,9,42303.514,2524,1,1,16.760504754358163,10.652625434870027,7.8336002236611035,2.819025211208923,1,1
MT,2017,10,42670.849,2502,1,1,17.05469584332534,10.661271272867161,7.824845691026856,2.836425581840305,1,1
MT,2017,11,31430.149,1941,1,1,16.192760947964967,10.355522870473981,7.57095858316901,2.784564287304971,1,1
MT,2017,12,30229.817,1854,1,1,16.305187162891045,10.31658403416603,7.5251007461258,2.7914832880402303,1,1
MT,2018,1,28521.427,1783,1,1,15.996313516545149,10.258410908339634,7.48605261786314,2.7723582904764936,1,1
MT,2018,2,25530.897,1613,1,1,15.828206447613145,10.14764464475344,7.385851078125209,2.7617935666282314,1,1
MT,2018,3,35045.086,2152,1,1,16.284891263940523,10.464390682919145,7.674152921281675,2.7902377616374694,1,1
MT,2018,4,43016.871,2597,1,1,16.564062764728533,10.66934766656423,7.862112211662748,2.8072354549014817,1,1
MT,2018,5,46922.36,2851,1,1,16.45821115398106,10.756249599882713,7.955425088912672,2.8008245109700405,1,1
MT,2018,6,46781.176,2876,1,1,16.266055632823367,10.753236178770461,7.964155718840937,2.789080459929523,1,1
MT,2018,7,49448.113,3044,1,1,16.244452365308803,10.808679176565425,8.020927718981577,2.787751457583849,1,1
MT,2018,8,48869.145,2962,1,1,16.498698514517216,10.796901494715206,7.993619994827744,2.803281499887462,1,1
MT,2018,9,46973.593,2814,1,1,16.692819118692253,10.75734087173091,7.942362237674335,2.8149786340565766,1,1
MT,2018,10,45951.79,2726,1,1,16.856856199559793,10.735348082411381,7.9105906122564775,2.824757470154903,1,1
MT,2018,11,33932.459,2105,1,1,16.11993301662708,10.432127327890244,7.652070746116482,2.780056581773762,1,1
MT,2018,12,32145.967,2061,1,1,15.59726686074721,10.378042278562267,7.630946580890459,2.747095697671809,1,1
MT,2019,1,30665.519,1886,1,1,16.25955408271474,10.330894142749733,7.542213463193403,2.7886806795563293,1,1
MT,2019,2,28093.056,1756,1,1,15.998323462414579,10.24327770734557,7.470793774195062,2.772483933150508,1,1
MT,2019,3,34319.011,2129,1,1,16.119779708783465,10.443454736170363,7.663407664893479,2.7800470712768837,1,1
MT,2019,4,45542.211,2597,1,1,17.536469387755105,10.72639488916382,7.862112211662748,2.864282677501072,1,1
MT,2019,5,48384.237,2829,1,1,17.102946977730646,10.7869293578407,7.947678571301568,2.8392507865391328,1,1
MT,2019,6,50555.076,2943,1,1,17.178075433231395,10.830818634837593,7.987184748233473,2.84363388660412,1,1
MT,2019,7,53371.747,3099,1,1,17.222248144562762,10.885036802537803,8.038834757787749,2.8462020447500547,1,1
MT,2019,8,52948.027,3119,1,1,16.975962487976915,10.877066088767807,8.045267716607803,2.8317983721600033,1,1
MT,2019,9,51079.903,2946,1,1,17.338731500339442,10.841146411162683,7.988203597022576,2.852942814140108,1,1
MT,2019,10,50314.517,2864,1,1,17.567917946927373,10.826048922798353,7.9599745280805365,2.8660743947178164,1,1
MT,2019,11,36725.353,2189,1,1,16.77722841480128,10.511222612976823,7.691200097522863,2.8200225154539598,1,1
MT,2019,12,36277.009,2129,1,1,17.039459370596525,10.498939458713666,7.663407664893479,2.8355317938201865,1,1
MT,2020,1,33819.194,2063,1,1,16.393210857973827,10.428783790116544,7.631916513071252,2.7968672770452914,1,1
MT,2020,2,31851.55,1983,1,1,16.062304589006555,10.368841325436271,7.592366128519796,2.7764751969164747,1,1
MT,2020,3,20439.329,1160,1,1,17.620111206896553,9.925216215990147,7.05617528410041,2.869040931889737,1,1
MT,2020,4,3960.951,256,1,1,15.47246484375,8.284239426931919,5.545177444479562,2.739061982452356,1,1
MT,2020,5,4429.17,293,1,1,15.116621160409556,8.395967486568829,5.680172609017068,2.715794877551761,1,1
MT,2020,6,5167.36,298,1,1,17.340134228187917,8.550117198784466,5.697093486505405,2.8530237122790623,1,1
MT,2020,7,16417.11,1211,1,1,13.556655656482247,9.706079362643637,7.099201743553092,2.606877619090545,1,1
MT,2020,8,25703.553,1782,1,1,14.423991582491583,10.154384510355033,7.485491608030754,2.668892902324278,1,1
MT,2020,9,20986.667,1392,1,1,15.076628591954023,9.951642610306276,7.238496840894365,2.7131457694119105,1,1
MT,2020,10,16829.995,1190,1,1,14.14285294117647,9.730917990096275,7.081708586105575,2.6492094039907,1,1
MT,2020,11,10596.524,818,1,1,12.954185819070904,9.268281301792852,6.706862336602747,2.561418965190104,1,1
MT,2020,12,8949.122,771,1,1,11.607162127107651,9.099310705898068,6.647688373563329,2.451622332334738,1,1
MT,2021,1,7450.6672,696,1,1,10.704981609195402,8.916058864410592,6.54534966033442,2.3707092040761726,1,1
MT,2021,2,6134.48315,644,1,1,9.52559495341615,8.721681107467338,6.467698726104354,2.2539823813629845,1,1
MT,2021,3,7282.22205,653,1,1,11.151948009188361,8.893191321266906,6.481577129276431,2.411614191990475,1,1
MT,2021,4,8237.0599,724,1,1,11.37715455801105,9.01639875097988,6.584791392385716,2.4316073585941633,1,1
MT,2021,5,10256.66245,1001,1,1,10.246416033966034,9.235682768533172,6.90875477931522,2.3269279892179506,1,1
MT,2021,6,20970.39025,1568,1,1,13.37397337372449,9.950866733641735,7.357556200910353,2.593310532731382,1,1
MT,2021,7,34505.14525,2234,1,1,15.44545445389436,10.448863729580692,7.711548979629146,2.7373147499515462,1,1
MT,2021,8,37467.82315,2421,1,1,15.476176435357289,10.531237794290124,7.791935956938058,2.739301837352066,1,1
MT,2021,9,34455.3361,2178,1,1,15.819713544536272,10.447419158496308,7.686162303492906,2.761256855003401,1,1
MT,2021,10,34347.0041,2117,1,1,16.224376051015586,10.444270076961875,7.6577552711348655,2.786514805827009,1,1
MT,2021,11,26065.0736,1750,1,1,14.894327771428571,10.168351520908175,7.4673710669175595,2.7009804539906157,1,1
MT,2021,12,26489.2489,1702,1,1,15.563600998824912,10.184494227768246,7.43955930913332,2.7449349186349257,1,1
MT,2022,1,17349.65235,1176,1,1,14.753105739795918,9.761327747710276,7.069874128458572,2.6914536192517033,1,1
MT,2022,2,17136.96535,1208,1,1,14.18622959437086,9.748993125717975,7.0967213784947605,2.6522717472232147,1,1
MT,2022,3,25687.89425,1730,1,1,14.848493786127168,10.153775119052685,7.455876687491824,2.697898431560861,1,1
MT,2022,4,34941.2273,2314,1,1,15.0999253673293,10.461422709001312,7.746732907753622,2.7146898012476908,1,1
MT,2022,5,35857.61665,2398,1,1,14.95313454962469,10.487311282317926,7.7823903355874595,2.7049209467304665,1,1
MT,2022,6,37184.92655,2524,1,1,14.732538252773374,10.523658757876609,7.8336002236611035,2.690058534215505,1,1
MT,2022,7,41918.49495,2772,1,1,15.122112175324675,10.643482415440094,7.927324360309794,2.7161580551302995,1,1
MT,2022,8,41231.4442,2634,1,1,15.653547532270311,10.626956452979794,7.876258882303226,2.7506975706765684,1,1
MT,2022,9,38731.74525,2536,1,1,15.272770208990536,10.564414833461004,7.8383433155571165,2.7260715179038884,1,1
MT,2022,10,37057.656,2464,1,1,15.039633116883119,10.52023024905331,7.80954132465341,2.710688924399899,1,1
MT,2022,11,27987.8927,1923,1,1,14.554286375455018,10.23952729207253,7.56164174558878,2.6778855464837505,1,1
MT,2022,12,27945.42605,1904,1,1,14.67721956407563,10.238008817606545,7.55171221535131,2.686296602255234,1,1
MT,2023,1,27694.49455,1737,1,1,15.943865601611975,10.228988919713911,7.459914766241105,2.7690741534728067,1,1
MT,2023,2,25298.79385,1728,1,1,14.640505700231481,10.13851199966613,7.454719949364001,2.68379205030213,1,1
MT,2023,3,31918.70145,2160,1,1,14.777176597222223,10.370947369345258,7.67786350067821,2.693083868667047,1,1
MT,2023,4,41642.691,2735,1,1,15.225846800731262,10.636881146001008,7.913886714856082,2.7229944311449255,1,1
MT,2023,5,44658.46,2925,1,1,15.267849572649572,10.706799042040984,7.981049759665957,2.7257492823750273,1,1
MT,2023,6,43588.768,2987,1,1,14.59282490793438,10.682554781469864,8.00202481821611,2.6805299632537554,1,1
MT,2023,7,46855.48315,3198,1,1,14.65149566916823,10.754823317104375,8.0702808933939,2.684542423710476,1,1
MT,2023,8,47166.03735,3118,1,1,15.127016468890314,10.761429364905482,8.044947049617722,2.7164823152877604,1,1
MT,2023,9,44343.98175,2990,1,1,14.8307631270903,10.699732279544442,8.003028666384733,2.696703613159709,1,1
MT,2023,10,45519.0459,3113,1,1,14.622244105364599,10.725886108562973,8.043342170441608,2.6825439381213654,1,1
MT,2023,11,33264.37945,2187,1,1,15.210050045724737,10.412242417259764,7.690286020676768,2.7219563965829967,1,1
MT,2023,12,35962.5129,2227,1,1,16.148411719802425,10.490232366566726,7.708410667257367,2.781821699309358,1,1
MT,2024,1,32780.04344,2139,1,1,15.324938494623657,10.397575177495234,7.668093709082406,2.729481468412829,1,1
MT,2024,2,29552.68958,1999,1,1,14.783736658329163,10.293930036628065,7.6004023345004,2.6935277021276653,1,1
MT,2024,3,37335.77172,2433,1,1,15.34556996300863,10.527707173404831,7.796880342783522,2.730826830621309,1,1
MT,2024,4,45824.27932,2988,1,1,15.336104190093709,10.73256934579755,8.002359546252707,2.730209799544842,1,1
MT,2024,5,50231.13718,3377,1,1,14.87448539532129,10.824390375946313,8.124743020385568,2.699647355560745,1,1
MT,2024,6,49799.85502,3397,1,1,14.659951433617898,10.815767351763526,8.130647968160584,2.685119383602943,1,1
MT,2024,7,53143.36162,3637,1,1,14.611867368710477,10.880748477004376,8.19891444498699,2.681834032017387,1,1
MT,2024,8,53504.32468,3537,1,1,15.127035532937517,10.8875177647573,8.17103418920548,2.71648357555182,1,1
MT,2024,9,49709.24338,3288,1,1,15.118383023114355,10.81394617829294,8.098034756176071,2.7159114221168683,1,1
MT,2024,10,49769.41268,3251,1,1,15.308954992310058,10.81515587109983,8.086717920303906,2.7284379507959233,1,1
MT,2024,11,39464.95444,2629,1,1,15.011393853176113,10.583168327701193,7.874358824729881,2.7088095029713117,1,1
MT,2024,12,38621.59562,2484,1,1,15.548146384863124,10.561566871027525,7.81762544305337,2.743941427974156,1,1
MT,2025,1,35963.44376,2408,1,1,14.934984950166113,10.490258250407367,7.786551806428712,2.7037064439786542,1,1
MT,2025,2,36131.73708,2324,1,1,15.547219053356281,10.494926901590985,7.751045117971802,2.7438817836191824,1,1
MT,2025,3,44714.00368,2857,1,1,15.65068382219111,10.708042012971047,7.957527402230773,2.7505146107402734,1,1
MT,2025,4,53273.62896,3483,1,1,15.295328440999139,10.883196721487845,8.155649270366002,2.7275474511218443,1,1
MT,2025,5,56713.39814,3676,1,1,15.428019080522306,10.94576576056712,8.209580483475577,2.736185277091542,1,1
MT,2025,6,55550.75062,3624,1,1,15.328573570640176,10.925052307487734,8.19533366716287,2.729718640324864,1,1
MT,2025,7,58429.74668,3785,1,1,15.437185384412153,10.975580400094964,8.23880116587155,2.7367792342234143,1,1
MT,2025,8,57527.71474,3773,1,1,15.247207723297112,10.960022106141194,8.235625719964311,2.724396386176884,1,1
MT,2025,9,55575.11844,3545,1,1,15.677043283497884,10.925490870004216,8.173293438966228,2.7521974310379878,1,1
MT,2025,10,58883.00692,3799,1,1,15.499606980784417,10.98330782071293,8.242493153187626,2.7408146675253056,1,1
MT,2025,11,47043.4964,2964,1,1,15.871624966261809,10.758827908041596,7.994294986415977,2.7645329216256176,1,1
MT,2025,12,46079.57006,2983,1,1,15.447391907475694,10.738124965031107,8.000684784514748,2.7374401805163577,1,1
MT,2026,1,40817.22678,2623,1,1,15.5612759359512,10.61685949628036,7.872073979866873,2.7447855164134864,1,1
MT,2026,2,41008.19644,2645,1,1,15.50404402268431,10.621527238877201,7.8804263442924,2.7411008945848017,1,1
MT,2026,3,48249.90046,3108,1,1,15.524420997425997,10.784149043759822,8.041734711487537,2.7424143322722845,1,1
MT,2026,4,58159.38904,3878,1,1,14.997263806085611,10.97094260733792,8.263074835802596,2.7078677715353225,1,1
MT,2026,5,62536.17742,4062,1,1,15.395415416051206,11.04350050698198,8.30943074214033,2.7340697648416503,1,1
MT,2026,6,62562.2298,4093,1,1,15.285177082824335,11.04391701716713,8.317033476492403,2.726883540674728,1,1
MT,2026,7,66381.1688,4217,1,1,15.74132530234764,11.103168692832119,8.34687925374656,2.7562894390855583,1,1
NL,2010,1,718585.19,18317,1,1,39.23050663318229,13.485039543930668,9.815584869360217,3.669454674570451,0,0
NL,2010,2,652994.273,18106,1,1,36.065076383519276,13.389323637929143,9.803998654035386,3.5853249838937584,0,0
NL,2010,3,747928.705,22367,1,1,33.438937050118476,13.525062938242806,10.01534193731027,3.5097210009325366,0,0
NL,2010,4,658222.875,19627,1,1,33.53660136546594,13.397298868761677,9.88466144828608,3.512637420475598,0,0
NL,2010,5,824625.39,24407,1,1,33.78642971278732,13.622684489467307,10.102625255383492,3.5200592340838153,0,0
NL,2010,6,814180.131,24929,1,1,32.65995952505115,13.609936911658192,10.123787063398602,3.48614984825959,0,0
NL,2010,7,893929.245,25494,1,1,35.06429924688162,13.703381906728275,10.146198409342867,3.5571834973854077,0,0
NL,2010,8,883884.759,24682,1,1,35.81090507252249,13.692081969999599,10.11382951201313,3.578252457986469,0,0
NL,2010,9,829704.967,23957,1,1,34.63309124681721,13.628825455135603,10.084015835708989,3.5448096194266134,0,0
NL,2010,10,854988.348,24248,1,1,35.260159518310786,13.65884311975586,10.09608941873764,3.5627537010182198,0,0
NL,2010,11,771319.394,20079,1,1,38.414233477762835,13.555857826167102,9.907429771768753,3.64842805439835,0,0
NL,2010,12,752856.905,17485,1,1,43.05730082928224,13.531630455522903,9.769098649497476,3.7625318060254265,0,0
NL,2011,1,749606.803,19854,1,1,37.755958648131354,13.527304085372105,9.896160777149667,3.631143308222437,0,0
NL,2011,2,676990.925,18654,1,1,36.29199769486438,13.425413147077832,9.833815879286808,3.5915972677910237,0,0
NL,2011,3,781501.467,22894,1,1,34.13564545295711,13.568972306001216,10.038630146478422,3.5303421595227937,0,0
NL,2011,4,821750.643,24187,1,1,33.974889113986855,13.619192274002582,10.093570577723847,3.5256216962787352,0,0
NL,2011,5,862810.659,25962,1,1,33.23359752715507,13.667950547384667,10.16438920945294,3.5035613379317274,0,0
NL,2011,6,852380.632,24868,1,1,34.27620363519382,13.655788457221568,10.121337115389228,3.53445134183234,0,0
NL,2011,7,921183.445,26066,1,1,35.340422197498654,13.733414475642565,10.168387062090664,3.5650274135518996,0,0
NL,2011,8,918404.976,26038,1,1,35.271717336200936,13.730393722651227,10.167312288457342,3.5630814341938857,0,0
NL,2011,9,861298.31,25179,1,1,34.20701020691847,13.666196192625103,10.133765592750937,3.5324305998741647,0,0
NL,2011,10,882420.449,24990,1,1,35.31094233693477,13.69042392095028,10.126231023828998,3.5641928971212824,0,0
NL,2011,11,757004.854,20679,1,1,36.60742076502733,13.537124944552264,9.936873971553762,3.600250972998503,0,0
NL,2011,12,759628.032,19841,1,1,38.28577349931959,13.540584160872838,9.895505782794471,3.6450783780783667,0,0
NL,2012,1,734260.228,20377,1,1,36.033774746037196,13.506618778824249,9.922162092800937,3.5844566860233122,1,1
NL,2012,2,707910.271,19542,1,1,36.22506759799406,13.47007262876848,9.880321274504288,3.5897513542641923,1,1
NL,2012,3,778445.251,22739,1,1,34.23392633800959,13.565053941514718,10.03183679096379,3.533217150550926,1,1
NL,2012,4,798956.207,22845,1,1,34.97291341650252,13.591061413484098,10.036487553997372,3.554573859486727,1,1
NL,2012,5,847592.205,25028,1,1,33.86575855042352,13.650154908779013,10.127750477118255,3.5224044316607594,1,1
NL,2012,6,840466.553,24450,1,1,34.37491014314928,13.641712436868861,10.104385494903019,3.5373269419658433,1,1
NL,2012,7,907062.4,25790,1,1,35.171089569600625,13.717966524966727,10.15774209887539,3.560224426091336,1,1
NL,2012,8,902384.027,25682,1,1,35.136828401214856,13.712795458993034,10.15354563639122,3.559249822601814,1,1
NL,2012,9,844023.268,24325,1,1,34.697770524152105,13.645935341918463,10.099259907054206,3.546675434864257,1,1
NL,2012,10,848593.18,24033,1,1,35.3094986060833,13.651335174951628,10.087183164883227,3.564152010068401,1,1
NL,2012,11,741745.631,20146,1,1,36.81850645289388,13.516761648011016,9.910761036502626,3.60600061150839,1,1
NL,2012,12,738994.698,18316,1,1,40.346947914391784,13.513046025344385,9.815530273776986,3.6975157515673986,1,1
NL,2013,1,738599.447,18907,1,1,39.06486735071667,13.512511032686536,9.847287502847928,3.6652235298386078,1,1
NL,2013,2,675995.975,18266,1,1,37.008429595970654,13.423942400865363,9.812796687251625,3.611145713613739,1,1
NL,2013,3,776294.635,21727,1,1,35.72949026556819,13.56228741138187,9.98631100573524,3.5759764056466294,1,1
NL,2013,4,813250.8,23159,1,1,35.115972192236285,13.60879482804246,10.050138752861821,3.5586560751806404,1,1
NL,2013,5,877661.068,25409,1,1,34.54134629462001,13.685015770754669,10.142858720954989,3.542157049799681,1,1
NL,2013,6,866618.13,24931,1,1,34.76066463439092,13.672353708909172,10.123867288027606,3.548486420881566,1,1
NL,2013,7,922606.831,26342,1,1,35.02417549920279,13.734958454153887,10.178919902558992,3.5560385515948942,1,1
NL,2013,8,922416.27,25966,1,1,35.52400331202342,13.734751886549855,10.164543268920198,3.5702086176296564,1,1
NL,2013,9,865219.256,24909,1,1,34.73520639126421,13.670738228939129,10.122984462930141,3.547753766008988,1,1
NL,2013,10,864587.424,24690,1,1,35.01771664641555,13.670007705655337,10.114153582339226,3.5558541233161116,1,1
NL,2013,11,769270.538,20717,1,1,37.13233277018873,13.553197991560415,9.93870989824589,3.6144880933145265,1,1
NL,2013,12,770002.305,19683,1,1,39.12016994360616,13.55414878733188,9.887510598012987,3.6666381893188924,1,1
NL,2014,1,770084.575,19842,1,1,38.810834341296236,13.55425562546049,9.895556182209848,3.658699443250642,1,1
NL,2014,2,697020.453,19082,1,1,36.52764138979143,13.454570033644979,9.856500761311791,3.598069272333188,1,1
NL,2014,3,801880.118,22456,1,1,35.708947185607414,13.59471439687259,10.019313118041719,3.575401278830871,1,1
NL,2014,4,829171.485,23717,1,1,34.96106105325294,13.628182270385167,10.073947369564895,3.554234900820273,1,1
NL,2014,5,892140.748,25768,1,1,34.62204082583049,13.701379188352401,10.156888691011035,3.5444904973413673,1,1
NL,2014,6,890639.362,25500,1,1,34.92703380392157,13.699694868063519,10.146433731146518,3.553261136917002,1,1
NL,2014,7,951324.239,26381,1,1,36.0609620181191,13.765610228739593,10.18039933305852,3.5852108956810738,1,1
NL,2014,8,965096.923,26086,1,1,36.99673859541517,13.779983813619499,10.169154050930228,3.610829762689271,1,1
NL,2014,9,906267.883,25674,1,1,35.299052855028435,13.717090217921847,10.153234085644872,3.5638561322769746,1,1
NL,2014,10,908173.044,25364,1,1,35.80559233559376,13.719190216518435,10.141086124819923,3.578104091698512,1,1
NL,2014,11,796811.187,21280,1,1,37.44413472744361,13.588373025063605,9.96552294345558,3.622850081608025,1,1
NL,2014,12,782918.117,19986,1,1,39.173327179025314,13.570783393514708,9.902787307421734,3.6679960860929723,1,1
NL,2015,1,777362.317,19716,1,1,39.42799335565024,13.563661823109888,9.889185767825268,3.674476055284619,1,1
NL,2015,2,710140.464,19502,1,1,36.41372495128705,13.473218066070134,9.878272303395065,3.594945762675069,1,1
NL,2015,3,809884.833,22464,1,1,36.0525655715812,13.604647335058395,10.019669306825538,3.5849780282328574,1,1
NL,2015,4,850584.763,24444,1,1,34.79728207331043,13.653679348403513,10.104140066014805,3.5495392823887055,1,1
NL,2015,5,934106.531,26461,1,1,35.30125584822947,13.747345769593268,10.183427229849748,3.5639185397435202,1,1
NL,2015,6,915857.862,26277,1,1,34.8539735129581,13.727616459126688,10.176449310831199,3.551167148295489,1,1
NL,2015,7,983625.384,26887,1,1,36.58367925019526,13.799000396229887,10.199398177401218,3.5996022188286703,1,1
NL,2015,8,989629.654,26804,1,1,36.92096903447246,13.805086065254137,10.196306409093062,3.6087796561610768,1,1
NL,2015,9,929110.305,26011,1,1,35.7198994656107,13.741982745946649,10.16627480445489,3.575707941491759,1,1
NL,2015,10,927221.205,25647,1,1,36.15320329863142,13.739947440677142,10.152181884694343,3.5877655559827977,1,1
NL,2015,11,792549.306,21400,1,1,37.035014299065416,13.583009998571123,9.971146201009942,3.6118637975611794,1,1
NL,2015,12,800294.746,21365,1,1,37.45821418207348,13.592735371295477,9.969509348078125,3.6232260232173514,1,1
NL,2016,1,795682.157,20408,1,1,38.98873760290083,13.58695508483369,9.923682259821648,3.663272825012043,1,1
NL,2016,2,751007.889,20765,1,1,36.16700645316639,13.52917143535155,9.941024156064854,3.588147279286697,1,1
NL,2016,3,844434.909,23740,1,1,35.57013096040438,13.646422935882901,10.07491666816366,3.571506267719242,1,1
NL,2016,4,892236.078,25669,1,1,34.75928466243329,13.701486037980464,10.15303931712664,3.5484467208538253,1,1
NL,2016,5,950495.433,27663,1,1,34.35981032425984,13.76473863605952,10.227851059207252,3.5368875768522687,1,1
NL,2016,6,916924.048,26478,1,1,34.62965662059068,13.728779921199783,10.184069478497602,3.544710442702181,1,1
NL,2016,7,1013172.988,28676,1,1,35.33174041009904,13.828597536667417,10.263815814972762,3.5647817216946542,1,1
NL,2016,8,1013067.913,28596,1,1,35.42690981256119,13.82849382244465,10.261022126886742,3.5674716955579067,1,1
NL,2016,9,952417.221,27617,1,1,34.48662856211754,13.766758475119738,10.226186804119793,3.540571670999947,1,1
NL,2016,10,956845.073,27364,1,1,34.967295461189885,13.771396769137516,10.21698355988089,3.5544132092566274,1,1
NL,2016,11,825130.905,22808,1,1,36.17725819887759,13.623297325456905,10.034866630592507,3.5884306948643974,1,1
NL,2016,12,844712.317,22268,1,1,37.93391040955632,13.646751395117507,10.010905949303398,3.6358454458141085,1,1
NL,2017,1,828761.566,22067,1,1,37.556603344360354,13.627687776342594,10.001838558883081,3.6258492174595127,1,1
NL,2017,2,755464.432,20936,1,1,36.08446847535346,13.535087980830902,9.949225444209981,3.5858625366209194,1,1
NL,2017,3,881942.503,25393,1,1,34.73171752057654,13.689882143521608,10.142228824473392,3.547653319048215,1,1
NL,2017,4,934832.281,26823,1,1,34.851891324609475,13.74812241357093,10.197015007403428,3.5511074061675036,1,1
NL,2017,5,996609.884,29417,1,1,33.87870564639494,13.81211468250051,10.289328017507993,3.5227866649925175,1,1
NL,2017,6,975447.303,28409,1,1,34.33585494033581,13.790651417083836,10.254461275355103,3.536190141728734,1,1
NL,2017,7,1027309.968,29479,1,1,34.84887438515553,13.842454262262507,10.291433424425355,3.551020837837153,1,1
NL,2017,8,1033224.253,29493,1,1,35.03286383209575,13.848194813602342,10.291908226035034,3.5562865875673086,1,1
NL,2017,9,985268.119,28215,1,1,34.92001130604288,13.800669085144431,10.24760903040324,3.553060054741191,1,1
NL,2017,10,985704.159,28292,1,1,34.840384525660966,13.801111546981142,10.25033435815588,3.5507771888252604,1,1
NL,2017,11,855219.983,23688,1,1,36.10351160925363,13.659114004883966,10.072723869781427,3.5863901351025387,1,1
NL,2017,12,864067.81,22151,1,1,39.008072321791346,13.669406528502797,10.00563792118106,3.6637686073217357,1,1
NL,2018,1,863695.281,23367,1,1,36.96218089613557,13.668975301550777,10.059080049588058,3.609895251962718,1,1
NL,2018,2,792741.711,22749,1,1,34.84732124488988,13.58325273633836,10.032276467369046,3.5509762689693156,1,1
NL,2018,3,895833.555,26058,1,1,34.378446350449,13.705509910191775,10.168080101762877,3.537429808428899,1,1
NL,2018,4,932999.601,27698,1,1,33.68472817531952,13.746160052176656,10.229115487402662,3.517044564773993,1,1
NL,2018,5,1006598.676,29566,1,1,34.04581871068119,13.822087558004636,10.294380331461035,3.527707226543601,1,1
NL,2018,6,985005.892,28849,1,1,34.143502097126415,13.800402901862224,10.269830609290443,3.5305722925717813,1,1
NL,2018,7,1043044.562,29976,1,1,34.79598885775287,13.857654457902445,10.308152340473523,3.549502117428921,1,1
NL,2018,8,1048448.853,29512,1,1,35.526187754133915,13.862822347018394,10.292552239276512,3.5702701077418832,1,1
NL,2018,9,995645.474,28930,1,1,34.415674870376776,13.811146523402371,10.272634397970181,3.538512125432191,1,1
NL,2018,10,1003050.864,29411,1,1,34.104616096018496,13.818556777522677,10.289124033010108,3.5294327445125693,1,1
NL,2018,11,861615.565,24416,1,1,35.288973009501966,13.666564469888625,10.102993934084184,3.5635705358044416,1,1
NL,2018,12,876671.219,23404,1,1,37.45817890104256,13.683887308248021,10.060662226908127,3.623225081339894,1,1
NL,2019,1,861054.277,23187,1,1,37.13521701815672,13.66591282091193,10.05134705577498,3.6145657651369483,1,1
NL,2019,2,781641.64,22518,1,1,34.71185895727862,13.569151653624282,10.022070268363075,3.547081385261205,1,1
NL,2019,3,899493.138,25531,1,1,35.231410363871376,13.709586703661024,10.147648679072807,3.5619380245882173,1,1
NL,2019,4,942079.587,28019,1,1,33.622884007280774,13.755845037250799,10.24063813046042,3.5152069067903797,1,1
NL,2019,5,994175.51,29885,1,1,33.266706039819304,13.809669039468666,10.305111961258355,3.504557078210311,1,1
NL,2019,6,967957.897,28906,1,1,33.486400643465025,13.782943870478075,10.271804465008787,3.5111394054692884,1,1
NL,2019,7,1019366.127,29777,1,1,34.23333871780233,13.834691547966374,10.301491562412671,3.533199985553703,1,1
NL,2019,8,1025059.673,29569,1,1,34.66670070005749,13.840261386421044,10.294481794215836,3.545779592205209,1,1
NL,2019,9,989153.631,29051,1,1,34.048866854841485,13.80460493827799,10.276808185095502,3.527796753182487,1,1
NL,2019,10,977842.079,29106,1,1,33.59589359582217,13.793103462563586,10.278699617473272,3.5144038450903143,1,1
NL,2019,11,837370.62,24116,1,1,34.7226165201526,13.638022047165451,10.090630799609297,3.5473912475561553,1,1
NL,2019,12,849091.12,23724,1,1,35.79038610689597,13.651921785800628,10.074242472958618,3.5776793128420112,1,1
NL,2020,1,817635.4,23334,1,1,35.040515985257564,13.614171794950238,10.057666803383801,3.5565049915664355,1,1
NL,2020,2,755743.387,22232,1,1,33.99349527707808,13.535457162355323,10.00928797142234,3.526169190932983,1,1
NL,2020,3,611988.477,17050,1,1,35.89375231671554,13.324468732885833,9.743905482711662,3.5805632501741704,1,1
NL,2020,4,255241.294,4234,1,1,60.2837255550307,12.449964627707718,8.350902451694811,4.099062176012907,1,1
NL,2020,5,357214.296,6205,1,1,57.56878259468171,12.786091149580022,8.733110697638708,4.052980451941315,1,1
NL,2020,6,413140.128,8440,1,1,48.95025213270142,12.931542107374533,9.040737587590003,3.8908045197845293,1,1
NL,2020,7,540834.174,14145,1,1,38.235006998939554,13.200867993282436,9.557116483735667,3.6437515095467683,1,1
NL,2020,8,597465.504,17663,1,1,33.825822566947856,13.300451827229924,9.779227335155444,3.521224492074481,1,1
NL,2020,9,555527.384,16722,1,1,33.221348164095204,13.227673182976421,9.724480496710003,3.5031926862664173,1,1
NL,2020,10,566254.241,14345,1,1,39.47397985360753,13.246798445376058,9.571156728415465,3.675641716960593,1,1
NL,2020,11,535224.411,11427,1,1,46.83857626673667,13.190441397742553,9.343734255146714,3.8467071425958395,1,1
NL,2020,12,547247.828,10802,1,1,50.66171338640992,13.212657046441645,9.287486581152837,3.9251704652888098,1,1
NL,2021,1,521065.81235,9982,1,1,52.20054221097977,13.163631632047721,9.208538750029554,3.955092882018167,1,1
NL,2021,2,443251.9652,7810,1,1,56.754412957746474,13.001893657541967,8.963160242833732,4.038733414708235,1,1
NL,2021,3,499707.3386,10942,1,1,45.66873867665875,13.121777883236065,9.300363874623772,3.821414008612294,1,1
NL,2021,4,504894.8779,11932,1,1,42.31435450050285,13.132105524014404,9.386979145634639,3.7451263783797644,1,1
NL,2021,5,532131.731,13015,1,1,40.886033883980026,13.184646352333985,9.473857817428666,3.710788534905319,1,1
NL,2021,6,561712.4732,15897,1,1,35.33449538906712,13.238745384433843,9.673885691160871,3.5648596932729713,1,1
NL,2021,7,692696.70105,21631,1,1,32.023332303176,13.448347521548078,9.981882749963502,3.466464771584577,1,1
NL,2021,8,727656.9038,23565,1,1,30.878714356036493,13.497584930099665,10.067517839357832,3.4300670907418342,1,1
NL,2021,9,699733.3977,23019,1,1,30.398079747165383,13.458454681051217,10.044075240845775,3.4143794402054417,1,1
NL,2021,10,737220.68915,22916,1,1,32.17056594300925,13.510642568884819,10.039590635528468,3.47105193335635,1,1
NL,2021,11,672158.68575,19836,1,1,33.88579782970357,13.418249731137669,9.895253747609024,3.522995983528645,1,1
NL,2021,12,695455.6485,19854,1,1,35.02849040495618,13.452322519081521,9.896160777149667,3.5561617419318545,1,1
NL,2022,1,656754.4547,17904,1,1,36.681995905942806,13.395065490471108,9.792779430551706,3.602286059919402,1,1
NL,2022,2,594833.90775,17377,1,1,34.23110477930598,13.296037498920436,9.762902771722255,3.533134727198182,1,1
NL,2022,3,693722.5789,22753,1,1,30.48927960708478,13.449827417351703,10.032452283817127,3.4173751335345752,1,1
NL,2022,4,739553.82505,24482,1,1,30.20806408994363,13.513802344217842,10.105693432635459,3.4081089115823846,1,1
NL,2022,5,815569.89035,27646,1,1,29.50046626455907,13.611642399823443,10.227236331024303,3.384406068799141,1,1
NL,2022,6,809547.7403,27281,1,1,29.674415904842196,13.604231025407191,10.213945768177046,3.3902852572301456,1,1
NL,2022,7,855825.58935,27311,1,1,31.336296340302443,13.659821883604527,10.215044830421325,3.4447770531832016,1,1
NL,2022,8,855917.31135,27833,1,1,30.751888454352745,13.659929051567719,10.233977646051219,3.4259514055164995,1,1
NL,2022,9,823072.578,26882,1,1,30.617981474592664,13.620799662891242,10.199212196631093,3.4215874662601493,1,1
NL,2022,10,827319.5945,26221,1,1,31.551794153541056,13.625946349776312,10.174315895415749,3.451630454360564,1,1
NL,2022,11,716391.9275,21157,1,1,33.860751878810795,13.481982680958922,9.959726098983317,3.5222565819756033,1,1
NL,2022,12,724998.4824,20281,1,1,35.7476693654159,13.493924840593241,9.917439766154132,3.5764850744391095,1,1
NL,2023,1,718001.87485,20635,1,1,34.7953416452629,13.484227459238651,9.934743942186682,3.5494835170519687,1,1
NL,2023,2,666509.22085,20074,1,1,33.20261138039255,13.409809253238885,9.907180724373745,3.5026285288651393,1,1
NL,2023,3,766701.2545,23466,1,1,32.672856664962076,13.549852505778855,10.06330784398357,3.4865446617952855,1,1
NL,2023,4,823635.12525,25609,1,1,32.16194014799485,13.621482901660059,10.150699131184039,3.4707837704760203,1,1
NL,2023,5,875201.19055,27684,1,1,31.613971628016184,13.68220907096657,10.228609907961754,3.4535991630048164,1,1
NL,2023,6,860209.31465,27569,1,1,31.202049934709272,13.664931027743268,10.224447232050629,3.44048379569264,1,1
NL,2023,7,908256.98145,28385,1,1,31.99777986436498,13.719282636759107,10.253616115604826,3.4656665211542816,1,1
NL,2023,8,908894.7099,28832,1,1,31.52381762971698,13.719984535757654,10.269241160408065,3.4507433753495893,1,1
NL,2023,9,872787.0362,28172,1,1,30.980655835581427,13.679446860274282,10.246083855865301,3.4333630044089816,1,1
NL,2023,10,890948.79095,27778,1,1,32.07389988300094,13.700042231120014,10.231999619476165,3.46804261164385,1,1
NL,2023,11,771811.0114,22973,1,1,33.59643979454142,13.55649499515154,10.04207489229217,3.5144201028593693,1,1
NL,2023,12,810467.96065,22621,1,1,35.82812256973609,13.605367089024888,10.026633957357836,3.5787331316670525,1,1
NL,2024,1,798788.04462,23090,1,1,34.594545024686006,13.590850913736784,10.047154902348542,3.5436960113882416,1,1
NL,2024,2,767687.72876,22944,1,1,33.45919319909344,13.55113832626724,10.040811743399347,3.5103265828678927,1,1
NL,2024,3,832050.69258,25816,1,1,32.2300392229625,13.631648646529007,10.158749733731797,3.472898912797208,1,1
NL,2024,4,851788.64682,26613,1,1,32.006487311464326,13.65509370792504,10.189155097188696,3.4659386107363446,1,1
NL,2024,5,910073.75678,28997,1,1,31.38510041659482,13.721280926615139,10.274947655341608,3.4463332712735313,1,1
NL,2024,6,889428.88468,28620,1,1,31.07717975821104,13.69833483312234,10.261861053110442,3.4364737800118985,1,1
NL,2024,7,940174.18954,29412,1,1,31.96566671902625,13.753820445100052,10.289158033316113,3.46466241178394,1,1
NL,2024,8,954334.33402,29581,1,1,32.26173334302424,13.76876934398302,10.294887542319458,3.473881801663563,1,1
NL,2024,9,914133.06262,28185,1,1,32.4333178151499,13.725731422575379,10.246545200515675,3.4791862220597034,1,1
NL,2024,10,923779.46774,28380,1,1,32.550368842142355,13.736228650860243,10.253439950714034,3.4827887001462092,1,1
NL,2024,11,814795.71388,23651,1,1,34.450793365185405,13.610692702987128,10.071160676324263,3.539532026662865,1,1
NL,2024,12,837732.23738,23411,1,1,35.78370156678484,13.638453802605452,10.060961276360318,3.5774925262451345,1,1
NL,2025,1,818256.82594,23017,1,1,35.550107570056916,13.61493153444901,10.043988352323694,3.5709431821253164,1,1
NL,2025,2,762025.21782,22773,1,1,33.46178447371888,13.54373492837315,10.033330902684877,3.5104040256882714,1,1
NL,2025,3,863906.51492,26918,1,1,32.09400828144736,13.669219841608042,10.200550486793661,3.4686693548143803,1,1
NL,2025,4,880582.48188,27945,1,1,31.51127149329039,13.688338878715044,10.237993571703798,3.4503453070112458,1,1
NL,2025,5,926454.6296,29444,1,1,31.46497179731015,13.739120353837693,10.290245433178596,3.4488749206590974,1,1
NL,2025,6,907665.89624,28350,1,1,32.016433729805996,13.718631634188307,10.252382309155898,3.46624932503241,1,1
NL,2025,7,962253.66154,29703,1,1,32.39584087600579,13.777033376324516,10.299003329790624,3.478030046533891,1,1
NL,2025,8,968247.50034,29723,1,1,32.575698965111194,13.78324301574702,10.299676435863896,3.4835665798831243,1,1
NL,2025,9,918859.57434,27858,1,1,32.983687785914285,13.730888586985483,10.234875457247977,3.4960131297375066,1,1
NL,2025,10,935757.9606,27869,1,1,33.57701964907245,13.749112132917238,10.235270238956767,3.5138418939604716,1,1
NL,2025,11,835311.91346,23786,1,1,35.11779674850752,13.635560483134807,10.076852451287191,3.5587080318476163,1,1
NL,2025,12,865592.15828,24157,1,1,35.83193932524734,13.671169127744964,10.092329472153317,3.578839655591647,1,1
NL,2026,1,801349.52682,20436,1,1,39.212640772166765,13.59405249394298,9.92505333045069,3.668999163492291,1,1
NL,2026,2,776201.55694,21390,1,1,36.28805782795699,13.56216750376394,9.970678802076451,3.591488701687488,1,1
NL,2026,3,872826.62776,26269,1,1,33.22648855152461,13.679492221468255,10.176144815719798,3.5033474057484573,1,1
NL,2026,4,912357.3435,27605,1,1,33.05043809092555,13.723787016326643,10.225752194718146,3.498034821608498,1,1
NL,2026,5,963403.95984,28772,1,1,33.48408035034061,13.778228083445915,10.267157970987247,3.511070112458669,1,1
NL,2026,6,924925.41912,27686,1,1,33.40769410965831,13.737468385265574,10.22868214924768,3.5087862360178934,1,1
NL,2026,7,980475.33276,29009,1,1,33.799004886759285,13.795792766484634,10.275361405649203,3.5204313608354325,1,1
NO,2010,1,192277.836,28332,1,1,6.786595933926303,12.16669666752393,10.251747186873514,1.9149494806504157,0,0
NO,2010,2,187177.792,27889,1,1,6.711527555667108,12.139814203509607,10.23598762483351,1.9038265786760968,0,0
NO,2010,3,211578.975,31034,1,1,6.817650802345814,12.26235361202577,10.34283865664343,1.9195149553823405,0,0
NO,2010,4,173875.442,25043,1,1,6.9430755899852254,12.066094471278587,10.128349626344303,1.9377448449342858,0,0
NO,2010,5,231440.882,31193,1,1,7.419641650370275,12.352079750565673,10.347948989650975,2.0041307609146974,0,0
NO,2010,6,246943.942,33344,1,1,7.405948356525912,12.416916634386238,10.414633125113038,2.0022835092731994,0,0
NO,2010,7,238839.49,27316,1,1,8.74357482793967,12.383547015337932,10.21522789008098,2.1683191252569523,0,0
NO,2010,8,242322.764,30958,1,1,7.827468311906454,12.39802585204082,10.340386726133822,2.0576391259069977,0,0
NO,2010,9,242247.197,34322,1,1,7.058073451430569,12.397713958994638,10.443541826962248,1.9541721320323888,0,0
NO,2010,10,234482.072,33476,1,1,7.00448297287609,12.36513441192028,10.418584043152764,1.946550368767515,0,0
NO,2010,11,208414.348,31537,1,1,6.608566065256682,12.24728343485993,10.35891673868174,1.8883666961781904,0,0
NO,2010,12,184298.442,27187,1,1,6.778917938720713,12.124311690013934,10.21049419685733,1.913817493156606,0,0
NO,2011,1,197870.6,29047,1,1,6.812083864082349,12.195368560675819,10.27667048672357,1.9186980739522501,0,0
NO,2011,2,187771.453,28034,1,1,6.6979900477991015,12.142980826747257,10.241173338223003,1.9018074885242535,0,0
NO,2011,3,221177.809,32726,1,1,6.758473660086781,12.306722222621339,10.39592514798884,1.9107970746324983,0,0
NO,2011,4,212877.174,29672,1,1,7.1743453087085465,12.268470630478902,10.297959119169427,1.9705115113094747,0,0
NO,2011,5,235788.632,34384,1,1,6.857510237319684,12.370691055575499,10.445346618882292,1.9253444366932075,0,0
NO,2011,6,239585.854,33218,1,1,7.212530977181046,12.38666710341372,10.410847176658944,1.9758199267547758,0,0
NO,2011,7,241169.883,29278,1,1,8.23723898490334,12.393256872855032,10.284591659731356,2.1086652131236745,0,0
NO,2011,8,240118.744,33613,1,1,7.143627287061554,12.388888846634124,10.422668175884853,1.9662206707492715,0,0
NO,2011,9,241739.389,35200,1,1,6.867596278409091,12.39561551990136,10.468801361586188,1.9268141583151714,0,0
NO,2011,10,242813.324,34556,1,1,7.026661766408149,12.40004821310334,10.450336475478775,1.9497117376245643,0,0
NO,2011,11,217788.186,32603,1,1,6.68000447811551,12.29127824558558,10.392159587660679,1.899118657924903,0,0
NO,2011,12,195536.418,28322,1,1,6.904046959960455,12.183501922389269,10.251394166783005,1.9321077556062642,0,0
NO,2012,1,199144.62,30646,1,1,6.49822554330092,12.201786573431928,10.330257427138122,1.871529146293807,1,1
NO,2012,2,198438.804,29847,1,1,6.648534325057795,12.19823603938614,10.30383961125747,1.89439642812867,1,1
NO,2012,3,234968.833,33938,1,1,6.923473186398727,12.367208158798837,10.432290609532771,1.9349175492660662,1,1
NO,2012,4,213649.122,30549,1,1,6.9936535402140825,12.272090331538802,10.327087230839775,1.9450031006990278,1,1
NO,2012,5,241999.0,34806,1,1,6.9527954950295925,12.396688872898881,10.45754506469412,1.9391438082047614,1,1
NO,2012,6,261326.848,35245,1,1,7.4145793162150655,12.473527194029975,10.470078954207976,2.0034482398219984,1,1
NO,2012,7,257293.092,30986,1,1,8.303527141289615,12.45797114987211,10.341290768556236,2.1166803813158728,1,1
NO,2012,8,255278.61,34807,1,1,7.334116987962191,12.450110815935734,10.45757379496002,1.992537020975714,1,1
NO,2012,9,250978.21,34933,1,1,7.184559299229954,12.433121401596472,10.46118722017071,1.9719341814257607,1,1
NO,2012,10,252768.821,36235,1,1,6.975819539119636,12.440230598996598,10.497780781543382,1.9424498174532152,1,1
NO,2012,11,228651.561,33582,1,1,6.808753528676076,12.339954556091106,10.421745488119415,1.9182090679716914,1,1
NO,2012,12,201894.408,27803,1,1,7.261605150523325,12.21550010703772,10.232899207525533,1.9826008995121878,1,1
NO,2013,1,213432.493,31149,1,1,6.851985392789495,12.271075869614103,10.346537420971563,1.9245384486425396,1,1
NO,2013,2,204511.745,29259,1,1,6.989703851806282,12.228380685578632,10.283942497640124,1.944438187938507,1,1
NO,2013,3,229639.843,31207,1,1,7.358600410164386,12.344267460602538,10.348397707607221,1.995869752995316,1,1
NO,2013,4,246892.103,34660,1,1,7.123257443739181,12.4167066902126,10.453341563269596,1.963365126943002,1,1
NO,2013,5,253711.982,33380,1,1,7.60071845416417,12.44395497348276,10.415712197215827,2.028242776266935,1,1
NO,2013,6,285170.58,36088,1,1,7.902088782974951,12.56084280652114,10.493715679088233,2.067127127432909,1,1
NO,2013,7,298256.033,32943,1,1,9.05369981483168,12.605707567752226,10.402534074265823,2.203173493486404,1,1
NO,2013,8,289244.222,35982,1,1,8.038581012728587,12.575026669056923,10.490774092396565,2.084252576660358,1,1
NO,2013,9,277132.544,37096,1,1,7.470685356911797,12.532251168920666,10.521264426071296,2.0109867428493695,1,1
NO,2013,10,274403.745,37386,1,1,7.339746027924892,12.522355822699918,10.529051581772277,1.9933042409276414,1,1
NO,2013,11,244486.446,33616,1,1,7.272919026653974,12.406915150777634,10.422757423084782,1.9841577276928513,1,1
NO,2013,12,221700.367,28825,1,1,7.691252974848222,12.309082050993199,10.268998345137259,2.04008370585594,1,1
NO,2014,1,234763.6,32094,1,1,7.3148750545273264,12.366334329364713,10.376424375759305,1.9899099536054075,1,1
NO,2014,2,221647.209,30252,1,1,7.326696053153511,12.308842248169716,10.31731757697592,1.9915246711937957,1,1
NO,2014,3,259400.11,34701,1,1,7.475292066511051,12.466126974919904,10.454523783963511,2.011603190956392,1,1
NO,2014,4,247466.806,33013,1,1,7.496041135310333,12.419031734824653,10.404656702268806,2.014375032555847,1,1
NO,2014,5,271530.929,36456,1,1,7.448182164801405,12.511831330836547,10.503861332943718,2.007969997892828,1,1
NO,2014,6,292387.561,36585,1,1,7.9920065873992066,12.585835464913194,10.50739359931813,2.0784418655950625,1,1
NO,2014,7,301096.528,33808,1,1,8.906073355418835,12.615186183350536,10.428452739855837,2.1867334434946977,1,1
NO,2014,8,286220.614,35293,1,1,8.10984087496104,12.564518170065556,10.471439922974001,2.0930782470915554,1,1
NO,2014,9,283935.116,37739,1,1,7.523652349028856,12.556501026252555,10.538449321486167,2.0180517047663886,1,1
NO,2014,10,278124.489,36979,1,1,7.521146840098434,12.535824094597583,10.518105462931352,2.017718631666231,1,1
NO,2014,11,237361.962,32473,1,1,7.309517506851846,12.377341520855717,10.388164253807057,1.989177267048661,1,1
NO,2014,12,215841.196,28552,1,1,7.55958237601569,12.282298212567817,10.259482265169996,2.0228159473978207,1,1
NO,2015,1,222134.675,29921,1,1,7.4240391363925,12.311039121064386,10.306315853989789,2.004723267074598,1,1
NO,2015,2,212953.911,28864,1,1,7.377837825665188,12.26883104099628,10.27035042286235,1.9984806181339312,1,1
NO,2015,3,237731.001,32761,1,1,7.256524556637465,12.378895065542604,10.396994062531652,1.9819010030109532,1,1
NO,2015,4,244662.401,32810,1,1,7.456946083511125,12.407634584171653,10.398488625955148,2.0091459582165068,1,1
NO,2015,5,255677.509,33874,1,1,7.547898358623132,12.451672198865529,10.430403037451066,2.0212691614144616,1,1
NO,2015,6,276719.559,36172,1,1,7.650103920159239,12.53075984994109,10.496040617860372,2.0347192320807195,1,1
NO,2015,7,283995.347,32095,1,1,8.848585355974452,12.55671313320631,10.376455533745878,2.1802575994604316,1,1
NO,2015,8,273810.117,34653,1,1,7.901483767639166,12.520190141482546,10.45313958095679,2.067050560525756,1,1
NO,2015,9,264868.059,36183,1,1,7.320234889312661,12.486987090413656,10.496344674251352,1.9906424161623042,1,1
NO,2015,10,259012.825,35875,1,1,7.21986968641115,12.464632856830248,10.487795953061923,1.9768369037683253,1,1
NO,2015,11,229278.647,32620,1,1,7.028775199264255,12.34269334196294,10.392680876175005,1.9500124657879356,1,1
NO,2015,12,211209.993,28466,1,1,7.419728553361905,12.260608145035818,10.25646567163057,2.0041424734052464,1,1
NO,2016,1,215195.388,29542,1,1,7.2843879222801435,12.279301675813349,10.293568258600546,1.9857334172128034,1,1
NO,2016,2,220004.852,30270,1,1,7.268082325735052,12.301404879636756,10.317912402015764,1.983492477620991,1,1
NO,2016,3,238401.648,31275,1,1,7.6227545323741,12.381712126901117,10.350574335335113,2.0311377915660045,1,1
NO,2016,4,238984.793,33478,1,1,7.138562429057889,12.384155201274263,10.418643785662566,1.965511415611697,1,1
NO,2016,5,252715.966,33902,1,1,7.454308477375966,12.440021473018716,10.431229288678432,2.0087921843402845,1,1
NO,2016,6,270932.682,34467,1,1,7.860640090521367,12.509625663099921,10.447757623521474,2.061868039578447,1,1
NO,2016,7,283734.966,31434,1,1,9.026371635808362,12.555795863114176,10.355645388636274,2.2001504744779004,1,1
NO,2016,8,275900.754,34752,1,1,7.939133114640884,12.527796493075874,10.455992403293607,2.071804089782266,1,1
NO,2016,9,259318.614,35246,1,1,7.357391306814958,12.465812754526846,10.470107326624314,1.9957054279025321,1,1
NO,2016,10,261443.742,34857,1,1,7.5004659609260695,12.47397440358684,10.45900925685097,2.014965146735869,1,1
NO,2016,11,233908.987,32025,1,1,7.303949633099141,12.362687374236884,10.374272126764936,1.98841524747195,1,1
NO,2016,12,215673.721,27227,1,1,7.921317846255555,12.281521993708116,10.211964406994612,2.0695575867135036,1,1
NO,2017,1,222861.324,28428,1,1,7.839500633178556,12.314304991532872,10.255129853946785,2.0591751375860867,1,1
NO,2017,2,212803.748,27144,1,1,7.839807987032125,12.268125649076477,10.208911306464065,2.059214342612412,1,1
NO,2017,3,250115.352,32076,1,1,7.797585484474374,12.429677498428445,10.37586336592692,2.053814132501526,1,1
NO,2017,4,235721.325,28388,1,1,8.30355519938002,12.370405560011903,10.253721799644874,2.1166837603670308,1,1
NO,2017,5,258308.892,32577,1,1,7.929179850814992,12.46191140357851,10.39136179688501,2.0705496066935,1,1
NO,2017,6,275085.445,32216,1,1,8.53878336851254,12.524837037479545,10.38021850253129,2.144618534948254,1,1
NO,2017,7,289614.967,29197,1,1,9.91933989793472,12.576307619788084,10.281821243252258,2.2944863765358248,1,1
NO,2017,8,279416.094,32241,1,1,8.66648348376291,12.540457326150362,10.380994213509263,2.159463112641099,1,1
NO,2017,9,267589.344,32470,1,1,8.241125469664304,12.497208785815545,10.388071865096892,2.1091369207186537,1,1
NO,2017,10,268220.597,33308,1,1,8.052737990873064,12.499565044047257,10.41355288735571,2.086012156691548,1,1
NO,2017,11,239666.476,30734,1,1,7.798089282228151,12.387003552485384,10.333124812615278,2.0538787398701057,1,1
NO,2017,12,220987.046,26400,1,1,8.37072143939394,12.305859363397326,10.181119289134408,2.124740074262918,1,1
NO,2018,1,229227.269,28176,1,1,8.135550432992618,12.342469231440385,10.246225830735987,2.0962434007043966,1,1
NO,2018,2,220788.472,26796,1,1,8.239605612778027,12.304960381877153,10.196007901628159,2.1089524802489947,1,1
NO,2018,3,248651.466,28902,1,1,8.603261573593523,12.423807459963026,10.271666075858276,2.152141384104751,1,1
NO,2018,4,251340.897,30954,1,1,8.119819635588293,12.434565452033619,10.340257510472705,2.0943079415609147,1,1
NO,2018,5,263745.306,30902,1,1,8.534894375768559,12.482739166457645,10.338576185710364,2.1441629807472804,1,1
NO,2018,6,283221.632,31425,1,1,9.012621543357199,12.553985022065369,10.355359033458448,2.1986259886069215,1,1
NO,2018,7,296430.035,29242,1,1,10.137132720060187,12.599566499928832,10.283361310977384,2.316205188951448,1,1
NO,2018,8,288819.672,31942,1,1,9.042003381128296,12.573557800024485,10.371677037216255,2.2018807628082313,1,1
NO,2018,9,270763.181,31432,1,1,8.614252386103333,12.50899984696541,10.355581761238296,2.1534180857271137,1,1
NO,2018,10,286372.449,33273,1,1,8.606751690559914,12.565048511815641,10.41250153627285,2.1525469755427897,1,1
NO,2018,11,260308.039,30741,1,1,8.467780456068443,12.46962097410162,10.333352547467827,2.1362684266337917,1,1
NO,2018,12,230043.881,26296,1,1,8.748246159111652,12.346025356664338,10.177172115344055,2.168853241320282,1,1
NO,2019,1,241299.211,28185,1,1,8.561263473478801,12.393792981819132,10.246545200515675,2.147247781303457,1,1
NO,2019,2,224406.965,26614,1,1,8.43191421808071,12.32121649047342,10.189192672103689,2.1320238183697326,1,1
NO,2019,3,261215.746,30027,1,1,8.699362107436642,12.473101957875258,10.309852255887128,2.1632497019881294,1,1
NO,2019,4,239328.664,27562,1,1,8.683283651404107,12.38559304942263,10.22419329143509,2.16139975798754,1,1
NO,2019,5,261809.342,30959,1,1,8.456647243128009,12.475371815549325,10.340419027440413,2.1349527881089108,1,1
NO,2019,6,282944.446,30649,1,1,9.231767627002512,12.553005853468319,10.330355314404699,2.222650539063621,1,1
NO,2019,7,299670.381,29414,1,1,10.188018664581492,12.610438419592036,10.28922603046026,2.321212389131776,1,1
NO,2019,8,285537.72,31162,1,1,9.163010076375071,12.562129418440561,10.3469546827773,2.2151747356632607,1,1
NO,2019,9,273752.943,32249,1,1,8.488726565164812,12.519981310739992,10.38124231399123,2.138738996748761,1,1
NO,2019,10,271243.002,32628,1,1,8.313197315189408,12.510770384425664,10.39292609442047,2.117844290005192,1,1
NO,2019,11,242552.657,29612,1,1,8.191025834121302,12.398974108055747,10.295934963562988,2.103039144492757,1,1
NO,2019,12,229420.868,25908,1,1,8.855213370387524,12.343313447282029,10.162307080302808,2.181006366979221,1,1
NO,2020,1,234018.624,28329,1,1,8.260744255003706,12.363155980916332,10.25164129393118,2.1115146869851538,1,1
NO,2020,2,230803.751,26871,1,1,8.589324959994045,12.349323065650394,10.198802917143304,2.150520148507089,1,1
NO,2020,3,171517.703,21049,1,1,8.148496508147655,12.052441764750647,9.954608332043842,2.0978334327068042,1,1
NO,2020,4,49819.928,9885,1,1,5.03995225088518,10.816170343612397,9.198773735604718,1.61739660800768,1,1
NO,2020,5,61506.94,10147,1,1,6.061588646890707,11.026905292956487,9.224933374279082,1.801971918677404,1,1
NO,2020,6,77888.148,13298,1,1,5.857132501127989,11.263029076509731,9.495368926962401,1.7676601495473319,1,1
NO,2020,7,115798.27,18334,1,1,6.316039598560052,11.659604904458487,9.816512538521721,1.8430923659367648,1,1
NO,2020,8,122660.633,19093,1,1,6.42437715393076,11.717176739773214,9.857077054713464,1.860099685059749,1,1
NO,2020,9,126828.221,20158,1,1,6.291706568111916,11.750588859313254,9.911356510914823,1.8392323483984314,1,1
NO,2020,10,120315.319,19885,1,1,6.050556650741766,11.697871233839098,9.897720957641791,1.8001502761973067,1,1
NO,2020,11,102402.86,17916,1,1,5.715721143112302,11.536669920885018,9.793449447327191,1.7432204735578274,1,1
NO,2020,12,99562.534,16236,1,1,6.13220830253757,11.508541208146383,9.694986277958789,1.813554930187594,1,1
NO,2021,1,89911.8365,15594,1,1,5.765796877003976,11.406584874751749,9.654641503869545,1.751943370882203,1,1
NO,2021,2,72982.19985,13294,1,1,5.489860075974124,11.197970852726057,9.495068084601527,1.7029027681245297,1,1
NO,2021,3,85557.3444,15502,1,1,5.519116526899755,11.356942124846494,9.648724326841457,1.708217798005038,1,1
NO,2021,4,81410.5825,14892,1,1,5.466732641686812,11.307260549683072,9.608579434992608,1.6986811146904641,1,1
NO,2021,5,83303.71685,15470,1,1,5.384855646412411,11.33024844720751,9.646657943567112,1.6835905036403966,1,1
NO,2021,6,100849.86195,17943,1,1,5.620568575489049,11.52138817451677,9.794955345712667,1.7264328288041038,1,1
NO,2021,7,142439.89445,21045,1,1,6.768348512710857,11.86667539637768,9.95441828120467,1.9122571151730083,1,1
NO,2021,8,152636.73685,23026,1,1,6.62888633935551,11.935816108374459,10.044379291233609,1.8914368171408487,1,1
NO,2021,9,161499.7877,25313,1,1,6.380112499506182,11.9922591070929,10.139073376740225,1.8531857303526755,1,1
NO,2021,10,175838.21055,26153,1,1,6.723443220663021,12.077319593004685,10.171719185666264,1.9056004073384205,1,1
NO,2021,11,175590.8278,26766,1,1,6.560219225883584,12.075911725333743,10.19488770435632,1.881024020977424,1,1
NO,2021,12,175797.01175,25173,1,1,6.983554274421007,12.077085266079644,10.13352727053818,1.9435579955414655,1,1
NO,2022,1,144708.4162,20783,1,1,6.9628261656161285,11.882476074024229,9.941890623819074,1.9405854502051556,1,1
NO,2022,2,135981.58245,19664,1,1,6.91525541344589,11.82027473238588,9.886544831805816,1.9337299005800639,1,1
NO,2022,3,178345.9979,25848,1,1,6.899798742649334,12.091480750950181,10.159988507504334,1.9314922434458466,1,1
NO,2022,4,201573.5511,26766,1,1,7.530955357543152,12.213909611632065,10.19488770435632,2.0190219072757456,1,1
NO,2022,5,222515.67895,30674,1,1,7.25421135000326,12.312752845296748,10.331170669210724,1.9815821760860222,1,1
NO,2022,6,238278.59245,29565,1,1,8.0594822408253,12.381195824599107,10.29434650825493,2.086849316344176,1,1
NO,2022,7,237505.1911,26576,1,1,8.936829887868754,12.377944759481124,10.187763831853076,2.1901809276280484,1,1
NO,2022,8,253478.6648,30645,1,1,8.271452595855768,12.443034935946857,10.330224795919833,2.112810140027024,1,1
NO,2022,9,238713.9211,31348,1,1,7.6149649451320665,12.383021131112313,10.352905748172756,2.0301153829395586,1,1
NO,2022,10,236259.9791,30546,1,1,7.734563579519413,12.372688084040643,10.326989023130391,2.045699060910252,1,1
NO,2022,11,195894.1914,27902,1,1,7.020793900078848,12.18532995265077,10.236453649828054,1.9488763028227176,1,1
NO,2022,12,185561.41135,24899,1,1,7.452564815856059,12.131141164732423,10.122582921003769,2.008558243728654,1,1
NO,2023,1,180003.6668,25129,1,1,7.163184639261411,12.10073250077597,10.131777836669867,1.9689546641061026,1,1
NO,2023,2,168644.42375,23090,1,1,7.303786216977046,12.03554777590522,10.047154902348542,1.9883928735566794,1,1
NO,2023,3,205223.4998,28125,1,1,7.296835548444444,12.231854907164166,10.244414139506722,1.9874407676574455,1,1
NO,2023,4,202801.2903,26489,1,1,7.656056865113821,12.219981913104961,10.184484831459187,2.035497081645773,1,1
NO,2023,5,225700.19435,29290,1,1,7.7057082400136565,12.32696282390406,10.285001439821778,2.041961384082281,1,1
NO,2023,6,245388.43515,30316,1,1,8.09435397644808,12.410597683620342,10.31943090493192,2.091166778688421,1,1
NO,2023,7,260772.83025,27828,1,1,9.370879339154808,12.471404925118415,10.233797987043532,2.2376069380748835,1,1
NO,2023,8,252321.29285,29428,1,1,8.574191003466087,12.438458526034404,10.289701881052155,2.148756644982249,1,1
NO,2023,9,237183.13565,29588,1,1,8.016193580167636,12.37658784598119,10.295124152707759,2.0814636932734305,1,1
NO,2023,10,235866.52265,29860,1,1,7.8990797940388475,12.371021342014394,10.304275071093182,2.066746270921213,1,1
NO,2023,11,197111.24585,26481,1,1,7.443497067708924,12.191523548083417,10.184182773688342,2.007340774395074,1,1
NO,2023,12,185366.8987,23251,1,1,7.97242693647585,12.130092376260045,10.054103420843255,2.0759889554167894,1,1
NO,2024,1,184846.74266,23686,1,1,7.804050606265304,12.127282342678546,10.07263943528144,2.0546429073971053,1,1
NO,2024,2,188694.9554,24113,1,1,7.825445004769212,12.147886997559976,10.090506393131704,2.05738060442827,1,1
NO,2024,3,213436.0249,26045,1,1,8.19489440967556,12.271092417566702,10.167581090179292,2.10351132738741,1,1
NO,2024,4,221898.73254,28567,1,1,7.767659626142052,12.309976397052187,10.260007484461118,2.049968912591068,1,1
NO,2024,5,234857.7049,28819,1,1,8.149405076512023,12.366735098666606,10.268790170825218,2.097944927841388,1,1
NO,2024,6,257048.89162,29005,1,1,8.862226913290812,12.457021585550605,10.275223507900165,2.1817980776504395,1,1
NO,2024,7,279288.20004,27396,1,1,10.194488247919406,12.539999502705658,10.218152296317795,2.321847206387863,1,1
NO,2024,8,267597.71244,28876,1,1,9.267132305028396,12.49724005876918,10.270766079259051,2.226473979510127,1,1
NO,2024,9,248435.85106,30034,1,1,8.271820305653591,12.422939946565995,10.310085352240225,2.112854594325768,1,1
NO,2024,10,243771.06304,29829,1,1,8.172284120822018,12.403984797598547,10.303236353648183,2.1007484439503625,1,1
NO,2024,11,210957.88198,26262,1,1,8.032818596451147,12.259413781063989,10.17587830641895,2.0835354746450383,1,1
NO,2024,12,201706.94522,23901,1,1,8.439268031463119,12.214571156765452,10.081675578048475,2.132895578716975,1,1
NO,2025,1,199780.67752,24739,1,1,8.075535693439509,12.204975431410853,10.116136224757685,2.0888392066531676,1,1
NO,2025,2,195537.4765,23881,1,1,8.187993656044554,12.183507335688468,10.080838442676662,2.1026688930118054,1,1
NO,2025,3,230097.8442,27931,1,1,8.238081135655722,12.346259907009555,10.237492462093485,2.108767444916071,1,1
NO,2025,4,229870.8227,27449,1,1,8.374469842252905,12.345272789691482,10.220085016401597,2.125187773289884,1,1
NO,2025,5,240301.81004,29099,1,1,8.258077942197326,12.389650954114003,10.278459088307951,2.111191865806052,1,1
NO,2025,6,255424.36518,29393,1,1,8.6899726186507,12.450681618108586,10.288511829739507,2.16216978836908,1,1
NO,2025,7,275721.90832,28451,1,1,9.691114840251661,12.527148058200067,10.255938588321637,2.2712094698784298,1,1
NO,2025,8,266531.74092,29864,1,1,8.92485068711492,12.493248618385156,10.30440902059442,2.1888395977907362,1,1
NO,2025,9,250282.91988,30897,1,1,8.100557331779784,12.43034723649782,10.338414370793911,2.091932865703908,1,1
NO,2025,10,243341.6379,30196,1,1,8.05873751159094,12.402221652230269,10.315464744259515,2.086756907970754,1,1
NO,2025,11,207711.46274,26080,1,1,7.9643965774539875,12.243905197267686,10.16892401604059,2.0749811812270975,1,1
NO,2025,12,208694.18284,25139,1,1,8.301610359998408,12.248625219365852,10.132175704105688,2.1164495152601632,1,1
NO,2026,1,202819.36324,24858,1,1,8.15911832166707,12.220071025628469,10.120934911305456,2.0991361143230116,1,1
NO,2026,2,191960.1003,23408,1,1,8.200619459159261,12.165042818476733,10.060833123259906,2.104209695216828,1,1
NO,2026,3,217645.49646,27441,1,1,7.931398143653657,12.290622855105445,10.219793524324475,2.0708293307809704,1,1
NO,2026,4,215729.4417,27452,1,1,7.8584234919131575,12.281780316804133,10.220194304028526,2.0615860127756065,1,1
NO,2026,5,237204.34006,29363,1,1,8.078341452167694,12.376677242987222,10.28749065734496,2.089186585642262,1,1
NO,2026,6,255291.38384,29604,1,1,8.623543569787866,12.450160853502206,10.295664766317357,2.154496087184849,1,1
NO,2026,7,271373.55392,27985,1,1,9.69710751902805,12.511251578451517,10.23942393132546,2.2718276471260572,1,1
PL,2010,1,107673.58,10530,1,1,10.225411206077872,11.586859522001593,9.261983605128021,2.324875916873571,0,0
PL,2010,2,99531.672,10140,1,1,9.81574674556213,11.508231184054097,9.224243277145174,2.2839879069089233,0,0
PL,2010,3,122098.845,12035,1,1,10.145313253012048,11.712586200594595,9.395574350217172,2.3170118503774235,0,0
PL,2010,4,110356.994,10028,1,1,11.004885719984046,11.6114757898305,9.213136459278184,2.3983393305523166,0,0
PL,2010,5,146602.69,13077,1,1,11.210727995717672,11.895481417516002,9.478610240906502,2.4168711766094995,0,0
PL,2010,6,173032.12,14287,1,1,12.111158395744383,12.061232520986236,9.567105311865157,2.4941272091210775,0,0
PL,2010,7,183166.336,14333,1,1,12.779343891718412,12.118149958878549,9.570319849923216,2.547830108955333,0,0
PL,2010,8,177202.06,14087,1,1,12.579119755803223,12.085045942367712,9.553007665260306,2.5320382771074046,0,0
PL,2010,9,166098.199,13743,1,1,12.08602190205923,12.020334452676858,9.528284882554852,2.4920495701220067,0,0
PL,2010,10,143583.979,13190,1,1,10.885821000758149,11.874675362519849,9.48721424571136,2.3874611168084887,0,0
PL,2010,11,113210.608,10935,1,1,10.353050571559212,11.637005150608038,9.299723933110869,2.33728121749717,0,0
PL,2010,12,111317.316,10306,1,1,10.801214438191346,11.620140104677223,9.24048152888817,2.379658575789054,0,0
PL,2011,1,112206.058,10691,1,1,10.495375362454402,11.628092263483046,9.2771575450135,2.3509347184695457,0,0
PL,2011,2,99406.948,10126,1,1,9.817000592534072,11.506977289598195,9.222861652529854,2.28411563706834,0,0
PL,2011,3,118718.126,11941,1,1,9.942058956536304,11.684507273236191,9.387733135533384,2.2967741377028066,0,0
PL,2011,4,128558.438,11907,1,1,10.796878978751995,11.764138850368697,9.384881741451174,2.3792571089175216,0,0
PL,2011,5,148234.428,13349,1,1,11.104534272230131,11.906550272557178,9.499196754655733,2.4073535179014454,0,0
PL,2011,6,161313.928,13841,1,1,11.654788526840548,11.991107608804585,9.535390480896702,2.4557171279078833,0,0
PL,2011,7,171488.048,14356,1,1,11.945392031206465,12.052268852197505,9.571923252267498,2.480345599930007,0,0
PL,2011,8,172422.685,14659,1,1,11.7622406030425,12.05770421208206,9.59280976029003,2.464894451792028,0,0
PL,2011,9,170730.755,14931,1,1,11.434649722054786,12.047843062442581,9.611194867526663,2.4366481949159167,0,0
PL,2011,10,141516.556,13541,1,1,10.450967875341556,11.86017199275462,9.513477398982824,2.3466945937717947,0,0
PL,2011,11,115285.908,11738,1,1,9.821597205656841,11.655170478492758,9.37058672111828,2.2845837573744787,0,0
PL,2011,12,117717.556,11792,1,1,9.982832089552238,11.676043441003793,9.375176614429117,2.3008668265746754,0,0
PL,2012,1,113721.94,11695,1,1,9.723979478409577,11.641511625063675,9.36691667901828,2.274594946045395,1,1
PL,2012,2,104088.14,10966,1,1,9.491896771840233,11.552993319198164,9.302554855963994,2.2504384632341696,1,1
PL,2012,3,120395.074,12542,1,1,9.599352096954233,11.69853389739861,9.436838291102966,2.261695606295644,1,1
PL,2012,4,136803.148,13582,1,1,10.072386099249005,11.82629829560173,9.516500665673737,2.3097976299279916,1,1
PL,2012,5,157952.16,15660,1,1,10.086344827586208,11.970047481350402,9.658864969544794,2.3111825118056077,1,1
PL,2012,6,183397.333,17518,1,1,10.469079404041558,12.119410296714033,9.770984202723035,2.348426093990999,1,1
PL,2012,7,186270.531,16564,1,1,11.245504165660467,12.13495536372358,9.714986944665458,2.4199684190581228,1,1
PL,2012,8,177930.048,15013,1,1,11.851731699194033,12.089145763269856,9.616671771412305,2.472473991857551,1,1
PL,2012,9,171546.465,14852,1,1,11.55039489631026,12.052609441837035,9.60588981529697,2.446719626540065,1,1
PL,2012,10,145404.598,13966,1,1,10.411327366461407,11.887275466690221,9.54438108340598,2.3428943832842415,1,1
PL,2012,11,116228.057,11822,1,1,9.831505413635595,11.663309548643513,9.377717481384314,2.285592067259198,1,1
PL,2012,12,112157.75,11027,1,1,10.171193434297633,11.627661641439525,9.308102089758679,2.3195595516808467,1,1
PL,2013,1,115220.507,11465,1,1,10.049760750109026,11.654603023554422,9.347054195292005,2.3075488282624175,1,1
PL,2013,2,106516.452,10867,1,1,9.80182681512837,11.576054731074224,9.293485953062852,2.282568778011372,1,1
PL,2013,3,125371.363,11950,1,1,10.491327447698744,11.739035515870388,9.388486557359657,2.3505489585107306,1,1
PL,2013,4,141807.162,13114,1,1,10.813417874027758,11.862223399562096,9.481435640823564,2.3807877587385304,1,1
PL,2013,5,162617.345,14238,1,1,11.421361497401321,11.999155143223435,9.563669725663818,2.4354854175596166,1,1
PL,2013,6,178405.939,14953,1,1,11.931113422055775,12.091816788932679,9.612667227583843,2.479149561348835,1,1
PL,2013,7,189896.487,15485,1,1,12.263253923151437,12.154234397419154,9.647627092407303,2.506607305011851,1,1
PL,2013,8,189654.92,15285,1,1,12.407911023879622,12.152961489306248,9.634627234324935,2.518334254981314,1,1
PL,2013,9,179389.634,15088,1,1,11.88955686638388,12.097315445443549,9.621655004873238,2.475660440570311,1,1
PL,2013,10,158187.732,14425,1,1,10.966220589254766,11.971537783900391,9.5767180913763,2.3948196925240905,1,1
PL,2013,11,128662.579,11897,1,1,10.814707825502227,11.764948589844147,9.384041546476526,2.380907043367621,1,1
PL,2013,12,123232.373,10777,1,1,11.434756704092049,11.721827063421273,9.285169512596832,2.436657550824441,1,1
PL,2014,1,127167.925,11311,1,1,11.2428543011228,11.753263736140303,9.33353098253138,2.419732753608922,1,1
PL,2014,2,114736.148,11021,1,1,10.410683966972144,11.650390406039248,9.307557822691543,2.342832583347706,1,1
PL,2014,3,134241.433,12493,1,1,10.745332025934523,11.807395196554664,9.432923766431829,2.3744714301228353,1,1
PL,2014,4,147556.344,13261,1,1,11.127090264685922,11.901965375041515,9.4925826756776,2.409382699363916,1,1
PL,2014,5,170157.986,14427,1,1,11.794412282525819,12.04448261388494,9.576856729945773,2.4676258839391663,1,1
PL,2014,6,192818.051,15866,1,1,12.15290879868902,12.169502282294658,9.671933733861948,2.497568548432711,1,1
PL,2014,7,205697.667,16227,1,1,12.676259752264743,12.234162733816886,9.694431800539537,2.5397309332773492,1,1
PL,2014,8,206372.832,15763,1,1,13.092230666751252,12.237439676018855,9.665420700626543,2.572018975392312,1,1
PL,2014,9,197101.458,16133,1,1,12.2172849439038,12.191473890373725,9.688622142666144,2.5028517477075822,1,1
PL,2014,10,166222.054,14630,1,1,11.361726179084075,12.021079848147743,9.59082949401417,2.4302503541335727,1,1
PL,2014,11,142094.233,12423,1,1,11.437996699669968,11.864245729165928,9.427304872213677,2.4369408569522513,1,1
PL,2014,12,138561.979,11852,1,1,11.691020840364494,11.839073006315514,9.380251908693456,2.4588210976220575,1,1
PL,2015,1,142730.699,12141,1,1,11.756090849188698,11.868714909970471,9.404343433543975,2.464371476426496,1,1
PL,2015,2,131927.522,11667,1,1,11.307750235707552,11.790007975013637,9.364519622823858,2.4254883521897797,1,1
PL,2015,3,151122.084,13371,1,1,11.302227507291901,11.925843292445578,9.500843461614666,2.424999830830912,1,1
PL,2015,4,158344.282,13850,1,1,11.432800144404332,11.972526941431639,9.536040511615484,2.4364864298161537,1,1
PL,2015,5,175000.925,15282,1,1,11.451441238057845,12.072546538605968,9.634430944207512,2.438115594398455,1,1
PL,2015,6,204090.788,16751,1,1,12.183797265834876,12.22632021304146,9.726213236963687,2.500106976077773,1,1
PL,2015,7,212252.584,17074,1,1,12.431333255241888,12.26553227842222,9.745312117570252,2.5202201608519683,1,1
PL,2015,8,207245.337,16463,1,1,12.588552329466076,12.241658573347562,9.708870717648022,2.532787855699541,1,1
PL,2015,9,195786.765,16289,1,1,12.019569341273252,12.18478141230977,9.698245312357605,2.4865360999521644,1,1
PL,2015,10,161391.8,14440,1,1,11.176717451523546,11.991590228075053,9.577757412446818,2.413832815628235,1,1
PL,2015,11,145535.692,12699,1,1,11.460405701236319,11.88817664135305,9.449278529189034,2.4388981121640168,1,1
PL,2015,12,147166.946,12247,1,1,12.016571078631502,11.899322908430985,9.413036288021287,2.4862866204096985,1,1
PL,2016,1,153721.586,12414,1,1,12.382921379088128,11.942898362085874,9.426580146973597,2.516318215112275,1,1
PL,2016,2,145542.536,12385,1,1,11.751516834880904,11.88822366651222,9.42424134192346,2.46398232458876,1,1
PL,2016,3,164687.926,13840,1,1,11.89941661849711,12.011807604431741,9.535318229171661,2.47648937526008,1,1
PL,2016,4,169430.482,14755,1,1,11.482919823788546,12.040197985980779,9.59933728737704,2.44086069860374,1,1
PL,2016,5,197830.897,15948,1,1,12.40474648858791,12.195167889207886,9.677088708501246,2.5180791807066396,1,1
PL,2016,6,221721.23,17682,1,1,12.53937507069336,12.309176151055787,9.780302451965749,2.5288736990900382,1,1
PL,2016,7,236111.691,17579,1,1,13.431463166277945,12.372060239001419,9.774460286799892,2.597599952201528,1,1
PL,2016,8,234980.959,17696,1,1,13.278761245479204,12.367259764311635,9.781093904322061,2.586165859989574,1,1
PL,2016,9,227040.218,17546,1,1,12.939713780918728,12.332882452576635,9.772581282688328,2.560301169888307,1,1
PL,2016,10,195389.312,16024,1,1,12.193541687468796,12.182749319039555,9.681842877345654,2.5009064416939006,1,1
PL,2016,11,178366.915,14316,1,1,12.459270396758871,12.091598027893445,9.569133071885917,2.522464956007529,1,1
PL,2016,12,183609.917,13924,1,1,13.186578353921286,12.120568769871035,9.54136924893133,2.579199520939705,1,1
PL,2017,1,179964.105,13768,1,1,13.071187173155144,12.100512693319533,9.530102337891375,2.5704103554281583,1,1
PL,2017,2,161367.052,12923,1,1,12.4868104929196,11.991436875193202,9.466763948525191,2.52467292666801,1,1
PL,2017,3,187153.457,15253,1,1,12.269944076575099,12.139684184976026,9.632531483999934,2.5071527009760928,1,1
PL,2017,4,191988.697,15519,1,1,12.371202848121657,12.165191779485358,9.649820358671624,2.5153714208137328,1,1
PL,2017,5,219114.937,17247,1,1,12.704524670957268,12.297351697609404,9.7553934942914,2.541958203318004,1,1
PL,2017,6,246113.576,18544,1,1,13.27187100949094,12.413548399424888,9.827901565579532,2.5856468338453547,1,1
PL,2017,7,268307.056,19358,1,1,13.86026738299411,12.499887334987026,9.870861049709035,2.6290262852779915,1,1
PL,2017,8,265565.049,19282,1,1,13.772692096255575,12.489615095304865,9.866927297224326,2.62268779808054,1,1
PL,2017,9,263382.992,19425,1,1,13.558969987129988,12.481364495211837,9.874316175235847,2.607048319975988,1,1
PL,2017,10,235788.681,18129,1,1,13.00616035081913,12.37069126338872,9.805268145029668,2.565423118359051,1,1
PL,2017,11,204482.756,15564,1,1,13.138187869442302,12.228238928171246,9.652715834104445,2.575523094066801,1,1
PL,2017,12,205927.661,14968,1,1,13.757860836451096,12.235280225906365,9.613669867953925,2.621610357952439,1,1
PL,2018,1,212069.977,15533,1,1,13.652866606579542,12.264671579378348,9.650722071987907,2.613949507390441,1,1
PL,2018,2,193372.521,14582,1,1,13.261042449595392,12.172373768142258,9.587543170366375,2.584830597775882,1,1
PL,2018,3,220274.903,16681,1,1,13.205137761525087,12.302631604376192,9.722025626154055,2.5806059782221356,1,1
PL,2018,4,233036.968,17725,1,1,13.147360677009873,12.358952380906727,9.782731351400328,2.576221029506399,1,1
PL,2018,5,267694.015,19548,1,1,13.694189431143851,12.497599872142345,9.880628258390045,2.6169716137522996,1,1
PL,2018,6,295275.939,21151,1,1,13.960377239846816,12.595665584561353,9.959442464680574,2.636223119880777,1,1
PL,2018,7,316375.361,21683,1,1,14.590940414149333,12.664684638897743,9.984283822364217,2.6804008165335245,1,1
PL,2018,8,320713.129,21710,1,1,14.772599216950715,12.67830232341516,9.985528262872338,2.6927740605428223,1,1
PL,2018,9,300041.454,21175,1,1,14.16960821723731,12.611675924092362,9.960576519520256,2.6510994045721064,1,1
PL,2018,10,261921.842,19399,1,1,13.501821846486932,12.475801425261967,9.872976797331106,2.6028246279308616,1,1
PL,2018,11,226197.256,16627,1,1,13.604213387863114,12.329162711732929,9.71878315904038,2.61037955269255,1,1
PL,2018,12,225082.781,16173,1,1,13.917194150745068,12.32422352907778,9.69109846411978,2.6331250649580022,1,1
PL,2019,1,227349.833,16303,1,1,13.945275900141079,12.334245224702634,9.699104418939655,2.6351408057629797,1,1
PL,2019,2,210743.227,15382,1,1,13.700638863606814,12.258395737743882,9.640953273616999,2.617442464126883,1,1
PL,2019,3,234769.22,17207,1,1,13.643820538153077,12.366358268053387,9.753071556753158,2.61328671130023,1,1
PL,2019,4,248416.108,18406,1,1,13.49647441051831,12.422860473959918,9.820431977398803,2.6024284965611155,1,1
PL,2019,5,281020.646,20337,1,1,13.81819570241432,12.54618341892646,9.920197166099076,2.6259862528273845,1,1
PL,2019,6,312125.497,21391,1,1,14.591440185124585,12.651160619891579,9.970725551801806,2.6804350680897744,1,1
PL,2019,7,328619.517,22273,1,1,14.754164997979617,12.702655877222014,10.011130461551485,2.6915254156705295,1,1
PL,2019,8,329873.618,22084,1,1,14.937222332910705,12.706464884331142,10.002608643403935,2.7038562409272076,1,1
PL,2019,9,318389.629,21627,1,1,14.721858279003099,12.671031160185697,9.981697813072689,2.689333347113009,1,1
PL,2019,10,280349.07,20177,1,1,13.894487287505576,12.543790784264347,9.912298620814678,2.6314921634496695,1,1
PL,2019,11,245145.736,17680,1,1,13.865709049773756,12.409608153495519,9.780189336191635,2.6294188173038853,1,1
PL,2019,12,250170.398,17847,1,1,14.017504230402867,12.42989755666605,9.789590705856016,2.6403068508100356,1,1
PL,2020,1,251641.754,17860,1,1,14.089683874580066,12.43576174393467,9.79031885443049,2.6454428895041797,1,1
PL,2020,2,230098.5,16819,1,1,13.680866876746537,12.346262757097385,9.730264478727433,2.6159982783699522,1,1
PL,2020,3,131765.601,9697,1,1,13.588285139733937,11.788779873055503,9.179571838304547,2.6092080347509574,1,1
PL,2020,4,17653.363,1916,1,1,9.213655010438414,9.778681582454963,7.557994958530806,2.2206866239241574,1,1
PL,2020,5,22742.152,2289,1,1,9.935409349060725,10.031975397831316,7.735870319952567,2.296105077878748,1,1
PL,2020,6,33237.247,3967,1,1,8.378433829089992,10.411426423638138,8.28576542051433,2.1256610031238075,1,1
PL,2020,7,115454.76,10031,1,1,11.509795633536038,11.656634043902393,9.213435576883485,2.443198467018908,1,1
PL,2020,8,150067.85,12290,1,1,12.210565500406835,11.918842804139844,9.416541202560081,2.502301601579763,1,1
PL,2020,9,120897.606,11071,1,1,10.920206485412338,11.702699234917999,9.312084355859467,2.3906148790585315,1,1
PL,2020,10,102652.657,9331,1,1,11.001249276604867,11.539106306184182,9.141097469234023,2.3980088369501606,1,1
PL,2020,11,63039.266,6046,1,1,10.426607012901092,11.05151308106296,8.707152175339404,2.3443609057235575,1,1
PL,2020,12,71581.251,5914,1,1,12.103694792018938,11.178588461116165,8.685077700412423,2.493510760703743,1,1
PL,2021,1,63352.4159,5059,1,1,12.522715141332279,11.056468320775885,8.528924114291936,2.527544206483949,1,1
PL,2021,2,45438.40055,3996,1,1,11.370971108608607,10.724112853611796,8.293049139768444,2.431063713843351,1,1
PL,2021,3,63049.6869,5652,1,1,11.155287845010616,11.051678375480655,8.639764743804419,2.411913631676238,1,1
PL,2021,4,74013.09645,5731,1,1,12.914516916768452,11.211997335581415,8.653645314551737,2.558352021029678,1,1
PL,2021,5,88113.9574,7045,1,1,12.507304102200141,11.386386226163815,8.86007342433278,2.526312801831033,1,1
PL,2021,6,160669.4021,11340,1,1,14.168377610229278,11.987104129738368,9.336091577281744,2.6510125524566246,1,1
PL,2021,7,221104.20665,14728,1,1,15.012507241309072,12.306389392670878,9.597505722912913,2.708883669757964,1,1
PL,2021,8,236449.6668,15731,1,1,15.03080966244994,12.373490638893614,9.663388566822505,2.710102072071108,1,1
PL,2021,9,224665.92785,15611,1,1,14.391514179104478,12.322369812719444,9.655731072956666,2.666638739762777,1,1
PL,2021,10,196656.31555,14554,1,1,13.51218328638175,12.189212893032028,9.585621148907032,2.6035917441249965,1,1
PL,2021,11,176718.55825,13845,1,1,12.764070657276996,12.082313679674572,9.535679435605061,2.546634244069509,1,1
PL,2021,12,192472.31775,13819,1,1,13.92809304218829,12.1677076184731,9.533799735803484,2.633907882669616,1,1
PL,2022,1,163158.7419,11461,1,1,14.23599527964401,12.002478882565777,9.346705246496699,2.655773636069078,1,1
PL,2022,2,151247.39485,10587,1,1,14.28614289694909,11.92667215161252,9.26738211234338,2.65929003926914,1,1
PL,2022,3,212703.99595,14245,1,1,14.93183544752545,12.267656787800764,9.56416124693201,2.703495540868755,1,1
PL,2022,4,224160.32335,15405,1,1,14.551140756247971,12.320116804066224,9.642447411030767,2.6776693930354565,1,1
PL,2022,5,256162.6187,18441,1,1,13.890928837915514,12.453567751085846,9.822331725575118,2.6312360255107268,1,1
PL,2022,6,287627.2227,19872,1,1,14.473994701086955,12.569420555078342,9.897066984733206,2.672353570345137,1,1
PL,2022,7,310318.76455,20448,1,1,15.175995918916277,12.645355320892982,9.925640357177262,2.719714963715721,1,1
PL,2022,8,314463.48445,20692,1,1,15.197346049197757,12.658623241704465,9.937502431123406,2.721120810581059,1,1
PL,2022,9,293244.79445,20303,1,1,14.443421881002807,12.58876301512202,9.918523937362242,2.670239077759779,1,1
PL,2022,10,280769.4532,18842,1,1,14.901255344443264,12.545289160316003,9.843843699608612,2.701445460707389,1,1
PL,2022,11,220868.77585,14839,1,1,14.884343678819327,12.305324029711649,9.605014129006127,2.7003099007055216,1,1
PL,2022,12,236068.256,14898,1,1,15.845634044838233,12.37187626253059,9.608982254736222,2.762894007794369,1,1
PL,2023,1,231581.4927,14698,1,1,15.755986712477888,12.352687110866192,9.595466709088816,2.757220401777375,1,1
PL,2023,2,211488.48965,13928,1,1,15.184411950746698,12.261925853528885,9.541656481448024,2.7202693720808604,1,1
PL,2023,3,261849.1699,16427,1,1,15.940169836245207,12.475523929567036,9.7066816015412,2.768842328025835,1,1
PL,2023,4,307855.8098,18056,1,1,17.050055926007975,12.637386802339288,9.801233318497372,2.836153483841916,1,1
PL,2023,5,303996.19995,20025,1,1,15.180833955056178,12.624770480145758,9.90473677193656,2.7200337082091974,1,1
PL,2023,6,339979.10955,21590,1,1,15.747063897637794,12.736639452204676,9.979985523508853,2.7566539286958234,1,1
PL,2023,7,380564.02545,22437,1,1,16.961448743147482,12.849409708751502,10.018466660859778,2.830943047891725,1,1
PL,2023,8,366182.81795,22260,1,1,16.450261363432165,12.810887990269237,10.010546624829535,2.800341365439701,1,1
PL,2023,9,352356.6811,22363,1,1,15.756234901399633,12.77239924011932,10.015163086426718,2.757236153692603,1,1
PL,2023,10,313917.4036,20967,1,1,14.971975180044833,12.656885184427887,9.950705052145238,2.7061801322826486,1,1
PL,2023,11,266694.40315,16743,1,1,15.928710694021383,12.493858724385602,9.725735539456544,2.768123184929058,1,1
PL,2023,12,274623.10295,16640,1,1,16.503792244591345,12.523154901879712,9.719564714375199,2.8035901875045117,1,1
PL,2024,1,268384.9993,16464,1,1,16.301324058551995,12.500177793173535,9.708931458073831,2.791246335099703,1,1
PL,2024,2,250665.58318,16103,1,1,15.56639031112215,12.431874991834313,9.686760869017997,2.7451141228163167,1,1
PL,2024,3,292275.31328,18145,1,1,16.107760445301736,12.585451490741693,9.806150319647172,2.779301171094523,1,1
PL,2024,4,293668.5823,20159,1,1,14.567616563321593,12.590207139384436,9.911406117780423,2.678801021604013,1,1
PL,2024,5,359717.52484,23019,1,1,15.62698313740823,12.793074349208604,10.044075240845775,2.7489991083628293,1,1
PL,2024,6,377253.83638,24181,1,1,15.601250418923948,12.84067354590907,10.093322479806597,2.747351066102474,1,1
PL,2024,7,399013.53778,25251,1,1,15.80189053027603,12.896750624569599,10.136621037879685,2.760129586689913,1,1
PL,2024,8,407927.90896,25486,1,1,16.00596048654163,12.918845744048634,10.145884560772224,2.7729611832764087,1,1
PL,2024,9,386638.72684,24860,1,1,15.552643879324217,12.865246013631277,10.121015365064702,2.744230648566574,1,1
PL,2024,10,354035.45244,23248,1,1,15.22864127838954,12.777152335237014,10.053974385810065,2.723177949426951,1,1
PL,2024,11,289465.39198,17999,1,1,16.082304126895938,12.575791024738685,9.798071479779479,2.7777195449592056,1,1
PL,2024,12,318970.40766,18043,1,1,17.678346597572467,12.672853611507842,9.800513076908299,2.872340534599543,1,1
PL,2025,1,322259.09232,17869,1,1,18.03453423918518,12.683111135515885,9.790822646878661,2.892288488637224,1,1
PL,2025,2,289866.13864,17226,1,1,16.827245944502497,12.577174504500233,9.75417514934912,2.8229993551511137,1,1
PL,2025,3,316695.01418,19792,1,1,16.00116280214228,12.665694489365233,9.893033094632269,2.772661394732964,1,1
PL,2025,4,341281.92824,22346,1,1,15.272618286941734,12.740464183712657,10.014402613107283,2.726061570605374,1,1
PL,2025,5,377252.88592,24507,1,1,15.393678782388704,12.840671026488177,10.106714070009978,2.7339569564781985,1,1
PL,2025,6,410258.1351,26050,1,1,15.748872748560462,12.924541838371821,10.167773047181512,2.756768791190308,1,1
PL,2025,7,441655.77462,27479,1,1,16.072483519050913,12.99828606719252,10.221177355572257,2.7771087116202633,1,1
PL,2025,8,447527.23862,27595,1,1,16.21769301032796,13.011492683269221,10.225389875873601,2.7861028073956193,1,1
PL,2025,9,425199.07692,26747,1,1,15.897075444722773,12.960312754516247,10.194177596502213,2.7661351580140336,1,1
PL,2025,10,382198.61414,24859,1,1,15.37465763465948,12.85369568477441,10.120975138994181,2.7327205457802295,1,1
PL,2025,11,312216.86108,18423,1,1,16.947123762687944,12.651453292908137,9.82135516299751,2.830098129910629,1,1
PL,2025,12,347815.5181,20410,1,1,17.041426658500733,12.759427497790814,9.92378025580389,2.8356472419869223,1,1
PL,2026,1,333973.37402,19037,1,1,17.543382571833796,12.718816550278154,9.85413973290579,2.864676817372366,1,1
PL,2026,2,314677.62844,18715,1,1,16.814193344376168,12.65930399199683,9.83708062033853,2.822223371658302,1,1
PL,2026,3,330735.45034,21685,1,1,15.251807716854968,12.70907409110788,9.984376056269467,2.7246980348384127,1,1
PL,2026,4,351996.48006,23439,1,1,15.017555359017022,12.77137645470069,10.062156580664855,2.709219874035836,1,1
PL,2026,5,407854.06724,26317,1,1,15.497741659003687,12.918664711070813,10.177970397179921,2.7406943138908924,1,1
PL,2026,6,456067.50992,28142,1,1,16.205938096794824,13.030396125608664,10.2450184013482,2.7853777242604636,1,1
PL,2026,7,485596.1525,29373,1,1,16.532058438021313,13.093132595508228,10.287831164022181,2.805301431486047,1,1
PT,2010,1,226468.511,10881,1,1,20.81320751769139,12.330361189957893,9.294773427951013,3.0355877620068816,0,0
PT,2010,2,201179.888,9971,1,1,20.176500651890482,12.211954751972796,9.207436158828793,3.004518593144002,0,0
PT,2010,3,235014.076,11664,1,1,20.148669067215362,12.36740068920483,9.36426245424844,3.003138234956391,0,0
PT,2010,4,261426.468,12398,1,1,21.086180674302305,12.473908329828282,9.425290448261865,3.0486178815664178,0,0
PT,2010,5,280359.855,13445,1,1,20.8523506879881,12.543829253421945,9.506362568702965,3.037466684718981,0,0
PT,2010,6,293490.639,14050,1,1,20.889013451957297,12.589601023363457,9.550377674761892,3.0392233486015656,0,0
PT,2010,7,332494.157,15893,1,1,20.920792613100108,12.71437756599131,9.67363403969682,3.0407435262944897,0,0
PT,2010,8,335918.373,16165,1,1,20.780598391586764,12.724623471931247,9.690603690159534,3.0340197817717134,0,0
PT,2010,9,300648.469,14187,1,1,21.191828363995207,12.613696984154732,9.560081331311986,3.0536156528427467,0,0
PT,2010,10,281408.345,13684,1,1,20.56477236188249,12.54756207851767,9.523982546097495,3.023579532420175,0,0
PT,2010,11,219996.29,10856,1,1,20.264949336772293,12.301365961555943,9.292473201514705,3.0088927600412374,0,0
PT,2010,12,230680.334,11250,1,1,20.50491857777778,12.348788195621486,9.328123407632566,3.02066478798892,0,0
PT,2011,1,229362.815,11356,1,1,20.19750044029588,12.343060373764112,9.337501517592862,3.00555885617125,0,0
PT,2011,2,192674.759,9862,1,1,19.53708771040357,12.16875885983446,9.196444266784072,2.972314593050389,0,0
PT,2011,3,229899.965,11578,1,1,19.856621609949904,12.345399558511158,9.35686202463895,2.988537533872207,0,0
PT,2011,4,268147.116,13310,1,1,20.146289706987226,12.499291049178892,9.496270911389157,3.0030201377897336,0,0
PT,2011,5,286087.748,14144,1,1,20.226792138009053,12.564053853933872,9.557045784877424,3.0070080690564485,0,0
PT,2011,6,298614.74,14240,1,1,20.970136235955056,12.606909526566133,9.563810184965966,3.043099341600167,0,0
PT,2011,7,341460.419,16162,1,1,21.127361650785794,12.74098704790817,9.690418086793393,3.050568961114778,0,0
PT,2011,8,341620.335,16172,1,1,21.124185938659412,12.741455267813315,9.691036630760662,3.050418637052653,0,0
PT,2011,9,311960.74,14628,1,1,21.326274268526113,12.650632625540608,9.590692779269272,3.059939846271336,0,0
PT,2011,10,287650.045,13744,1,1,20.929135986612337,12.569499898731545,9.528357644224037,3.0411422545075086,0,0
PT,2011,11,206175.45,10205,1,1,20.203375796178346,12.236482784311033,9.230633075243945,3.005849709067088,0,0
PT,2011,12,229359.244,10896,1,1,21.04985719530103,12.343044804423462,9.296151028389293,3.0468937760341683,0,0
PT,2012,1,222936.425,10721,1,1,20.794368529055124,12.314641920110367,9.27995971385624,3.0346822062541277,1,1
PT,2012,2,204466.818,9960,1,1,20.528796987951807,12.228160982130847,9.206332350578643,3.0218286315522023,1,1
PT,2012,3,233688.961,11477,1,1,20.361502221834975,12.361746283638947,9.348100311680668,3.013645971958279,1,1
PT,2012,4,271542.707,13234,1,1,20.518566344264773,12.511874706169912,9.490544554572004,3.021330151597908,1,1
PT,2012,5,278783.3,13565,1,1,20.551662366384075,12.53819005650487,9.515248225093032,3.022941831411839,1,1
PT,2012,6,296129.054,14086,1,1,21.022934402953286,12.598550631532003,9.552936675305356,3.045613956226648,1,1
PT,2012,7,340451.127,15851,1,1,21.47821128004542,12.738026861230203,9.670987868797893,3.067038992432311,1,1
PT,2012,8,342638.353,16036,1,1,21.3668217136443,12.744430805483397,9.682591473762397,3.061839331720999,1,1
PT,2012,9,306637.896,14255,1,1,21.5109011574886,12.633422838564682,9.564863001346772,3.0685598372179097,1,1
PT,2012,10,286857.487,13515,1,1,21.225119274879766,12.566740810438919,9.511555458710548,3.055185351728371,1,1
PT,2012,11,218720.499,10226,1,1,21.388666047330336,12.295549933410916,9.232688775639945,3.062861157770972,1,1
PT,2012,12,228343.795,10547,1,1,21.650118043045417,12.33860764504491,9.263596738276615,3.0750109067682962,1,1
PT,2013,1,222859.101,10329,1,1,21.5760577984316,12.314295016670266,9.242710752006634,3.071584264663633,1,1
PT,2013,2,199196.444,9448,1,1,21.083450889077053,12.202046772567675,9.153558357877198,3.048488414690476,1,1
PT,2013,3,238319.149,11131,1,1,21.410398796154883,12.38136601655165,9.317489287493226,3.0638767290584252,1,1
PT,2013,4,268900.305,13023,1,1,20.64810757889887,12.502095976506963,9.474472303967703,3.0276236725392605,1,1
PT,2013,5,292840.557,14134,1,1,20.7188734257818,12.58738356582133,9.5563385212508,3.03104504457053,1,1
PT,2013,6,308631.348,14188,1,1,21.75298477586693,12.639902795087224,9.560151815893512,3.079750979193712,1,1
PT,2013,7,350361.47,16194,1,1,21.635264295418054,12.766720671952662,9.69239608224606,3.0743245897066025,1,1
PT,2013,8,355371.977,16629,1,1,21.37061621264057,12.78092034240991,9.718903438087914,3.0620169043219954,1,1
PT,2013,9,318011.729,14588,1,1,21.799542706333973,12.669843544729927,9.58795455192857,3.081888992801357,1,1
PT,2013,10,298602.63,13940,1,1,21.420561692969873,12.606868971818031,9.542517684314515,3.0643512875035155,1,1
PT,2013,11,226763.824,10552,1,1,21.490127369219106,12.331664331940432,9.26407069439715,3.0675936375432817,1,1
PT,2013,12,238908.729,10925,1,1,21.868075881006863,12.383836870946938,9.298809019963791,3.085027850983147,1,1
PT,2014,1,232907.521,10718,1,1,21.73050205262176,12.35839674818057,9.279679850054796,3.078716898125775,1,1
PT,2014,2,205309.748,9732,1,1,21.09635717221537,12.232275083613851,9.183174703903413,3.0491003797104375,1,1
PT,2014,3,237572.879,11296,1,1,21.03159339589235,12.378229714332624,9.332203959733024,3.0460257545996003,1,1
PT,2014,4,288650.755,13989,1,1,20.634123597112016,12.572972776110118,9.546026585476431,3.026946190633687,1,1
PT,2014,5,311206.039,15417,1,1,20.185901212946746,12.648210476625081,9.643226075660339,3.0049844009647417,1,1
PT,2014,6,328160.771,15109,1,1,21.71955596002383,12.701258922767124,9.62304587173984,3.078213051027283,1,1
PT,2014,7,377671.586,17283,1,1,21.85220077532836,12.841780276852965,9.757478638400492,3.084301638452472,1,1
PT,2014,8,382064.874,17463,1,1,21.87853599037966,12.853345700394833,9.767839635939845,3.085506064454987,1,1
PT,2014,9,341156.548,15376,1,1,22.18760067637877,12.740096735962345,9.640563131210074,3.0995336047522706,1,1
PT,2014,10,314223.874,14634,1,1,21.472179445127786,12.657860985367094,9.591102867443976,3.0667581179231185,1,1
PT,2014,11,241367.259,11262,1,1,21.432006659563132,12.394074948786718,9.329189505814563,3.0648854429721553,1,1
PT,2014,12,257235.484,11615,1,1,22.146834610417564,12.457747224504589,9.36005264520451,3.0976945793000783,1,1
PT,2015,1,254327.163,11606,1,1,21.913420902981215,12.446376760491605,9.359277484750553,3.0870992757410507,1,1
PT,2015,2,223481.407,10485,1,1,21.31439265617549,12.317083499418668,9.25770094333602,3.0593825560826478,1,1
PT,2015,3,259917.78,12229,1,1,21.254213754190857,12.46812062921694,9.41156545918937,3.0565551700275706,1,1
PT,2015,4,302361.464,14697,1,1,20.573005647411033,12.619378481304697,9.595398670306684,3.023979810998012,1,1
PT,2015,5,313938.749,15317,1,1,20.49609904028204,12.656953178983391,9.636718601664555,3.0202345773188375,1,1
PT,2015,6,341482.81,16255,1,1,21.00786281144263,12.741052619976411,9.696155832738006,3.044896787238405,1,1
PT,2015,7,380536.776,18182,1,1,20.92931338686613,12.849338103387378,9.808187372681804,3.041150730705574,1,1
PT,2015,8,391196.153,18487,1,1,21.160607616162707,12.876964383249867,9.824823061352445,3.0521413218974205,1,1
PT,2015,9,350399.896,16333,1,1,21.453492683524154,12.766830341240677,9.70094288005314,3.065887461187537,1,1
PT,2015,10,328771.866,15482,1,1,21.23574899883736,12.703119372809779,9.647433337764658,3.05568603504512,1,1
PT,2015,11,253166.122,12294,1,1,20.592656743126728,12.441801160932135,9.416866617466955,3.024934543465181,1,1
PT,2015,12,264335.67,12618,1,1,20.949094151212552,12.48497505175848,9.442879644930755,3.042095406827725,1,1
PT,2016,1,269756.7,12482,1,1,21.611656785771512,12.505275720624718,9.432042885493988,3.073232835130729,1,1
PT,2016,2,247472.18,11818,1,1,20.940275850397697,12.41905345063267,9.37737907190562,3.0416743787270506,1,1
PT,2016,3,283154.089,13695,1,1,20.67572756480467,12.553746512546631,9.524786081697178,3.0289604308494535,1,1
PT,2016,4,320997.982,16209,1,1,19.803688197914738,12.67919011548803,9.693321922512176,2.9858681929758553,1,1
PT,2016,5,351944.433,17743,1,1,19.835677901144113,12.771228581323452,9.783746350923579,2.9874822303998734,1,1
PT,2016,6,372051.718,18337,1,1,20.28967213829961,12.826788150473662,9.816676155549164,3.010111994924498,1,1
PT,2016,7,422990.304,20426,1,1,20.70842573191031,12.955104535779887,9.924563878138045,3.0305406576418426,1,1
PT,2016,8,425070.06,20609,1,1,20.625457809694794,12.960009281379595,9.933483152571508,3.0265261288080856,1,1
PT,2016,9,382766.911,18696,1,1,20.473198063756954,12.855181495430898,9.836064876218694,3.019116619212203,1,1
PT,2016,10,363585.181,17774,1,1,20.45601333408349,12.803768884129267,9.78549199429842,3.018276889830846,1,1
PT,2016,11,282086.714,13872,1,1,20.33497073241061,12.549969799106806,9.537627699020323,3.012342100086483,1,1
PT,2016,12,295622.758,14401,1,1,20.527932643566416,12.59683945426723,9.575052927597383,3.021786526669847,1,1
PT,2017,1,290402.19,14148,1,1,20.52602417302799,12.579022103226656,9.557328550325371,3.021693552901285,1,1
PT,2017,2,264537.073,13007,1,1,20.33805435534712,12.485736683029524,9.47324295306374,3.0124937299657835,1,1
PT,2017,3,314532.213,15254,1,1,20.619654713517765,12.658841775950572,9.632597042724184,3.026244733226388,1,1
PT,2017,4,368991.105,18205,1,1,20.268668223015656,12.81852781704106,9.809451560609533,3.0090762564315265,1,1
PT,2017,5,399603.187,19551,1,1,20.4390152421871,12.898227301200206,9.88078171500049,3.017445586199717,1,1
PT,2017,6,425181.865,20388,1,1,20.8545156464587,12.960272274022968,9.922701771459932,3.037570502563035,1,1
PT,2017,7,471679.535,22440,1,1,21.01958712121212,13.064055082704712,10.018600359636633,3.0454547230680795,1,1
PT,2017,8,476584.723,22563,1,1,21.1224005229801,13.074400788999588,10.024066675494513,3.0503341135050763,1,1
PT,2017,9,448350.3,21130,1,1,21.21866067203029,13.013330125500076,9.958449110610102,3.0548810148899745,1,1
PT,2017,10,408916.917,19475,1,1,20.99701756097561,12.921267277470525,9.876886870738948,3.044380406731576,1,1
PT,2017,11,321189.472,15147,1,1,21.204824189608505,12.679786483431636,9.625557771527026,3.05422871190461,1,1
PT,2017,12,333026.56,15477,1,1,21.517513730051043,12.7159775255417,9.64711032991276,3.0688671956289406,1,1
PT,2018,1,321100.786,15148,1,1,21.197569712173227,12.679510327910174,9.625623789021686,3.0538865388884893,1,1
PT,2018,2,289859.08,13804,1,1,20.99819472616633,12.577150152825428,9.532713684217894,3.0444364686075334,1,1
PT,2018,3,348731.916,16522,1,1,21.10712480329258,12.762058757009818,9.712448105122451,3.049610651887368,1,1
PT,2018,4,401950.039,19176,1,1,20.961099238631622,12.904083078783096,9.86141477611422,3.0426683026688752,1,1
PT,2018,5,433757.422,20689,1,1,20.965605974189184,12.980240721336003,9.937357437043744,3.04288328429226,1,1
PT,2018,6,470129.434,21421,1,1,21.94712823864432,13.060763327262327,9.972127028252816,3.088636299009511,1,1
PT,2018,7,506120.038,22944,1,1,22.058927737099022,13.134529149384205,10.040811743399347,3.0937174059848584,1,1
PT,2018,8,504867.85,23128,1,1,21.829291335178137,13.132051990844165,10.048799283696182,3.083252707147983,1,1
PT,2018,9,477835.33,21626,1,1,22.095409692037364,13.077021454212607,9.981651573505482,3.095369880707125,1,1
PT,2018,10,445057.862,20543,1,1,21.664696587645427,13.005959579661896,9.930275529292512,3.075684050369385,1,1
PT,2018,11,348713.081,16140,1,1,21.60551926889715,12.762004745582148,9.68905594182394,3.072948803758209,1,1
PT,2018,12,359009.263,16454,1,1,21.818965783396134,12.791103469365956,9.708323887728875,3.0827795816370807,1,1
PT,2019,1,352422.619,15856,1,1,22.226451753279516,12.772586356568919,9.67130325656977,3.101283099999149,1,1
PT,2019,2,311700.799,14380,1,1,21.675994367176635,12.64979902911435,9.573593631275038,3.0762053978393125,1,1
PT,2019,3,365707.97,16818,1,1,21.74503329765727,12.809590397720061,9.730205020392843,3.0793853773272186,1,1
PT,2019,4,432007.795,20138,1,1,21.452368407984903,12.976198911044937,9.910363856475561,3.0658350545693778,1,1
PT,2019,5,461937.474,21315,1,1,21.67194342012667,13.043184823242571,9.96716632919931,3.0760184940432596,1,1
PT,2019,6,495563.022,21901,1,1,22.627415277841195,13.113449813362667,9.994287576862567,3.1191622365001006,1,1
PT,2019,7,544224.672,23766,1,1,22.899296137339057,13.207117440577054,10.07601126684997,3.1311061737270824,1,1
PT,2019,8,540846.288,23720,1,1,22.801276897133217,13.200890391764105,10.074073853111662,3.126816538652444,1,1
PT,2019,9,512383.894,22164,1,1,23.117843981230823,13.146829416036077,10.00622462998724,3.140604786048836,1,1
PT,2019,10,477040.002,20685,1,1,23.062122407541697,13.075355627989508,9.937164078895512,3.138191549093996,1,1
PT,2019,11,372697.23,16241,1,1,22.947923773166675,12.82852165318859,9.695294188174604,3.133227465013987,1,1
PT,2019,12,390076.776,16515,1,1,23.61954441416894,12.874098860269601,9.71202433782489,3.1620745224447107,1,1
PT,2020,1,373186.365,15831,1,1,23.5731390941823,12.829833211918118,9.669725322073777,3.1601078898443404,1,1
PT,2020,2,353277.691,15257,1,1,23.15512164907911,12.775009686717244,9.632793693113202,3.1422159936040415,1,1
PT,2020,3,249096.925,10659,1,1,23.369633642930854,12.425597356734094,9.274159884689137,3.151437472044958,1,1
PT,2020,4,26484.333,1354,1,1,19.56006868537666,10.18430862959505,7.21081845347222,2.97349017612283,1,1
PT,2020,5,36865.631,1866,1,1,19.75650107181136,10.515034986783437,7.531552381407289,2.9834826053761474,1,1
PT,2020,6,54179.675,3263,1,1,16.604252221881705,10.900061117097655,8.09040229659332,2.809658820504334,1,1
PT,2020,7,146169.733,9385,1,1,15.57482503995738,11.892523780241456,9.14686794902061,2.7456558312208474,1,1
PT,2020,8,215196.398,12978,1,1,16.58163029742641,12.27930636921147,9.471010895181113,2.8082954740303565,1,1
PT,2020,9,197315.901,11309,1,1,17.447687770802016,12.19256128176884,9.333354147871328,2.859207133897513,1,1
PT,2020,10,186161.388,10198,1,1,18.254695822710335,12.134369253900248,9.2299469016151,2.9044223522851462,1,1
PT,2020,11,126477.881,6714,1,1,18.837932826928803,11.747822718106072,8.81195017753998,2.935872540566091,1,1
PT,2020,12,142125.156,7228,1,1,19.663137244050912,11.864463328677564,8.885717651712119,2.9787456769654455,1,1
PT,2021,1,116613.09765,6207,1,1,18.7873526099565,11.666616876349877,8.733432966413652,2.933183909936224,1,1
PT,2021,2,64533.50075,3726,1,1,17.319780126140632,11.074939759419667,8.223090551161533,2.851849208258134,1,1
PT,2021,3,82058.5341,4538,1,1,18.08253285588365,11.315188102078393,8.420241665339788,2.8949464367386053,1,1
PT,2021,4,116913.70355,6853,1,1,17.060222318692546,11.669191365140797,8.832441791585824,2.8367495735549735,1,1
PT,2021,5,164770.3118,9373,1,1,17.579250165368613,12.012307733384457,9.145588494746486,2.8667192386379705,1,1
PT,2021,6,219333.83965,12740,1,1,17.216156958398745,12.29835023007133,9.452501929126154,2.8458483009451765,1,1
PT,2021,7,294957.3115,16148,1,1,18.265872646767402,12.59458591807126,9.689551481972831,2.905034436098428,1,1
PT,2021,8,333882.35435,18024,1,1,18.52432059198846,12.718543977425375,9.79945948211208,2.9190844953132946,1,1
PT,2021,9,314462.7463,16508,1,1,19.049112327356433,12.658620894370346,9.711600390872473,2.947020503497873,1,1
PT,2021,10,329857.5993,16734,1,1,19.711820204374327,12.706416323039566,9.725197856855544,2.981218466184021,1,1
PT,2021,11,283562.03175,14108,1,1,20.099378490927137,12.555186185093516,9.554497291355943,3.0006888937375744,1,1
PT,2021,12,297896.0136,14377,1,1,20.720318119218195,12.604499756940136,9.573384986422592,3.0311147705175436,1,1
PT,2022,1,262083.29875,12533,1,1,20.91145765179925,12.476417666373184,9.436120444611522,3.0402972217616617,1,1
PT,2022,2,240494.0912,12175,1,1,19.753108106776182,12.390450799411166,9.40713994795079,2.9833108514603754,1,1
PT,2022,3,309347.9315,15509,1,1,19.946349313301955,12.642221914335842,9.649175779559453,2.9930461347763893,1,1
PT,2022,4,401342.3257,19440,1,1,20.645181363168724,12.902570022161013,9.87508807801443,3.027481944146584,1,1
PT,2022,5,430260.5835,20970,1,1,20.51791051502146,12.972146312260499,9.950848123895966,3.0212981883645327,1,1
PT,2022,6,449976.67245,21753,1,1,20.68572943731899,13.016951021402814,9.987506958039702,3.029444063363113,1,1
PT,2022,7,485849.17535,23678,1,1,20.519012389137593,13.093653515931576,10.072301625971582,3.0213518899599947,1,1
PT,2022,8,491014.96365,23675,1,1,20.7398083907075,13.104229882177858,10.072174918054278,3.032054964123579,1,1
PT,2022,9,462209.0101,22198,1,1,20.82210154518425,13.04377247057443,10.007757473711925,3.0360149968625048,1,1
PT,2022,10,454070.28895,21349,1,1,21.268925427420488,13.026007286515648,9.968760179152325,3.0572471073633243,1,1
PT,2022,11,350714.3129,16382,1,1,21.4085162312294,12.767727247670717,9.703938450075547,3.063788797595169,1,1
PT,2022,12,363785.26895,16923,1,1,21.49649996749985,12.804319052080304,9.736428922408086,3.067890129672218,1,1
PT,2023,1,358801.96515,16560,1,1,21.666785335144926,12.790525886158468,9.71474542793925,3.0757804582192176,1,1
PT,2023,2,330785.22585,15678,1,1,21.098687705702257,12.70922457925401,9.660013734748668,3.0492108445053443,1,1
PT,2023,3,390776.41435,18459,1,1,21.169966647705724,12.875890845103292,9.8233073354086,3.052583509694693,1,1
PT,2023,4,447444.36805,21127,1,1,21.178793394708194,13.011307491762318,9.958307122300235,3.053000369462084,1,1
PT,2023,5,473365.24645,22541,1,1,21.000188387826626,13.067622560714032,10.02309115218196,3.0445314085320723,1,1
PT,2023,6,493430.994,23520,1,1,20.979208928571428,13.109138298291343,10.065606402012563,3.04353189627878,1,1
PT,2023,7,541288.409,25436,1,1,21.280406077999686,13.201707519291439,10.143920772387299,3.05778674690414,1,1
PT,2023,8,545810.21535,25609,1,1,21.313218608692257,13.210026603369245,10.150699131184039,3.059327472185207,1,1
PT,2023,9,518554.40935,24260,1,1,21.37487260305029,13.158800237211889,10.096584182498042,3.062216054713848,1,1
PT,2023,10,504266.1382,23089,1,1,21.840103001429252,13.130859459667244,10.047111592619004,3.083747867048241,1,1
PT,2023,11,392310.3358,17326,1,1,22.64286827888722,12.87980847852404,9.759963542450086,3.119844936073955,1,1
PT,2023,12,415136.97145,17891,1,1,23.2036762310659,12.936363796444507,9.792053072089823,3.1443107243546833,1,1
PT,2024,1,384067.13644,16329,1,1,23.52055462306326,12.858572650767265,9.70069794710231,3.1578747036649544,1,1
PT,2024,2,371425.74446,16152,1,1,22.995650350421002,12.825104242838202,9.689799159992674,3.135305082845529,1,1
PT,2024,3,432194.25924,18865,1,1,22.909846765968723,12.976630440319784,9.84506363239841,3.1315668079213737,1,1
PT,2024,4,475135.72596,21365,1,1,22.238976174116548,13.071355781064362,9.969509348078125,3.1018464329862367,1,1
PT,2024,5,507925.34866,23166,1,1,21.92546614262281,13.138089764305503,10.05044096549229,3.0876487988132113,1,1
PT,2024,6,532932.90668,24273,1,1,21.955790659580604,13.186150816575443,10.097119900475949,3.0890309160994947,1,1
PT,2024,7,569417.28732,25905,1,1,21.980980016213085,13.252368813955295,10.162191279248889,3.090177534706407,1,1
PT,2024,8,571040.18374,25877,1,1,22.067480146075667,13.255214860487735,10.16110982226658,3.0941050382211546,1,1
PT,2024,9,543717.54018,24406,1,1,22.278027541588134,13.20618516338245,10.102584282691785,3.1036008806906663,1,1
PT,2024,10,524980.00836,22969,1,1,22.856023699769253,13.17111546153444,10.041900759689755,3.129214701844685,1,1
PT,2024,11,413407.09026,17489,1,1,23.63812054777289,12.932188077171261,9.769327390849192,3.1628606863220696,1,1
PT,2024,12,428375.2513,18107,1,1,23.657991456342852,12.96775484581228,9.804053882820643,3.1637009629916366,1,1
PT,2025,1,399784.29238,16725,1,1,23.90339565799701,12.89868041158227,9.724659884996429,3.1740205265858394,1,1
PT,2025,2,372770.0543,16312,1,1,22.85250455492889,12.828717032118734,9.699656312254291,3.1290607198644422,1,1
PT,2025,3,448344.953,19399,1,1,23.11175591525336,13.013318199486234,9.872976797331106,3.1403414021551277,1,1
PT,2025,4,512493.70886,22762,1,1,22.515319781214306,13.147043714524235,10.032847757841836,3.1141959566824,1,1
PT,2025,5,545770.63776,24257,1,1,22.499510976625302,13.209954089107192,10.096460514505221,3.113493574601971,1,1
PT,2025,6,563941.25598,25218,1,1,22.36264794908399,13.242705368991746,10.135313304233172,3.107392064758575,1,1
PT,2025,7,602410.25908,27032,1,1,22.285079131399822,13.308693985668091,10.204776628394125,3.103917357273966,1,1
PT,2025,8,600899.5597,26812,1,1,22.411590321497837,13.30618307758752,10.196604827477849,3.1095782501096707,1,1
PT,2025,9,571478.53104,25386,1,1,22.51156271330655,13.255982195527132,10.141953119948122,3.1140290755790088,1,1
PT,2025,10,545810.77806,23844,1,1,22.890906645697033,13.210027634331462,10.079287892339817,3.1307397419916456,1,1
PT,2025,11,442441.95702,18321,1,1,24.149443644997543,13.000064564250238,9.815803221891244,3.1842613423589934,1,1
PT,2025,12,442284.24332,18324,1,1,24.13688295786946,12.999708038804037,9.815966955006633,3.183741083797405,1,1
PT,2026,1,418190.60828,17262,1,1,24.22608088749855,12.94369260824004,9.756262832779603,3.187429775460437,1,1
PT,2026,2,391953.8407,16388,1,1,23.917124768123017,12.878899358522807,9.70430463866676,3.1745947198560454,1,1
PT,2026,3,479164.10898,20243,1,1,23.67060756706022,13.079798425190416,9.915564333761576,3.16423409142884,1,1
PT,2026,4,520412.0515,22935,1,1,22.690736930455635,13.162376183499921,10.040419407031273,3.121956776468648,1,1
PT,2026,5,561273.05486,24625,1,1,22.79281441055838,13.237962794896495,10.11151746604029,3.126445328856205,1,1
PT,2026,6,570226.00068,25162,1,1,22.662189042206503,13.253788053649437,10.133090198911075,3.1206978547383604,1,1
PT,2026,7,617525.24988,27327,1,1,22.59762322538149,13.333475237142203,10.21563050341292,3.1178447337292834,1,1
RO,2010,1,64663.55,6182,1,1,10.4599725008088,11.076952952339608,8.729397122692061,2.3475558296475465,0,0
RO,2010,2,59045.257,5854,1,1,10.086309702767338,10.986059496638324,8.674880467251832,2.3111790293864924,0,0
RO,2010,3,67186.995,6948,1,1,9.669976252158895,11.115234980996801,8.846209127360996,2.269025853635806,0,0
RO,2010,4,65804.326,6671,1,1,9.864237145855194,11.094440859833172,8.805525052709516,2.2889158071236575,0,0
RO,2010,5,83608.658,7635,1,1,10.95070831696136,11.333902358303652,8.940498217652733,2.393404140650919,0,0
RO,2010,6,86971.535,8029,1,1,10.832175239755886,11.373336160192343,8.990815266184685,2.382520894007658,0,0
RO,2010,7,93140.814,8307,1,1,11.212328638497652,11.441867756030065,9.02485381183907,2.4170139441909946,0,0
RO,2010,8,90308.279,8167,1,1,11.057705277335618,11.410984418480384,9.007856923358275,2.4031274951221087,0,0
RO,2010,9,86069.853,7982,1,1,10.782993360060136,11.362914489729897,8.984944285608679,2.377970204121218,0,0
RO,2010,10,77127.782,7334,1,1,10.516468775565858,11.253218831869939,8.900276348631271,2.3529424832386674,0,0
RO,2010,11,68986.387,6679,1,1,10.328849678095523,11.14166447426012,8.806723554725636,2.3349409195344846,0,0
RO,2010,12,64253.563,6021,1,1,10.671576648397277,11.070592456472799,8.703008637464448,2.367583819008351,0,0
RO,2011,1,67323.275,6109,1,1,11.020342936650842,11.117261295368632,8.717518372649767,2.399742922718865,0,0
RO,2011,2,59825.272,5683,1,1,10.527058243885271,10.999183459360472,8.645234541297121,2.35394891806335,0,0
RO,2011,3,68103.514,6357,1,1,10.713153059619316,11.12878409139371,8.757311846936409,2.3714722444573018,0,0
RO,2011,4,70964.476,6411,1,1,11.06917423178911,11.169934692784445,8.765770543987257,2.404164148797188,0,0
RO,2011,5,84277.984,7034,1,1,11.981516064827979,11.341875947366251,8.858510813033927,2.4833651343323226,0,0
RO,2011,6,79093.831,7030,1,1,11.250900568990044,11.278390160828156,8.857941984804711,2.4204481760234455,0,0
RO,2011,7,84457.72,7324,1,1,11.53163844893501,11.344006333096331,8.898911905794401,2.445094427301929,0,0
RO,2011,8,82210.891,7437,1,1,11.054308323248621,11.317043066185002,8.9142228207033,2.4028202454817023,0,0
RO,2011,9,78970.43,7318,1,1,10.791258540584858,11.276828757582539,8.898092345579153,2.378736412003386,0,0
RO,2011,10,72671.908,6818,1,1,10.658830742153123,11.193710178942352,8.827321452697849,2.366388726244504,0,0
RO,2011,11,61568.365,6021,1,1,10.22560455073908,11.027903462412171,8.703008637464448,2.3248948249477235,0,0
RO,2011,12,61383.348,5709,1,1,10.752031529164476,11.024893872140723,8.64979915596426,2.375094716176464,0,0
RO,2012,1,61897.69,5548,1,1,11.156757390050469,11.033238139721094,8.621192781434722,2.4120453582863717,1,1
RO,2012,2,51860.771,4906,1,1,10.57088687321647,10.856317925931624,8.498214224818435,2.3581037011131882,1,1
RO,2012,3,60983.992,5848,1,1,10.428179206566346,11.018366682486151,8.673855001429615,2.344511681056537,1,1
RO,2012,4,69104.483,6259,1,1,11.040818501358043,11.14337488464121,8.7417757069247,2.4015991777165087,1,1
RO,2012,5,75489.719,6718,1,1,11.236933462339982,11.231751753779411,8.812545770172237,2.4192059836071738,1,1
RO,2012,6,76611.457,6853,1,1,11.179258281044797,11.246501913734926,8.832441791585824,2.4140601221491034,1,1
RO,2012,7,81561.044,7156,1,1,11.397574622694242,11.309107024998816,8.87570644462861,2.4334005803702063,1,1
RO,2012,8,85885.643,7187,1,1,11.950138166133296,11.360771957798645,8.880029117468442,2.4807428403302025,1,1
RO,2012,9,82537.128,6900,1,1,11.961902608695652,11.321003507450417,8.83927669058535,2.481726816865066,1,1
RO,2012,10,68400.365,6185,1,1,11.059072756669362,11.133133439853713,8.729882284826589,2.403251155027126,1,1
RO,2012,11,58420.313,5344,1,1,10.931944797904192,10.975418933681572,8.583729715216482,2.3916892184650913,1,1
RO,2012,12,60795.159,4974,1,1,12.222589264173703,11.015265443073755,8.51197962436335,2.5032858187104052,1,1
RO,2013,1,57562.324,5064,1,1,11.366967614533966,10.960623535446842,8.529911963824013,2.430711571622831,1,1
RO,2013,2,53781.819,4652,1,1,11.561010103181427,10.892690752233394,8.445052513638554,2.4476382385948376,1,1
RO,2013,3,60119.833,5386,1,1,11.162241552172299,11.004095066085275,8.591558273371545,2.412536792713731,1,1
RO,2013,4,65015.181,5601,1,1,11.607780931976432,11.082376075454475,8.630700432209832,2.451675643244642,1,1
RO,2013,5,70788.859,5930,1,1,11.937412984822934,11.16745690854256,8.68777949199177,2.4796774165507895,1,1
RO,2013,6,75243.393,6160,1,1,12.214836525974025,11.228483378091966,8.725832056527565,2.5026513215644006,1,1
RO,2013,7,83097.712,6493,1,1,12.798045895579856,11.327772447371837,8.778479952508487,2.5492924948633506,1,1
RO,2013,8,80316.331,6314,1,1,12.720356509344315,11.293728254101326,8.750524669117937,2.54320358498339,1,1
RO,2013,9,77171.979,6255,1,1,12.337646522781776,11.253791703803405,8.741136422901011,2.5126552809023934,1,1
RO,2013,10,70721.616,5898,1,1,11.99077924720244,11.166506547729185,8.682368589375221,2.484137958353964,1,1
RO,2013,11,66139.854,5295,1,1,12.491001699716715,11.099526779094582,8.574518258035507,2.5250085210590743,1,1
RO,2013,12,60934.128,5028,1,1,12.118959427207637,11.017548690824528,8.522777569710138,2.4947711211143906,1,1
RO,2014,1,59200.279,4825,1,1,12.26948787564767,10.988681533698829,8.481566013773087,2.507115519925743,1,1
RO,2014,2,60092.09,4698,1,1,12.790994040017027,11.003633497884714,8.454892165218858,2.548741332665856,1,1
RO,2014,3,70591.675,5365,1,1,13.157814538676607,11.164667498681451,8.587651655064798,2.5770158436166533,1,1
RO,2014,4,76122.666,5615,1,1,13.557019768477293,11.240101344443646,8.633196867172543,2.606904477271102,1,1
RO,2014,5,81754.381,6082,1,1,13.442022525485037,11.311474677537662,8.71308886823731,2.598385809300353,1,1
RO,2014,6,89617.206,6400,1,1,14.002688437500002,11.40330261177738,8.764053269347762,2.6392493424296184,1,1
RO,2014,7,93724.323,6819,1,1,13.74458468983722,11.44811301831849,8.827468112520654,2.6206449057978363,1,1
RO,2014,8,93422.67,6530,1,1,14.306687595712098,11.444889314251407,8.784162222270476,2.6607270919809296,1,1
RO,2014,9,92687.691,6522,1,1,14.211544158233671,11.436990959565959,8.782936356349264,2.654054603216695,1,1
RO,2014,10,89676.169,6523,1,1,13.74768802698145,11.403960338278717,8.783089671796096,2.6208706664826202,1,1
RO,2014,11,79504.864,5789,1,1,13.733782000345483,11.283573481160794,8.663714844079005,2.61985863708179,1,1
RO,2014,12,72921.602,5385,1,1,13.541615970287836,11.197140197832683,8.591372589590488,2.6057676082421937,1,1
RO,2015,1,70882.846,5434,1,1,13.04432204637468,11.16878373684308,8.600430789986293,2.568352946856788,1,1
RO,2015,2,65482.638,5302,1,1,12.350554130516786,11.089540317784136,8.57583938684897,2.5137009309351646,1,1
RO,2015,3,74078.565,5885,1,1,12.587691588785047,11.212881498182117,8.680162019694377,2.5327194784877407,1,1
RO,2015,4,80797.759,6064,1,1,13.324168700527705,11.299704508976046,8.710124927322207,2.589579581653838,1,1
RO,2015,5,82931.132,6245,1,1,13.279604803843075,11.325765807418408,8.739536422559677,2.586229384858731,1,1
RO,2015,6,87350.703,6576,1,1,13.283257755474452,11.377686363612243,8.791181936736017,2.5865044268762283,1,1
RO,2015,7,93618.584,6972,1,1,13.427794606999427,11.44698418976638,8.849657406639912,2.59732678312647,1,1
RO,2015,8,93094.949,6775,1,1,13.740951881918818,11.441375208302514,8.820994645747902,2.6203805625546126,1,1
RO,2015,9,88539.709,6610,1,1,13.394812254160364,11.39120641963063,8.796338932845732,2.5948674867848975,1,1
RO,2015,10,84847.661,6370,1,1,13.319883987441129,11.348612703988955,8.759354748566208,2.589257955422747,1,1
RO,2015,11,77182.134,6031,1,1,12.797568230807496,11.253923284359534,8.704668113450987,2.549255170908547,1,1
RO,2015,12,77841.623,5894,1,1,13.206926196131661,11.262431567105006,8.68169016329764,2.580741403807366,1,1
RO,2016,1,79288.35,5735,1,1,13.8253443766347,11.280846486363957,8.65434302956347,2.626503456800486,1,1
RO,2016,2,74858.73,5816,1,1,12.871170907840439,11.223358016313178,8.668368019213355,2.5549899970998213,1,1
RO,2016,3,84015.057,6551,1,1,12.82476827965196,11.338751311762088,8.787372988731876,2.5513783230302125,1,1
RO,2016,4,90234.487,6887,1,1,13.102147088717873,11.410166972223811,8.837390855544697,2.572776116679112,1,1
RO,2016,5,94078.476,7056,1,1,13.333117346938774,11.451884564021658,8.861633597686627,2.59025096633503,1,1
RO,2016,6,100028.387,7510,1,1,13.319359121171772,11.513209294686764,8.92399074475818,2.589218549928583,1,1
RO,2016,7,110042.76,7874,1,1,13.97545847091694,11.608624296512408,8.971321471503682,2.637302825008726,1,1
RO,2016,8,114052.83,8106,1,1,14.07017394522576,11.64441704108289,9.000359807188254,2.6440572338946375,1,1
RO,2016,9,108868.993,8101,1,1,13.438957289223552,11.597900539268748,8.999742789830492,2.5981577494382573,1,1
RO,2016,10,102896.475,7764,1,1,13.253023570324576,11.541478664675605,8.957252944288902,2.584225720386704,1,1
RO,2016,11,91620.32,7269,1,1,12.604253680011007,11.42540836012182,8.891374009484636,2.5340343506371847,1,1
RO,2016,12,94711.995,7221,1,1,13.116188201080183,11.45859593429985,8.884748726451182,2.5738472078486683,1,1
RO,2017,1,93704.509,7030,1,1,13.329233143669986,11.447901588733592,8.857941984804711,2.5899596039288806,1,1
RO,2017,2,83745.296,6555,1,1,12.775788863463006,11.335535280945699,8.7879833961978,2.5475518847478993,1,1
RO,2017,3,98803.689,7773,1,1,12.711139714395985,11.500890221095592,8.958411469230219,2.5424787518653718,1,1
RO,2017,4,107530.444,7988,1,1,13.46149774661993,11.585529286456303,8.985695694535705,2.599833591920598,1,1
RO,2017,5,113180.049,8475,1,1,13.354578053097345,11.636735183635103,9.044875932248651,2.591859251386452,1,1
RO,2017,6,119726.912,8798,1,1,13.608423732666514,11.692968695014384,9.082279701908664,2.610688993105719,1,1
RO,2017,7,132444.965,9465,1,1,13.993128895932383,11.793922479632617,9.155356063643422,2.6385664159891933,1,1
RO,2017,8,133611.548,9338,1,1,14.308368815592205,11.802691973474959,9.141847375530883,2.6608445979440756,1,1
RO,2017,9,126190.567,8996,1,1,14.027408514895509,11.745548479861364,9.104535313079205,2.6410131667821584,1,1
RO,2017,10,117482.783,8591,1,1,13.675099871959027,11.67404707417055,9.058470422638056,2.6155766515324936,1,1
RO,2017,11,98803.111,7563,1,1,13.064010445590375,11.500884371094479,8.93102321585603,2.5698611552384487,1,1
RO,2017,12,99539.375,7296,1,1,13.643006441885966,11.508308573509971,8.895081531754167,2.6132270417558043,1,1
RO,2018,1,100764.328,7389,1,1,13.637072404926242,11.520539683097066,8.907747686788648,2.6127919963084185,1,1
RO,2018,2,88731.744,6764,1,1,13.118235363690125,11.393372984769774,8.81936971001847,2.574003274751304,1,1
RO,2018,3,104404.995,7811,1,1,13.3664057098963,11.556032798113735,8.963288275610298,2.592744522503437,1,1
RO,2018,4,113994.946,8373,1,1,13.614588080735698,11.643909393060548,9.032767522204432,2.611141870856116,1,1
RO,2018,5,119069.72,8868,1,1,13.426896707262067,11.687464482884549,9.090204570736201,2.597259912148347,1,1
RO,2018,6,127223.49,9165,1,1,13.88145008183306,11.75370058265011,9.123147160273806,2.6305534223763036,1,1
RO,2018,7,142827.429,10109,1,1,14.128739637946385,11.869392390274585,9.221181395154058,2.648210995120527,1,1
RO,2018,8,143783.877,10137,1,1,14.184065995856763,11.876066596981664,9.2239473753824,2.6521192215992637,1,1
RO,2018,9,135268.232,9598,1,1,14.093376953531985,11.81501498984184,9.169310022418191,2.645704967423649,1,1
RO,2018,10,123414.899,9080,1,1,13.59194922907489,11.723307120604469,9.11382947159534,2.6094776490091296,1,1
RO,2018,11,105529.214,7939,1,1,13.292507116765337,11.56674310351838,8.979542601725113,2.587200501793267,1,1
RO,2018,12,107609.472,7675,1,1,14.020778110749186,11.586263952575209,8.945723572455398,2.64054038011981,1,1
RO,2019,1,108472.64,7654,1,1,14.172019858897308,11.594253254264867,8.942983665985647,2.65126958827922,1,1
RO,2019,2,95121.437,7074,1,1,13.446626661012157,11.46290963848352,8.864181369765426,2.5987282687180935,1,1
RO,2019,3,104632.607,7855,1,1,13.320510120942076,11.558210512436663,8.96890555068972,2.5893049617469415,1,1
RO,2019,4,119852.8,8392,1,1,14.28179218303146,11.694019602126135,9.035034150076132,2.6589854520500014,1,1
RO,2019,5,128054.079,9056,1,1,14.140247239399294,11.76020794586456,9.111182800442965,2.649025145421596,1,1
RO,2019,6,138493.023,9425,1,1,14.6942199469496,11.83857522788938,9.151121012316212,2.6874542155731693,1,1
RO,2019,7,147861.495,10125,1,1,14.603604444444445,11.904031269975707,9.22276289197474,2.681268378000967,1,1
RO,2019,8,149883.509,10119,1,1,14.812087063939124,11.91761366469655,9.222170123729759,2.695443540966789,1,1
RO,2019,9,137226.333,9588,1,1,14.312300062578224,11.829386907344311,9.168267595554275,2.6611193117900362,1,1
RO,2019,10,125156.13,8919,1,1,14.032529431550623,11.737317276882912,9.095939111666207,2.641378165216705,1,1
RO,2019,11,107604.738,7878,1,1,13.658890327494287,11.586219959197626,8.971829343530851,2.6143906156667747,1,1
RO,2019,12,112183.062,7980,1,1,14.058027819548872,11.627887298107893,8.984693690443855,2.6431936076640383,1,1
RO,2020,1,108893.537,7811,1,1,13.941049417488157,11.598125959134176,8.963288275610298,2.634837683523879,1,1
RO,2020,2,99684.295,7288,1,1,13.677867041712403,11.509763420974243,8.893984438939794,2.6157789820344495,1,1
RO,2020,3,70212.122,4988,1,1,14.076207297514035,11.15927625316944,8.514790306799927,2.644485946369513,1,1
RO,2020,4,17551.543,1049,1,1,16.731690181124883,9.772897145257176,6.955592608396297,2.8173045368608784,1,1
RO,2020,5,13048.146,1172,1,1,11.133230375426622,9.476401333692571,7.066466970136958,2.409934363555613,1,1
RO,2020,6,19044.189,2023,1,1,9.41383539298072,9.854517294650796,7.612336837167746,2.242180457483051,1,1
RO,2020,7,60120.027,4515,1,1,13.315620598006644,11.004098292968607,8.415160465851086,2.5889378271175207,1,1
RO,2020,8,71399.436,4977,1,1,14.345878239903557,11.176045249136813,8.512582578858554,2.663462670278259,1,1
RO,2020,9,61760.952,4658,1,1,13.259113782739373,11.031026599087628,8.446341450444287,2.584685148643341,1,1
RO,2020,10,50265.127,4202,1,1,11.96219109947644,10.8250668154453,8.343315881404946,2.481750934040355,1,1
RO,2020,11,26500.457,2768,1,1,9.573864523121387,10.184917257108633,7.92588031673756,2.259036940371074,1,1
RO,2020,12,36546.533,3061,1,1,11.93940967004247,10.506341604317626,8.026496938945412,2.4798446653722137,1,1
RO,2021,1,37356.2335,3070,1,1,12.168154234527687,10.52825507087931,8.029432840581244,2.498822230298067,1,1
RO,2021,2,27388.76045,2714,1,1,10.091658235077377,10.217888005665335,7.906178840394815,2.31170916527052,1,1
RO,2021,3,33456.2246,3196,1,1,10.46815538172716,10.417993134940955,8.069655306886165,2.3483378280547895,1,1
RO,2021,4,47992.5203,4031,1,1,11.905859662614734,10.778800450664393,8.301769763117166,2.477030687547227,1,1
RO,2021,5,59700.64755,4864,1,1,12.27398181537829,10.997098146055537,8.489616423646003,2.5074817224095334,1,1
RO,2021,6,83625.30675,6574,1,1,12.72061252662002,11.334101465585237,8.790877754224164,2.543223711361072,1,1
RO,2021,7,108260.2949,8069,1,1,13.416816817449497,11.592293744345042,8.995784837848506,2.596508906496535,1,1
RO,2021,8,117018.7125,8494,1,1,13.776632034377206,11.670089136888947,9.047115310873217,2.6229738260157305,1,1
RO,2021,9,108739.91065,8211,1,1,13.243199445865303,11.596714169014822,9.01322999770879,2.583484171306033,1,1
RO,2021,10,95440.2259,7221,1,1,13.217037238609612,11.466255423701101,8.884748726451182,2.5815066972499188,1,1
RO,2021,11,73569.2636,5797,1,1,12.690920062101087,11.205982603361466,8.665095821339733,2.540886782021734,1,1
RO,2021,12,88630.3133,6403,1,1,13.841998016554738,11.392229214646651,8.764521909518802,2.6277073051278492,1,1
RO,2022,1,74725.55815,5617,1,1,13.303464153462702,11.221577456511998,8.633552992532433,2.5880244639795653,1,1
RO,2022,2,62362.9396,5085,1,1,12.264098249754179,11.040726461252486,8.53405030848266,2.5066761527698254,1,1
RO,2022,3,100716.47255,7191,1,1,14.005906348213045,11.520064645765775,8.880585523102495,2.63947912266328,1,1
RO,2022,4,119579.33705,8513,1,1,14.046674151298015,11.691735338432238,9.049349685884057,2.6423856525481817,1,1
RO,2022,5,121795.40495,8938,1,1,13.626695563884537,11.710097907355808,9.098067129493398,2.61203077786241,1,1
RO,2022,6,125177.7992,9354,1,1,13.382274877057942,11.737490399240903,9.143559338285831,2.5939310609550716,1,1
RO,2022,7,134083.0597,9925,1,1,13.509628181360203,11.806214735413773,9.202812105555392,2.6034026298583814,1,1
RO,2022,8,136350.9946,9994,1,1,13.643285431258755,11.82298768270991,9.20974019190415,2.6132474908057595,1,1
RO,2022,9,116746.45845,8859,1,1,13.178288570944803,11.66775984059567,9.089189170412032,2.578570670183637,1,1
RO,2022,10,110513.89395,8383,1,1,13.183096021710604,11.61289652913977,9.033961124637857,2.5789354045019124,1,1
RO,2022,11,95786.1849,7553,1,1,12.681872752548655,11.469873745835592,8.929700114313448,2.540173631522144,1,1
RO,2022,12,102548.39035,7530,1,1,13.61864413678619,11.538090067131606,8.92665032079394,2.611439746337666,1,1
RO,2023,1,103308.13425,7477,1,1,13.816789387454861,11.545471395957248,8.919586920999915,2.6258844749573336,1,1
RO,2023,2,90395.65755,6877,1,1,13.144635386069508,11.411951509275177,8.835937789319836,2.5760137199553412,1,1
RO,2023,3,104714.2486,7885,1,1,13.280183715916298,11.558990477379579,8.972717499397138,2.58627297798244,1,1
RO,2023,4,116283.38865,8455,1,1,13.753209775280897,11.663785496405051,9.042513261332681,2.62127223507237,1,1
RO,2023,5,119088.7711,9106,1,1,13.078055249286185,11.687624469622394,9.116688815894728,2.5709356537276666,1,1
RO,2023,6,127178.066,9690,1,1,13.12467141382869,11.753343477912253,9.178849704884811,2.5744937730274415,1,1
RO,2023,7,134142.9455,9977,1,1,13.445218552671143,11.806661267814317,9.208037722913508,2.598623544900809,1,1
RO,2023,8,134847.95375,10071,1,1,13.389728304041306,11.81190315418504,9.217415285648144,2.594487868536896,1,1
RO,2023,9,128910.33165,9767,1,1,13.198559603767789,11.766872338158999,9.186764635447478,2.580107702711521,1,1
RO,2023,10,120463.41205,9019,1,1,13.356626239050893,11.699101351366743,9.107088742165708,2.592012609201035,1,1
RO,2023,11,107499.4618,8086,1,1,13.294516670789019,11.585241120025694,8.997889450200717,2.587351669824978,1,1
RO,2023,12,114634.25575,8002,1,1,14.325700543614095,11.649501954390418,8.98744678941718,2.662055164973237,1,1
RO,2024,1,109089.19582,7753,1,1,14.070578591512962,11.599921136853201,8.955835144218959,2.6440859926342415,1,1
RO,2024,2,97274.06432,7299,1,1,13.327039912316756,11.485287678891046,8.895492631451633,2.5897950474394142,1,1
RO,2024,3,108844.00112,8132,1,1,13.384653359567142,11.597670953706244,9.003562174748238,2.594108778958007,1,1
RO,2024,4,116665.42424,8575,1,1,13.605297287463555,11.667065495369354,9.056606272034141,2.6104592233352126,1,1
RO,2024,5,127608.13106,9093,1,1,14.033666673265149,11.756719370903353,9.115260165725912,2.6414592051774393,1,1
RO,2024,6,141066.89664,9896,1,1,14.254941050929668,11.856989501102534,9.199885914072324,2.657103587030211,1,1
RO,2024,7,150752.59076,10610,1,1,14.208538243166823,11.923395300246069,9.26955223160803,2.6538430686380403,1,1
RO,2024,8,150918.267,10366,1,1,14.558968454562994,11.924493691107468,9.246286498749653,2.6782071923578155,1,1
RO,2024,9,146000.026,10177,1,1,14.346077036454751,11.89136207877265,9.227885551191932,2.663476527580718,1,1
RO,2024,10,139239.28876,9767,1,1,14.25609591071977,11.84394923389739,9.186764635447478,2.657184598449914,1,1
RO,2024,11,117785.75874,8300,1,1,14.191055269879518,11.676622649343022,9.02401079378469,2.652611855558333,1,1
RO,2024,12,124038.53836,8377,1,1,14.807035735943655,11.72834758952677,9.033245134153809,2.6951024553729606,1,1
RO,2025,1,119427.95988,8038,1,1,14.857919865638218,11.690468622376406,8.991935575009146,2.698533047367259,1,1
RO,2025,2,105955.56578,7430,1,1,14.260506834454914,11.570775094454481,8.913281137711804,2.6574939567426767,1,1
RO,2025,3,121559.47558,8680,1,1,14.004547877880183,11.708158932937843,9.068776807654396,2.6393821252834475,1,1
RO,2025,4,137219.11718,9648,1,1,14.222545313018243,11.829334322613926,9.174505918966966,2.6548284036469587,1,1
RO,2025,5,139912.17888,9926,1,1,14.095524771307677,11.848770211046135,9.202912856147385,2.6458573548987494,1,1
RO,2025,6,149628.43226,10722,1,1,13.955272548032085,11.915910381678213,9.280052984387483,2.6358573972907307,1,1
RO,2025,7,162618.82888,11393,1,1,14.27357402615641,11.999164268161675,9.340754410698116,2.658409857463559,1,1
RO,2025,8,165765.06532,11555,1,1,14.345743428818693,12.018326795742736,9.35487352270848,2.663453273034254,1,1
RO,2025,9,161342.69212,11125,1,1,14.502713898426965,11.991285904356467,9.31695010703444,2.674335797322025,1,1
RO,2025,10,155378.61648,10743,1,1,14.463242714325608,11.953620104358707,9.282009658666542,2.671610445692165,1,1
RO,2025,11,137773.83716,9368,1,1,14.706857083689155,11.833368758577912,9.145054905277552,2.6883138533003588,1,1
RO,2025,12,148492.95668,9672,1,1,15.352869797353184,11.908292806335755,9.176990392294629,2.731302414041126,1,1
RO,2026,1,134558.11156,8791,1,1,15.306348715731998,11.8097514409228,9.081483749851179,2.728267691071623,1,1
RO,2026,2,119595.0958,8018,1,1,14.915826365677226,11.691867114641218,8.989444293202451,2.702422821438765,1,1
RO,2026,3,134784.85796,9195,1,1,14.658494612289287,11.811435141477302,9.126415137038421,2.6850200044388814,1,1
RO,2026,4,148369.65932,9791,1,1,15.153677797977736,11.90746213679069,9.189218875354072,2.7182432614366188,1,1
RO,2026,5,145965.33336,10063,1,1,14.505150885421841,11.891124429756758,9.216620609933333,2.674503819823424,1,1
RO,2026,6,157307.40786,10719,1,1,14.67556748390708,11.965957181770928,9.27977314669152,2.686184035079409,1,1
RO,2026,7,169281.05398,11510,1,1,14.707302691572545,12.039315653885051,9.350971501715929,2.6883441521691234,1,1
RS,2010,1,14327.666,1555,1,0,9.213933118971061,9.5699476324694,7.349230824613334,2.220716807856066,0,0
RS,2010,2,12615.653,1458,1,0,8.652711248285323,9.442693623508745,7.284820912568604,2.1578727109401425,0,0
RS,2010,3,14390.774,1749,1,0,8.228001143510577,9.574342585787253,7.466799475018602,2.1075431107686518,0,0
RS,2010,4,13393.834,1639,1,0,8.17195485051861,9.502549730784116,7.40184157874383,2.1007081520402857,0,0
RS,2010,5,17580.586,2016,1,0,8.72052876984127,9.774550504016958,7.60887062919126,2.165679874825699,0,0
RS,2010,6,20160.202,2194,1,0,9.188788514129444,9.911465741976377,7.693481640835175,2.2179841011412007,0,0
RS,2010,7,23979.064,2555,1,0,9.385152250489236,10.08493639529261,7.845807502637805,2.2391288926548056,0,0
RS,2010,8,23656.121,2565,1,0,9.22265925925926,10.071377176500631,7.84971375760487,2.221663418895762,0,0
RS,2010,9,20761.552,2282,1,0,9.097963190184048,9.940858093637715,7.732807530422021,2.2080505632156937,0,0
RS,2010,10,18562.267,2071,1,0,8.96294881699662,9.828886143277725,7.635786861395585,2.19309928188214,0,0
RS,2010,11,16490.915,1873,1,0,8.804546182594768,9.710564902188883,7.5352967024440884,2.175268199744796,0,0
RS,2010,12,16917.791,1836,1,0,9.21448311546841,9.736121069081541,7.515344571180436,2.2207764979011047,0,0
RS,2011,1,15344.249,1674,1,0,9.166218040621267,9.638496024833051,7.422971251049421,2.2155247737836303,0,0
RS,2011,2,13998.216,1600,1,0,8.748885,9.546685171906256,7.3777589082278725,2.1689262636783844,0,0
RS,2011,3,16698.156,1851,1,0,9.02115397082658,9.723053573146526,7.523481312573497,2.199572260573028,0,0
RS,2011,4,22208.18,1957,1,0,11.348073582013285,10.008215968461004,7.579167967396076,2.4290480010649276,0,0
RS,2011,5,22188.449,2143,1,0,10.35391927204853,10.00732711713407,7.669961995473577,2.337365121660492,0,0
RS,2011,6,22577.313,2291,1,0,9.854785246617197,10.024700831508436,7.736743682453495,2.287957149054941,0,0
RS,2011,7,23411.627,2499,1,0,9.368398159263705,10.060988058283513,7.823645930834952,2.23734212744856,0,0
RS,2011,8,23782.222,2531,1,0,9.396373765310155,10.076693605744973,7.836369760545124,2.2403238451998497,0,0
RS,2011,9,21117.237,2253,1,0,9.372941411451398,9.957844905398373,7.720017940432244,2.237826964966129,0,0
RS,2011,10,18894.821,2021,1,0,9.349243443839683,9.846643142333054,7.611347717403621,2.2352954249294323,0,0
RS,2011,11,16106.599,1833,1,0,8.787015275504638,9.686984342772822,7.513709247839705,2.1732750949331168,0,0
RS,2011,12,16621.127,1882,1,0,8.831629649309246,9.718429875978083,7.540090320145325,2.1783395558327583,0,0
RS,2012,1,15132.04,1757,1,0,8.612430278884462,9.62456962915413,7.471363088187097,2.1532065409670342,1,0
RS,2012,2,13678.987,1596,1,0,8.570793859649122,9.523616138727125,7.3752557780097545,2.14836036071737,1,0
RS,2012,3,15614.262,1898,1,0,8.226692307692309,9.655940006352445,7.5485559791698735,2.107384027182572,1,0
RS,2012,4,17422.705,1989,1,0,8.759529914529915,9.76552951963748,7.5953872788539725,2.170142240783509,1,0
RS,2012,5,18182.416,2032,1,0,8.94803937007874,9.808210252191268,7.616775808698373,2.1914344434928954,1,0
RS,2012,6,20659.621,2300,1,0,8.982443913043477,9.935936397878066,7.7406644019172415,2.1952719959608245,1,0
RS,2012,7,23654.836,2561,1,0,9.236562280359234,10.071322855046077,7.848153086199526,2.2231697688465513,1,0
RS,2012,8,24553.635,2577,1,0,9.527991850989523,10.108615187435216,7.854381210652365,2.2542339767828516,1,0
RS,2012,9,21281.086,2253,1,0,9.445666222814026,9.965573975987985,7.720017940432244,2.245556035555741,1,0
RS,2012,10,18387.209,2017,1,0,9.116117501239463,9.819410538815733,7.6093665379542115,2.2100440008615205,1,0
RS,2012,11,15790.355,1788,1,0,8.831294742729305,9.667154589580871,7.488852955733459,2.1783016338474126,1,0
RS,2012,12,16333.265,1785,1,0,9.150288515406162,9.700959104742433,7.487173694213739,2.2137854105286934,1,0
RS,2013,1,15710.237,1704,1,0,9.219622652582158,9.662067817068403,7.440733707389261,2.221334109679141,1,0
RS,2013,2,13068.379,1502,1,0,8.700651797603197,9.477950774443045,7.31455283232408,2.1633979421189653,1,0
RS,2013,3,15132.705,1722,1,0,8.787865853658536,9.62461357467557,7.451241684987676,2.173371889687893,1,0
RS,2013,4,16825.586,1843,1,0,9.129455236028214,9.730655983029736,7.519149957669823,2.2115060253599137,1,0
RS,2013,5,18957.87,2044,1,0,9.27488747553816,9.849974427726051,7.622663951323595,2.2273104764024563,1,0
RS,2013,6,23642.946,2381,1,0,9.929838723225535,10.070820083045035,7.7752758464868625,2.295544236558173,1,0
RS,2013,7,27459.312,2809,1,0,9.775475970096121,10.22046062438318,7.940583827104244,2.2798767972789373,1,0
RS,2013,8,27872.349,2819,1,0,9.88731784320681,10.235390401100815,7.9441374911141125,2.2912529099867034,1,0
RS,2013,9,23515.644,2474,1,0,9.505110751818917,10.065421180778538,7.813591552952433,2.2518296278261034,1,0
RS,2013,10,21334.418,2208,1,0,9.662326992753624,9.9680769161312,7.699842407396986,2.2682345087342135,1,0
RS,2013,11,21419.247,1960,1,0,10.92818724489796,9.972045189322197,7.580699752224563,2.3913454370976335,1,0
RS,2013,12,22115.357,2132,1,0,10.373056754221388,10.004027533061574,7.664815785285735,2.3392117477758383,1,0
RS,2014,1,23776.438,2236,1,0,10.633469588550984,10.076450369285892,7.71244383427499,2.364006535010903,1,0
RS,2014,2,20569.672,1975,1,0,10.415023797468354,9.931573036968096,7.5883236773352225,2.3432493596328743,1,0
RS,2014,3,23551.36,2273,1,0,10.361355037395512,10.066938847246341,7.728855823852543,2.3380830233937986,1,0
RS,2014,4,26871.414,2492,1,0,10.783071428571429,10.198818323968908,7.820840879907344,2.377977444061565,1,0
RS,2014,5,28084.521,2669,1,0,10.522488197826902,10.242973849453454,7.889459149404524,2.3535147000489305,1,0
RS,2014,6,30710.518,3015,1,0,10.185909784411278,10.332360480762494,8.011355109161286,2.3210053716012076,1,0
RS,2014,7,33820.877,3235,1,0,10.454676043276661,10.428833553517896,8.081784206935001,2.347049346582895,1,0
RS,2014,8,33949.138,3214,1,0,10.562892968263846,10.43261874238468,8.075271546297458,2.3573471960872223,1,0
RS,2014,9,30966.855,2950,1,0,10.497238983050847,10.340672717923722,7.989560449333865,2.3511122685898567,1,0
RS,2014,10,28368.501,2630,1,0,10.786502281368822,10.253034688902542,7.874739125171811,2.3782955637307306,1,0
RS,2014,11,24791.632,2322,1,0,10.676844099913868,10.118261455859516,7.7501841622578365,2.368077293601679,1,0
RS,2014,12,26962.668,2476,1,0,10.889607431340872,10.202208521554217,7.814399633804487,2.3878088877497303,1,0
RS,2015,1,24765.48,2400,1,0,10.31895,10.117206027027116,7.783224016336037,2.3339820106910794,1,0
RS,2015,2,21691.925,2117,1,0,10.246539914974019,9.984695350459123,7.6577552711348655,2.326940079324258,1,0
RS,2015,3,24956.614,2434,1,0,10.253333607230896,10.124894156229832,7.797291273547472,2.3276028826823594,1,0
RS,2015,4,25095.603,2533,1,0,9.907462692459534,10.130447930491323,7.837159650001675,2.293288280489649,1,0
RS,2015,5,27401.063,2723,1,0,10.062821520381931,10.21833708724407,7.909489492673759,2.308847594570309,1,0
RS,2015,6,29006.495,3004,1,0,9.655957057256991,10.27527504940932,8.007700012884026,2.2675750365252947,1,0
RS,2015,7,32067.411,3250,1,0,9.866895692307692,10.375595559774505,8.086410275323782,2.2891852844507214,1,0
RS,2015,8,32912.336,3263,1,0,10.086526509347227,10.401602820882921,8.09040229659332,2.3112005242896005,1,0
RS,2015,9,29506.749,2934,1,0,10.056833333333334,10.292374295822853,7.984121958702927,2.3082523371199253,1,0
RS,2015,10,27392.209,2677,1,0,10.232427717594321,10.218013908877314,7.892452043520352,2.325561865356961,1,0
RS,2015,11,22476.214,2183,1,0,10.296021071919377,10.020212873453891,7.688455356549944,2.3317575169039473,1,0
RS,2015,12,24512.896,2238,1,0,10.953036639857016,10.106954625397059,7.71333788887187,2.3936167365251877,1,0
RS,2016,1,22902.343,2245,1,0,10.201489086859688,10.038994498719049,7.716460800176355,2.3225336985426943,1,0
RS,2016,2,19772.481,2050,1,0,9.645112682926829,9.892046401462526,7.6255950721324535,2.266451329330071,1,0
RS,2016,3,23247.764,2328,1,0,9.9861529209622,10.053964234347664,7.752764808851328,2.301199425496336,1,0
RS,2016,4,26959.097,2536,1,0,10.630558753943218,10.202076070400024,7.8383433155571165,2.363732754842906,1,0
RS,2016,5,28380.197,2744,1,0,10.342637390670554,10.253446892198046,7.917171988845776,2.33627490335227,1,0
RS,2016,6,31532.293,3011,1,0,10.47236565924942,10.358767474284287,8.010027528481734,2.348739945802553,1,0
RS,2016,7,36904.855,3381,1,0,10.915366755397812,10.516098393189525,8.125926802707886,2.3901715904816387,1,0
RS,2016,8,37843.785,3420,1,0,11.065434210526316,10.541222044590567,8.13739583005665,2.4038262145339155,1,0
RS,2016,9,35102.166,3141,1,0,11.175474689589302,10.46601811695172,8.052296499538647,2.4137216174130733,1,0
RS,2016,10,33278.545,2833,1,0,11.746750794211083,10.412668174027477,7.949091499830517,2.4635766741969602,1,0
RS,2016,11,26129.275,2284,1,0,11.440137915936953,10.17081161224378,7.7336835707759,2.4371280414678784,1,0
RS,2016,12,29092.616,2411,1,0,12.066618000829532,10.278239675256229,7.787796878181171,2.4904427970750573,1,0
RS,2017,1,27717.986,2362,1,0,11.734964436917867,10.229836795541674,7.767263996757308,2.4625727987843655,1,0
RS,2017,2,24251.286,2069,1,0,11.721259545674238,10.096224925887375,7.634820677745543,2.4614042481418315,1,0
RS,2017,3,28531.494,2498,1,0,11.421734987990392,10.258763808767098,7.823245690685523,2.435518118081575,1,0
RS,2017,4,30617.33,2646,1,0,11.571175359032502,10.329321467499852,7.880804344674901,2.4485171228249523,1,0
RS,2017,5,31881.165,2844,1,0,11.209973628691984,10.369770675523789,7.952966790923131,2.416803884600658,1,0
RS,2017,6,36491.582,3127,1,0,11.669837543971859,10.504836882834377,8.047829357457841,2.4570075253765356,1,0
RS,2017,7,39680.666,3473,1,0,11.425472502159515,10.588619345532148,8.152774052744075,2.4358452927880743,1,0
RS,2017,8,40766.058,3463,1,0,11.771890846087206,10.61560510239692,8.149890544402423,2.4657145579944975,1,0
RS,2017,9,37819.999,3235,1,0,11.690880680061825,10.540593315771412,8.081784206935001,2.458809108836411,1,0
RS,2017,10,33867.891,2915,1,0,11.618487478559178,10.43022267637976,7.977625098784593,2.452597577595167,1,0
RS,2017,11,27164.917,2353,1,0,11.544801104972377,10.209681603578783,7.763446388727362,2.4462352148514213,1,0
RS,2017,12,31008.437,2453,1,0,12.641026090501427,10.34201460772844,7.8050670442584895,2.536947563469951,1,0
RS,2018,1,27750.741,2365,1,0,11.733928541226216,10.231017821520773,7.768533300926033,2.462484520594739,1,0
RS,2018,2,24223.062,2068,1,0,11.713279497098647,10.095060433558796,7.63433723562832,2.4607231979304767,1,0
RS,2018,3,28915.801,2498,1,0,11.575580864691753,10.272143472093463,7.823245690685523,2.4488977814079402,1,0
RS,2018,4,32545.775,2737,1,0,11.891039459261966,10.390402838904707,7.914617709040679,2.4757851298640277,1,0
RS,2018,5,34513.406,2949,1,0,11.703426924381146,10.449103107252053,7.989221408815276,2.459881698436776,1,0
RS,2018,6,38464.421,3254,1,0,11.820657959434543,10.557488963134482,8.087640287778983,2.469848675355498,1,0
RS,2018,7,46082.942,3655,1,0,12.608192065663475,10.738198138817848,8.203851372183879,2.534346766633969,1,0
RS,2018,8,46326.925,3676,1,0,12.602536724700762,10.743478604526581,8.209580483475577,2.533898121051003,1,0
RS,2018,9,40456.922,3320,1,0,12.185819879518071,10.60799303269194,8.107720061910534,2.5002729707814053,1,0
RS,2018,10,35370.765,2995,1,0,11.809938230383974,10.473640910464361,8.00469951054955,2.468941399914812,1,0
RS,2018,11,28942.173,2501,1,0,11.572240303878448,10.273055083752258,7.824445930877619,2.44860915287464,1,0
RS,2018,12,31594.503,2563,1,0,12.327156847444401,10.360738428746753,7.848933726364071,2.511804702382683,1,0
RS,2019,1,28261.288,2475,1,0,11.418702222222223,10.249248231986906,7.813995675002791,2.4352525569841155,1,0
RS,2019,2,24998.495,2250,1,0,11.110442222222222,10.126570902038244,7.718685495198466,2.407885406839779,1,0
RS,2019,3,28353.148,2525,1,0,11.228969504950495,10.252493343555726,7.83399634170946,2.418497001846265,1,0
RS,2019,4,33600.775,2872,1,0,11.699434192200558,10.422304411161482,7.962763930168115,2.4595404809933674,1,0
RS,2019,5,35693.126,3111,1,0,11.47320025715204,10.48271340020818,8.042699496897637,2.4400139033105432,1,0
RS,2019,6,42439.635,3539,1,0,11.991985024018085,10.655837992313932,8.171599480345463,2.48423851196847,1,0
RS,2019,7,49260.056,4040,1,0,12.19308316831683,10.804868808498894,8.303999970955196,2.500868837543697,1,0
RS,2019,8,50279.408,4093,1,0,12.284243342291719,10.825350888569634,8.317033476492403,2.5083174120772314,1,0
RS,2019,9,45166.846,3711,1,0,12.171071409323632,10.718118601105605,8.219056661060598,2.499061940045008,1,0
RS,2019,10,40224.609,3367,1,0,11.946720819720818,10.60223425149016,8.121777419161074,2.4804568323290845,1,0
RS,2019,11,30828.123,2748,1,0,11.218385371179039,10.336182636769255,7.91862865334224,2.4175539834270148,1,0
RS,2019,12,32006.931,2855,1,0,11.210833975481611,10.373707752078824,7.956827122090111,2.416880629988713,1,0
RS,2020,1,31231.851,2704,1,0,11.55024075443787,10.349193718453488,7.902487437162855,2.4467062812906333,1,0
RS,2020,2,28059.404,2595,1,0,10.812872447013486,10.242079113231304,7.861341795599989,2.380737317631314,1,0
RS,2020,3,18280.173,1586,1,0,11.52596027742749,9.813572308858326,7.368970402194793,2.4446019066635323,1,0
RS,2020,4,7272.657,294,1,0,24.73692857142857,8.891876978310966,5.683579767338681,3.208297210972284,1,0
RS,2020,5,6498.572,433,1,0,15.008249422632796,8.779337739440146,6.07073772800249,2.7086000114376563,1,0
RS,2020,6,10533.096,1115,1,0,9.446722869955156,9.262277579007483,7.016609683894219,2.2456678951132636,1,0
RS,2020,7,19170.553,1871,1,0,10.246153393907,9.861130682780635,7.534228326274089,2.3269023565065456,1,0
RS,2020,8,20911.401,1933,1,0,10.818107087428867,9.948049791612904,7.566828479208331,2.381221312404573,1,0
RS,2020,9,18698.699,1843,1,0,10.145794357026586,9.836209228229908,7.519149957669823,2.317059270560084,1,0
RS,2020,10,20655.044,1863,1,0,11.08698013955985,9.935714830063406,7.529943370601589,2.4057714594618176,1,0
RS,2020,11,18206.789,1386,1,0,13.1362113997114,9.809549825487506,7.234177179749849,2.5753726457376587,1,0
RS,2020,12,15187.261,1273,1,0,11.930291437549098,9.628212263333568,7.149131598557407,2.4790806647761614,1,0
RS,2021,1,13359.6139,1112,1,0,12.014041276978418,9.499991546972433,7.013915474810528,2.486076072161906,1,0
RS,2021,2,15742.6119,1078,1,0,14.603536085343228,9.664126448484371,6.982862751468942,2.681263697015429,1,0
RS,2021,3,14523.5025,1347,1,0,10.782110244988864,9.583523478298424,7.205635176410364,2.3778883018880603,1,0
RS,2021,4,19078.99785,1542,1,0,12.372890953307392,9.85634342003796,7.340835554123275,2.5155078659146852,1,0
RS,2021,5,24927.57485,1865,1,0,13.365991876675604,10.123729893406292,7.5310163320779155,2.592713561328377,1,0
RS,2021,6,29810.33455,2604,1,0,11.447901132872504,10.302610409353187,7.86480400332846,2.437806406024728,1,0
RS,2021,7,44026.80645,3497,1,0,12.58987888189877,10.692553964890575,8.159660737063376,2.532893227827199,1,0
RS,2021,8,44326.6398,3547,1,0,12.496938201296869,10.699341125181972,8.173857454773621,2.525483670408349,1,0
RS,2021,9,35470.92035,2964,1,0,11.967247081646423,10.476468494710433,7.994294986415977,2.4821735082944563,1,0
RS,2021,10,31898.55655,2567,1,0,12.426395227892481,10.370316038532858,7.8504931808711405,2.519822857661718,1,0
RS,2021,11,26069.83515,2256,1,0,11.555777992021277,10.16853418354737,7.721348612617949,2.4471855709294212,1,0
RS,2021,12,27084.39845,2301,1,0,11.770707714037375,10.206713138135187,7.741099090035366,2.4656140480998223,1,0
RS,2022,1,24852.6866,2197,1,0,11.312101319981794,10.120721138357077,7.69484807238461,2.4258730659724668,1,0
RS,2022,2,21147.23235,1836,1,0,11.518100408496732,9.95926431775572,7.515344571180436,2.4439197465752844,1,0
RS,2022,3,25248.3637,2296,1,0,10.996674085365854,10.136516628643243,7.738923757439457,2.3975928712037855,1,0
RS,2022,4,31073.82615,2581,1,0,12.039452208446338,10.344121140926893,7.855932199718614,2.488188941208279,1,0
RS,2022,5,34235.2975,3028,1,0,11.306240918097755,10.441012481454605,8.01565761455734,2.4253548668972655,1,0
RS,2022,6,39388.4612,3542,1,0,11.120401242236024,10.581228189449137,8.17244681834278,2.408781371106357,1,0
RS,2022,7,46086.5915,4150,1,0,11.105202771084338,10.738277329844715,8.330863613224745,2.407413716619972,1,0
RS,2022,8,46477.3702,4082,1,0,11.38593096521313,10.746720810751293,8.31434234336979,2.4323784673815028,1,0
RS,2022,9,42159.52185,3745,1,0,11.257549225634179,10.649215841832145,8.22817689595132,2.4210389458808255,1,0
RS,2022,10,36869.04145,3338,1,0,11.045249086279208,10.515127492788796,8.11312710422178,2.4020003885670156,1,0
RS,2022,11,30551.51465,2856,1,0,10.697309051120449,10.327169542748793,7.957177323459475,2.3699922192893186,1,0
RS,2022,12,35616.62605,2978,1,0,11.959914724647414,10.480567831694819,7.999007213243955,2.481560618450864,1,0
RS,2023,1,33659.76745,2870,1,0,11.728141968641115,10.424058558927111,7.962067308753666,2.461991250173444,1,0
RS,2023,2,29570.3733,2574,1,0,11.488101515151515,10.294528237048203,7.853216388156072,2.4413118488921315,1,0
RS,2023,3,33761.7663,3002,1,0,11.246424483677549,10.427084266654083,8.007034012193408,2.420050254460675,1,0
RS,2023,4,39470.42925,3262,1,0,12.100070278969957,10.583307043946123,8.09009578318096,2.4932112607651633,1,0
RS,2023,5,45193.371,3678,1,0,12.287485318107667,10.718705695772762,8.210124405164267,2.508581290608495,1,0
RS,2023,6,53160.00155,4185,1,0,12.702509330943847,10.881061541984442,8.339261982923576,2.5417995590608666,1,0
RS,2023,7,58379.4611,4731,1,0,12.339771950961742,10.974719413464507,8.461891875631148,2.5128275378333593,1,0
RS,2023,8,59755.1308,4767,1,0,12.535164841619467,10.99801033723675,8.469472455204826,2.528537882031924,1,0
RS,2023,9,55587.4638,4501,1,0,12.350025283270384,10.925712983593195,8.412054873292933,2.5136581103002618,1,0
RS,2023,10,48685.8224,4017,1,0,12.119945830221559,10.793143145536796,8.298290634359283,2.4948525111775135,1,0
RS,2023,11,44493.89105,3578,1,0,12.435408342649524,10.70310717895532,8.182559264068665,2.5205479148866554,1,0
RS,2023,12,48083.04385,3693,1,0,13.02004978337395,10.780684875233506,8.214194414852564,2.5664904603809435,1,0
RS,2024,1,44560.32942,3448,1,0,12.923529414153133,10.704599267302745,8.145549631783584,2.5590496355191608,1,0
RS,2024,2,36738.93544,2902,1,0,12.659867484493454,10.51159238284578,7.973155433444133,2.538436949401647,1,0
RS,2024,3,40131.11528,3257,1,0,12.321496862143077,10.59990725455183,8.088561805276234,2.511345449275597,1,0
RS,2024,4,43760.24556,3420,1,0,12.795393438596491,10.686481048597486,8.13739583005665,2.549085218540835,1,0
RS,2024,5,48568.41856,3842,1,0,12.64144158250911,10.79072877479323,8.253748343328501,2.5369804314647286,1,0
RS,2024,6,52713.13186,4193,1,0,12.57169851180539,10.872619884893098,8.341171747170762,2.531448137722336,1,0
RS,2024,7,58065.4574,4677,1,0,12.415107419285867,10.969326229027631,8.450412157725886,2.518914071301745,1,0
RS,2024,8,58884.1989,4640,1,0,12.690560107758621,10.983328063699792,8.442469645220301,2.540858418479491,1,0
RS,2024,9,55766.67238,4405,1,0,12.659857520998866,10.928931700757488,8.39049553837028,2.538436162387208,1,0
RS,2024,10,53766.97452,4004,1,0,13.428315314685316,10.892414701157255,8.295049140435111,2.5973655607221438,1,0
RS,2024,11,45044.21422,3449,1,0,13.06007950710351,10.715399824599942,8.145839612936841,2.569560211663101,1,0
RS,2024,12,46188.80492,3428,1,0,13.473980431738624,10.740492729957223,8.13973227971767,2.600760450239553,1,0
RS,2025,1,45830.7929,3335,1,0,13.742366686656672,10.732711478248122,8.112227958349724,2.6204835198983973,1,0
RS,2025,2,38316.92132,2912,1,0,13.15828342032967,10.553646887521142,7.976595409316577,2.5770514782045653,1,0
RS,2025,3,43594.43912,3347,1,0,13.024929524947716,10.682684878083544,8.115819701211327,2.5668651768722177,1,0
RS,2025,4,50019.41162,3701,1,0,13.51510716563091,10.820166441467585,8.216358332386156,2.6038081090814287,1,0
RS,2025,5,56040.44206,4079,1,0,13.738769811228243,10.933828888713906,8.313607139317558,2.620221749396348,1,0
RS,2025,6,62730.22592,4581,1,0,13.693566016153678,11.046598682550906,8.429672593886743,2.6169260886641643,1,0
RS,2025,7,67466.25194,4943,1,0,13.64884724661137,11.119382780574057,8.505727713306959,2.6136550672670973,1,0
RS,2025,8,66222.29678,4968,1,0,13.329769883252819,11.100772494583117,8.510772623613315,2.589999870969802,1,0
RS,2025,9,62549.69084,4540,1,0,13.777464942731278,11.043716573276928,8.420682291035394,2.623034282241534,1,0
RS,2025,10,55062.6847,4135,1,0,13.316247811366384,10.916227537042943,8.327242607457793,2.588984929585152,1,0
RS,2025,11,47185.17108,3492,1,0,13.512362852233677,10.761834950177375,8.158229916959494,2.603605033217883,1,0
RS,2025,12,49677.53448,3608,1,0,13.768717982261641,10.813308087356527,8.190908881182514,2.622399206174012,1,0
RS,2026,1,46292.5801,3483,1,0,13.291007780648865,10.74273697021236,8.155649270366002,2.5870876998463577,1,0
RS,2026,2,41576.4727,3113,1,0,13.355757372309668,10.635289726163764,8.043342170441608,2.591947555722156,1,0
RS,2026,3,44501.63398,3442,1,0,12.929004642649621,10.703281186131903,8.143807976771484,2.559473209360419,1,0
RS,2026,4,47717.71548,3740,1,0,12.758747454545455,10.773058001637551,8.226840890408578,2.546217111228974,1,0
RS,2026,5,55159.41714,4218,1,0,13.077149630156471,10.917982765136399,8.34711636103872,2.570866404097679,1,0
RS,2026,6,62545.89596,4623,1,0,13.529287467012763,11.043655901592206,8.438799123988225,2.6048567776039806,1,0
RS,2026,7,67091.11516,5075,1,0,13.219924169458128,11.113806902270037,8.532081803909987,2.5817250983600486,1,0
SE,2010,1,201565.851,18178,1,1,11.088450379579712,12.213871410950311,9.807967350678716,2.405904060271596,0,0
SE,2010,2,198829.319,20050,1,1,9.916674264339152,12.200202042209797,9.905984432734716,2.294217609475083,0,0
SE,2010,3,232268.697,23782,1,1,9.766575435203094,12.355650157203323,10.076684270997523,2.2789658862057984,0,0
SE,2010,4,178956.479,16803,1,1,10.650269535202046,12.094897921182797,9.729312720877942,2.365585200304856,0,0
SE,2010,5,236221.034,22799,1,1,10.361026097635861,12.37252323043168,10.034471954331547,2.338051276100132,0,0
SE,2010,6,243869.867,23016,1,1,10.595666797010775,12.404390030036044,10.043944905231385,2.3604451248046607,0,0
SE,2010,7,223320.41,17092,1,1,13.06578574771823,12.316362835353114,9.746365796763916,2.5699970385891993,0,0
SE,2010,8,236326.414,20978,1,1,11.265440652111735,12.372969238561415,9.95122954852155,2.4217396900398653,0,0
SE,2010,9,252233.171,24828,1,1,10.159222289350733,12.438109220430313,10.119727327533543,2.31838189289677,0,0
SE,2010,10,252929.838,24441,1,1,10.348587946483368,12.440867409091208,10.10401732897875,2.336850080112457,0,0
SE,2010,11,232608.398,23168,1,1,10.040072427486187,12.357111623316053,10.050527295185443,2.3065843281306098,0,0
SE,2010,12,223193.118,19833,1,1,11.253623657540462,12.315792675680603,9.895102496001687,2.420690179678915,0,0
SE,2011,1,229816.516,19706,1,1,11.66226103724754,12.345036513006523,9.88867843688242,2.4563580761241033,0,0
SE,2011,2,221530.861,20957,1,1,10.570733454215775,12.308317186075948,9.950227998419942,2.3580891876560055,0,0
SE,2011,3,261296.128,25225,1,1,10.358617561942518,12.473409633182303,10.13559084522181,2.337818787960494,0,0
SE,2011,4,241119.307,22826,1,1,10.563362262332427,12.393047139768601,10.035655516113545,2.3573916236550554,0,0
SE,2011,5,260744.802,26634,1,1,9.789922730344673,12.471297437860866,10.18994387406209,2.2813535637987763,0,0
SE,2011,6,249896.602,23417,1,1,10.671589101934492,12.428802519291622,10.061217533302013,2.36758498598961,0,0
SE,2011,7,239797.588,18454,1,1,12.994342039666197,12.38755046314298,9.8230364281385,2.564514035004479,0,0
SE,2011,8,249827.859,22866,1,1,10.925735108895303,12.428527395675316,10.037406370101916,2.3911210255734003,0,0
SE,2011,9,258167.984,26018,1,1,9.922668306556998,12.4613657528048,10.166543885161504,2.2948218676432965,0,0
SE,2011,10,258075.037,25423,1,1,10.15124245761712,12.461005662702956,10.143409555089155,2.3175961076138005,0,0
SE,2011,11,235095.615,23900,1,1,9.83663661087866,12.367747582716616,10.081633737919603,2.286113844797014,0,0
SE,2011,12,224851.633,20835,1,1,10.792015022798177,12.323196054792005,9.944389543856554,2.3788065109354513,0,0
SE,2012,1,218084.651,20600,1,1,10.58663354368932,12.292638573738891,9.933046354777673,2.359592218961219,1,1
SE,2012,2,214814.388,22048,1,1,9.743032837445574,12.277529622613793,10.000977173813386,2.276552448800408,1,1
SE,2012,3,243809.795,25015,1,1,9.746543873675796,12.404143671596337,10.127230923922305,2.276912747674031,1,1
SE,2012,4,225152.914,22691,1,1,9.92256462914812,12.324535068128753,10.02972364908127,2.294811419047484,1,1
SE,2012,5,238881.579,25302,1,1,9.441213303296182,12.383723222764567,10.138638722974616,2.2450844997899524,1,1
SE,2012,6,240249.787,22788,1,1,10.542820212392488,12.389434440255663,10.033989360600286,2.355445079655377,1,1
SE,2012,7,226727.959,18096,1,1,12.529175453138816,12.331506159283641,9.803446198355902,2.5280599609277403,1,1
SE,2012,8,237166.023,22289,1,1,10.640496343487818,12.376515693855712,10.011848562206193,2.3646671316495187,1,1
SE,2012,9,240603.02,24947,1,1,9.644567282639194,12.39090363439739,10.124508853469237,2.2663947809281533,1,1
SE,2012,10,244033.237,26112,1,1,9.345635608149509,12.405059712211731,10.170150257763833,2.234909454447898,1,1
SE,2012,11,223565.852,23839,1,1,9.378155627333362,12.317461289459002,10.07907817399079,2.2383831154682117,1,1
SE,2012,12,207749.599,18712,1,1,11.1024796387345,12.244088782511259,9.836920308264014,2.407168474247244,1,1
SE,2013,1,217406.218,20497,1,1,10.606733570766453,12.28952285491616,9.928033812954128,2.3614890419620322,1,1
SE,2013,2,208073.933,20580,1,1,10.110492371234207,12.245648742642478,9.93207500938804,2.3135737332544384,1,1
SE,2013,3,234543.238,22534,1,1,10.408415638590574,12.365395233667178,10.022780558724111,2.342614674943066,1,1
SE,2013,4,230578.767,24138,1,1,9.552521625652497,12.348347805387792,10.091542641177844,2.2568051642099483,1,1
SE,2013,5,242850.894,25423,1,1,9.552408999724658,12.400202929051858,10.143409555089155,2.256793373962703,1,1
SE,2013,6,247234.715,23385,1,1,10.572363267051529,12.4180934275538,10.059850070159987,2.358243357393813,1,1
SE,2013,7,243016.158,19650,1,1,12.367234503816794,12.40088321393923,9.885832617297407,2.515050596641822,1,1
SE,2013,8,250216.153,23039,1,1,10.860547462997525,12.430080435282736,10.044943711090122,2.3851367241926145,1,1
SE,2013,9,261239.9,26343,1,1,9.916862164521884,12.473194421226749,10.178957864028105,2.294236557198643,1,1
SE,2013,10,264844.583,26922,1,1,9.837478010548994,12.486898453676853,10.200699075204039,2.2861993784728143,1,1
SE,2013,11,236783.736,23867,1,1,9.9209676959819,12.374902497200809,10.080252030663544,2.294650466537265,1,1
SE,2013,12,223829.984,19837,1,1,11.283459394061602,12.318642042650845,9.89530415972811,2.4233378829227368,1,1
SE,2014,1,229004.715,20721,1,1,11.051817721152453,12.341497871844066,9.938902957757083,2.4025949140869836,1,1
SE,2014,2,217783.359,20965,1,1,10.387949391843549,12.291256081603311,9.950609659604863,2.340646421998449,1,1
SE,2014,3,254327.423,24689,1,1,10.301244400340233,12.446377782796356,10.114113079291366,2.33226470350499,1,1
SE,2014,4,237819.28,23482,1,1,10.127726769440422,12.379266336487197,10.063989449190156,2.3152768872970397,1,1
SE,2014,5,258654.051,24958,1,1,10.363572842375191,12.463246737400642,10.1249496910678,2.338297046332842,1,1
SE,2014,6,266304.571,24424,1,1,10.90339710940059,12.49239593650638,10.103321534414714,2.3890744020916665,1,1
SE,2014,7,258653.595,19843,1,1,13.035004535604495,12.463244974426505,9.895606579085252,2.5676383953412536,1,1
SE,2014,8,261589.643,22650,1,1,11.549211611479029,12.474532306802844,10.02791513091118,2.4466171758916637,1,1
SE,2014,9,266067.748,26205,1,1,10.153319900782295,12.491506247064727,10.173705511236266,2.3178007358284605,1,1
SE,2014,10,268988.968,26504,1,1,10.148995170540296,12.502425646590579,10.185050943979732,2.3173747026108478,1,1
SE,2014,11,232673.903,22844,1,1,10.185339826650324,12.35739319431195,10.036443779784754,2.3209494145271954,1,1
SE,2014,12,226047.263,19890,1,1,11.364869934640524,12.328499384708728,9.897972371848018,2.430527012860711,1,1
SE,2015,1,226459.631,19593,1,1,11.558190731383657,12.330321978439873,9.882927638570767,2.447394339869106,1,1
SE,2015,2,220567.182,20529,1,1,10.744175653952945,12.303957607735539,9.929593799620607,2.3743638081149308,1,1
SE,2015,3,254435.399,23973,1,1,10.613415050264882,12.446802247780635,10.084683476042573,2.3621187717380625,1,1
SE,2015,4,246196.481,23661,1,1,10.405159587506867,12.413885199372826,10.0715834020661,2.342301797306726,1,1
SE,2015,5,259897.707,24680,1,1,10.530701256077796,12.468043397966575,10.113748478019325,2.3542949199472516,1,1
SE,2015,6,266184.952,24751,1,1,10.754513029776573,12.491946654419708,10.11662117122102,2.375325483198689,1,1
SE,2015,7,255727.355,19949,1,1,12.819056343676376,12.451867136394155,9.90093429574841,2.550932840645744,1,1
SE,2015,8,260171.975,23051,1,1,11.286797752808988,12.469098133648808,10.045464431431677,2.42363370221713,1,1
SE,2015,9,267405.84,26074,1,1,10.255650839917159,12.496522783351656,10.168693928222725,2.3278288551289323,1,1
SE,2015,10,266047.979,25253,1,1,10.535301904724191,12.491431943679181,10.136700239527121,2.35473170415206,1,1
SE,2015,11,236730.49,23587,1,1,10.036481536439563,12.374677600049674,10.068450991783875,2.306226608265799,1,1
SE,2015,12,235036.421,20531,1,1,11.447879840241585,12.367495764096399,9.929691218032765,2.4378045460636337,1,1
SE,2016,1,240249.457,19920,1,1,12.060715712851405,12.389433066684303,9.899479531138589,2.489953535545714,1,1
SE,2016,2,240003.506,22160,1,1,10.830483122743683,12.38840881055076,10.00604414086122,2.382364669689541,1,1
SE,2016,3,266992.666,23708,1,1,11.261711911591025,12.494976468840335,10.073567822907728,2.421408645932607,1,1
SE,2016,4,255050.113,24578,1,1,10.377171169338434,12.449215326401356,10.109607012844542,2.3396083135568144,1,1
SE,2016,5,269418.717,25589,1,1,10.52869268044863,12.504022017159711,10.149917850625528,2.354104166534185,1,1
SE,2016,6,272449.857,24158,1,1,11.277831649971025,12.51520986514416,10.092370867165224,2.422838997978935,1,1
SE,2016,7,278517.201,20732,1,1,13.434169448196025,12.537235099458377,9.939433679309596,2.59780142014878,1,1
SE,2016,8,275748.722,23205,1,1,11.883159750053869,12.52724530247219,10.052123051675276,2.4751222507969133,1,1
SE,2016,9,279070.56,26517,1,1,10.524213146283516,12.53921993205468,10.185541315729058,2.3536786163256216,1,1
SE,2016,10,277422.643,25957,1,1,10.687777593712678,12.533297409342767,10.16419660173648,2.3691008076062867,1,1
SE,2016,11,256788.364,24033,1,1,10.684823534306995,12.456007538244865,10.087183164883227,2.3688243733616385,1,1
SE,2016,12,257754.948,21626,1,1,11.918752797558495,12.459764598591166,9.981651573505482,2.4781130250856833,1,1
SE,2017,1,254191.06,21057,1,1,12.071570499121432,12.445841467960898,9.954988325398531,2.490853142562367,1,1
SE,2017,2,241846.019,21349,1,1,11.328212984214717,12.396056517499568,9.968760179152325,2.4272963383472437,1,1
SE,2017,3,282322.31,25887,1,1,10.905949318190597,12.550804640520267,10.161496191176417,2.389308449343851,1,1
SE,2017,4,266985.332,23653,1,1,11.287588551135162,12.494948999543743,10.071245235769604,2.4237037637741397,1,1
SE,2017,5,288989.71,27056,1,1,10.681169056771141,12.574146360924345,10.205664071138361,2.3684822897859834,1,1
SE,2017,6,298386.655,25502,1,1,11.700519763155832,12.606145424461825,10.146512159443487,2.459633265018338,1,1
SE,2017,7,298418.62,21918,1,1,13.615230404233962,12.606252544828784,9.995063496023338,2.6111890488054468,1,1
SE,2017,8,298934.371,24881,1,1,12.014564165427434,12.607979333296996,10.121859738971446,2.4861195943255496,1,1
SE,2017,9,297538.078,26792,1,1,11.105482158853388,12.603297489054691,10.19585861447404,2.407438874580651,1,1
SE,2017,10,295243.96,26753,1,1,11.035919709939073,12.595557276610728,10.194401895568575,2.401155381042155,1,1
SE,2017,11,271846.866,24424,1,1,11.130317147068457,12.512994194091208,10.103321534414714,2.409672659676494,1,1
SE,2017,12,266386.921,21053,1,1,12.653157317246947,12.49270512109781,9.954798346770556,2.5379067743272543,1,1
SE,2018,1,269917.32,21724,1,1,12.42484441171055,12.505870968862691,9.986172919154736,2.519698049707955,1,1
SE,2018,2,252529.569,21482,1,1,11.755403081649753,12.439283625791797,9.974970654157993,2.464312971633805,1,1
SE,2018,3,294287.735,24787,1,1,11.872664501553233,12.59231325819173,10.118074601167217,2.4742386570245136,1,1
SE,2018,4,276132.123,25113,1,1,10.995584876358858,12.528634736677613,10.131140919328166,2.3974938173494467,1,1
SE,2018,5,286821.046,25963,1,1,11.047299849786233,12.566613767163103,10.164427726544904,2.402186040618198,1,1
SE,2018,6,289926.916,23667,1,1,12.25026053154181,12.57738415640874,10.0718369517632,2.505547204645542,1,1
SE,2018,7,296011.171,21692,1,1,13.646098607781669,12.598152472458931,9.984698807960951,2.61345366449798,1,1
SE,2018,8,293925.59,23653,1,1,12.426567031666174,12.591081919048719,10.071245235769604,2.5198366832791153,1,1
SE,2018,9,287376.541,25382,1,1,11.322060554723821,12.568548624382554,10.14179554037011,2.4267530840124443,1,1
SE,2018,10,284688.216,25968,1,1,10.963039741219964,12.55914988147167,10.164620289754373,2.3945295917172986,1,1
SE,2018,11,256464.798,23472,1,1,10.92641436605317,12.454746694408641,10.063563500382763,2.391183194025878,1,1
SE,2018,12,258929.897,20272,1,1,12.772784974348856,12.464312636090826,9.91699590256092,2.5473167335299047,1,1
SE,2019,1,264669.542,20936,1,1,12.641839033244173,12.486237315481999,9.949225444209981,2.5370118712720178,1,1
SE,2019,2,243842.438,20228,1,1,12.054698338936127,12.404277549790015,9.914823062199874,2.4894544875901414,1,1
SE,2019,3,284791.097,23537,1,1,12.09971946297319,12.55951119749763,10.066328930041957,2.493182267455673,1,1
SE,2019,4,257046.189,22134,1,1,11.613182840878288,12.45701107146439,10.00487016682473,2.452140904639659,1,1
SE,2019,5,277975.321,24237,1,1,11.469048190782688,12.535287615350889,10.095635670147818,2.439651945203071,1,1
SE,2019,6,295049.919,23019,1,1,12.817668838785352,12.594899837955536,10.044075240845775,2.5508245971097616,1,1
SE,2019,7,290904.419,20799,1,1,13.986461801048128,12.580750035155127,9.9426601876106,2.638089847544526,1,1
SE,2019,8,283074.177,22512,1,1,12.574368203624735,12.553464251821307,10.02180377935417,2.531660472467136,1,1
SE,2019,9,278314.968,24367,1,1,11.421798662125004,12.536508729754361,10.100985036866753,2.4355236928876085,1,1
SE,2019,10,271983.64,24076,1,1,11.296878218973252,12.513497196410404,10.088970772667661,2.4245264237427424,1,1
SE,2019,11,238486.297,20710,1,1,11.515514099468856,12.38206713273331,9.93837195438963,2.4436951783436807,1,1
SE,2019,12,248087.652,18694,1,1,13.270977425912058,12.421537398187382,9.83595789574253,2.585579502444854,1,1
SE,2020,1,242394.506,19318,1,1,12.547598405632053,12.39832186790394,9.86879258273924,2.529529285164698,1,1
SE,2020,2,229326.005,19401,1,1,11.820318798000104,12.342899872794941,9.873079890114703,2.4698199826802383,1,1
SE,2020,3,171656.41,14854,1,1,11.556241416453481,12.05325014161999,9.606024468229242,2.447225673390749,1,1
SE,2020,4,23197.342,3596,1,1,6.450873748609566,10.05179298212536,8.18757739559151,1.864215586533848,1,1
SE,2020,5,27037.765,3828,1,1,7.063157001044932,10.204989871415316,8.250097752572845,1.954892118842472,1,1
SE,2020,6,31782.323,4872,1,1,6.523465311986864,10.366665533706277,8.491259809389733,1.8754057243165436,1,1
SE,2020,7,57295.579,6661,1,1,8.60164825101336,10.955978744403344,8.804024902413179,2.151953841990164,1,1
SE,2020,8,71864.009,7915,1,1,9.079470499052432,11.182530848145593,8.976514972315112,2.20601587583048,1,1
SE,2020,9,72320.199,8708,1,1,8.305029742765273,11.188858746721564,9.071997422354437,2.116861324367126,1,1
SE,2020,10,75748.443,8888,1,1,8.52255209270927,11.235173168704923,9.092457331319466,2.1427158373854582,1,1
SE,2020,11,60309.648,7482,1,1,8.06063191659984,11.007247369916643,8.920255414908091,2.0869919550085507,1,1
SE,2020,12,59163.823,6452,1,1,9.169842374457533,10.988065536102653,8.772145439245099,2.2159200968575536,1,1
SE,2021,1,53419.43835,5627,1,1,9.493413604051891,10.885929972756191,8.635331719433278,2.250598253322912,1,1
SE,2021,2,44104.8734,5352,1,1,8.240820889387145,10.694325563265894,8.585225601808064,2.1090999614578285,1,1
SE,2021,3,51049.8163,6434,1,1,7.934382390425863,10.840557225153429,8.769351707798972,2.0712055173544566,1,1
SE,2021,4,52730.40455,6578,1,1,8.016175820918212,10.872947504598253,8.791486026749002,2.08146147784925,1,1
SE,2021,5,59098.53735,7400,1,1,7.986288831081081,10.98696145435697,8.909235279192261,2.077726175164709,1,1
SE,2021,6,83698.4352,9350,1,1,8.951704299465241,11.334975560962304,9.143131622282732,2.1918439386795723,1,1
SE,2021,7,120637.3621,11287,1,1,10.688168875697706,11.700544317120759,9.331406899955626,2.369137417165132,1,1
SE,2021,8,124475.4984,12341,1,1,10.086338092537071,11.731864175519238,9.420682331453184,2.3111818440660548,1,1
SE,2021,9,127622.84085,13718,1,1,9.303312498177576,11.756834637400253,9.526464118059266,2.230370519340986,1,1
SE,2021,10,136986.5532,14158,1,1,9.675558214437068,11.82763804816824,9.558035114334135,2.269602933834104,1,1
SE,2021,11,142967.60265,13954,1,1,10.245635849935502,11.870373328679502,9.543521484499182,2.3268518441803203,1,1
SE,2021,12,161412.91385,13618,1,1,11.852908933029815,11.991721043079444,9.519147726042911,2.472573317036533,1,1
SE,2022,1,144162.20555,11430,1,1,12.61261640857393,11.87869437204533,9.343996756788856,2.534697615256475,1,1
SE,2022,2,122309.82005,10785,1,1,11.340734357904497,11.714312613218778,9.285911558823257,2.428401054395521,1,1
SE,2022,3,149572.86885,13777,1,1,10.856708198446686,11.915538970120625,9.5307558140446,2.384783156076027,1,1
SE,2022,4,177028.6111,15901,1,1,11.133174712282248,12.084066643125649,9.674137279312397,2.409929363813252,1,1
SE,2022,5,190469.0093,18174,1,1,10.480302041377792,12.157244779475034,9.807747280255292,2.3494974992197424,1,1
SE,2022,6,204560.1542,18225,1,1,11.224151122085047,12.228617363777847,9.81054955687686,2.418067806900987,1,1
SE,2022,7,198358.81925,15898,1,1,12.476966866901497,12.197832888024353,9.673948594133059,2.5238842938912955,1,1
SE,2022,8,207718.2737,17953,1,1,11.570114950147607,12.243937987217,9.795512510870829,2.4484254763461717,1,1
SE,2022,9,202571.9181,18702,1,1,10.831564436958615,12.218850253588615,9.836385748995392,2.382464504593222,1,1
SE,2022,10,197113.3795,18006,1,1,10.947094274130846,12.191534372622844,9.798460314668421,2.3930740579544207,1,1
SE,2022,11,170953.4852,16471,1,1,10.379059267804019,12.049146782107364,9.709356537782675,2.339790244324688,1,1
SE,2022,12,175298.485,15117,1,1,11.596115962161804,12.074245428544542,9.623575217348709,2.4506702111958343,1,1
SE,2023,1,169259.1676,15079,1,1,11.224827084024138,12.039186355334182,9.621058326365796,2.4181280289683875,1,1
SE,2023,2,158374.1756,14852,1,1,10.663491489361702,11.972715712242884,9.60588981529697,2.3668258969459126,1,1
SE,2023,3,184494.22745,17603,1,1,10.480840052831905,12.125373454439378,9.775824621045972,2.3495488333934063,1,1
SE,2023,4,189068.27275,16748,1,1,11.28900601564366,12.149863460294878,9.726034127139034,2.4238293331558434,1,1
SE,2023,5,206780.187,18861,1,1,10.963373469063146,12.239411609483055,9.844851577051172,2.394560032431884,1,1
SE,2023,6,214653.4229,18590,1,1,11.546714518558366,12.276780019949976,9.83037908071549,2.446400939234486,1,1
SE,2023,7,216690.18015,16667,1,1,13.001150785984281,12.286223871084662,9.721185995542177,2.5650378755424867,1,1
SE,2023,8,219018.95265,17966,1,1,12.190746557386174,12.296913546834936,9.796236361789152,2.500677185045784,1,1
SE,2023,9,209304.5011,18759,1,1,11.157551100804946,12.251545413697357,9.839428916235407,2.412116497461949,1,1
SE,2023,10,206249.11,18603,1,1,11.086873622533998,12.236839989036103,9.831078137017988,2.4057618520181143,1,1
SE,2023,11,170983.38705,15846,1,1,10.790318506247633,12.049321679010873,9.670672381525188,2.3786492974856865,1,1
SE,2023,12,169041.2487,14277,1,1,11.840109876024375,12.037898039271646,9.56640512978922,2.4714929094824263,1,1
SE,2024,1,165836.26926,14289,1,1,11.60586949821541,12.018756250836361,9.56724528946897,2.4515109613673913,1,1
SE,2024,2,164915.12728,14945,1,1,11.034802762127802,12.013186240422668,9.612132074718039,2.401054165704629,1,1
SE,2024,3,190800.42236,16602,1,1,11.492616694374172,12.158983251620707,9.71727844901498,2.441704802605727,1,1
SE,2024,4,185916.95026,17018,1,1,10.924723837113644,12.133055349004259,9.742026886409503,2.391028462594757,1,1
SE,2024,5,203759.2593,18624,1,1,10.94068187822165,12.224694474487722,9.832206350531164,2.3924881239565563,1,1
SE,2024,6,211615.509,17925,1,1,11.80560719665272,12.26252627023126,9.793951665467821,2.4685746047634405,1,1
SE,2024,7,214600.23706,16141,1,1,13.295349548355121,12.276532213837957,9.68911789777328,2.587414316064678,1,1
SE,2024,8,214131.85638,17794,1,1,12.033935954816231,12.274347255569118,9.786616600804713,2.4877306547644062,1,1
SE,2024,9,206103.99758,18628,1,1,11.064204293536612,12.236136163002914,9.832421104102268,2.403715058900646,1,1
SE,2024,10,201808.81064,18151,1,1,11.118330154812408,12.215076046206246,9.806480934593978,2.4085951116122675,1,1
SE,2024,11,164210.56686,14695,1,1,11.174587741408642,12.00890482752304,9.595262578853017,2.4136422486700226,1,1
SE,2024,12,166624.86896,13492,1,1,12.349901345982804,12.02350027104409,9.50985219618154,2.5136480748625507,1,1
SE,2025,1,158406.17284,12769,1,1,12.405526888558228,11.972917727552648,9.454775637424682,2.518142090127968,1,1
SE,2025,2,153769.25442,13241,1,1,11.61311490219772,11.943208409827893,9.491073355339758,2.452135054488135,1,1
SE,2025,3,178110.30946,15703,1,1,11.34243835318092,12.090158353396932,9.661607055884954,2.4285512975119787,1,1
SE,2025,4,181429.65814,15935,1,1,11.38560766488861,12.108623299109555,9.676273226851437,2.432350072258117,1,1
SE,2025,5,194202.72778,16978,1,1,11.438492624572977,12.176657880981702,9.739673667297913,2.4369842136837896,1,1
SE,2025,6,211495.9268,17524,1,1,12.068929856197215,12.261961018654178,9.771326648933789,2.4906343697203894,1,1
SE,2025,7,215335.26388,15681,1,1,13.73224053823098,12.279951459443437,9.660205067381032,2.619746392062406,1,1
SE,2025,8,215999.74796,17176,1,1,12.575672331159758,12.28303251981377,9.751268339558617,2.5317641802551525,1,1
SE,2025,9,201157.14882,17520,1,1,11.481572421232876,12.21184171649287,9.771098364490383,2.440743352002488,1,1
SE,2025,10,197261.85028,17057,1,1,11.56486194993258,12.192287314368688,9.744315955640873,2.447971358727815,1,1
SE,2025,11,166545.44014,14576,1,1,11.426004400384192,12.023023464922206,9.58713161949974,2.4358918454224656,1,1
SE,2025,12,174826.14996,13925,1,1,12.554840212567326,12.071547330328212,9.541441064795485,2.5301062655327273,1,1
SE,2026,1,165645.65486,13056,1,1,12.6873203783701,12.017606176535834,9.477003077203888,2.5406030993319453,1,1
SE,2026,2,160934.0298,13717,1,1,11.73245095866443,11.988749807199953,9.526391218478407,2.4623585887215462,1,1
SE,2026,3,179750.77134,15808,1,1,11.370873693066802,12.099326566756284,9.668271419987649,2.4310551467686343,1,1
SE,2026,4,184653.31214,16000,1,1,11.54083200875,12.126235357514908,9.680344001221918,2.4458913562929894,1,1
SE,2026,5,193852.68764,17137,1,1,11.311938357938962,12.174853807537398,9.74899514766085,2.425858659876548,1,1
SE,2026,6,209771.75812,17439,1,1,12.028886869659958,12.253775352537101,9.766464356369461,2.4873109961676403,1,1
SE,2026,7,217474.01568,15195,1,1,14.312208995064166,12.289834654236058,9.628721705350893,2.661112948885165,1,1
SI,2010,1,7481.515,1308,1,1,5.719812691131499,8.920190590566996,7.176254532017144,1.7439360585498525,0,0
SI,2010,2,6999.286,1231,1,1,5.685853777416734,8.853563422835096,7.115582126184454,1.7379812966506432,0,0
SI,2010,3,7967.109,1520,1,1,5.241519078947369,8.9830769707227,7.326465613840322,1.6566113568823773,0,0
SI,2010,4,6601.716,1082,1,1,6.101401109057302,8.795084894220375,6.9865664594064265,1.8085184348139478,0,0
SI,2010,5,10513.25,1677,1,1,6.269081693500298,9.260391645374893,7.424761761823209,1.8356298835516838,0,0
SI,2010,6,12356.211,1747,1,1,7.072816828849456,9.421914130616525,7.465655310134056,1.9562588204824691,0,0
SI,2010,7,13947.304,1818,1,1,7.671784378437843,9.543041506923327,7.505492274737424,2.0375492321859032,0,0
SI,2010,8,14471.706,1862,1,1,7.772129967776585,9.579950711777567,7.529406457837013,2.050544253940554,0,0
SI,2010,9,13242.767,1806,1,1,7.332650609080842,9.491206795571475,7.498869733976931,1.9923370615945442,0,0
SI,2010,10,10597.291,1652,1,1,6.414825060532687,9.268353681399857,7.409741954080923,1.8586117273189342,0,0
SI,2010,11,7842.282,1343,1,1,5.839376023827253,8.967285142419955,7.202661196523238,1.7646239458967174,0,0
SI,2010,12,7576.349,1285,1,1,5.895991439688716,8.932786700330755,7.158513997329321,1.7742727030014354,0,0
SI,2011,1,6983.209,1241,1,1,5.627082191780822,8.851263832227733,7.123672785204607,1.727591047023126,0,0
SI,2011,2,7002.321,1191,1,1,5.879362720403023,8.853996944508363,7.0825485693553,1.7714483751530636,0,0
SI,2011,3,7914.492,1376,1,1,5.751811046511628,8.976450788322326,7.226936018493289,1.7495147698290368,0,0
SI,2011,4,9163.626,1457,1,1,6.289379547014414,9.122997230868014,7.284134806195205,1.8388624246728096,0,0
SI,2011,5,9638.329,1586,1,1,6.077130517023959,9.173503032330471,7.368970402194793,1.8045326301356779,0,0
SI,2011,6,11342.685,1650,1,1,6.874354545454545,9.336328321742334,7.408530566894626,1.9277977548477077,0,0
SI,2011,7,12502.236,1670,1,1,7.48636886227545,9.433662787293272,7.4205789054108005,2.0130838818824723,0,0
SI,2011,8,12759.247,1753,1,1,7.278520821448945,9.454011542618288,7.469083884921234,1.984927657697053,0,0
SI,2011,9,13039.081,1661,1,1,7.850139072847682,9.475706357537009,7.415175109613295,2.0605312479237146,0,0
SI,2011,10,10899.447,1488,1,1,7.324897177419355,9.296467332985271,7.305188215393037,1.9912791175922335,0,0
SI,2011,11,7887.969,1191,1,1,6.622979848866499,8.973093966254465,7.0825485693553,1.8905453968991648,0,0
SI,2011,12,7452.212,1119,1,1,6.659706881143879,8.916266180055414,7.020190708311925,1.8960754717434898,0,0
SI,2012,1,7839.027,1166,1,1,6.723007718696398,8.966869998499668,7.061334366910438,1.90553563158923,1,1
SI,2012,2,6528.463,1088,1,1,6.000425551470588,8.783926819373965,6.992096427415888,1.7918303919580767,1,1
SI,2012,3,7293.112,1284,1,1,5.679993769470405,8.89468562005814,7.157735484249907,1.736950135808234,1,1
SI,2012,4,9411.923,1306,1,1,7.2066791730474735,9.149732568768314,7.174724309836376,1.975008258931938,1,1
SI,2012,5,9943.111,1436,1,1,6.924172005571031,9.204635228550467,7.269616749608169,1.9350184789422977,1,1
SI,2012,6,11826.577,1538,1,1,7.689581924577372,9.378104565990474,7.338238150065589,2.0398664159248856,1,1
SI,2012,7,13086.367,1528,1,1,8.564376308900524,9.479326280275611,7.331714969726466,2.147611310549145,1,1
SI,2012,8,12923.654,1478,1,1,8.744014884979702,9.466814554688769,7.298445101508147,2.1683694531806226,1,1
SI,2012,9,11246.351,1383,1,1,8.131851771511208,9.32779899946237,7.232010331664759,2.0957886677976116,1,1
SI,2012,10,9669.661,1280,1,1,7.55442265625,9.176748530955894,7.154615356913663,2.0221331740422315,1,1
SI,2012,11,8057.245,1105,1,1,7.29162443438914,8.994326965655445,7.007600613951853,1.986726351703592,1,1
SI,2012,12,7123.016,998,1,1,7.137290581162325,8.87108651022039,6.905753276311464,1.965333233908927,1,1
SI,2013,1,7598.787,1068,1,1,7.114969101123596,8.93574390827299,6.97354301952014,1.962200888752849,1,1
SI,2013,2,6898.372,1004,1,1,6.870888446215139,8.839040720717666,6.911747300251674,1.9272934204659913,1,1
SI,2013,3,8487.834,1126,1,1,7.538040852575489,9.0463891230809,7.026426808699636,2.0199623143812646,1,1
SI,2013,4,9297.891,1184,1,1,7.852948479729729,9.137542879230644,7.076653815443951,2.0608890637866923,1,1
SI,2013,5,11094.534,1323,1,1,8.385891156462584,9.314207833583325,7.187657164114956,2.126550669468369,1,1
SI,2013,6,11909.163,1400,1,1,8.506545000000001,9.385063382801711,7.24422751560335,2.1408358671983607,1,1
SI,2013,7,13392.254,1536,1,1,8.718915364583333,9.502431759096586,7.336936913707618,2.165494845388969,1,1
SI,2013,8,13667.405,1488,1,1,9.185084005376345,9.522769079949315,7.305188215393037,2.217580864556277,1,1
SI,2013,9,11767.372,1377,1,1,8.545658678286129,9.373085895799525,7.227662498728654,2.1454233970708696,1,1
SI,2013,10,11652.941,1370,1,1,8.505796350364964,9.36331387348656,7.222566018822171,2.1407478546643888,1,1
SI,2013,11,8096.777,1018,1,1,7.953611984282908,8.999221360242261,6.925595197110468,2.0736261631317925,1,1
SI,2013,12,7972.62,1022,1,1,7.800998043052838,8.983768450511294,6.92951677076365,2.054251679747644,1,1
SI,2014,1,8088.472,1096,1,1,7.379992700729927,8.998195117058867,6.999422467507961,1.9987726495509066,1,1
SI,2014,2,7025.531,988,1,1,7.1108613360323885,8.857306078533991,6.895682697747868,1.9616233807861232,1,1
SI,2014,3,9718.195,1202,1,1,8.085020798668886,9.181755180621703,7.091742115095153,2.090013065526551,1,1
SI,2014,4,9187.625,1203,1,1,7.637261014131338,9.125612748870715,7.0925737159746784,2.033039032896037,1,1
SI,2014,5,10795.599,1347,1,1,8.014550111358576,9.286893830061624,7.205635176410364,2.0812586536512594,1,1
SI,2014,6,9993.287,1398,1,1,7.148273962804006,9.209668846553448,7.242797922793756,1.9668709237596924,1,1
SI,2014,7,11050.815,1466,1,1,7.538072987721692,9.310259459882193,7.290292882446597,2.019966577435596,1,1
SI,2014,8,10930.581,1435,1,1,7.617129616724739,9.299319736207968,7.268920128193722,2.030399608014246,1,1
SI,2014,9,9524.131,1324,1,1,7.193452416918428,9.161583962237064,7.188412736496954,1.97317122574011,1,1
SI,2014,10,8516.9,1321,1,1,6.447312641937925,9.049807703848717,7.186144304522325,1.8636633993263914,1,1
SI,2014,11,6258.262,969,1,1,6.45847471620227,8.741657789763448,6.876264611890766,1.8653931778726813,1,1
SI,2014,12,7547.704,1012,1,1,7.458205533596837,8.928998690033211,6.919683849847411,2.0093148401858003,1,1
SI,2015,1,7181.266,1063,1,1,6.7556594543744115,8.879230969618952,6.968850378341948,1.9103805912770049,1,1
SI,2015,2,6554.926,978,1,1,6.702378323108385,8.787972107041782,6.885509670034818,1.9024624370069647,1,1
SI,2015,3,7728.074,1156,1,1,6.685185121107266,8.952614951415866,7.052721049232323,1.8998939021835437,1,1
SI,2015,4,8774.49,1308,1,1,6.708325688073394,9.079603926986934,7.176254532017144,1.9033493949697902,1,1
SI,2015,5,9534.571,1356,1,1,7.031394542772861,9.1626795248881,7.212294468500341,1.9503850563877598,1,1
SI,2015,6,11625.366,1562,1,1,7.442615877080666,9.360944713830918,7.3537223303996315,2.007222383431287,1,1
SI,2015,7,12954.223,1690,1,1,7.665220710059171,9.46917711435461,7.432483807917119,2.0366933064374906,1,1
SI,2015,8,12487.971,1608,1,1,7.766151119402985,9.432521139963232,7.382746449738912,2.0497746902243197,1,1
SI,2015,9,11386.865,1579,1,1,7.211440785307157,9.34021577711549,7.364547014255642,1.975668762859849,1,1
SI,2015,10,9375.669,1321,1,1,7.097402725208176,9.145873208292608,7.186144304522325,1.9597289037702825,1,1
SI,2015,11,7069.818,1180,1,1,5.991371186440678,8.863590015985015,7.07326971745971,1.7903202985253048,1,1
SI,2015,12,6556.336,1033,1,1,6.346888673765731,8.788187189313104,6.940222469119639,1.8479647201934666,1,1
SI,2016,1,6525.102,964,1,1,6.768778008298755,8.78341186425262,6.871091294610546,1.9123205696420753,1,1
SI,2016,2,6285.193,997,1,1,6.304105315947844,8.74595182858787,6.904750769961838,1.8412010586260315,1,1
SI,2016,3,7190.215,1248,1,1,5.7613902243589745,8.880476352910577,7.129297548929373,1.7511788039812035,1,1
SI,2016,4,7531.893,1248,1,1,6.035170673076923,8.926901683621967,7.129297548929373,1.7976041346925942,1,1
SI,2016,5,8149.81,1374,1,1,5.931448326055313,9.005749893079724,7.2254814727822945,1.7802684202974286,1,1
SI,2016,6,9434.754,1408,1,1,6.700819602272728,9.152155384330785,7.249925536717988,1.9022298476127975,1,1
SI,2016,7,11359.148,1528,1,1,7.433997382198952,9.337778689462501,7.331714969726466,2.006063719736036,1,1
SI,2016,8,11451.86,1571,1,1,7.289535327816678,9.345907441204405,7.359467638255621,1.9864398029487842,1,1
SI,2016,9,10370.99,1540,1,1,6.73440909090909,9.246767764362097,7.3395376954076745,1.9072300689544226,1,1
SI,2016,10,8995.412,1343,1,1,6.697998510796724,9.10446994855971,7.202661196523238,1.9018087520364737,1,1
SI,2016,11,6679.95,1128,1,1,5.921941489361702,8.80686578147274,7.028201432058005,1.778664349414734,1,1
SI,2016,12,7112.679,1136,1,1,6.261161091549296,8.869634245077481,7.035268599281097,1.8343656457963853,1,1
SI,2017,1,6949.635,1091,1,1,6.369967919340056,8.846444419194109,6.994849985833071,1.851594433361038,1,1
SI,2017,2,6518.333,1088,1,1,5.991114889705882,8.782373947383688,6.992096427415888,1.7902775199677992,1,1
SI,2017,3,7655.338,1380,1,1,5.547346376811594,8.943158461264634,7.22983877815125,1.713319683113384,1,1
SI,2017,4,8875.357,1330,1,1,6.673200751879699,9.09103383888671,7.1929342212158,1.898099617670912,1,1
SI,2017,5,10097.658,1510,1,1,6.68719072847682,9.220058794752633,7.31986492980897,1.9001938649436625,1,1
SI,2017,6,10898.173,1592,1,1,6.8455860552763825,9.296350439489427,7.3727463664043285,1.9236040730850976,1,1
SI,2017,7,12207.421,1685,1,1,7.244760237388724,9.409799324483378,7.429520842786462,1.9802784816969163,1,1
SI,2017,8,12728.788,1730,1,1,7.357680924855492,9.451621478849189,7.455876687491824,1.9957447913573643,1,1
SI,2017,9,11632.976,1603,1,1,7.257003119151591,9.361599102718275,7.3796321526095525,1.9819669501087216,1,1
SI,2017,10,10670.995,1623,1,1,6.574858287122613,9.275284592056808,7.392031567514591,1.8832530245422163,1,1
SI,2017,11,8021.687,1376,1,1,5.8297143895348835,8.989904027867466,7.226936018493289,1.7629680093741775,1,1
SI,2017,12,8186.465,1247,1,1,6.564927826784283,9.01023745973907,7.1284959456800365,1.8817415140590332,1,1
SI,2018,1,8017.992,1271,1,1,6.308412273800157,8.989443295446904,7.147559271189454,1.8418840242574492,1,1
SI,2018,2,7684.622,1150,1,1,6.68228,8.946976468035599,7.047517221357296,1.8994592466783027,1,1
SI,2018,3,9285.841,1414,1,1,6.567072842998586,9.1362460458832,7.254177846456518,1.882068199426681,1,1
SI,2018,4,10932.913,1604,1,1,6.816030548628429,9.299533059843142,7.38025578842646,1.919277271416682,1,1
SI,2018,5,11442.211,1651,1,1,6.930473046638401,9.345064515490467,7.409136443920128,1.9359280715703384,1,1
SI,2018,6,12183.819,1655,1,1,7.36182416918429,9.407864038916394,7.411556287811163,1.9963077511052296,1,1
SI,2018,7,13319.008,1752,1,1,7.602173515981735,9.496947466846544,7.468513271496337,2.0284341953502074,1,1
SI,2018,8,13216.672,1787,1,1,7.396011191941803,9.489234341925698,7.488293515159428,2.0009408267662705,1,1
SI,2018,9,12139.106,1625,1,1,7.470219076923077,9.404187421045195,7.393263094763838,2.010924326281358,1,1
SI,2018,10,10878.664,1580,1,1,6.885230379746836,9.294558718752471,7.365180126021013,1.9293785927314593,1,1
SI,2018,11,8034.608,1275,1,1,6.301653333333333,8.991513490422705,7.150701457592526,1.8408120328301782,1,1
SI,2018,12,8423.648,1249,1,1,6.7443138510808645,9.03879826756566,7.130098510125578,1.908699757440082,1,1
SI,2019,1,8334.247,1263,1,1,6.598770387965162,9.028128449172202,7.141245122350491,1.8868833268217116,1,1
SI,2019,2,7824.161,1233,1,1,6.345629359286294,8.964971789212546,7.117205503164344,1.8477662860482023,1,1
SI,2019,3,8762.22,1373,1,1,6.381806263656227,9.078204576481367,7.224753405767971,1.853451170713396,1,1
SI,2019,4,10217.601,1470,1,1,6.950748979591837,9.231867100390799,7.293017679772782,1.9388494206180176,1,1
SI,2019,5,11958.508,1568,1,1,7.626599489795918,9.38919827055892,7.357556200910353,2.0316420696485658,1,1
SI,2019,6,12651.816,1690,1,1,7.486281656804734,9.445556041164554,7.432483807917119,2.0130722332474353,1,1
SI,2019,7,12876.925,1759,1,1,7.320594087549744,9.463192228918855,7.472500744737558,1.9906914841812973,1,1
SI,2019,8,13150.824,1687,1,1,7.795390634262004,9.484239697239714,7.430707082545968,2.0535326146937445,1,1
SI,2019,9,11339.189,1474,1,1,7.692801221166893,9.336020057969447,7.295735072749282,2.040284985220166,1,1
SI,2019,10,7046.124,1035,1,1,6.807849275362319,8.860232957383854,6.942156705699469,1.9180762516843841,1,1
SI,2019,11,5965.093,885,1,1,6.740218079096045,8.69367992535767,6.785587645007929,1.9080922803497413,1,1
SI,2019,12,6487.223,933,1,1,6.953079314040729,8.777589829067397,6.838405200847344,1.9391846282200533,1,1
SI,2020,1,5720.475,926,1,1,6.17761879049676,8.651807122884094,6.8308742346461795,1.8209328882379137,1,1
SI,2020,2,5607.403,822,1,1,6.821658150851582,8.63184296798349,6.71174039505618,1.9201025729273096,1,1
SI,2020,3,3668.945,580,1,1,6.32576724137931,8.207659433782307,6.363028103540465,1.844631330241843,1,1
SI,2020,4,2788.971,275,1,1,10.141712727272727,7.933427989581317,5.616771097666572,2.316656891914746,1,1
SI,2020,5,1509.985,262,1,1,5.763301526717557,7.319854995984795,5.568344503761097,1.7515104922236984,1,1
SI,2020,6,1628.799,556,1,1,2.9294946043165466,7.395598212407096,6.320768294250582,1.0748299181565133,1,1
SI,2020,7,2643.556,658,1,1,4.017562310030395,7.879880259487442,6.489204931325317,1.3906753281621247,1,1
SI,2020,8,3042.035,742,1,1,4.099777628032345,8.020281978341478,6.60934924316738,1.4109327351740975,1,1
SI,2020,9,2551.092,713,1,1,3.5779691444600283,7.8442767817800245,6.569481420414296,1.274795361365729,1,1
SI,2020,10,1886.757,535,1,1,3.526648598130841,7.542614761241572,6.282266746896006,1.2603480143455659,1,1
SI,2020,11,1467.202,360,1,1,4.075561111111111,7.291112464641947,5.886104031450156,1.4050084331917918,1,1
SI,2020,12,1771.604,363,1,1,4.880451790633609,7.4796406298925096,5.8944028342648505,1.5852377956276584,1,1
SI,2021,1,1698.4477,390,1,1,4.354994102564103,7.437469995251375,5.966146739123692,1.471323256127683,1,1
SI,2021,2,2120.13685,419,1,1,5.059992482100238,7.659235917469467,6.037870919922137,1.6213649975473294,1,1
SI,2021,3,1922.85815,520,1,1,3.6978041346153847,7.561567977917414,6.253828811575473,1.3077391663419409,1,1
SI,2021,4,2049.07655,464,1,1,4.416113254310345,7.625144507228697,6.139884552226255,1.4852599550024415,1,1
SI,2021,5,2882.5941,670,1,1,4.302379253731343,7.966445896883569,6.507277712385012,1.4591681844985573,1,1
SI,2021,6,4091.43095,851,1,1,4.8077919506462985,8.316650053373849,6.7464121285733745,1.570237924800474,1,1
SI,2021,7,6316.7456,1095,1,1,5.768717442922375,8.750959417806603,6.9985096422506015,1.7524497755560031,1,1
SI,2021,8,6101.8112,1104,1,1,5.527002898550725,8.716340924122754,7.00669522683704,1.7096456972857133,1,1
SI,2021,9,5793.99005,1070,1,1,5.414943971962617,8.66457646103407,6.975413927455952,1.6891625335781173,1,1
SI,2021,10,5834.45525,912,1,1,6.3974290021929825,8.671536181322155,6.815639990074331,1.8558961912478242,1,1
SI,2021,11,4520.5323,728,1,1,6.20952239010989,8.416385031379193,6.590301048196686,1.826083983182506,1,1
SI,2021,12,4957.62665,703,1,1,7.052100497866287,8.50868240721841,6.555356891810665,1.953325515407745,1,1
SI,2022,1,4526.44435,677,1,1,6.686033013293944,8.417691998572826,6.517671272912275,1.9000207256605512,1,1
SI,2022,2,4103.1455,645,1,1,6.361465891472868,8.319509153670607,6.4692503167957724,1.8502588368748345,1,1
SI,2022,3,4855.17505,844,1,1,5.752577073459715,8.487800435688207,6.738152494595957,1.7496479410922505,1,1
SI,2022,4,6675.72805,853,1,1,7.82617590855803,8.806233548481673,6.748759547491679,2.057474000989993,1,1
SI,2022,5,7065.4518,1043,1,1,6.774162799616491,8.86297224211856,6.949856455000773,1.9131157871177884,1,1
SI,2022,6,7950.7586,1158,1,1,6.865940069084629,8.981022624479694,7.05444965813294,1.9265729663467541,1,1
SI,2022,7,9188.0395,1132,1,1,8.116642667844523,9.125657862885513,7.0317412587631285,2.093916604122384,1,1
SI,2022,8,8659.5265,1094,1,1,7.915472120658135,9.066415323387291,6.9975959829819265,2.0688193404053656,1,1
SI,2022,9,8518.595,1109,1,1,7.681330027051397,9.05000670012157,7.011213987350367,2.0387927127712016,1,1
SI,2022,10,6841.44585,1027,1,1,6.661583106134372,8.830754369857605,6.934397209928558,1.8963571599290472,1,1
SI,2022,11,5201.0012,834,1,1,6.236212470023981,8.556606424497906,6.726233402358747,1.8303730221391596,1,1
SI,2022,12,5218.3272,766,1,1,6.812437597911226,8.559932169748365,6.641182169740591,1.9187500000077735,1,1
SI,2023,1,5099.97485,754,1,1,6.763892374005304,8.53699088732771,6.625392368007956,1.9115985193197527,1,1
SI,2023,2,5013.5383,776,1,1,6.4607452319587635,8.519897192308491,6.654152520183219,1.8657446721252726,1,1
SI,2023,3,6417.72115,938,1,1,6.841920202558636,8.766818372611228,6.843749949006225,1.9230684236050033,1,1
SI,2023,4,7166.18685,928,1,1,7.722184105603448,8.877128972043524,6.833031732786201,2.044097239257324,1,1
SI,2023,5,8303.37695,1107,1,1,7.500792186088527,9.024417572484797,7.009408932708637,2.015008639776161,1,1
SI,2023,6,8691.47705,1137,1,1,7.644219041336851,9.070098175047265,7.036148493750536,2.033949681296729,1,1
SI,2023,7,9703.4911,1222,1,1,7.940663747954173,9.180241006956903,7.108244139731541,2.0719968672253617,1,1
SI,2023,8,9877.66285,1211,1,1,8.156616721717588,9.198031209114962,7.099201743553092,2.0988294655618702,1,1
SI,2023,9,9131.22105,1184,1,1,7.712179940878379,9.119454705062772,7.076653815443951,2.0428008896188214,1,1
SI,2023,10,8223.55055,1102,1,1,7.462387068965517,9.014757335180125,7.004881989712859,2.009875345467264,1,1
SI,2023,11,6565.67205,943,1,1,6.962536638388123,8.789610150119064,6.849066282633458,1.9405438674856068,1,1
SI,2023,12,6320.7969,837,1,1,7.551728673835126,8.751600570964156,6.729824070489475,2.0217765004746804,1,1
SI,2024,1,5867.21328,809,1,1,7.252426798516687,8.677135060745098,6.695798917058491,1.9813361436866055,1,1
SI,2024,2,6475.39092,894,1,1,7.243166577181208,8.775764258490492,6.795705775173514,1.980058483316977,1,1
SI,2024,3,7091.63374,924,1,1,7.67492829004329,8.866671021754462,6.828712071641684,2.0379589501127766,1,1
SI,2024,4,7820.41742,1092,1,1,7.161554413919414,8.964493210631398,6.9957661563048505,1.968727054326548,1,1
SI,2024,5,8989.06054,1186,1,1,7.579309055649241,9.103763621448929,7.078341579557671,2.0254220418912583,1,1
SI,2024,6,9765.76398,1236,1,1,7.90110354368932,9.186638076809599,7.119635638017636,2.067002438791963,1,1
SI,2024,7,10266.76076,1347,1,1,7.6219456273199695,9.236666845186623,7.205635176410364,2.0310316687762593,1,1
SI,2024,8,10282.42956,1287,1,1,7.989455757575758,9.238191849607007,7.160069207596127,2.0781226420108814,1,1
SI,2024,9,9577.6325,1204,1,1,7.95484426910299,9.16718571098707,7.093404625868766,2.073781085118303,1,1
SI,2024,10,8651.06738,1220,1,1,7.091038836065574,9.065437988844991,7.106606137727303,1.958831851117689,1,1
SI,2024,11,6040.4885,922,1,1,6.551505965292842,8.706240165141898,6.826545223556594,1.8796949415853033,1,1
SI,2024,12,6625.00664,883,1,1,7.502838776896942,8.798606653118071,6.78332520060396,2.0152814525141114,1,1
SI,2025,1,5779.35836,816,1,1,7.082547009803922,8.662047945123692,6.704414354964107,1.957633590159585,1,1
SI,2025,2,5555.33432,761,1,1,7.300045098554533,8.622513883881131,6.634633357861686,1.987880526019445,1,1
SI,2025,3,6531.99344,995,1,1,6.5648175276381915,8.784467449803262,6.902742737158593,1.8817247126446697,1,1
SI,2025,4,8131.65688,1109,1,1,7.332422795311091,9.00351998005579,7.011213987350367,1.992305992705424,1,1
SI,2025,5,9582.69508,1311,1,1,7.3094546758199845,9.167714154991659,7.1785454837637,1.9891686712279593,1,1
SI,2025,6,10338.80254,1461,1,1,7.076524668035592,9.243659332845459,7.2868764117507,1.956782921094759,1,1
SI,2025,7,11342.3893,1363,1,1,8.321635583272194,9.33630225173735,7.217443431696533,2.1188588200408187,1,1
SI,2025,8,11305.5298,1380,1,1,8.192412898550725,9.333047247833349,7.22983877815125,2.1032084696820985,1,1
SI,2025,9,10774.92162,1320,1,1,8.162819409090908,9.28497664069955,7.1853870155804165,2.0995896251191346,1,1
SI,2025,10,9930.03402,1310,1,1,7.580178641221373,9.203319183015223,7.177782416195197,2.0255367668200255,1,1
SI,2025,11,6647.94786,1004,1,1,6.621462011952191,8.802063493544239,6.911747300251674,1.8903161932925647,1,1
SI,2025,12,7182.2193,898,1,1,7.998017037861915,8.879363708989862,6.8001700683022,2.0791936406876634,1,1
SI,2026,1,6255.3865000000005,818,1,1,7.647171760391199,8.741198211559599,6.706862336602747,2.034335874956852,1,1
SI,2026,2,6430.3159000000005,844,1,1,7.618857701421802,8.768778945107297,6.738152494595957,2.0306264505113405,1,1
SI,2026,3,7196.01476,1033,1,1,6.966132391093901,8.881282646207842,6.940222469119639,1.9410601770882034,1,1
SI,2026,4,8517.67556,1127,1,1,7.557831020408163,9.049898761004535,7.027314514039777,2.022584246964759,1,1
SI,2026,5,9753.49634,1298,1,1,7.514249876733436,9.185381098685006,7.168579897264035,2.016801201420971,1,1
SI,2026,6,10869.16846,1378,1,1,7.887640391872279,9.293685478569031,7.228388451573604,2.0652970269954274,1,1
SI,2026,7,11881.28986,1472,1,1,8.071528437500001,9.382720161096971,7.294377299288821,2.0883428618081505,1,1
SK,2010,1,9049.322,1291,1,1,7.0095445391169635,9.110445116760472,7.1631723908466425,1.9472727259138294,0,0
SK,2010,2,8202.339,1191,1,1,6.886934508816121,9.012174636480475,7.0825485693553,1.929626067125176,0,0
SK,2010,3,8732.43,1365,1,1,6.397384615384616,9.074798960616794,7.21890970761906,1.8558892529977342,0,0
SK,2010,4,8535.842,1177,1,1,7.252202209005948,9.052029282969606,7.0707241072602764,1.9813051757093287,0,0
SK,2010,5,10597.347,1452,1,1,7.2984483471074375,9.268358965755269,7.280697195384741,1.9876617703705273,0,0
SK,2010,6,16506.93,1814,1,1,9.099740904079383,9.71153557171336,7.503289630675082,2.208245941038278,0,0
SK,2010,7,18335.992,1942,1,1,9.441808444902161,9.816621183214197,7.571473648851271,2.245147534362926,0,0
SK,2010,8,17976.434,1833,1,1,9.80711074740862,9.796816956875901,7.513709247839705,2.283107709036196,0,0
SK,2010,9,15878.039,1730,1,1,9.178057225433527,9.672692238510786,7.455876687491824,2.216815551018962,0,0
SK,2010,10,11328.358,1525,1,1,7.428431475409837,9.335064418541478,7.329749689041512,2.005314729499966,0,0
SK,2010,11,8523.128,1147,1,1,7.430800348735833,9.05053868859561,7.044905117129371,2.0056335714662397,0,0
SK,2010,12,7317.834,1098,1,1,6.664693989071038,8.898069661528485,7.001245622069476,1.8968240394590088,0,0
SK,2011,1,7388.787,1064,1,1,6.944348684210526,8.907718859738967,6.96979066990159,1.9379281898373766,0,0
SK,2011,2,6818.169,995,1,1,6.852431155778894,8.82734623971831,6.902742737158593,1.9246035025597168,0,0
SK,2011,3,8710.733,1280,1,1,6.80526015625,9.072311222447984,7.154615356913663,1.9176958655343213,0,0
SK,2011,4,7940.299,1105,1,1,7.185790950226244,8.979706210962888,7.007600613951853,1.9721055970110355,0,0
SK,2011,5,9614.836,1387,1,1,6.9321095890410955,9.171062601195146,7.234898420314831,1.9361641808803143,0,0
SK,2011,6,16126.541,1749,1,1,9.220435105774728,9.688221702989317,7.466799475018602,2.221422227970715,0,0
SK,2011,7,20231.119,1892,1,1,10.69298044397463,9.914977242522296,7.545389749611823,2.3695874929104725,0,0
SK,2011,8,20032.421,1882,1,1,10.644219447396386,9.905107290052786,7.540090320145325,2.3650169699074612,0,0
SK,2011,9,17150.07,1723,1,1,9.953609982588508,9.749757534218409,7.45182223652793,2.2979352976904797,0,0
SK,2011,10,11143.892,1306,1,1,8.532842266462481,9.31864682409897,7.174724309836376,2.143922514262593,0,0
SK,2011,11,7987.537,1063,1,1,7.5141458137347135,8.985637730912932,6.968850378341948,2.016787352570985,0,0
SK,2011,12,6602.353,942,1,1,7.008867303609342,8.795181379629605,6.848005274576363,1.947176105053243,0,0
SK,2012,1,6446.445,890,1,1,7.243196629213482,8.771284095053076,6.7912214627261855,1.98006263232689,1,1
SK,2012,2,6043.027,923,1,1,6.547158179848321,8.706660324331057,6.827629234502852,1.8790310898282054,1,1
SK,2012,3,7344.97,1095,1,1,6.707735159817352,8.901771004188472,6.9985096422506015,1.9032613619378713,1,1
SK,2012,4,8056.424,1094,1,1,7.364190127970749,8.994225064592353,6.9975959829819265,1.9966290816104262,1,1
SK,2012,5,9214.541,1259,1,1,7.318936457505957,9.128538058771118,7.138073034044347,1.9904650247267717,1,1
SK,2012,6,15205.056,1501,1,1,10.129950699533644,9.629383283103696,7.313886831633462,2.3154964514702345,1,1
SK,2012,7,17642.78,1640,1,1,10.757792682926828,9.77808191351566,7.402451520818244,2.3756303926974165,1,1
SK,2012,8,17779.123,1660,1,1,10.710315060240964,9.78578018276701,7.414572881350589,2.3712073014164203,1,1
SK,2012,9,14786.401,1506,1,1,9.818327357237715,9.601463185998183,7.317212408359839,2.284250777638343,1,1
SK,2012,10,9083.333,1182,1,1,7.684714890016921,9.114196474726032,7.074963197966044,2.0392332767599886,1,1
SK,2012,11,5196.525,834,1,1,6.230845323741007,8.555745411947338,6.726233402358747,1.829512009588591,1,1
SK,2012,12,5398.602,769,1,1,7.020288686605982,8.593895310145964,6.645090969505644,1.9488043406403195,1,1
SK,2013,1,5177.454,767,1,1,6.750265971316819,8.552068708633458,6.642486801367256,1.9095819072662017,1,1
SK,2013,2,4469.987,736,1,1,6.073351902173913,8.405140779325981,6.601230118728877,1.8039106605971043,1,1
SK,2013,3,6018.776,891,1,1,6.755079685746352,8.702639195370958,6.792344427470809,1.9102947679001485,1,1
SK,2013,4,7759.091,1033,1,1,7.511220716360117,8.956620467140677,6.940222469119639,2.016397998021039,1,1
SK,2013,5,8605.901,1155,1,1,7.450996536796537,9.06020340973024,7.051855622955894,2.008347786774346,1,1
SK,2013,6,14024.234,1410,1,1,9.94626524822695,9.548542112143554,7.251344983372214,2.2971971287713404,1,1
SK,2013,7,17770.674,1578,1,1,11.261517110266158,9.785304849523385,7.363913501405819,2.421391348117566,1,1
SK,2013,8,16952.855,1538,1,1,11.022662548764629,9.738191535202919,7.338238150065589,2.3999533851373305,1,1
SK,2013,9,14039.858,1363,1,1,10.30070286133529,9.549655563568543,7.217443431696533,2.332212131872009,1,1
SK,2013,10,8258.122,1057,1,1,7.812792809839167,9.018952479889826,6.963189985870238,2.0557624940195884,1,1
SK,2013,11,5364.896,758,1,1,7.0776992084432715,8.587632269974765,6.630683385642372,1.956948884332394,1,1
SK,2013,12,6702.221,830,1,1,8.074965060240963,8.810194242984858,6.721425700790643,2.0887685421942153,1,1
SK,2014,1,6156.502,819,1,1,7.51709645909646,8.725264038092778,6.70808408385307,2.017179954239708,1,1
SK,2014,2,5339.055,785,1,1,6.801343949044586,8.582803950001724,6.665683717782408,1.9171202322193155,1,1
SK,2014,3,6704.786,877,1,1,7.645137970353478,8.810576878726199,6.776506992372183,2.0340698863540156,1,1
SK,2014,4,8280.106,931,1,1,8.893776584317937,9.021611049229728,6.836259277277067,2.185351771952661,1,1
SK,2014,5,7658.26,999,1,1,7.665925925925926,8.943540082884251,6.906754778648554,2.036785304235698,1,1
SK,2014,6,14029.841,1341,1,1,10.462222967934377,9.548941840174129,7.201170883281678,2.34777095689245,1,1
SK,2014,7,18897.185,1550,1,1,12.191732258064517,9.846768248155861,7.346010209913293,2.5007580382425685,1,1
SK,2014,8,18071.571,1554,1,1,11.629067567567567,9.802095319486265,7.348587530927593,2.4535077885586727,1,1
SK,2014,9,14892.681,1497,1,1,9.948350701402806,9.608625163197662,7.311218384419629,2.2974067787780332,1,1
SK,2014,10,8722.361,1080,1,1,8.076260185185186,9.07364523713573,6.984716320118266,2.0889289170174647,1,1
SK,2014,11,6870.913,903,1,1,7.60898449612403,8.835052273038528,6.805722553416985,2.0293297196215425,1,1
SK,2014,12,7354.6,912,1,1,8.064254385964913,8.90308124678437,6.815639990074331,2.0874412567100373,1,1
SK,2015,1,6610.643,813,1,1,8.131172201722018,8.796436204967899,6.70073110954781,2.095705095420088,1,1
SK,2015,2,6184.524,847,1,1,7.301681227863046,8.72980532147695,6.741700694652055,1.9881046268248956,1,1
SK,2015,3,8029.064,1011,1,1,7.941705242334323,8.99082323725766,6.918695219020472,2.072128018237189,1,1
SK,2015,4,8829.382,1105,1,1,7.990390950226244,9.085840302473713,7.007600613951853,2.078239688521859,1,1
SK,2015,5,10097.955,1200,1,1,8.4149625,9.220088207080947,7.090076835776092,2.130011371304854,1,1
SK,2015,6,17592.299,1601,1,1,10.988319175515302,9.775216528452143,7.3783837129967145,2.3968328154554284,1,1
SK,2015,7,21869.406,1813,1,1,12.062551571980142,9.992843952808133,7.502738210754851,2.490105742053282,1,1
SK,2015,8,21023.374,1739,1,1,12.089346751006325,9.953390145346365,7.461065514354283,2.4923246309920826,1,1
SK,2015,9,17058.282,1628,1,1,10.478060196560197,9.744391112574977,7.395107546562485,2.3492835660124913,1,1
SK,2015,10,11321.753,1270,1,1,8.914766141732285,9.334481198425054,7.146772179452637,2.187709018972417,1,1
SK,2015,11,9701.844,1088,1,1,8.917136029411765,9.180071249516955,6.992096427415888,2.1879748221010664,1,1
SK,2015,12,8981.888,1029,1,1,8.72875413022352,9.10296538418673,6.9363427358340495,2.16662264835268,1,1
SK,2016,1,8851.547,946,1,1,9.356815010570825,9.088347524985727,6.852242569051878,2.236104955933849,1,1
SK,2016,2,9865.66,1028,1,1,9.59694552529183,9.196815319411904,6.93537044601511,2.2614448733967936,1,1
SK,2016,3,9555.413,1071,1,1,8.921954248366013,9.16486307918349,6.976348070447749,2.188515008735742,1,1
SK,2016,4,10180.325,1147,1,1,8.875610287707062,9.228212214938722,7.044905117129371,2.1833070978093514,1,1
SK,2016,5,11158.044,1245,1,1,8.962284337349397,9.319915951756723,7.126890808898808,2.1930251428579153,1,1
SK,2016,6,16007.747,1641,1,1,9.7548732480195,9.680828071540974,7.403061091090091,2.2777669804508833,1,1
SK,2016,7,20966.79,1813,1,1,11.56469387755102,9.950695036356063,7.502738210754851,2.4479568256012114,1,1
SK,2016,8,20204.309,1758,1,1,11.492781001137658,9.913651177472179,7.471932078245122,2.4417190992270568,1,1
SK,2016,9,17486.981,1619,1,1,10.801100061766522,9.769211940191653,7.389563953677635,2.3796479865140183,1,1
SK,2016,10,12497.508,1195,1,1,10.45816569037657,9.433284543415546,7.085901464365611,2.3473830790499353,1,1
SK,2016,11,9592.503,1097,1,1,8.744305378304468,9.16873713486539,7.00033446027523,2.16840267459016,1,1
SK,2016,12,9811.725,1089,1,1,9.009848484848485,9.19133337807979,6.9930151229329605,2.198318255146829,1,1
SK,2017,1,9316.208,982,1,1,9.48697352342159,9.13951095793403,6.889591308354466,2.249919649579565,1,1
SK,2017,2,8428.776,948,1,1,8.891113924050632,9.039406844724443,6.854354502255021,2.1850523424694215,1,1
SK,2017,3,9855.177,1201,1,1,8.205809325562031,9.195752179851713,7.0909098220799835,2.10484235777173,1,1
SK,2017,4,10074.338,1084,1,1,9.293669741697416,9.217746677460042,6.988413181999592,2.22933349546045,1,1
SK,2017,5,11462.531,1268,1,1,9.03985094637224,9.346838821032165,7.145196134997171,2.2016426860349934,1,1
SK,2017,6,17544.725,1637,1,1,10.717608430054979,9.772508613913287,7.400620577371135,2.3718880365421513,1,1
SK,2017,7,24094.823,1974,1,1,12.206090678824722,10.089752283125062,7.587817219993427,2.501935063131634,1,1
SK,2017,8,23864.819,2035,1,1,11.727183783783783,10.08016064508272,7.618251097876695,2.4619095472060257,1,1
SK,2017,9,19687.348,1784,1,1,11.035508968609866,9.887731474903264,7.486613313139955,2.4011181617633093,1,1
SK,2017,10,12985.95,1475,1,1,8.804033898305086,9.471623282760696,7.29641326877392,2.175210013986776,1,1
SK,2017,11,11275.174,1269,1,1,8.885085894405044,9.330358596624308,7.1459844677143876,2.184374128909919,1,1
SK,2017,12,10916.739,1140,1,1,9.576086842105262,9.298052578327535,7.038783541388542,2.259269036938994,1,1
SK,2018,1,9868.201,1072,1,1,9.205411380597013,9.197072846310876,6.977281341630747,2.219791504680129,1,1
SK,2018,2,9456.593,1073,1,1,8.813227399813607,9.154467449185518,6.9782137426306985,2.176253706554819,1,1
SK,2018,3,10849.076,1223,1,1,8.87087162714636,9.291835194051854,7.109062135687172,2.182773058364682,1,1
SK,2018,4,12624.811,1337,1,1,9.442640987284966,9.443419283734475,7.198183577101943,2.2452357066325317,1,1
SK,2018,5,13544.671,1473,1,1,9.195295994568907,9.513748464818518,7.29505641646263,2.218692048355888,1,1
SK,2018,6,21312.031,1889,1,1,11.282176283748015,9.967027027918638,7.543802867501509,2.423224160417128,1,1
SK,2018,7,26605.887,2153,1,1,12.357588016720854,10.188887786072538,7.674617497364363,2.5142702887081745,1,1
SK,2018,8,26129.896,2119,1,1,12.331239263803681,10.170835378407235,7.6586995582682995,2.512135820138936,1,1
SK,2018,9,21773.412,1925,1,1,11.310863376623377,9.988444871392007,7.562681246721884,2.4257636246701217,1,1
SK,2018,10,13636.829,1507,1,1,9.048990710019908,9.520529426364387,7.317876198626496,2.2026532277378923,1,1
SK,2018,11,11418.648,1289,1,1,8.858532195500388,9.343003087409901,7.161622002939187,2.181381084470714,1,1
SK,2018,12,11333.274,1159,1,1,9.778493528904228,9.335498279622367,7.055312843339752,2.2801854362826153,1,1
SK,2019,1,10726.651,1065,1,1,10.071972769953051,9.280486671342704,6.970730078143525,2.309756593199179,1,1
SK,2019,2,10384.592,1080,1,1,9.615362962962964,9.248078448104643,6.984716320118266,2.2633621279863774,1,1
SK,2019,3,11509.787,1272,1,1,9.048574685534591,9.350952995897433,7.148345743900068,2.202607251997366,1,1
SK,2019,4,12227.357,1237,1,1,9.884686337914308,9.411431097395218,7.1204443723924875,2.29098672500273,1,1
SK,2019,5,14005.299,1432,1,1,9.780236731843576,9.54719103698434,7.266827347520591,2.2803636894637496,1,1
SK,2019,6,21771.726,1827,1,1,11.916653530377667,9.988367434503376,7.510430556378006,2.4779368781253694,1,1
SK,2019,7,26723.077,2126,1,1,12.569650517403575,10.19328277820613,7.661997558901893,2.531285219304238,1,1
SK,2019,8,26346.058,2088,1,1,12.617843869731802,10.179073941260059,7.643961949002529,2.535111992257529,1,1
SK,2019,9,22477.358,1849,1,1,12.156494321254732,10.020263770410434,7.522400231387125,2.4978635390233084,1,1
SK,2019,10,13009.699,1383,1,1,9.406868402024585,9.473450435189715,7.232010331664759,2.2414401035249574,1,1
SK,2019,11,10174.264,1133,1,1,8.979932921447483,9.22761667354222,7.0326242610280065,2.1949924125142144,1,1
SK,2019,12,10983.424,1122,1,1,9.789147950089127,9.304142506160186,7.022868086082641,2.281274420077545,1,1
SK,2020,1,9986.675,1062,1,1,9.403648775894538,9.209006983408626,6.967909201801884,2.241097781606742,1,1
SK,2020,2,9770.739,1059,1,1,9.226382436260623,9.187147381889698,6.9650803456014065,2.2220670362882915,1,1
SK,2020,3,5335.51,602,1,1,8.862973421926911,8.582139754293454,6.400257445308821,2.181882308984633,1,1
SK,2020,4,2263.855,241,1,1,9.393589211618258,7.724824391335649,5.484796933490655,2.2400274578449944,1,1
SK,2020,5,1790.237,268,1,1,6.67998880597015,7.490103292305036,5.5909869805108565,1.8991163117941787,1,1
SK,2020,6,1942.769,474,1,1,4.098668776371308,7.571869553992628,6.161207321695077,1.410662232297552,1,1
SK,2020,7,3649.764,744,1,1,4.9055967741935484,8.202417786951901,6.612041034833092,1.5903767521188104,1,1
SK,2020,8,6526.433,921,1,1,7.086246471226927,8.783615824936879,6.825460036255307,1.9581557886815728,1,1
SK,2020,9,4980.295,788,1,1,6.3201713197969545,8.51324440521205,6.669498089857879,1.843746315354172,1,1
SK,2020,10,4171.945,603,1,1,6.918648424543947,8.336137632908166,6.401917196727186,1.9342204361809803,1,1
SK,2020,11,2752.309,395,1,1,6.96787088607595,7.920195474726829,5.978885764901122,1.9413097098257073,1,1
SK,2020,12,3170.452,488,1,1,6.49682786885246,8.06162944345759,6.1903154058531475,1.8713140376044433,1,1
SK,2021,1,3034.30355,346,1,1,8.769663439306358,8.01773720434355,5.846438775057725,2.1712984292858253,1,1
SK,2021,2,2640.21915,385,1,1,6.857712077922078,7.878617204058745,5.953243334287785,1.9253738697709615,1,1
SK,2021,3,2694.33125,409,1,1,6.58760696821516,7.898905307837674,6.013715156042802,1.8851901517948721,1,1
SK,2021,4,1539.1182,338,1,1,4.553604142011834,7.338964934008579,5.823045895483019,1.5159190385255603,1,1
SK,2021,5,2539.73995,535,1,1,4.747177476635514,7.839816972881435,6.282266746896006,1.5575502259854286,1,1
SK,2021,6,5877.3709,841,1,1,6.988550416171225,8.678864815051762,6.734591659972948,1.9442731550788146,1,1
SK,2021,7,9736.69125,1153,1,1,8.444658499566348,9.183656631530758,7.050122520269059,2.1335341112616977,1,1
SK,2021,8,11166.5135,1187,1,1,9.407340775063183,9.320674712633066,7.079184394609668,2.2414903180233985,1,1
SK,2021,9,8996.34965,1113,1,1,8.08297362982929,9.104574179598238,7.014814351275545,2.0897598283226926,1,1
SK,2021,10,7795.05475,913,1,1,8.53784748083242,8.961244805200373,6.816735880594968,2.1445089246054043,1,1
SK,2021,11,6432.79465,757,1,1,8.497747225891677,8.769164349558428,6.6293632534374485,2.13980109612098,1,1
SK,2021,12,7504.518,809,1,1,9.276289245982694,8.923260518154356,6.695798917058491,2.2274616010958646,1,1
SK,2022,1,5180.647,602,1,1,8.605725913621262,8.552685230928642,6.400257445308821,2.1524277856198215,1,1
SK,2022,2,5661.4264,669,1,1,8.462520777279522,8.641431153581276,6.505784060128229,2.135647093453048,1,1
SK,2022,3,8563.1025,993,1,1,8.623466767371601,9.055217845058486,6.900730664045173,2.1544871810133137,1,1
SK,2022,4,9009.0044,1008,1,1,8.937504365079365,9.10597984505181,6.915723448631314,2.1902563964204953,1,1
SK,2022,5,11661.70365,1267,1,1,9.204185990528808,9.364065559866013,7.144407180321139,2.2196583795448737,1,1
SK,2022,6,16570.88315,1587,1,1,10.44164029615627,9.715402407129464,7.369600720526409,2.3458016866030538,1,1
SK,2022,7,20619.0942,1815,1,1,11.360382479338842,9.933972828381053,7.503840746698951,2.430132081682103,1,1
SK,2022,8,20718.96985,1820,1,1,11.384049368131869,9.938804977473362,7.506591780070841,2.432213197402522,1,1
SK,2022,9,16163.81715,1527,1,1,10.585341944990176,9.690530513959176,7.3310603052186325,2.3594702087405444,1,1
SK,2022,10,10177.4967,1199,1,1,8.488320850708924,9.227934356132424,7.089243155027514,2.1386912011049097,1,1
SK,2022,11,7381.8984,890,1,1,8.294267865168539,8.906786120287427,6.7912214627261855,2.115564657561242,1,1
SK,2022,12,7260.2965,764,1,1,9.503005890052357,8.890175947205288,6.638567789166521,2.251608158038768,1,1
SK,2023,1,6894.6801,753,1,1,9.156281673306772,8.83850539321199,6.6240652277998935,2.2144401654120975,1,1
SK,2023,2,6959.8375,830,1,1,8.385346385542169,8.847911405354754,6.721425700790643,2.1264857045641103,1,1
SK,2023,3,8705.37025,1075,1,1,8.098018837209302,9.071695384324782,6.980075940561763,2.091619443763019,1,1
SK,2023,4,9863.98875,1034,1,1,9.539640957446808,9.19664590433258,6.9411900550683745,2.2554558492642065,1,1
SK,2023,5,10711.30255,1243,1,1,8.61729891391794,9.27905477602801,7.1252830915107115,2.1537716845172987,1,1
SK,2023,6,18642.4983,1725,1,1,10.807245391304347,9.83319910822846,7.45298232946546,2.3802167787629993,1,1
SK,2023,7,22953.28155,1909,1,1,12.023720036668413,10.04121619219514,7.554334823725748,2.486881368469392,1,1
SK,2023,8,23460.29675,1942,1,1,12.08048236354274,10.063064771317578,7.571473648851271,2.491591122466307,1,1
SK,2023,9,18734.3595,1730,1,1,10.829109537572254,9.838114523293507,7.455876687491824,2.3822378358016825,1,1
SK,2023,10,11255.72305,1209,1,1,9.309944623655914,9.32863199383623,7.097548850614793,2.2310831432214377,1,1
SK,2023,11,8613.6525,969,1,1,8.88921826625387,9.06110372349547,6.876264611890766,2.184839111604705,1,1
SK,2023,12,9207.98825,895,1,1,10.288255027932962,9.127826674336612,6.796823718274855,2.331002956061757,1,1
SK,2024,1,8084.5393,870,1,1,9.292573908045977,8.997708788322115,6.76849321164863,2.229215576673485,1,1
SK,2024,2,7652.00258,924,1,1,8.281388073593074,8.94272266772684,6.828712071641684,2.1140105960851563,1,1
SK,2024,3,9038.97464,984,1,1,9.185949837398374,9.109301022174385,6.891625897052253,2.217675125122131,1,1
SK,2024,4,10684.77968,1209,1,1,8.837700314309346,9.276575547980531,7.097548850614793,2.1790266973657384,1,1
SK,2024,5,12023.17476,1249,1,1,9.626240800640513,9.394591296342945,7.130098510125578,2.264492786217368,1,1
SK,2024,6,22169.85308,1961,1,1,11.305381478837328,10.006488675615012,7.581209826196346,2.425278849418665,1,1
SK,2024,7,27065.22544,2157,1,1,12.547624218822438,10.206004988773332,7.676473646389156,2.5295313423841757,1,1
SK,2024,8,25686.89382,2129,1,1,12.065238994833255,10.153736172711973,7.663407664893479,2.490328507818493,1,1
SK,2024,9,20219.77788,1838,1,1,11.00096729053319,9.91441650735092,7.516433302915632,2.3979832044352882,1,1
SK,2024,10,12655.10962,1314,1,1,9.630981445966514,9.445816335130566,7.1808311990445555,2.2649851360860103,1,1
SK,2024,11,11916.16386,1066,1,1,11.178390112570357,9.385651064997436,6.97166860472579,2.413982460271647,1,1
SK,2024,12,12701.88192,1049,1,1,12.10856236415634,9.44950544414588,6.955592608396297,2.4939128357495823,1,1
SK,2025,1,11419.37134,937,1,1,12.187162582710778,9.34306643265797,6.842683282238422,2.5003831504195477,1,1
SK,2025,2,10623.96528,975,1,1,10.896374646153847,9.270867603638585,6.882437470997847,2.3884301326407384,1,1
SK,2025,3,11881.56108,1084,1,1,10.960849704797047,9.382742988324285,6.988413181999592,2.3943298063246936,1,1
SK,2025,4,12793.46336,1277,1,1,10.018373813625685,9.45668964446882,7.152268856032539,2.3044207884362815,1,1
SK,2025,5,14381.55544,1439,1,1,9.994131646977067,9.57370179232389,7.271703706887368,2.301998085436523,1,1
SK,2025,6,24941.90568,2060,1,1,12.107721203883495,10.124304626900292,7.630461261783627,2.4938433651166654,1,1
SK,2025,7,27724.80248,2208,1,1,12.55652286231884,10.230082687937104,7.699842407396986,2.5302402805401174,1,1
SK,2025,8,27253.58166,2162,1,1,12.605726947271044,10.212940228518516,7.6787889981991535,2.5341512303193627,1,1
SK,2025,9,22471.22072,1855,1,1,12.113865617250674,10.019990690361501,7.5256399750415355,2.4943507153199658,1,1
SK,2025,10,14505.72462,1402,1,1,10.34645122681883,9.582298651874417,7.2456550675945355,2.3366435842798823,1,1
SK,2025,11,13194.00798,1199,1,1,11.004176797331109,9.487518064603007,7.089243155027514,2.398274909575492,1,1
SK,2025,12,16445.4698,1321,1,1,12.449257986373958,9.707805326168886,7.186144304522325,2.521661021646561,1,1
SK,2026,1,16125.17328,1288,1,1,12.51954447204969,9.688136887652746,7.160845906664299,2.5272909809884476,1,1
SK,2026,2,16283.42654,1298,1,1,12.545012742681049,9.697903092839661,7.168579897264035,2.5293231955756257,1,1
SK,2026,3,20705.00924,1717,1,1,12.058828910891089,9.938130942248586,7.448333860897476,2.4897970813511097,1,1
SK,2026,4,21430.51002,1915,1,1,11.190866851174935,9.972570887531132,7.557472901614746,2.4150979859163866,1,1
SK,2026,5,23021.94342,2142,1,1,10.74787274509804,10.044203101822783,7.669495251007694,2.374707850815088,1,1
SK,2026,6,32467.9475,2733,1,1,11.879966154409074,10.388008650903043,7.913155185928068,2.4748534649749754,1,1
SK,2026,7,37799.39962,2963,1,1,12.757137907526154,10.540048498412759,7.993957547573565,2.546090950839193,1,1
TR,2010,1,490284.613,25816,1,0,18.991501898047723,13.102741344320032,10.158749733731797,2.943991610588235,0,0
TR,2010,2,460389.996,23862,1,0,19.29385617299472,13.039829226662423,10.080042514435746,2.9597867122266783,0,0
TR,2010,3,550764.217,28010,1,0,19.66312806140664,13.219062078221567,10.240316868254155,2.9787452099674123,0,0
TR,2010,4,599237.141,29441,1,0,20.353831085900612,13.303412693576615,10.290143539657238,3.013269153919377,0,0
TR,2010,5,817268.209,38221,1,0,21.382700845085164,13.613722605158065,10.551140381763863,3.062582223394203,0,0
TR,2010,6,884081.853,40608,1,0,21.771125221631205,13.692304931224633,10.611720370514114,3.0805845607105193,0,0
TR,2010,7,970489.217,45368,1,0,21.39149217510139,13.785555570761831,10.722562289693863,3.062993281067967,0,0
TR,2010,8,957574.278,44800,1,0,21.374425848214287,13.772158571962885,10.709963418403076,3.062195153559808,0,0
TR,2010,9,866218.777,41165,1,0,21.042603595287257,13.67189278496941,10.625343659732527,3.046549125236884,0,0
TR,2010,10,820120.263,39318,1,0,20.858646497787273,13.61720627068171,10.579437708267552,3.0377685624141577,0,0
TR,2010,11,603529.577,31325,1,0,19.266706368715084,13.31055032743232,10.35217177976427,2.9583785476680515,0,0
TR,2010,12,555888.727,29510,1,0,18.83730013554727,13.228323421908815,10.292484467936985,2.9358389539718304,0,0
TR,2011,1,548175.449,28945,1,0,18.938519571601315,13.214350677097864,10.273152756513104,2.9411979205847594,0,0
TR,2011,2,538562.572,27892,1,0,19.308854581958986,13.196658965671332,10.2360951883409,2.960563777330431,0,0
TR,2011,3,655914.818,32439,1,0,20.219945682665927,13.39378620888515,10.387116681613646,3.006669527271503,0,0
TR,2011,4,748664.833,36071,1,0,20.755311274985445,13.526046676366317,10.493244497383538,3.03280217898278,0,0
TR,2011,5,917267.319,42813,1,0,21.424971830985918,13.72915422347836,10.664597073768501,3.06455714970986,0,0
TR,2011,6,991801.218,46288,1,0,21.426745981679918,13.807277981106592,10.742638027215916,3.0646399538906755,0,0
TR,2011,7,1093502.821,50917,1,0,21.47618321974979,13.904896698885299,10.837952134989147,3.0669445638961506,0,0
TR,2011,8,1064161.425,48893,1,0,21.765107990918946,13.8776976526017,10.797389515931872,3.0803081366698266,0,0
TR,2011,9,1005288.746,46333,1,0,21.697035503852547,13.820785367662593,10.743609729174237,3.0771756384883564,0,0
TR,2011,10,937598.057,42992,1,0,21.808663402493487,13.751076625490452,10.668769330855273,3.0823072946351786,0,0
TR,2011,11,687371.264,34327,1,0,20.02421603985201,13.440629838625314,10.443687495508296,2.9969423431170172,0,0
TR,2011,12,619414.874,31634,1,0,19.580668710880698,13.33653055979443,10.361987770523434,2.9745427892709957,0,0
TR,2012,1,589891.576,30649,1,0,19.246682632386047,13.287694029502696,10.330355314404699,2.957338715097997,1,0
TR,2012,2,579574.331,29396,1,0,19.716095080963395,13.270049201008334,10.288613889648762,2.9814353113595713,1,0
TR,2012,3,675248.93,34063,1,0,19.82353081055691,13.422836687055309,10.435967030196949,2.986869656858361,1,0
TR,2012,4,763876.252,37803,1,0,20.20676274369759,13.546161081207492,10.540143743537802,3.006017337669689,1,0
TR,2012,5,938664.147,44644,1,0,21.02553863901084,13.75221302328438,10.706475198775605,3.045737824508775,1,0
TR,2012,6,1032524.715,48841,1,0,21.140531827767653,13.847517540576844,10.796325403035505,3.0511921375413373,1,0
TR,2012,7,1134824.179,52767,1,0,21.50632363029924,13.941988288528055,10.873641274300434,3.0683470142276206,1,0
TR,2012,8,1137983.138,52763,1,0,21.56782476356538,13.94476807633544,10.87356546647324,3.0712026098621985,1,0
TR,2012,9,1065422.935,49686,1,0,21.443121503039087,13.878882400359293,10.813478482261756,3.065403918097538,1,0
TR,2012,10,980099.316,46132,1,0,21.24554140293072,13.795409188369057,10.739262131345829,3.0561470570232276,1,0
TR,2012,11,728512.209,35630,1,0,20.44659581813079,13.498759663570993,10.480943258599881,3.0178164049711116,1,0
TR,2012,12,668292.747,33667,1,0,19.85008307838536,13.4124816005299,10.424273408096372,2.988208192433527,1,0
TR,2013,1,670159.041,34229,1,0,19.57869178182243,13.415270337825115,10.440828516957847,2.9744418208672694,1,0
TR,2013,2,641721.209,32903,1,0,19.50342549311613,13.371909234462489,10.401319118006661,2.9705901164558286,1,0
TR,2013,3,752882.692,37829,1,0,19.902262602765074,13.531664707129295,10.540831283230636,2.990833423898658,1,0
TR,2013,4,855899.652,42580,1,0,20.10097820573039,13.659908419280063,10.65913993844747,3.000768480832593,1,0
TR,2013,5,1073907.46,50215,1,0,21.38618858906701,13.886814386465257,10.82406906582744,3.0627453206378172,1,0
TR,2013,6,1154509.403,53594,1,0,21.541765925290143,13.959186052394884,10.889192400494602,3.0699936519002806,1,0
TR,2013,7,1230622.43,56976,1,0,21.59896149255827,14.023030640003615,10.95038540551756,3.0726452344860564,1,0
TR,2013,8,1279120.664,59921,1,0,21.34678433270473,14.061683418566053,11.0007823069704,3.0609011115956526,1,0
TR,2013,9,1196146.733,55856,1,0,21.414829794471498,13.994615892422196,10.930532229344816,3.064083663077379,1,0
TR,2013,10,1123321.972,52969,1,0,21.207158375653684,13.9318008996627,10.877462115749834,3.054338783912866,1,0
TR,2013,11,817862.414,41038,1,0,19.929392611725717,13.614449403393998,10.622253745713692,2.992195657680304,1,0
TR,2013,12,775351.923,39260,1,0,19.74915748853795,13.561072299459465,10.577961467830452,2.983110831629013,1,0
TR,2014,1,798697.976,39965,1,0,19.984936219191795,13.590738150784327,10.595759350060119,2.9949788007242084,1,0
TR,2014,2,741531.931,37437,1,0,19.807461361754413,13.516473502343674,10.530414799175965,2.9860587031677093,1,0
TR,2014,3,850326.932,43054,1,0,19.75024230036698,13.65337618039928,10.670210420754392,2.9831657596448866,1,0
TR,2014,4,974074.031,47649,1,0,20.442696195093287,13.78924258692313,10.771616922503265,3.017625664419866,1,0
TR,2014,5,1187637.462,54639,1,0,21.736076099489377,13.987476565665238,10.908503192466654,3.078973373198585,1,0
TR,2014,6,1279777.937,58308,1,0,21.948582304315014,14.062197134126489,10.973494584193903,3.088702549932585,1,0
TR,2014,7,1357350.11,61022,1,0,22.243618858772248,14.121044908487647,11.018989733872505,3.1020551746151424,1,0
TR,2014,8,1426585.771,64885,1,0,21.986372366494567,14.170794574712124,11.08037175117133,3.090422823540794,1,0
TR,2014,9,1305783.275,58808,1,0,22.204177577880557,14.082313629412484,10.982033179053923,3.100280450358561,1,0
TR,2014,10,1209059.72,55475,1,0,21.7946772420009,14.00535352457218,10.923687747800795,3.081665776771386,1,0
TR,2014,11,905138.279,43708,1,0,20.70875535371099,13.715843005485315,10.685286430690637,3.0305565747946783,1,0
TR,2014,12,875300.228,42806,1,0,20.44807335420268,13.682322224202617,10.664433558660509,3.0178886655421073,1,0
TR,2015,1,869037.024,42044,1,0,20.669703738940157,13.67514100863339,10.646471967943246,3.028669040690145,1,0
TR,2015,2,780558.546,38308,1,0,20.375862639657512,13.567765027014902,10.55341403064151,3.0143509963733925,1,0
TR,2015,3,934573.549,46056,1,0,20.292112840889352,13.747845606900597,10.737613326355646,3.0102322805449524,1,0
TR,2015,4,1046488.09,50615,1,0,20.675453719253184,13.86095044001031,10.832003254032852,3.0289471859774575,1,0
TR,2015,5,1264428.233,59213,1,0,21.35389581679699,14.050130588242292,10.988896391359328,3.061234196882965,1,0
TR,2015,6,1327718.463,60741,1,0,21.858686274509804,14.098972585790168,11.014374202079626,3.084598383710542,1,0
TR,2015,7,1490561.143,68107,1,0,21.88557920624899,14.214663213063655,11.128835276869756,3.085827936193899,1,0
TR,2015,8,1544879.123,70907,1,0,21.78739931177458,14.250456227712814,11.169124438253162,3.0813317894596524,1,0
TR,2015,9,1404610.321,64810,1,0,21.672740641876253,14.155270470679492,11.079215191421762,3.0760552792577296,1,0
TR,2015,10,1294735.525,59281,1,0,21.84064919620114,14.07381700445921,10.990044128923504,3.0837728755357072,1,0
TR,2015,11,998725.093,47090,1,0,21.20885735825016,13.814234837578944,10.7598159432376,3.054418894341344,1,0
TR,2015,12,974555.47,46165,1,0,21.11026686884003,13.78973671780799,10.739977214206728,3.0497595036012615,1,0
TR,2016,1,968634.234,45154,1,0,21.451792399344466,13.783642352121857,10.717834148497918,3.065808203623939,1,0
TR,2016,2,925206.845,44192,1,0,20.93607089518465,13.7377726077124,10.69629905620902,3.04147355150338,1,0
TR,2016,3,1045800.879,49461,1,0,21.14394935403651,13.86029354124069,10.808939759229288,3.0513537820114025,1,0
TR,2016,4,1078637.647,51188,1,0,21.07208031179183,13.891209364854861,10.843260408557487,3.0479489562973745,1,0
TR,2016,5,1197812.21,56850,1,0,21.069695866314863,13.996007292448972,10.948171499178683,3.0478357932702904,1,0
TR,2016,6,1168310.506,55617,1,0,21.006356078177536,13.97106925121809,10.926244188900702,3.0448250623173876,1,0
TR,2016,7,1343212.889,63059,1,0,21.300891054409362,14.110574980440942,11.051826075060216,3.058748905380727,1,0
TR,2016,8,1372893.969,64021,1,0,21.44443181143687,14.132431455985087,11.066966433520575,3.0654650224645126,1,0
TR,2016,9,1300449.746,60765,1,0,21.40129591047478,14.078220721063474,11.014769244304901,3.063451476758573,1,0
TR,2016,10,1229987.399,57264,1,0,21.479243486309024,14.022514482580675,10.955427433005807,3.0670870495748686,1,0
TR,2016,11,926089.881,45693,1,0,20.26765327293021,13.738726572632842,10.729700392283613,3.009026180349228,1,0
TR,2016,12,946676.704,45525,1,0,20.79465577155409,13.76071292422997,10.72601690459581,3.034696019634162,1,0
TR,2017,1,899275.272,42371,1,0,21.223838757640838,13.709344464582493,10.654219444947001,3.055125019635492,1,0
TR,2017,2,843357.092,41390,1,0,20.37586595796086,13.645145743970776,10.630794584742778,3.0143511592279983,1,0
TR,2017,3,978216.045,47099,1,0,20.7693591159048,13.793485829529033,10.760007048356615,3.0334787811724193,1,0
TR,2017,4,1100718.386,51040,1,0,21.56579909874608,13.911473602787664,10.840364918018672,3.071108684768993,1,0
TR,2017,5,1253531.923,56454,1,0,22.20448370354625,14.041475663348347,10.94118142623482,3.1002942371135256,1,0
TR,2017,6,1350251.635,59614,1,0,22.649908326903077,14.115801529341278,10.995645724797772,3.1201558045435047,1,0
TR,2017,7,1523329.935,68370,1,0,22.280677709521722,14.236409243346397,11.13268941090784,3.103719832438558,1,0
TR,2017,8,1556829.915,69661,1,0,22.348658718651755,14.258162205928128,11.151395899257666,3.1067663066704623,1,0
TR,2017,9,1442804.678,64658,1,0,22.314403136502833,14.18209947031289,11.076867119777233,3.105232350535658,1,0
TR,2017,10,1315491.702,58888,1,0,22.338875526423042,14.089721071574859,10.983392613738541,3.1063284578363173,1,0
TR,2017,11,1026545.849,48440,1,0,21.19211083815029,13.841710179811413,10.78808119766703,3.0536289821443834,1,0
TR,2017,12,1051632.536,48995,1,0,21.46407870190836,13.865854310879977,10.79947353106992,3.0663807798100575,1,0
TR,2018,1,1045189.578,49317,1,0,21.19329192773283,13.859708841281522,10.80602412817762,3.0536847131039013,1,0
TR,2018,2,948256.291,44783,1,0,21.174470022106604,13.76238009385553,10.70958388210257,3.0527962117529577,1,0
TR,2018,3,1105694.127,51973,1,0,21.27439491659131,13.915983864949053,10.858479631947358,3.057504233001696,1,0
TR,2018,4,1203288.416,55147,1,0,21.81965321776343,14.000568713520446,10.917757626103251,3.0828110874171943,1,0
TR,2018,5,1374150.148,59873,1,0,22.951082257444927,14.133346023814402,10.999980931232571,3.133365092581832,1,0
TR,2018,6,1483262.145,65110,1,0,22.780865381661805,14.209754372187822,11.083833426230909,3.125920945956915,1,0
TR,2018,7,1624956.635,71204,1,0,22.821142562215606,14.300991687236047,11.173304275597324,3.1276874116387234,1,0
TR,2018,8,1623924.088,71157,1,0,22.82170535576261,14.300356054768868,11.172643982375057,3.1277120723938125,1,0
TR,2018,9,1499138.819,65211,1,0,22.9890481513855,14.220401380535396,11.085383445340975,3.13501793519442,1,0
TR,2018,10,1403950.466,60629,1,0,23.156417984792757,14.154800582318737,11.012528605444684,3.142271976874053,1,0
TR,2018,11,1063273.72,47392,1,0,22.435721640783253,13.876863121825421,10.766208717067526,3.110654404757896,1,0
TR,2018,12,1061085.132,46967,1,0,22.592141972022908,13.874802651889045,10.757200506425557,3.117602145463488,1,0
TR,2019,1,1083572.616,47825,1,0,22.657033267119704,13.895774117555922,10.775303794308453,3.120470323247469,1,0
TR,2019,2,981700.508,43200,1,0,22.724548796296297,13.797041559150175,10.673595774232203,3.1234457849179726,1,0
TR,2019,3,1134566.687,48966,1,0,23.170499673242656,13.941761362435276,10.798881458697299,3.142879903737978,1,0
TR,2019,4,1241143.291,50631,1,0,24.513505382078172,14.031543521663094,10.832319315904593,3.1992242057585005,1,0
TR,2019,5,1459615.854,57498,1,0,25.385506521965983,14.193683845365406,10.959505443571818,3.23417840179359,1,0
TR,2019,6,1616382.533,65483,1,0,24.684002458653392,14.295701206015721,11.089545845951761,3.2061553600639603,1,0
TR,2019,7,1753215.408,69891,1,0,25.084995321286,14.3769620359892,11.154692164567411,3.222269871421788,1,0
TR,2019,8,1789426.823,71208,1,0,25.12957565161218,14.397405915924047,11.173360450638768,3.2240454652852795,1,0
TR,2019,9,1634043.702,64498,1,0,25.334796458804924,14.30656829945447,11.074389494551175,3.2321788049032945,1,0
TR,2019,10,1549744.39,60645,1,0,25.554363756286584,14.253600565618914,11.012792470742982,3.2408080948759332,1,0
TR,2019,11,1174780.151,47795,1,0,24.57956169055341,13.976591582522058,10.774676310497863,3.201915272024195,1,0
TR,2019,12,1134879.959,45600,1,0,24.887718399122807,13.942037440308745,10.727662995502477,3.214374444806268,1,0
TR,2020,1,1127832.285,46416,1,0,24.298351538262665,13.935808016475013,10.745399506361185,3.1904085101138286,1,0
TR,2020,2,1013160.636,42391,1,0,23.900371210870233,13.828585345190305,10.654691354537883,3.173893990652422,1,0
TR,2020,3,692664.578,30163,1,0,22.964047939528562,13.44830114656923,10.314371286671152,3.13392985989808,1,0
TR,2020,4,130628.402,2529,1,0,51.65219533412416,11.780111945381211,7.835579246669965,3.9445326987112463,1,0
TR,2020,5,187085.615,3316,1,0,56.41906363088058,12.139321625287213,8.106514516255185,4.032807109032027,1,0
TR,2020,6,348689.303,15360,1,0,22.701126497395833,12.761936555393659,9.639522006701663,3.1224145486919954,1,0
TR,2020,7,566549.878,29094,1,0,19.473083041176874,13.247320401470237,10.278287246333408,2.96903315513683,1,0
TR,2020,8,782320.819,38147,1,0,20.508056177418933,13.570020189871794,10.549202396661185,3.0208177932106093,1,0
TR,2020,9,798283.884,37256,1,0,21.426988511917543,13.590219557530826,10.525568284662214,3.0646512728686126,1,0
TR,2020,10,790929.32,35601,1,0,22.216491671582258,13.58096388751085,10.480129006333248,3.100834881177601,1,0
TR,2020,11,623061.377,27901,1,0,22.331148596824487,13.342400311376034,10.236417809461043,3.1059825019149905,1,0
TR,2020,12,591315.105,23176,1,0,25.514113954090437,13.290104326891065,10.050872539449186,3.2392317874418786,1,0
TR,2021,1,594242.66295,23480,1,0,25.30846094335605,13.29504303840663,10.063904273942033,3.2311387644645984,1,0
TR,2021,2,542824.81165,22728,1,0,23.88352743972193,13.204541916380842,10.031352923534024,3.1731889928468173,1,0
TR,2021,3,685150.43405,29083,1,0,23.55845112436819,13.437393704885057,10.27790909001283,3.1594846148722255,1,0
TR,2021,4,711918.89205,28740,1,0,24.77101224947808,13.475719268245118,10.266045159633016,3.209674108612103,1,0
TR,2021,5,677552.58145,25564,1,0,26.504169200829292,13.426242439720726,10.148940390770173,3.277302048950553,1,0
TR,2021,6,933401.1663,42216,1,0,22.110128062819786,13.746590362014963,10.650554575085504,3.0960357869294595,1,0
TR,2021,7,1364611.32655,60213,1,0,22.663068216996333,14.126380203600155,11.005643554827603,3.1207366487725525,1,0
TR,2021,8,1414516.85985,61558,1,0,22.978603266025534,14.162298588952831,11.027735098796068,3.134563490156762,1,0
TR,2021,9,1300808.211,55867,1,0,23.284017595360407,14.078496330025134,10.930729144931322,3.1477671850938114,1,0
TR,2021,10,1333306.70995,55484,1,0,24.030472027070868,14.103172662679201,10.92384996988318,3.1793226927960205,1,0
TR,2021,11,978565.1526,41005,1,0,23.86453243750762,13.79384264776107,10.621449289470512,3.1723933582905572,1,0
TR,2021,12,960885.06375,38709,1,0,24.823298554599706,13.77561008012332,10.563827410119956,3.211782670003364,1,0
TR,2022,1,888403.89625,35838,1,0,24.789438480104916,13.697181756686174,10.486764061960361,3.2104176947258125,1,0
TR,2022,2,826540.972,33874,1,0,24.40045379937415,13.625004767912282,10.430403037451066,3.1946017304612155,1,0
TR,2022,3,960530.39625,37240,1,0,25.792975194683137,13.775240906967996,10.525138731391003,3.2501021755769925,1,0
TR,2022,4,1110895.73985,43148,1,0,25.74616992328729,13.920677220698837,10.67239134549532,3.248285875203517,1,0
TR,2022,5,1358784.20135,54922,1,0,24.74025347492808,14.12210088828752,10.91366927582481,3.2084316124627086,1,0
TR,2022,6,1536933.55665,60452,1,0,25.424031572983523,14.245299792341038,11.00960494069001,3.235694851651028,1,0
TR,2022,7,1734162.06055,67862,1,0,25.55424332542513,14.36603489248026,11.125231510347183,3.240803382133077,1,0
TR,2022,8,1764258.7767,68040,1,0,25.92972922839506,14.38324120359918,11.127851046509798,3.2553901570893813,1,0
TR,2022,9,1611744.43045,61497,1,0,26.208504975039435,14.292827647575148,11.026743672116998,3.2660839754581503,1,0
TR,2022,10,1513771.68165,57265,1,0,26.434500683663668,14.230114896884766,10.955444895831816,3.2746700010529497,1,0
TR,2022,11,1180965.25965,45520,1,0,25.94387653009666,13.981842678701115,10.725907068800213,3.2559356099009023,1,0
TR,2022,12,1156248.15625,44726,1,0,25.851812284800786,13.960690973212905,10.708310266986663,3.2523807062262433,1,0
TR,2023,1,1201990.65195,46596,1,0,25.79600506373938,13.999489616967182,10.749269979519667,3.250219637447514,1,0
TR,2023,2,1138500.0026,45241,1,0,25.165226290311885,13.945222166769637,10.719759034318209,3.2254631324514293,1,0
TR,2023,3,1265389.6411,47983,1,0,26.37162413979951,14.0508906493962,10.778602060491535,3.2722885889046656,1,0
TR,2023,4,1394461.9733,54170,1,0,25.742329209894773,14.148019216620863,10.899882528651945,3.248136687968919,1,0
TR,2023,5,1595832.53005,63009,1,0,25.327056929168847,14.282906120439877,11.051032852313417,3.231873268126461,1,0
TR,2023,6,1758402.8568,69499,1,0,25.30112457445431,14.379916487288956,11.14906764296016,3.2308488443287953,1,0
TR,2023,7,1911435.7735,74849,1,0,25.537225260190514,14.463365231501795,11.223228029705087,3.240137201796707,1,0
TR,2023,8,1933927.8793,75846,1,0,25.49808664003375,14.475063663348656,11.236460247723613,3.238603415625043,1,0
TR,2023,9,1770647.14865,69035,1,0,25.64854274860578,14.386855658433264,11.142368901350252,3.2444867570830107,1,0
TR,2023,10,1703501.1399,63965,1,0,26.63176955991558,14.34819618523468,11.066091337751136,3.2821048474835455,1,0
TR,2023,11,1309356.8288,49088,1,0,26.673664211212518,14.085046604230232,10.801369884726927,3.2836767195033048,1,0
TR,2023,12,1340704.63005,49497,1,0,27.086583632341355,14.108705877040839,10.809667340659555,3.2990385363812846,1,0
TR,2024,1,1345851.91432,49354,1,0,27.26935839688779,14.112537764055515,10.80677409527503,3.3057636687804863,1,0
TR,2024,2,1250317.15038,47120,1,0,26.534744278013584,14.038907797400931,10.760452818325469,3.2784549790754625,1,0
TR,2024,3,1375960.89362,50059,1,0,27.48678346790787,14.134662876737258,10.820957588757476,3.3137052879797824,1,0
TR,2024,4,1521365.11642,57596,1,0,26.414423161677895,14.23511859267724,10.96120839982816,3.27391019284908,1,0
TR,2024,5,1742220.98766,65007,1,0,26.80051360099682,14.370671286936545,11.082250235387066,3.288421051549479,1,0
TR,2024,6,1896435.34074,71702,1,0,26.448848578003403,14.455486545535678,11.18027392020147,3.275212625334207,1,0
TR,2024,7,2019499.20862,75720,1,0,26.67061818040148,14.518360122116253,11.234797605323259,3.283562516792994,1,0
TR,2024,8,2027835.36198,76013,1,0,26.677480983252867,14.522479457942115,11.238659657272214,3.2838198006699018,1,0
TR,2024,9,1871018.8565,68605,1,0,27.272339574375046,14.441993683505816,11.136120697355276,3.3058729861505394,1,0
TR,2024,10,1810513.9066,64566,1,0,28.04128963541183,14.409121289240908,11.075443235428446,3.33367805381246,1,0
TR,2024,11,1432862.58892,52450,1,0,27.31863849227836,14.175184811717058,10.867615613824443,3.3075691978926143,1,0
TR,2024,12,1410531.3756,52186,1,0,27.028922998505344,14.159477053487315,10.862569538665166,3.296907514822148,1,0
TR,2025,1,1419807.0892,52986,1,0,26.795891163703622,14.166031567672576,10.877783006696857,3.2882485609757195,1,0
TR,2025,2,1222029.2471,45098,1,0,27.09719382455985,14.016023352224323,10.716593178609457,3.299430173614866,1,0
TR,2025,3,1378827.90554,51065,1,0,27.001427700773522,14.136744352424973,10.8408546100122,3.2958897424127738,1,0
TR,2025,4,1605043.95344,60031,1,0,26.736918482783896,14.288661699492154,11.002616374444639,3.2860453250475166,1,0
TR,2025,5,1801061.00676,67309,1,0,26.758100800190167,14.40388649741004,11.117049236260911,3.286837261149129,1,0
TR,2025,6,1960337.2405,74149,1,0,26.437810901023617,14.488627077885413,11.21383186129847,3.274795216586943,1,0
TR,2025,7,2117207.81808,80952,1,0,26.153866712125705,14.565608711609823,11.301611665409595,3.2639970462002266,1,0
TR,2025,8,2143473.1152,82760,1,0,25.899868477525374,14.577938022464254,11.323700131859479,3.254237890604775,1,0
TR,2025,9,1981085.98534,75932,1,0,26.090264780856554,14.499155729756385,11.237593481910432,3.2615622478459527,1,0
TR,2025,10,1955516.60546,73011,1,0,26.783862780402952,14.486164964811302,11.198365393710201,3.2877995711011003,1,0
TR,2025,11,1525456.1426,56831,1,0,26.841972560750293,14.23780403320084,10.947837230476315,3.2899668027245252,1,0
TR,2025,12,1509617.9225,55947,1,0,26.98300038429228,14.227367145316293,10.932160092999556,3.295207052316737,1,0
TR,2026,1,1514348.30796,55621,1,0,27.226197083116087,14.23049574461798,10.926316106770527,3.3041796378474535,1,0
TR,2026,2,1290871.22408,48110,1,0,26.831661277904804,14.07082791588373,10.7812453346935,3.28958258119023,1,0
TR,2026,3,1486992.40162,54135,1,0,27.468225761891567,14.21226611555701,10.899236205744998,3.313029909812012,1,0
TR,2026,4,1603269.77812,59472,1,0,26.958396861043852,14.287555713201977,10.993260892537034,3.2942948206649425,1,0
TR,2026,5,1785152.67422,67148,1,0,26.5853439301245,14.395014501314153,11.114654417442305,3.2803600838718485,1,0
TR,2026,6,1855977.26592,70957,1,0,26.156366051552347,14.433921943287746,11.169829338750404,3.2640926045373435,1,0
TR,2026,7,2108336.00044,82407,1,0,25.584428512626356,14.561409568939778,11.319425663745703,3.241983905194075,1,0
XK,2010,1,7746.907,599,1,0,12.933066777963273,8.955048945912885,6.395261598115449,2.5597873477974367,0,0
XK,2010,2,6320.104,518,1,0,12.200972972972973,8.751490942701713,6.249975242259483,2.501515700442229,0,0
XK,2010,3,7123.5,593,1,0,12.01264755480607,8.871154456657287,6.385194398997726,2.4859600576595606,0,0
XK,2010,4,6471.781,518,1,0,12.493785714285714,8.775206620094114,6.249975242259483,2.5252313778346305,0,0
XK,2010,5,8411.586,642,1,0,13.102158878504671,9.037365320204911,6.464588303689961,2.5727770165149493,0,0
XK,2010,6,8382.147,670,1,0,12.510667164179106,9.033859365911765,6.507277712385012,2.5265816535267533,0,0
XK,2010,7,11832.035,847,1,0,13.969344746162928,9.378565962466045,6.741700694652055,2.63686526781399,0,0
XK,2010,8,11489.835,863,1,0,13.313829663962919,9.349218010426375,6.760414691083428,2.588803319342947,0,0
XK,2010,9,8962.897,688,1,0,13.027466569767443,9.10084877960328,6.5337888379333435,2.567059941669937,0,0
XK,2010,10,8114.012,650,1,0,12.483095384615384,9.001347722690614,6.476972362889683,2.5243753598009304,0,0
XK,2010,11,6760.755,554,1,0,12.203528880866426,8.818889849191082,6.317164686747284,2.501725162443798,0,0
XK,2010,12,8510.948,686,1,0,12.40662973760933,9.04910861371796,6.530877627725885,2.5182309859920755,0,0
XK,2011,1,8336.222,658,1,0,12.669030395136778,9.028365395116463,6.489204931325317,2.5391604637911467,0,0
XK,2011,2,6166.445,518,1,0,11.904333976833977,8.72687777580629,6.249975242259483,2.4769025335468067,0,0
XK,2011,3,6979.955,589,1,0,11.850517826825127,8.850797748744233,6.3784261836515865,2.4723715650926454,0,0
XK,2011,4,8078.478,637,1,0,12.68206907378336,8.996958767435341,6.456769655572163,2.5401891118631776,0,0
XK,2011,5,7733.876,627,1,0,12.334730462519936,8.953365438938116,6.440946540632921,2.5124188983051954,0,0
XK,2011,6,8155.385,665,1,0,12.263736842105263,9.006433724241173,6.499787040655854,2.506646683585318,0,0
XK,2011,7,11679.466,894,1,0,13.064279642058166,9.365587536158982,6.795705775173514,2.569881760985468,0,0
XK,2011,8,11320.692,871,1,0,12.997350172215842,9.334387480630816,6.769641976852503,2.5647455037783127,0,0
XK,2011,9,8852.599,702,1,0,12.610539886039886,9.088466367205084,6.553933404025811,2.534532963179274,0,0
XK,2011,10,7806.169,642,1,0,12.159141744548286,8.962669597519012,6.464588303689961,2.4980812938290518,0,0
XK,2011,11,7179.499,594,1,0,12.086698653198653,8.878984882448956,6.386879319362645,2.4921055630863114,0,0
XK,2011,12,8086.355,663,1,0,12.196613876319757,8.9979333522793,6.4967749901858625,2.5011583620934386,0,0
XK,2012,1,7847.154,648,1,0,12.109805555555557,8.967906197269421,6.473890696352274,2.494015500917147,1,0
XK,2012,2,5814.078,503,1,0,11.558803180914515,8.668037496921501,6.220590170099739,2.447447326821763,1,0
XK,2012,3,6653.671,568,1,0,11.714209507042254,8.802924011412538,6.342121418721152,2.460802592691386,1,0
XK,2012,4,8042.798,641,1,0,12.547266770670827,8.992532311581844,6.46302945692067,2.5295028546611737,1,0
XK,2012,5,7855.374,631,1,0,12.449087163232964,8.968953162541618,6.447305862541213,2.5216473000004056,1,0
XK,2012,6,8699.317,692,1,0,12.57126734104046,9.070999795813812,6.539585955617669,2.5314138401961417,1,0
XK,2012,7,12085.634,905,1,0,13.354291712707182,9.399772753490932,6.807934943699926,2.5918378097910053,1,0
XK,2012,8,11784.22,894,1,0,13.18145413870246,9.374516627350408,6.795705775173514,2.578810852176894,1,0
XK,2012,9,9174.274,704,1,0,13.031639204545455,9.124158541726585,6.556778356158042,2.567380185568543,1,0
XK,2012,10,7708.936,646,1,0,11.93333746130031,8.950135454440106,6.470799503782602,2.4793359506575054,1,0
XK,2012,11,7020.373,605,1,0,11.603922314049585,8.856571629511436,6.405228458030842,2.4513431714805933,1,0
XK,2012,12,8771.049,706,1,0,12.423582152974506,9.079211690527956,6.559615237493242,2.5195964530347132,1,0
XK,2013,1,8470.074,690,1,0,12.275469565217392,9.044294524325762,6.536691597591305,2.507602926734458,1,0
XK,2013,2,6331.473,551,1,0,11.490876588021779,8.753288189489247,6.311734809152915,2.441553380336332,1,0
XK,2013,3,8197.668,676,1,0,12.126727810650888,9.011605002561868,6.516193076042964,2.495411926518904,1,0
XK,2013,4,8463.739,677,1,0,12.501830132939437,9.043546317138695,6.517671272912275,2.5258750442264195,1,0
XK,2013,5,8576.164,682,1,0,12.57502052785924,9.056742006262066,6.525029657843462,2.531712348418605,1,0
XK,2013,6,8817.924,689,1,0,12.798148040638608,9.084541747146334,6.535241271013659,2.549300476132676,1,0
XK,2013,7,12814.1,953,1,0,13.446065057712488,9.45830140613293,6.859614903654202,2.598686502478728,1,0
XK,2013,8,13488.604,993,1,0,13.58368982880161,9.509600459784687,6.900730664045173,2.6088697957395155,1,0
XK,2013,9,8875.446,715,1,0,12.41321118881119,9.091043866602078,6.5722825426940075,2.5187613239080697,1,0
XK,2013,10,8208.855,679,1,0,12.089624447717231,9.012968728652247,6.520621127558696,2.4923476010935506,1,0
XK,2013,11,6493.807,570,1,0,11.392643859649123,8.778604232479852,6.345636360828596,2.4329678716512557,1,0
XK,2013,12,5854.923,509,1,0,11.502795677799607,8.67503812479248,6.2324480165505225,2.442590108241957,1,0
XK,2014,1,6261.396,529,1,0,11.836287334593573,8.742158442427517,6.270988431858299,2.4711700105692165,1,0
XK,2014,2,5418.352,449,1,0,12.067599109131402,8.59754698915778,6.1070228877422545,2.4905241014155246,1,0
XK,2014,3,5682.787,492,1,0,11.550380081300814,8.645197060390604,6.198478716492308,2.4467183438982953,1,0
XK,2014,4,6747.623,548,1,0,12.313180656934305,8.816945573699709,6.306275286948016,2.5106702867516923,1,0
XK,2014,5,7156.661,574,1,0,12.468050522648083,8.87579881040189,6.352629396319567,2.523169414082322,1,0
XK,2014,6,7016.209,554,1,0,12.664637184115524,8.855978322661926,6.317164686747284,2.538813635914642,1,0
XK,2014,7,10332.736,780,1,0,13.247097435897437,9.243072386676703,6.659293919683638,2.583778466993066,1,0
XK,2014,8,11254.004,845,1,0,13.318347928994084,9.328479255422343,6.739336627357174,2.589142628065168,1,0
XK,2014,9,7166.61,582,1,0,12.313762886597937,8.87718801843964,6.366470447731438,2.510717570708202,1,0
XK,2014,10,7232.48,572,1,0,12.644195804195803,8.886337271550925,6.349138991379798,2.5371982801711277,1,0
XK,2014,11,5863.424,494,1,0,11.869279352226721,8.676489012275377,6.202535517187923,2.473953495087454,1,0
XK,2014,12,6786.9,574,1,0,11.823867595818815,8.822749562544821,6.352629396319567,2.470120166225254,1,0
XK,2015,1,6666.903,542,1,0,12.300559040590406,8.804910713239682,6.295266001439646,2.5096447118000356,1,0
XK,2015,2,5134.565,449,1,0,11.43555679287305,8.54375040601873,6.1070228877422545,2.436727518276477,1,0
XK,2015,3,5946.222,502,1,0,11.84506374501992,8.690511338885289,6.218600119691729,2.4719112191935597,1,0
XK,2015,4,7263.851,587,1,0,12.3745332197615,8.890665407956215,6.375024819828097,2.515640588128119,1,0
XK,2015,5,7410.106,604,1,0,12.268387417218543,8.91060002318107,6.403574197934815,2.5070258252462545,1,0
XK,2015,6,8111.31,609,1,0,13.319064039408868,9.00101466304163,6.411818267709897,2.5891963953317334,1,0
XK,2015,7,12243.644,893,1,0,13.710687569988803,9.412762224177069,6.794586580876499,2.6181756433005705,1,0
XK,2015,8,12178.367,911,1,0,13.36813062568606,9.40741646002581,6.814542897259958,2.592873562765853,1,0
XK,2015,9,8078.632,650,1,0,12.428664615384616,8.996977830250412,6.476972362889683,2.520005467360729,1,0
XK,2015,10,7679.79,619,1,0,12.406768982229401,8.94634748201787,6.428105272684596,2.5182422093332746,1,0
XK,2015,11,6285.937,511,1,0,12.301246575342466,8.746070195035575,6.236369590203704,2.5097006048318704,1,0
XK,2015,12,6593.667,526,1,0,12.535488593155895,8.793864921901527,6.26530121273771,2.5285637091638167,1,0
XK,2016,1,7281.467,570,1,0,12.774503508771929,8.89308763187913,6.345636360828596,2.5474512710505346,1,0
XK,2016,2,6363.17,511,1,0,12.45238747553816,8.75828195983331,6.236369590203704,2.521912369629606,1,0
XK,2016,3,7677.736,588,1,0,13.057374149659864,8.946079991015447,6.376726947898627,2.56935304311682,1,0
XK,2016,4,8121.181,657,1,0,12.36100608828006,9.002230865929619,6.48768401848461,2.514546847445008,1,0
XK,2016,5,8016.288,623,1,0,12.867235955056179,8.989230750822959,6.434546518787453,2.554684232035505,1,0
XK,2016,6,8625.852,672,1,0,12.836089285714287,9.062519019629576,6.51025834052315,2.552260679106426,1,0
XK,2016,7,11907.471,869,1,0,13.702498273878021,9.3849212972322,6.767343125265392,2.6175781719668088,1,0
XK,2016,8,12872.393,930,1,0,13.841282795698925,9.462840219592099,6.835184586147301,2.6276556334447982,1,0
XK,2016,9,8973.356,682,1,0,13.15741348973607,9.102015021090336,6.525029657843462,2.5769853632468736,1,0
XK,2016,10,9284.954,680,1,0,13.654344117647058,9.136150519547286,6.522092798170152,2.6140577213771334,1,0
XK,2016,11,7156.267,529,1,0,13.52791493383743,8.87574375527968,6.270988431858299,2.6047553234213807,1,0
XK,2016,12,8238.207,615,1,0,13.395458536585366,9.016538002138457,6.421622267806518,2.59491573433194,1,0
XK,2017,1,7625.726,566,1,0,13.473014134275617,8.939282810057886,6.338594078203183,2.6006887318547025,1,0
XK,2017,2,6245.689,478,1,0,13.0662949790795,8.739646744736573,6.169610732491456,2.570036012245117,1,0
XK,2017,3,7279.413,543,1,0,13.405917127071822,8.892805506071676,6.297109319933935,2.5956961861377406,1,0
XK,2017,4,9505.627,706,1,0,13.46406090651558,9.159639218028348,6.559615237493242,2.600023980535105,1,0
XK,2017,5,8880.764,652,1,0,13.620803680981593,9.091642868321363,6.480044561926653,2.6115983063947112,1,0
XK,2017,6,8816.604,639,1,0,13.79750234741784,9.084392040842603,6.459904454377535,2.6244875864650683,1,0
XK,2017,7,12926.687,925,1,0,13.974796756756756,9.467049213103056,6.829793737512425,2.6372554755906314,1,0
XK,2017,8,13318.425,984,1,0,13.53498475609756,9.496903693859853,6.891625897052253,2.6052777968076,1,0
XK,2017,9,9931.866,751,1,0,13.224854860186419,9.203503654793185,6.621405651764134,2.5820980030290497,1,0
XK,2017,10,8748.33,676,1,0,12.941316568047338,9.07661810399326,6.516193076042964,2.5604250279502967,1,0
XK,2017,11,6640.256,537,1,0,12.365467411545625,8.800905795944152,6.285998094508865,2.5149077014352876,1,0
XK,2017,12,8512.682,658,1,0,12.937206686930093,9.049312330552267,6.489204931325317,2.560107399226949,1,0
XK,2018,1,8317.442,626,1,0,13.286648562300318,9.026110034619146,6.439350371100098,2.5867596635190466,1,0
XK,2018,2,6899.499,512,1,0,13.475583984375,8.839204079253559,6.238324625039508,2.6008794542140516,1,0
XK,2018,3,8670.065,629,1,0,13.783887122416536,9.067631566862978,6.444131256700441,2.6235003101625374,1,0
XK,2018,4,10007.554,716,1,0,13.977030726256983,9.211095486805206,6.573680166960646,2.63741531984456,1,0
XK,2018,5,9757.794,708,1,0,13.782194915254237,9.185821629269567,6.56244409369372,2.6233775355758473,1,0
XK,2018,6,10583.007,754,1,0,14.035818302387268,9.267004880531662,6.625392368007956,2.641612512523705,1,0
XK,2018,7,14223.53,978,1,0,14.543486707566462,9.562652914463106,6.885509670034818,2.677143244428288,1,0
XK,2018,8,15180.992,1055,1,0,14.389565876777251,9.627799397958068,6.961296045910167,2.6665033520479016,1,0
XK,2018,9,10672.681,757,1,0,14.098653896961691,9.275442577963593,6.6293632534374485,2.646079324526145,1,0
XK,2018,10,9688.906,702,1,0,13.8018603988604,9.178736798614338,6.553933404025811,2.624803394588527,1,0
XK,2018,11,8678.923,645,1,0,13.455694573643411,9.068652721615027,6.4692503167957724,2.5994024048192554,1,0
XK,2018,12,9965.66,736,1,0,13.540298913043477,9.206900462265006,6.601230118728877,2.605670343536129,1,0
XK,2019,1,9717.496,725,1,0,13.403442758620688,9.181683251097787,6.586171654854675,2.5955115962431132,1,0
XK,2019,2,7539.148,590,1,0,12.778216949152542,8.927864457269841,6.380122536899765,2.547741920370075,1,0
XK,2019,3,8665.595,679,1,0,12.762290132547864,9.067115866843588,6.520621127558696,2.5464947392848925,1,0
XK,2019,4,10600.583,759,1,0,13.96651251646904,9.268664278587714,6.63200177739563,2.636662501192084,1,0
XK,2019,5,10412.472,768,1,0,13.55790625,9.250759597395852,6.643789733147672,2.60696986424818,1,0
XK,2019,6,11868.397,837,1,0,14.179685782556751,9.381634432148838,6.729824070489475,2.651810361659362,1,0
XK,2019,7,16401.049,1121,1,0,14.63073059768064,9.705100575181351,7.02197642307216,2.6831241521091918,1,0
XK,2019,8,16765.146,1195,1,0,14.02941087866109,9.727057367481557,7.085901464365611,2.641155903115945,1,0
XK,2019,9,11108.09,817,1,0,13.596193390452877,9.315428950662502,6.705639094860003,2.6097898558024992,1,0
XK,2019,10,9575.917,702,1,0,13.640907407407406,9.167006579698157,6.553933404025811,2.6130731756723464,1,0
XK,2019,11,8045.79,594,1,0,13.54510101010101,8.992904252243695,6.386879319362645,2.6060249328810507,1,0
XK,2019,12,9978.539,731,1,0,13.650532147742819,9.208191965803469,6.594413459749778,2.6137785060536904,1,0
XK,2020,1,9995.784,722,1,0,13.844576177285319,9.209918683077916,6.582025138892826,2.6278935441850892,1,0
XK,2020,2,8593.078,619,1,0,13.882193861066234,9.058712274427851,6.428105272684596,2.6306070017432543,1,0
XK,2020,3,5209.483,364,1,0,14.311766483516484,8.558235897577886,5.8971538676367405,2.6610820299411455,1,0
XK,2020,4,1080.271,118,1,0,9.154838983050848,6.984967214567546,4.770684624465665,2.214282590101882,1,0
XK,2020,5,1325.102,114,1,0,11.623701754385966,7.189244716589503,4.736198448394496,2.4530462681950076,1,0
XK,2020,6,1445.775,125,1,0,11.5662,7.276400788951765,4.8283137373023015,2.4480870516494635,1,0
XK,2020,7,7094.47,506,1,0,14.020691699604743,8.867070886310618,6.226536669287466,2.6405342170231516,1,0
XK,2020,8,7706.156,548,1,0,14.062328467153284,8.949774768946938,6.306275286948016,2.643499481998922,1,0
XK,2020,9,5325.511,404,1,0,13.18195792079208,8.58026394841484,6.0014148779611505,2.57884907045369,1,0
XK,2020,10,8929.527,612,1,0,14.590730392156862,9.09711870494252,6.416732282512326,2.680386422430194,1,0
XK,2020,11,6115.401,453,1,0,13.499781456953642,8.718565622422581,6.115892125483034,2.602673496939546,1,0
XK,2020,12,8423.771,610,1,0,13.809460655737706,9.038812869208796,6.413458957167357,2.625353912041439,1,0
XK,2021,1,8809.1262,633,1,0,13.916471090047395,9.083543531264413,6.450470422144176,2.633073109120237,1,0
XK,2021,2,5895.25965,445,1,0,13.247774494382023,8.681903857803011,6.09807428216624,2.58382957563677,1,0
XK,2021,3,6762.9681,482,1,0,14.031054149377594,8.819217140722177,6.1779441140506,2.641273026671577,1,0
XK,2021,4,5934.0078,433,1,0,13.704406004618939,8.688455115308953,6.07073772800249,2.617717387306463,1,0
XK,2021,5,8179.3404,577,1,0,14.175633275563259,9.00936679064874,6.3578422665081,2.651524524140639,1,0
XK,2021,6,11016.6651,737,1,0,14.947985210312076,9.307164414402939,6.602587892189336,2.7045765222136016,1,0
XK,2021,7,22306.032,1441,1,0,15.479550312283136,10.012612414145043,7.273092595999522,2.7395198181455207,1,0
XK,2021,8,24502.12695,1597,1,0,15.3425967125861,10.106515207050391,7.3758821482150125,2.7306330588353784,1,0
XK,2021,9,12961.4121,916,1,0,14.150013209606987,9.46973192230407,6.82001636467413,2.649715557629941,1,0
XK,2021,10,11927.75535,827,1,0,14.422920616686818,9.38662334567085,6.717804695023691,2.6688186506471583,1,0
XK,2021,11,8817.5367,625,1,0,14.10805872,9.084497824279033,6.437751649736401,2.6467461745426317,1,0
XK,2021,12,12761.4123,894,1,0,14.274510402684564,9.454181232592182,6.795705775173514,2.658475457418668,1,0
XK,2022,1,12140.63235,843,1,0,14.401699110320285,9.404313151395336,6.736966958001855,2.6673461933934792,1,0
XK,2022,2,8543.4867,595,1,0,14.358801176470587,9.052924482148075,6.38856140554563,2.664363076602445,1,0
XK,2022,3,10504.4877,730,1,0,14.38970917808219,9.259557844836252,6.593044534142437,2.666513310693814,1,0
XK,2022,4,14896.23345,1026,1,0,14.51874605263158,9.608863671386525,6.933423025730715,2.67544064565581,1,0
XK,2022,5,13636.60515,947,1,0,14.39979424498416,9.520513011123183,6.853299093186078,2.667213917937106,1,0
XK,2022,6,14785.7976,1023,1,0,14.45337008797654,9.60142237739898,6.930494765951626,2.6709276114473544,1,0
XK,2022,7,20577.4632,1381,1,0,14.900407820419984,9.931951736484125,7.2305631534092925,2.701388583074834,1,0
XK,2022,8,20076.3864,1350,1,0,14.871397333333332,9.90729959745153,7.2078598714324755,2.6994397260190555,1,0
XK,2022,9,13826.4878,979,1,0,14.123072318692545,9.534341437236808,6.88653164253051,2.6478097947062986,1,0
XK,2022,10,12568.36455,867,1,0,14.496383564013842,9.438938185721023,6.7650389767805414,2.6738992089404814,1,0
XK,2022,11,10396.30095,707,1,0,14.704810396039605,9.249205343976467,6.561030665896573,2.6881746780798945,1,0
XK,2022,12,12982.3218,902,1,0,14.392817960088692,9.471343849454426,6.804614520062624,2.6667293293918015,1,0
XK,2023,1,12863.9574,881,1,0,14.601540749148693,9.4621846798461,6.78105762593618,2.6811270539099206,1,0
XK,2023,2,9464.5404,659,1,0,14.361973292867981,9.155307504619762,6.490723534502507,2.664583970117255,1,0
XK,2023,3,11141.991,795,1,0,14.015083018867925,9.318476222825993,6.678342114654332,2.64013410817166,1,0
XK,2023,4,15129.82485,1035,1,0,14.618188260869566,9.624423230376994,6.942156705699469,2.6822665246775252,1,0
XK,2023,5,15082.71345,1026,1,0,14.70050043859649,9.621304562377878,6.933423025730715,2.687881536647164,1,0
XK,2023,6,15859.6137,1063,1,0,14.919674223894638,9.67153113801957,6.968850378341948,2.702680759677622,1,0
XK,2023,7,21049.78255,1413,1,0,14.897227565463552,9.9546455088909,7.253470382684528,2.7011751262063726,1,0
XK,2023,8,20980.77975,1431,1,0,14.661621069182392,9.95136204760854,7.266128779556451,2.6852332680520896,1,0
XK,2023,9,15184.94985,1064,1,0,14.271569407894738,9.628060074873144,6.96979066990159,2.6582694049715547,1,0
XK,2023,10,13955.19615,975,1,0,14.313021692307693,9.543607201765584,6.882437470997847,2.661169730767737,1,0
XK,2023,11,10774.14975,783,1,0,13.760089080459771,9.284905002345669,6.663132695990803,2.621772306354865,1,0
XK,2023,12,14598.5805,1015,1,0,14.382837931034484,9.588679576942274,6.922643891475888,2.6660356854663863,1,0
XK,2024,1,15550.83084,1068,1,0,14.560703033707865,9.651869346405118,6.97354301952014,2.6783263268849766,1,0
XK,2024,2,12503.35528,867,1,0,14.421401707035756,9.433752309671545,6.7650389767805414,2.6687133328910035,1,0
XK,2024,3,13732.49416,957,1,0,14.349523678160919,9.52752013994816,6.863803391452954,2.663716748495207,1,0
XK,2024,4,14969.36556,1049,1,0,14.270129227836035,9.613761095754061,6.955592608396297,2.6581684873577642,1,0
XK,2024,5,15310.877,1076,1,0,14.229439591078068,9.636318769832817,6.98100574072173,2.655313029111087,1,0
XK,2024,6,17022.80624,1140,1,0,14.932286175438598,9.742309267502245,7.038783541388542,2.703525726113704,1,0
XK,2024,7,22388.64424,1517,1,0,14.758499828609098,10.016309155727296,7.324489979348532,2.691819176378763,1,0
XK,2024,8,23028.58848,1564,1,0,14.724161432225063,10.044491700445727,7.355001921105257,2.6894897793404713,1,0
XK,2024,9,17314.05712,1187,1,0,14.586400269587196,9.759274000834619,7.079184394609668,2.6800896062249504,1,0
XK,2024,10,17058.2821,1174,1,0,14.530052896081772,9.744391118437232,7.068172000388042,2.67621911804919,1,0
XK,2024,11,15422.14932,1059,1,0,14.562936090651558,9.643560022618113,6.9650803456014065,2.6784796770167056,1,0
XK,2024,12,18414.51764,1273,1,0,14.465449835035349,9.820894634672403,7.149131598557407,2.6717630361149958,1,0
XK,2025,1,17619.00028,1213,1,0,14.525144501236603,9.776733160082564,7.10085190894405,2.675881251138514,1,0
XK,2025,2,14448.5786,1003,1,0,14.405362512462613,9.578351321920243,6.910750787961936,2.6676005339583067,1,0
XK,2025,3,16470.69736,1129,1,0,14.588748768821965,9.709338163501794,7.029087564149662,2.680250599352132,1,0
XK,2025,4,18510.35412,1241,1,0,14.915676164383562,9.826085536664932,7.123672785204607,2.7024127514603244,1,0
XK,2025,5,19095.03312,1236,1,0,15.449055922330096,9.85718353414358,7.119635638017636,2.737547896125944,1,0
XK,2025,6,19868.87604,1299,1,0,15.295516581986142,9.896909768269065,7.1693500166706,2.7275597515984646,1,0
XK,2025,7,24633.44482,1638,1,0,15.038733101343102,10.111860344103679,7.401231264413015,2.7106290796906647,1,0
XK,2025,8,25356.5036,1703,1,0,14.889315091015854,10.140790528383668,7.440146680662688,2.70064384772098,1,0
XK,2025,9,18912.66636,1281,1,0,14.763986229508197,9.847587154356669,7.155396301896734,2.6921908524599343,1,0
XK,2025,10,18455.07624,1249,1,0,14.775881697357885,9.82309474658534,7.130098510125578,2.6929962364597633,1,0
XK,2025,11,16113.20024,1133,1,0,14.221712480141218,9.687394105729021,7.0326242610280065,2.6547698447010144,1,0
XK,2025,12,19065.03208,1291,1,0,14.767646847405112,9.855611154954817,7.1631723908466425,2.6924387641081746,1,0
XK,2026,1,18234.48612,1230,1,0,14.824785463414635,9.81106992187503,7.114769448366463,2.6963004735085656,1,0
XK,2026,2,15033.8738,1022,1,0,14.710248336594912,9.618061187395943,6.92951677076365,2.688544416632293,1,0
XK,2026,3,17100.36844,1160,1,0,14.74169693103448,9.746855288457466,7.05617528410041,2.690680004357055,1,0
XK,2026,4,17570.57012,1191,1,0,14.752787674223342,9.773980629146449,7.0825485693553,2.691432059791149,1,0
XK,2026,5,17232.75664,1157,1,0,14.894344546240276,9.754567307438696,7.053585727193677,2.7009815802450206,1,0
XK,2026,6,17808.13892,1210,1,0,14.717470181818182,9.787410874473219,7.098375638590786,2.6890352358824314,1,0
XK,2026,7,25068.04616,1695,1,0,14.7894077640118,10.129349252734286,7.43543801981455,2.6939112329197354,1,0
