iteration,beta_perm
0,0.003909514398679287
1,0.039735503046089624
2,0.024681200159421657
3,0.009518339848225532
4,0.11934640112692757
5,0.004504738847167511
6,-0.002914887320161541
7,-0.047090800501323554
8,0.06777791449339018
9,0.004906268711403733
10,-0.13951469182841808
11,-0.02997441737098744
12,0.08514999257905154
13,0.054231965842836904
14,0.04042273327037005
15,0.10728118128106084
16,-0.0373221950285193
17,0.09402621951548001
18,-4.384976532739726e-05
19,-0.02131451122301678
20,0.04809358207376267
21,-0.0008173221341026826
22,0.11759114255256459
23,0.02564048744096492
24,0.0016150396155759361
25,-0.08115177569003368
26,0.0693920465146245
27,0.0463883516915346
28,0.04656049593410691
29,0.01098276470589743
30,0.05544270933616033
31,-0.08177622034340704
32,0.021949279090788087
33,-0.0701364806296064
34,-0.010421582406593327
35,-0.013758652389451509
36,0.09034332331706701
37,-0.14630800487056142
38,0.015675033548885747
39,-0.021884056700973847
40,-0.03744021105337292
41,0.006857117578676797
42,0.1540757992339748
43,0.006956415806070232
44,-0.0983026610993803
45,-0.002269550690222666
46,0.07033477684581926
47,0.008528241756722565
48,-0.04686936226247909
49,0.013438629955821763
50,0.10276500250401849
51,0.06265598997200653
52,0.039616825322737775
53,-0.10214977174855389
54,0.0010107133183265282
55,-0.004984468837332556
56,-0.06192969842647075
57,0.10886881636705237
58,-0.006040555724870306
59,0.11769794631929248
60,0.06618166693983729
61,-0.07457706146473908
62,0.10272321361821582
63,-0.024034094394958738
64,-0.13342131369386184
65,-0.01255990674676083
66,0.0014408190529302534
67,0.057079001323698364
68,0.0025062649658458835
69,-0.06767678080658696
70,0.03271616982836556
71,0.03396984077492626
72,0.05533973581382165
73,0.01898306723880583
74,0.05891181863964082
75,0.05694880213258574
76,0.0141256979564785
77,0.03431561464116056
78,-0.03393626485424947
79,0.0606310699677127
80,0.049490398812861824
81,0.06437099713743982
82,-0.059080545121119876
83,-0.04253965363914222
84,-0.02529555105442935
85,-0.09556289397220294
86,-0.04906304579979051
87,-0.19257557703401054
88,-0.013095223228141079
89,0.042352919410649725
90,-8.67440092782168e-05
91,-0.11960188438805996
92,0.03129100177350652
93,0.04946010268909409
94,-0.03427514631404299
95,0.041388533881811795
96,-0.05274979789220113
97,0.04076018346458904
98,0.026147553427106368
99,-0.06957242882630923
100,-0.004534015827073551
101,-0.040777366766249296
102,-0.03728043256039712
103,-0.16206280601854325
104,0.12157294439620744
105,0.11915262697360668
106,-0.08193152294089462
107,0.11415383164988693
108,-0.06160073902461438
109,-0.018294375591788814
110,0.11696604936456959
111,-0.09008823744906055
112,-0.183334615574105
113,0.02227383718444348
114,-0.06965031973193214
115,0.17398542035567974
116,-0.02008631771878519
117,-0.009874235733987491
118,0.006385412420325198
119,-0.04459409431606731
120,-0.012350904034117649
121,0.03445010915562677
122,-0.0459488664536751
123,-0.004947226565034046
124,0.005324980920591027
125,-0.08026135561069522
126,0.05913680272649052
127,0.08338889916155773
128,-0.05719904258829814
129,-0.04715482007039967
130,0.06859292887204166
131,-0.04720342051599605
132,-0.06943309672821765
133,0.09751098008274314
134,-0.06068246962108359
135,0.06596612846675934
136,0.10344648697465775
137,-0.08124480699799547
138,-0.011405929228039763
139,-0.015341900891107013
140,0.0005928835622538431
141,-0.009749018675124455
142,0.043591331107392356
143,0.016833840709928244
144,0.0361427351288236
145,0.014667610865972486
146,0.04774564955650468
147,-0.03165944655144848
148,0.007509743421349746
149,-0.1156327080246754
150,0.05206683506583995
151,-0.01763195492999653
152,0.039586595588329554
153,0.016263914885772196
154,-0.07195367226442326
155,-0.01257365528308077
156,-0.16025693921806994
157,0.029270306722596034
158,0.08505155640548898
159,0.029085541048422536
160,-0.006166098491137917
161,-0.0199104074035982
162,0.04628093899634328
163,0.058641838131656715
164,0.05008884207630285
165,0.04714165947611157
166,-0.042087001206364966
167,-0.0838161418162795
168,-0.046878518189541696
169,0.08304996327141206
170,-0.040310545471596515
171,0.10052347672320017
172,0.10753251372663727
173,0.06081666840866522
174,0.01972090644649041
175,0.000967327380047095
176,-0.03359782216566776
177,-0.10936712476184743
178,-0.009031000250976251
179,-0.11490599013759242
180,-0.05558163052610321
181,-0.006706358036643129
182,-0.003597206099531125
183,-0.06515303590432653
184,0.11773702841191155
185,0.14663408291113353
186,0.13225341983954395
187,-0.04394756876216724
188,-0.006488519594679276
189,0.02253392194838877
190,0.02649947461708968
191,0.09796999807669925
192,-0.16075847294442308
193,0.055203190288976856
194,0.1260473772130088
195,-0.05531884431028311
196,-0.14546793907595276
197,-0.09103564907525083
198,-0.07844380219185743
199,-0.03513675444223391
200,-0.04566391515944418
201,-0.014677493524007906
202,0.07997961590320102
203,0.05732503344203657
204,0.01796136712247301
205,0.0039279081259133986
206,-0.08252667194092578
207,-0.05952461638440473
208,0.09113096719432748
209,-0.03780007864643345
210,0.09900627748664742
211,-0.05892934037580458
212,0.14633313083810962
213,-0.12339385497123581
214,-0.12831131203741172
215,-0.07071982287679784
216,0.004340297024696821
217,0.017685515186078526
218,-0.009428635400866414
219,0.025115543666362428
220,-0.09708552871931822
221,0.03757411426823776
222,-0.046798748289037184
223,0.022057728467049398
224,0.09224227700158244
225,-0.028723291933392736
226,0.052083258910525315
227,-0.01079916875114384
228,-0.06337747038203212
229,0.10680638992879199
230,-0.05133815433562999
231,-0.056225368433304196
232,-0.01580521767091725
233,0.07618827939599554
234,-0.04887056385913374
235,0.1084252152607556
236,-0.02969919523558484
237,0.17413045729309323
238,0.1092933794664172
239,0.008247101349456831
240,0.08563584102640509
241,0.02943239435541592
242,-0.05523304434235346
243,-0.1052749294847048
244,0.06886259441356837
245,0.0144545243156525
246,0.06563858796472763
247,0.0568235398028403
248,-0.07289248499304216
249,-0.09834340969428473
250,0.02861733087425994
251,0.13938318906329644
252,0.023152180183516557
253,0.1483107313235255
254,-0.08811353942391184
255,0.060099625931962594
256,-0.08085325270473648
257,-0.14271905969322327
258,0.07320713923316506
259,-0.038456274391636625
260,0.12341129809916179
261,-0.08434416201608758
262,0.020046689924426347
263,0.10418603716984784
264,0.030082184870847878
265,-0.11166240264121993
266,-0.13807426841178627
267,-0.05696702850615587
268,0.06330009798946223
269,0.07442881727052039
270,-0.019475479313166344
271,-0.03404931274101147
272,-0.01132382160797768
273,-0.01014666863291569
274,0.027071865093955844
275,-0.009557491623662512
276,-0.026363205105350868
277,0.012222571864092951
278,-0.09669808990659223
279,-0.040500796797861144
280,-0.038080871391659776
281,-0.06741155797310344
282,0.08141518880565438
283,0.11268967248827572
284,0.0023450419895788
285,0.048234798068142654
286,0.08218860462332742
287,0.03669035426897707
288,0.022548013130150757
289,-0.1793305271842151
290,0.05445026251917928
291,0.10489500758454393
292,0.17356863879453802
293,-0.07135949813198261
294,0.15522838643196166
295,0.0803262122522328
296,-0.11387534055985427
297,0.0007572408281244503
298,-0.01415445391209752
299,0.0074817090857590696
300,0.0344387481594412
301,0.04340671757387654
302,0.07469403086217022
303,0.06065502980353582
304,-0.026019575907866632
305,-0.01853812708976646
306,-0.008328918309042754
307,0.11008038307900175
308,-0.03478464344024529
309,0.060104221344604775
310,0.06619451946620286
311,-0.013979160101235455
312,0.03858032077786533
313,0.03986682705989039
314,0.10785683658347833
315,0.006880367895713335
316,0.07902211157714334
317,-0.08045202473676188
318,0.045651595790385774
319,-0.020564464277241734
320,-0.11396986449068441
321,0.10683035444082886
322,-0.11187611245468959
323,-0.013815425852232277
324,0.08321013975683364
325,-0.06728585001233184
326,0.023771923219298746
327,-0.08975913681312359
328,0.103588179833282
329,-0.10741119108014496
330,-0.0096382679972227
331,0.09851746368764458
332,0.027530124888900942
333,0.002251811813148513
334,-0.06644778134600157
335,0.069555078061344
336,-0.11610362096658361
337,0.01021274996869126
338,0.06535193422055374
339,-0.013112778912054646
340,0.012533737811881385
341,0.02420352766166295
342,-0.03679003770946698
343,0.09477377083649197
344,-0.06988427458111224
345,0.14983374766647614
346,-0.1191631586771291
347,0.042365725004226196
348,0.028686359349736346
349,0.025088610483129714
350,0.10643074659926566
351,0.05272506951840797
352,-0.05754905553905934
353,-0.08611594127863986
354,0.11282526452587904
355,0.0032149008825271275
356,-0.034035738292947953
357,-0.017024054333196703
358,-0.017571419375729952
359,-0.018986346573625967
360,-0.019444809899592713
361,-0.07360490711056969
362,0.06589764483505339
363,0.07305535918600672
364,0.033063780172321755
365,-0.06946670605216088
366,-0.037757845153714914
367,-0.038409359641773694
368,0.06123695644370947
369,0.04177926564711584
370,-0.06952763433046993
371,-0.0033610612572530507
372,-0.13456337367903662
373,0.016440635537860737
374,-0.003999182655400668
375,0.12311573035581591
376,0.00372163736212322
377,-0.06590449899137471
378,0.11629668953701583
379,-0.09276000984111682
380,0.05251377953789654
381,-0.02599152834991822
382,-0.09745217769677764
383,-0.03287537448134076
384,-0.03934505755243395
385,0.04689029270111944
386,0.08073719487026532
387,-0.040580235544729226
388,0.11083800604145783
389,0.06866541292862657
390,0.08861091664728732
391,-0.03999235582335989
392,0.042510021053329156
393,0.08390151485105696
394,0.0070652820080090994
395,-0.14823499997889528
396,-0.06863276534642923
397,-0.055564342493848395
398,0.09875445037467306
399,0.03990230283254739
400,0.08540280691069227
401,-0.11171113469046168
402,0.013348246113508322
403,0.0985190358169824
404,-0.12795807130174144
405,-0.0967935746871883
406,0.13500559708506965
407,-0.011177384775896693
408,0.013111274454494004
409,0.07794270247683727
410,-0.03657838088246981
411,0.05007797410325235
412,0.0008627258238864677
413,0.0689862093241308
414,-0.019352763604669726
415,-0.042420268577145565
416,-0.12309563517674627
417,-0.015811063749474774
418,0.02256106563160476
419,0.03895846145262294
420,-0.06888596642137482
421,0.09708421226694994
422,0.1512027120617869
423,0.03243770298164064
424,-0.021873673699879692
425,0.00911216923705166
426,0.09128365965215063
427,0.07576819243157254
428,0.11421645995634383
429,-0.05036397617163235
430,0.023758396059992526
431,-0.004013378587764904
432,0.04336173247756081
433,0.044854247811507375
434,-0.03282467900502206
435,0.08246528813631548
436,-0.036644981428387374
437,-0.17351973102120122
438,0.019259168806821825
439,0.034976538667986584
440,0.025772855857311483
441,-0.04987021516808335
442,0.05024793724759152
443,0.1689801007805792
444,0.12580229306114288
445,0.02657324905792041
446,0.09311203491750603
447,0.06714260732963695
448,-0.052888740367949466
449,-0.06692553667263407
450,-0.06252742088726967
451,-0.16311175438039272
452,-0.013908875256110953
453,0.10301947965395164
454,0.09187416526082015
455,0.04812294532841643
456,-0.038597508461743674
457,0.1428146960319834
458,0.091227226282864
459,0.03616683646401492
460,0.08934133928570909
461,0.05220594916512558
462,0.09945458581726516
463,-0.05543780047959196
464,-0.05298184008192067
465,0.01750115182167103
466,-0.03510325594727251
467,-0.006572502039048522
468,0.07493690284176113
469,0.044554601500886915
470,-0.0758499204782053
471,-0.016027513753411216
472,0.04875817311734916
473,0.10169657757871925
474,-0.09244466270963475
475,0.06475475050355764
476,0.042280202656145655
477,-0.07654071164779658
478,-0.031422484729878214
479,-0.013576958519863735
480,-0.14319095798803136
481,-0.0422917316556779
482,-0.005508547412807402
483,-0.07887482585523847
484,-0.004897712279415767
485,0.004670551663127076
486,-0.049041974348102535
487,0.05329455185440493
488,0.08394018940662168
489,-0.08522056664484767
490,-0.046457699030092114
491,-0.035331446131632055
492,0.04757477189417389
493,0.0661239726355407
494,-0.026613870050257893
495,-0.025940837528314553
496,-0.21721352192030516
497,0.05120138042226674
498,-0.03692555718490137
499,-0.05702755082594402
500,0.029543371804137103
501,-0.06303143189307575
502,0.0020675354137177915
503,-0.002049025817815714
504,-0.24061376253246722
505,-0.003238864963768351
506,0.04160471816961123
507,0.10323493036390557
508,0.018984776061673814
509,-0.028050688175820904
510,-0.07143982264870039
511,-0.00033689071251122304
512,0.016578464700001738
513,-0.08061572309902756
514,-0.0522407555052396
515,0.04387819972378609
516,0.18522325371425113
517,0.019969927804354082
518,0.18318519826113586
519,0.05983284598540617
520,-0.0973070355642191
521,0.04240767534008347
522,0.07195442131811139
523,0.04267141482140255
524,0.07452142365309938
525,0.061722654296574
526,-0.009890123880022361
527,0.06738074276240458
528,-0.04847094853165079
529,-0.051238695793481615
530,0.003611501009394613
531,-0.002180487662089947
532,0.004461184532262186
533,-0.01879614748134678
534,0.07919451156583614
535,-0.02920969531672446
536,0.09231759122409502
537,0.029826977762708484
538,-0.00424299833241229
539,-0.07043617018955778
540,-7.305007942054464e-05
541,-0.08851562471215557
542,0.03918547547654555
543,-0.020157593395351253
544,-0.031047611141002435
545,0.027368634084936894
546,-0.0042882005741045615
547,-0.09198556108467876
548,-0.1230180085702261
549,-0.04426274986245293
550,0.012180072092441763
551,0.1362105907299521
552,0.027459816025929507
553,0.06064374301373715
554,-0.1224566249683536
555,-0.1799726041569578
556,-0.11489205829519533
557,0.022759589975591854
558,0.1481307785407528
559,-0.09981773642424549
560,0.0009626405218613465
561,0.028249616765270102
562,0.03738806938469752
563,-0.08983243506682853
564,-0.024354230971938923
565,-0.03666890063184425
566,0.07553486282375776
567,0.07125924773624048
568,0.0028164644930024907
569,0.017023296675763855
570,-0.03283781224366422
571,-0.18476894304879457
572,-0.04448986778262298
573,0.05395940057777859
574,-0.0383404496279669
575,0.10823459997705354
576,0.13497830547343997
577,-0.12041092384679258
578,0.08657715428829799
579,-0.0090406075526977
580,-0.05305502911330251
581,0.09254389976979316
582,0.03303206211828727
583,-0.08522511114063835
584,-0.010080673258641232
585,-0.03036892556311227
586,0.03244980185107291
587,0.05249083482420677
588,-0.11003367211371323
589,-0.11037030533780948
590,-0.032114238380735544
591,0.13911333842018409
592,-0.03457478866369243
593,0.11659216000701106
594,0.06545598175809966
595,-0.022003857933534154
596,-0.10988568601096399
597,0.028105192024235948
598,-0.01276731927501823
599,0.027122586050756403
600,-0.05872696176653472
601,0.0219552154368223
602,-0.01815761993049786
603,0.012514877815330006
604,0.10940025570260467
605,-0.04848572106320703
606,0.0790774878600547
607,0.07743562914744184
608,-0.004142142663955545
609,-0.03194344940914007
610,-0.029013579697352493
611,0.1030727191105626
612,-0.0818818464470088
613,0.13933866801081196
614,-0.04538517308783738
615,0.08542794908199891
616,0.11806892405241604
617,0.09986632245015087
618,0.044937007055598444
619,0.0032616276741600503
620,0.06984424561407829
621,-0.06432182211585974
622,0.07212111130283233
623,-0.05153630220614003
624,-0.014709135761723974
625,0.01694765451362601
626,0.07328168629607185
627,-0.06526132345760216
628,-0.05292637973364159
629,0.039745658316375665
630,0.028294156775018398
631,-0.012267353524890945
632,0.006940980372448474
633,-0.06665641677678935
634,0.2109605406037267
635,0.05633996689578083
636,-0.1397800062715313
637,-0.0033512572920193495
638,-0.0454196268328671
639,0.011513622108298316
640,0.01477968272013272
641,-0.07332423344796635
642,0.053815492945206045
643,0.09649803505056405
644,-0.11175112456638117
645,-0.09317766224416066
646,0.08691014308159348
647,-0.216629004455221
648,0.024529204102295976
649,-0.08916547878341763
650,-0.018034748118138738
651,0.10014117270299766
652,-0.015955229715001296
653,-0.11202438435308698
654,0.15192277306819357
655,0.012937606388288697
656,0.13780697877130393
657,-0.002150007427365569
658,0.03854598970724152
659,0.07143104356422986
660,-0.00849281358235926
661,-0.06743662497464825
662,0.07577527525956634
663,0.0770059555841539
664,-0.1149237171813896
665,-0.08047376737965978
666,0.05276440488555495
667,-0.07058146343450955
668,0.10477397326194227
669,0.0631598644475385
670,-0.08348894379533228
671,0.12274819477835941
672,0.099509000439642
673,-0.05664885438219003
674,-0.2390708548805915
675,-0.016551385808917463
676,0.13096280879518413
677,-0.01592354472906407
678,-0.04354783159867004
679,0.05806621215017144
680,-0.004360763798048728
681,0.02718867345274703
682,0.11242716283352586
683,-0.138518136123997
684,0.051976009993955824
685,0.08957971561907235
686,0.0279382502262229
687,0.020274916202477872
688,0.017260749894765892
689,0.0066320034307917886
690,-0.10228315291329684
691,-0.03002712069544855
692,-0.09161929569924018
693,-0.012881098689025094
694,0.09154967824241947
695,-0.05209574034147904
696,0.0073963136255156825
697,0.15448077945682676
698,0.06748306701048232
699,-0.008699007375398193
700,0.0015929354907776305
701,0.011425407650627634
702,0.03630812383850385
703,-0.05680428048047295
704,0.08801967866467958
705,-0.13310916793904518
706,0.025891155378425096
707,0.012566681710282634
708,0.03244482487231959
709,0.07008061457462575
710,0.028527474387248064
711,0.08424063898973011
712,-0.06810080436191049
713,0.11554653646566129
714,0.021037171804116378
715,0.03420062321380904
716,0.0017390915139905982
717,0.007614072882892564
718,-0.04534255244462537
719,-0.1263526566030593
720,-0.08127470058340108
721,0.04566415791364202
722,0.005122277362717198
723,0.07115154753765757
724,-0.11041397896180383
725,0.15299453915054564
726,0.07695286858435568
727,0.020386807291656817
728,-0.0927137748658019
729,0.03591372278288263
730,0.06706495770943555
731,0.09677631125728509
732,0.057414243578023966
733,-0.0816672833426147
734,0.00742046506083735
735,0.06823522916429794
736,-0.018814556436083513
737,0.08356481909654287
738,-0.0012138035065217823
739,-0.08431512552952075
740,0.003747390776519588
741,-0.01071927975734921
742,0.05280684936569907
743,-0.03066818666858223
744,0.13616473177442928
745,-0.07255454885641432
746,-0.06347630642745913
747,-0.10115165081287356
748,0.07418193390110545
749,0.09735536702375414
750,-0.040584453656629604
751,-0.020698668801200026
752,-0.05015666837123128
753,-0.04680186230486599
754,-0.10425591965716885
755,0.04647511864606585
756,-0.032124789058140035
757,-0.22593514664549932
758,-0.008561123551598243
759,-0.00029975285975206156
760,0.021019546651083493
761,0.06653308319508675
762,0.02420902845163775
763,0.023952018111522894
764,-0.13077985660381092
765,0.10724255056305791
766,-0.003037262526770529
767,0.10894826185404216
768,0.07304357931196298
769,0.09396159315862876
770,-0.028711850413957962
771,0.10847282207701486
772,-0.19697165439700257
773,-0.09781807741762269
774,0.047187927006593244
775,-0.08592721940018555
776,-0.05155408074125062
777,0.0030481372623395175
778,0.029565598571323515
779,-0.028354424943269008
780,-0.03288740414371652
781,-0.16662990585856383
782,-0.15139439332268814
783,0.07112383668349706
784,-0.01899857312582723
785,0.01437962661928155
786,-0.07789346087211793
787,-0.05099334876366085
788,-0.11582496438199794
789,-0.019335519445352778
790,-0.010840915673471174
791,-0.13158456453111833
792,0.032199258807530884
793,0.03602562549334842
794,0.03296993879420418
795,-0.08214760543250826
796,0.0195388197475313
797,-0.020853326149491674
798,0.10754239459057763
799,-0.019491976941506117
800,-0.11938938652129882
801,-0.0016127616931116417
802,0.04240227288156487
803,-0.007856161136604978
804,0.07356561588707355
805,0.13086318793000695
806,0.08228974644608777
807,-0.0016936200634261045
808,0.0010210348513203238
809,-0.044952114390131526
810,0.09801945917671656
811,-0.03136296400801711
812,-0.02467858569140788
813,-0.0596069955197259
814,-0.011168989218714731
815,0.048081512645803015
816,0.09116592566561954
817,-0.014059051459939131
818,0.09006333521371573
819,0.09273582476115699
820,0.10168987756219339
821,-0.09552741840001461
822,-0.07119145328340523
823,-0.06492241387935249
824,0.11819411198884197
825,-0.16191383010772487
826,-0.04484763002557879
827,-0.014541896660870968
828,0.002437889030306284
829,0.09948962418057372
830,0.04929372043176067
831,0.06946547778745996
832,-0.0276829193389449
833,-0.04679503534704468
834,-0.08297623853102071
835,0.08988462318104395
836,-0.12051586735575709
837,-0.04725990283507281
838,-0.01663823851780627
839,-0.052823238109537235
840,0.0070948158432095065
841,-0.026144266773442948
842,0.05212187981704183
843,0.02799532609800981
844,0.07227256905633417
845,-0.05939043783215375
846,-0.056450346233848925
847,0.04497736041773759
848,-0.1621110263035536
849,0.03657394423183005
850,0.018806090676929094
851,-0.12044714372909532
852,0.11335510970032195
853,-0.006136953452669958
854,-0.010691424227578072
855,-0.07367166179924597
856,0.07516723649342341
857,-0.05356144175380731
858,-0.0019451107755221742
859,0.037353933096026
860,0.10933615093416471
861,-0.1224850209372686
862,0.03917361419341442
863,-0.031248364485138985
864,-0.02503259028815391
865,0.05121926278626712
866,-0.04720350114188851
867,-0.07708558297713275
868,0.08129514446658537
869,-0.03679376122172742
870,0.0005236591846227157
871,0.08149353473650586
872,0.02650689861377417
873,-0.01836218173198534
874,0.03807153612152553
875,0.03713478455443947
876,0.15898807705805623
877,-0.06277608334539717
878,-0.01719721564618043
879,0.12841536307366164
880,0.10572664242098259
881,0.0662671319215036
882,-0.010568565732436086
883,0.02648547285116362
884,0.03283073535889286
885,-0.030566976202410195
886,0.08808412345236116
887,-0.040940049985569105
888,-0.020583018944184933
889,0.04335392850888364
890,0.046445362478436364
891,-0.039634913051984855
892,-0.04221750599680968
893,0.11356984716799237
894,-0.011483068762555226
895,-0.019527452938039258
896,-0.06146151592808072
897,0.1476538574968518
898,-0.050482479674923864
899,-0.02537648915160412
900,-0.00019183560064703342
901,-0.11517848602350844
902,-0.05743005851372726
903,-0.13420356937954342
904,0.09453872479433809
905,-0.0579384158894346
906,-0.00037517321079996724
907,-0.17881029898147177
908,-0.04803992336769236
909,-0.04123948126199187
910,0.1656467147526956
911,-0.08806967268933402
912,-0.0013002552248409516
913,-0.03955947161254195
914,0.05427648432784404
915,-0.02087172021839173
916,-0.07175519293225655
917,0.06691429261968232
918,0.058887502449212176
919,-0.11075236552810122
920,-0.0700347862651011
921,-0.13704670093450194
922,-0.06282717139358576
923,0.04175270289782518
924,-0.021723973961283616
925,-0.1073931962554365
926,0.012299578832862174
927,0.15892898808418396
928,-0.05928730830880899
929,0.12086585494208316
930,0.08589415471366241
931,0.04872625946690762
932,-0.027758571818816524
933,-0.01944322936085685
934,0.12972556719619932
935,-0.0778260469192747
936,-0.0481096177417184
937,-0.040129953020394155
938,-0.041090661216786506
939,-0.10315604809981035
940,-0.08550724591259787
941,-0.008020862185673855
942,-0.054349146546454785
943,-0.10633521592854137
944,0.0758171722117541
945,-0.023111252489690037
946,-0.07597788525873767
947,-0.09896754557485735
948,0.01884429711711688
949,0.00834232644100108
950,0.03299425371600273
951,0.01642952400268438
952,0.07884415709031442
953,-0.06816491107796088
954,0.10339899755604437
955,-0.04640785158335031
956,-0.040122531833185815
957,0.09011440755228087
958,0.08419389540585759
959,0.034227120678133216
960,-0.08012706600495378
961,0.03435689900684691
962,0.058986776158362314
963,-0.011788078575283634
964,-0.048731962222137326
965,0.0021247923458751206
966,-0.012124967214314664
967,0.008759674061006112
968,0.04685898359141524
969,-0.01908728514008251
970,0.03647854243857512
971,0.06333059038045438
972,0.07981377654648628
973,-0.014051860525474719
974,-0.05560577324193472
975,0.028518930868131925
976,0.05688415382543752
977,0.12928877866661237
978,-0.1007875094652067
979,0.15885723231402127
980,-0.054767579782507986
981,-0.046957573509681994
982,-0.1038615729705106
983,0.03349139625102608
984,0.006267337354496111
985,-0.07111061385411141
986,-0.020592874350087748
987,0.04909496417809571
988,-0.009394250667317638
989,0.025270818945972606
990,-0.055679965048845426
991,-0.04426880349642284
992,-0.08027702237116488
993,-0.016828558918558195
994,-0.10197823520385119
995,-0.012952935864643134
996,0.003654101976169527
997,0.12601121808197915
998,-0.008325605101678818
999,0.030069021744769303
1000,0.0031236940076204422
1001,-0.01617803989005326
1002,0.14186606369362623
1003,0.08573939753977669
1004,0.06495971189093258
1005,-0.025223345021858107
1006,0.0641638466953939
1007,0.008673311566497088
1008,0.01973334007581873
1009,-0.17081595298106306
1010,-0.05006160896611428
1011,0.09443206453177816
1012,0.07928408368774298
1013,0.014387340489272482
1014,0.035349902795655364
1015,-0.016851574640422223
1016,0.03449416411098727
1017,0.1268687759708916
1018,0.007681876137845878
1019,0.04950811760694357
1020,-0.08579593568633281
1021,-0.0014357936616144484
1022,0.019395187612937348
1023,-0.012450052840238368
1024,-0.04925280604237853
1025,0.08806201477906556
1026,0.13110874439970255
1027,0.030190860474537146
1028,0.09508621076648183
1029,-0.08368722543930554
1030,0.12222816443649423
1031,0.03648948960774709
1032,-0.0950316162938162
1033,0.10944744685270337
1034,0.05176642944709675
1035,-0.012942274655792896
1036,0.009459876323331756
1037,0.05299900397850854
1038,-0.12071371222760602
1039,0.047910363623421715
1040,-0.14477572969063635
1041,0.014291245188474966
1042,-0.07774557377651481
1043,0.05905809139378913
1044,0.0020650235404855444
1045,-0.03020171158332205
1046,-0.017553876769607235
1047,0.022303437036240104
1048,-0.029262614829237532
1049,0.03267409979787533
1050,-0.05424064473906545
1051,0.08070584138938322
1052,0.15849960201170404
1053,0.1584813337072845
1054,-0.04432978055214354
1055,0.03279337721364761
1056,-0.0027110964644737057
1057,-0.08489116454798928
1058,-0.03477136606882145
1059,-0.041247010343911095
1060,0.05800304473960319
1061,-0.03223792666298292
1062,-0.0575193162247202
1063,-0.009175449136717473
1064,0.10300592828862412
1065,0.08616133772416817
1066,0.038518381441265515
1067,-0.0648350683280399
1068,-0.17247798756294336
1069,0.11801323108817852
1070,-0.00048212658281815424
1071,0.13206711317510023
1072,-0.0025772757032049287
1073,0.001818340051756212
1074,0.015062552591663836
1075,0.012490995052125808
1076,0.10555685937805226
1077,-0.20239297172003698
1078,0.06620211401462311
1079,-0.04216217610547782
1080,-0.08054076041170863
1081,-0.06672247027714406
1082,-0.030458842551382592
1083,0.10228336809869054
1084,0.02002895437350319
1085,-0.10323592668230255
1086,-0.02819917320909493
1087,-0.005441022149831831
1088,0.011036554191289294
1089,-0.08581806332668401
1090,0.15445292589815762
1091,-0.0003301564322855388
1092,0.07378909231928965
1093,-0.02958298422482078
1094,0.11891105396972362
1095,-0.13303729944605905
1096,0.10137639778084245
1097,-0.028282001885694186
1098,0.007888680305027929
1099,-0.04939553549410547
1100,0.03224295682808648
1101,0.07495099278626174
1102,0.05326637252528085
1103,-0.23372251339939104
1104,0.02367080013267797
1105,0.11025035405147171
1106,0.01595523997730372
1107,0.011359618102133373
1108,0.057640060190069314
1109,-0.00537362898022653
1110,-0.028884577451528975
1111,0.07775013849287002
1112,0.041879622706888664
1113,0.1032721873316183
1114,0.01208054720898169
1115,-0.0296947258241812
1116,-0.11028093616550733
1117,-0.07576194254068958
1118,0.1068732442460329
1119,0.12990925570981782
1120,0.04094984082446135
1121,0.07667104616669479
1122,0.0194338806267072
1123,0.037428609691395165
1124,-0.1292190396162002
1125,0.14510190261315092
1126,-0.05372227494065557
1127,0.08380575196776652
1128,-0.016525906463889517
1129,0.036471106770375405
1130,0.10727745030711566
1131,-0.0936734024069639
1132,0.03119064592563081
1133,0.14649841824281482
1134,0.011368853389944034
1135,0.04697792579110727
1136,0.050774878395889456
1137,0.0036050358975688035
1138,0.08620040548926555
1139,0.037327623838854934
1140,0.03642463176732541
1141,0.135403158161246
1142,-0.02029718415943857
1143,0.044578436571781954
1144,0.06075623981173861
1145,-0.07822625359988944
1146,0.07411062813318817
1147,0.04587862326110159
1148,-0.05066040194118013
1149,0.005307014817916539
1150,-0.08456251865626627
1151,0.04056998729839367
1152,-0.010347431995808731
1153,-0.005805549576973434
1154,0.030579940221335422
1155,0.04759023654079925
1156,0.003179201268231291
1157,-0.11840118881556039
1158,0.022793294728268743
1159,0.024473781050192323
1160,-0.07343509668970155
1161,0.005770984343936192
1162,0.09719697340522801
1163,-0.09847202437503666
1164,0.04446736083134961
1165,-0.020617220378030654
1166,-0.007184910368462111
1167,0.10359694470273739
1168,-0.033101718877940445
1169,-0.10144890074567361
1170,0.05354293291168777
1171,0.038129591012647596
1172,0.014426212861096355
1173,0.01606375726962342
1174,-0.056693180948069244
1175,-0.0007899956637842931
1176,0.0023348734175119845
1177,-0.0045305985593768194
1178,0.05045599784616009
1179,0.0808900676690194
1180,-0.0265603030519867
1181,-0.18035655678054544
1182,-0.014154505409399332
1183,0.038497739267455644
1184,-0.021635141219339377
1185,-0.051345192193742395
1186,0.11777904279833812
1187,-0.10840420567286516
1188,-0.05715073569623491
1189,-0.06637417988975794
1190,0.06585007490757444
1191,-0.16484657539817785
1192,-0.0031329267241467784
1193,-0.1426073698839522
1194,0.014655968370403283
1195,-0.06955169436560649
1196,-0.10989058497806767
1197,-0.02736581145810707
1198,-0.02006210596691027
1199,0.08241062549140293
1200,-0.16649609726528897
1201,0.006510078616660281
1202,0.020094981319525335
1203,0.038078813622859725
1204,0.07015129911211249
1205,-0.06394990556175112
1206,0.07089759266205764
1207,-0.015416515804721531
1208,0.10975562423010693
1209,0.02309342142831869
1210,0.06022710234098666
1211,0.06227833625931661
1212,0.06470770089926575
1213,-0.06664201688832905
1214,0.025558139521882045
1215,0.06846216598124688
1216,-0.0524884366626262
1217,-0.0942377786327421
1218,0.09530968795297273
1219,-0.007944515534401342
1220,-0.03877953539074147
1221,-0.05553776212620695
1222,-0.046578292582907355
1223,0.11231772583079724
1224,-0.11326993335531371
1225,-0.09880197720260556
1226,-0.07106306615052865
1227,0.006756734222736149
1228,-0.16287660726114453
1229,0.07388681441202316
1230,0.01063052983611959
1231,-0.08408503629567221
1232,0.010657858284133237
1233,-0.13815311188292195
1234,0.019188475792942528
1235,-0.01879761496216223
1236,-0.024412105792619154
1237,0.06008961199842583
1238,0.01689735360363559
1239,0.029082594521822214
1240,-0.04050812658421635
1241,-0.08269878066094719
1242,0.06369596554631413
1243,0.06728412462221683
1244,-0.09341560478597677
1245,-0.026532345207470748
1246,0.001023911705421432
1247,0.008413187472768952
1248,0.0668898791532718
1249,0.0708341318931219
1250,-0.11560105672980595
1251,0.046733396398764504
1252,0.04186388211578998
1253,0.010609121538406235
1254,-0.035831261707073875
1255,-0.011568743717678437
1256,0.07099632518291865
1257,0.013088457379189733
1258,0.08835044337729389
1259,0.0055885308935788025
1260,0.003595350924338131
1261,0.04288370926929047
1262,0.034984567765229874
1263,0.20884217304376118
1264,0.060172020601356874
1265,-0.04218790233118275
1266,-0.005158404075171874
1267,0.04328316624555212
1268,-0.03378352164614595
1269,-0.15811749285590898
1270,-0.12299074953522957
1271,-0.13741847241602587
1272,0.01917802135002858
1273,-0.005364268466372835
1274,0.08073541231183373
1275,0.08101919615561873
1276,0.022995513565841064
1277,0.01209975405097119
1278,-0.05970524329691418
1279,0.032512940351861974
1280,-0.031039011753420803
1281,-0.04005330644730504
1282,0.09032541970091518
1283,0.016768011855183618
1284,0.0011031127524228634
1285,0.05073470861377799
1286,-0.12068617696126469
1287,-0.04869004245013503
1288,0.0030556928554215657
1289,0.07545557000720929
1290,0.029096732914487444
1291,0.03928742867365248
1292,-0.004633142002089141
1293,0.042550472374015436
1294,-0.04994947053325405
1295,0.12101975573122958
1296,0.0016862504633288478
1297,-0.061803946538077525
1298,-0.18071688583457535
1299,0.06671296546064986
1300,-0.045942453695574925
1301,-0.016648712205795807
1302,0.03895462096230201
1303,-0.0660738880455432
1304,-0.18036863634554187
1305,-0.06420411265189918
1306,-0.05312453374499071
1307,-0.007046508039019905
1308,0.09848730543891626
1309,-0.004097296923193994
1310,0.10612294227245683
1311,0.04969044794085117
1312,0.0014262557738085602
1313,-0.010849507598433616
1314,0.022956584178170758
1315,0.06781687666133376
1316,-0.030931849905734415
1317,-0.15172729683407554
1318,0.01497195727789416
1319,0.06761963654855643
1320,0.05210506666319026
1321,-0.09384548660441971
1322,-0.011203829723679254
1323,-0.04604604814818569
1324,-0.13501694935372355
1325,-0.17876155863668558
1326,-0.02762700404183402
1327,-0.08452386191553213
1328,0.026136372950465933
1329,-0.03837776515405433
1330,0.031385442106007855
1331,0.08900644008646974
1332,-0.06338108764756278
1333,0.04134105011789094
1334,0.0709036993173349
1335,0.15261909052590802
1336,-0.11488317391941558
1337,-0.0201582198279468
1338,0.04700277134270131
1339,0.05779750937663822
1340,0.07726649457235601
1341,-0.07308395160005235
1342,-0.020100340787303606
1343,0.12881405915278737
1344,-0.07318114879611085
1345,-0.026965732676414333
1346,0.051440043394941515
1347,-0.050938784777896595
1348,-0.050010321111292555
1349,-0.07426058750948761
1350,0.09563477793637909
1351,-0.017015391743136876
1352,0.062368828357391715
1353,-0.0896944356050374
1354,0.04576227364012231
1355,-0.01580354799247946
1356,-0.03818722214132425
1357,-0.04645522825509252
1358,0.022833550048627804
1359,-0.12008380255845788
1360,-0.00713353896566854
1361,-0.0015612315830096923
1362,0.023715126043205664
1363,0.04669211157330308
1364,-0.050717487931475236
1365,0.06831484335564536
1366,-0.06377571882561511
1367,0.1575480851790694
1368,-0.05702770140049829
1369,-0.09423117072802198
1370,-0.03784646112148082
1371,0.0778999296065479
1372,-0.00021000851045657742
1373,-0.0827545894131815
1374,0.16576328203941795
1375,-0.01965997758839344
1376,0.09528010090010877
1377,-0.08023414036410625
1378,0.08068972866640262
1379,-0.14836360962559159
1380,-0.02141945644876672
1381,0.009863592641932956
1382,-0.03013237471100702
1383,-0.012248853761571254
1384,0.009235123399837591
1385,0.10703745787136615
1386,0.03091416279711351
1387,-0.02960838600121113
1388,0.03555097289498735
1389,0.10420217214528621
1390,-0.036804923192948924
1391,0.11884280629933622
1392,-0.16169709641157118
1393,-0.11495857629158535
1394,-0.13951446685612098
1395,0.0421579415575043
1396,-0.03424297274604321
1397,-0.004421824137866626
1398,-0.02797597173314953
1399,0.04726174145649553
1400,-0.024936475930325552
1401,0.07421753485096907
1402,-0.1959977250274412
1403,0.10114325762242513
1404,0.05500153961889481
1405,0.052080146213424494
1406,0.1300991747684355
1407,0.00018009024846304955
1408,0.02469440274108689
1409,0.003985164177751632
1410,0.017951809636134408
1411,-0.05863097600824024
1412,0.11800116127888707
1413,-0.1356226301825782
1414,0.042737879945767526
1415,0.10835030547288707
1416,-0.03594017763089266
1417,0.058247753962412635
1418,0.0906508735172664
1419,0.021411087880879642
1420,0.14711096701902
1421,0.03618809906033971
1422,0.07911714233630465
1423,-0.14563503690885568
1424,0.009627127101937832
1425,0.031441678044993204
1426,-0.1626490040633844
1427,-0.05077375678322982
1428,-0.15082472410999218
1429,-0.17213374505234535
1430,0.010774385107144124
1431,0.001029743072088224
1432,0.017122915046024395
1433,0.05044216744388047
1434,-0.027231963118181685
1435,-0.07892454291441858
1436,0.12262491620084187
1437,-0.017156910647386586
1438,0.010920481538117255
1439,0.09086673444687737
1440,0.10827917249420266
1441,0.05273253991019031
1442,0.07765839329868712
1443,0.12676350200565745
1444,0.06876111943421079
1445,0.07218512058432514
1446,0.08539299307450046
1447,0.053765277120423616
1448,-0.007549270654706064
1449,0.1326466718911211
1450,0.062250487943345895
1451,0.058119482302969705
1452,0.13935484668986747
1453,0.1733861404688779
1454,0.01811449609998253
1455,-0.035151681555089964
1456,0.0623871426344868
1457,-0.07316344808320235
1458,0.03936249788333113
1459,-0.07208211157015232
1460,0.0573106365553466
1461,0.008583169471167273
1462,0.05446359673932044
1463,-0.09362451986212544
1464,0.03967555915482898
1465,-0.050183621098822045
1466,0.034333718602574254
1467,-0.023473898229295492
1468,-0.045358118871706404
1469,0.08870076055510095
1470,0.06464993136226549
1471,-0.13510549128697905
1472,-0.03942556251874774
1473,-0.07353518025023703
1474,-0.002993454569435672
1475,0.053870725349367043
1476,0.016219552658509606
1477,0.04258992204386719
1478,0.025621848811938547
1479,-0.05168621864533876
1480,0.023816791227817935
1481,0.07792389653751286
1482,0.0029558856373548825
1483,-0.04046349201156135
1484,0.02392434303254845
1485,0.07849848265289416
1486,0.03635883225073103
1487,-0.06112427349881783
1488,-0.1309829252767052
1489,-0.053870150871311
1490,-0.0006105008248595556
1491,0.0521816395305473
1492,-0.027952164470549296
1493,-0.039609956591915296
1494,-0.015493738750916253
1495,0.0870911019448895
1496,0.017595895225640562
1497,0.02608387874565854
1498,0.10794356856874321
1499,0.03303262616214314
1500,0.055494767891366925
1501,0.028704470195365317
1502,0.0998172380285605
1503,0.0707449207506835
1504,0.0360846718963474
1505,-0.019990483269728937
1506,0.0784361833314472
1507,0.04088222769652183
1508,-0.1215948117178488
1509,0.024627155736530515
1510,-0.07954658679489471
1511,0.01640709864486467
1512,-0.04692096107132149
1513,-0.10219319589476644
1514,-0.07224765763184093
1515,-0.1093445934257363
1516,0.008216259769946666
1517,-0.08750685136295469
1518,0.080821732461692
1519,-0.11472337960514661
1520,0.08246926550103323
1521,-0.04397102285584248
1522,0.04142774668151816
1523,0.03767299537567964
1524,-0.005226160253235523
1525,0.0706908322610878
1526,-0.06302844070343105
1527,0.12142266010388947
1528,0.04241266079906786
1529,-0.022615224231305436
1530,-0.07383997989893815
1531,-0.08489310596487054
1532,-0.05243389691931791
1533,0.1054006021570855
1534,-0.12966293050151162
1535,0.005662510650640329
1536,-0.049661708783250075
1537,-0.012955358462576949
1538,0.014576944057318353
1539,-0.08890981883027058
1540,-0.018166395438848543
1541,0.12036866582506925
1542,-0.007292535382342591
1543,0.005852479462716914
1544,0.18971188881607276
1545,-0.06442352473820251
1546,-0.03900498819201942
1547,0.0020856287835952503
1548,-0.15849004706189207
1549,0.003785950529714671
1550,0.14042993826588362
1551,-0.02275025762680566
1552,-0.018787300642486682
1553,-0.005568030281782266
1554,-0.00881876459699879
1555,0.07855194210857094
1556,0.051130599307785435
1557,0.006283682726518969
1558,0.09681949758052649
1559,0.008332895917546324
1560,-0.031180031905641892
1561,0.0536021427827188
1562,-0.03513298176776189
1563,0.05686462609203846
1564,0.0883991298276871
1565,0.01989293749078025
1566,0.07955521739447577
1567,-0.022839544486461943
1568,-0.034342216150895805
1569,0.029566649427032715
1570,0.022818910394548753
1571,0.0015396893971222347
1572,0.09463946454223418
1573,0.02058573163422725
1574,-0.03440862275708151
1575,-0.07789488316685753
1576,-0.12371262990821894
1577,-0.03256542335587986
1578,-0.03868354583836847
1579,0.01609481377692959
1580,0.008861615458763017
1581,-0.06398262670987143
1582,0.03303458962935632
1583,-0.06839178368949606
1584,-0.06498910991475615
1585,-0.1354177282528532
1586,-0.014357672895572271
1587,-0.048594821973686614
1588,0.07020230973287209
1589,-0.12786911892278285
1590,-0.04082741044330046
1591,0.02059668354482813
1592,-0.08297818077103664
1593,-0.19068226145738054
1594,-0.035086062831618026
1595,-0.04825469690514578
1596,0.028278346265615095
1597,0.009170791390824856
1598,-0.01749655088525967
1599,-0.04274594597142331
1600,0.1277085376434019
1601,-0.045214027968650206
1602,0.024511738063174693
1603,-0.09630097266889831
1604,-0.10691508575069764
1605,0.08890520300718441
1606,0.036868604715367764
1607,0.0002773271066670302
1608,0.02494202313887145
1609,-0.011623557955900088
1610,-0.006574932559914565
1611,-0.07845527373693062
1612,0.10849092705059776
1613,0.04445049679804375
1614,0.09055556447696342
1615,-0.013949420801681572
1616,0.00903476340981163
1617,0.07042008567910366
1618,0.055343920905892185
1619,-0.06948943233327454
1620,-0.12144671106856952
1621,-0.05110082721829887
1622,0.09140672178202328
1623,-0.13445714595468775
1624,-0.041579010306107556
1625,0.06817548117125741
1626,0.07024066415357402
1627,-0.007532735082174391
1628,0.001590605918631749
1629,0.017678038619462627
1630,0.018184722487470995
1631,0.0025394628789314477
1632,-0.05195554144126127
1633,-0.0711588047611389
1634,-0.12492723622079518
1635,-0.011646154633553951
1636,0.13181936734491723
1637,0.014393388364494136
1638,-0.055152801901708876
1639,0.02765518657396021
1640,0.04779309379793045
1641,-0.07859002230431386
1642,0.07549197353472936
1643,-0.016053494573231464
1644,-0.08959039326417464
1645,0.0481973652999627
1646,-0.00829325408896131
1647,0.047707038497659726
1648,0.059076989493983795
1649,-0.005584775749441606
1650,-0.057337088808413206
1651,-0.020632338056665145
1652,-0.10539718139593507
1653,-0.06620365126496286
1654,-0.040539993608239705
1655,0.027055579148855757
1656,0.057812863326759556
1657,-0.0807858214439568
1658,0.055824488073054485
1659,0.08185880016852509
1660,0.10558536576604066
1661,-0.042380868575249475
1662,-0.0115289457311539
1663,-0.036404598710950475
1664,-0.07423221210633238
1665,0.025150002642156777
1666,-0.049902863421793064
1667,-0.08069978075543302
1668,-0.062060929212633176
1669,0.060352029982376765
1670,0.004823151140871118
1671,0.08034051369271744
1672,-0.03249507217274633
1673,-0.0028593160243674254
1674,0.058012557301771905
1675,-0.14738701260460785
1676,0.04830492341462411
1677,0.07154071965066416
1678,-0.14085340452537612
1679,0.07302515568537082
1680,0.03345413323654528
1681,-0.08341033508637599
1682,0.023251581788336917
1683,0.00952758535881651
1684,0.02081132037318084
1685,-0.04262118021529182
1686,0.08714307861544698
1687,-0.04456803799793352
1688,0.06354832441547527
1689,0.04631825927988881
1690,0.029009481696157746
1691,0.027250270703607277
1692,-0.09176265832111546
1693,0.012388182775969592
1694,-0.09389139929541979
1695,0.04449511960567826
1696,-0.17113696250341845
1697,0.0017687176128753368
1698,-0.02344990011304346
1699,0.009383533690695639
1700,0.08029905300177631
1701,0.11227835090028132
1702,-0.02709126517215446
1703,0.046516350579126925
1704,-0.11357940512627532
1705,0.01290480136070471
1706,-0.11675259894283244
1707,0.0473303360679555
1708,-0.017836715589623103
1709,-0.030780136039953998
1710,-0.20382320222599132
1711,-0.028580402725452564
1712,-0.021034970322031277
1713,-0.058535891618962776
1714,-0.02268606369807999
1715,-0.03447850104199307
1716,0.00838599027805323
1717,-0.048016303547482125
1718,0.05447925992313998
1719,0.06364024580230504
1720,-0.02290872669381444
1721,-0.02683326171471273
1722,-0.027087009127173822
1723,0.05481104478314802
1724,0.1275011452172348
1725,0.03523422753463845
1726,0.09457037841343369
1727,0.02620857333039947
1728,0.1855918736352083
1729,0.031507791834197385
1730,-0.05670394922198177
1731,-0.20021698278328132
1732,-0.01688754755031302
1733,-0.10188492130436408
1734,0.011692068984946069
1735,0.09728516192114867
1736,0.025504154014073355
1737,0.0777189405315431
1738,-0.020013638098252906
1739,0.02244937956988846
1740,0.08968171831190405
1741,0.04147277106076014
1742,0.1102291267386527
1743,0.05821355947207771
1744,0.040054170581649395
1745,-0.09824554676891445
1746,0.10291171094203261
1747,-0.0372570784631239
1748,-0.13964722627641296
1749,-0.07471374796279248
1750,-0.031619826726700884
1751,-0.051889753072039135
1752,-0.007964282567686859
1753,0.023238092469145016
1754,0.019152063560706728
1755,0.15594297971933252
1756,0.007677732724422542
1757,0.001965533900581129
1758,0.02034895018329172
1759,-0.040952275523249454
1760,-0.008167533836970914
1761,-0.012980898052843914
1762,-0.09401601498556744
1763,-0.013108500515172816
1764,0.13038218348296704
1765,-0.05259521925051849
1766,-0.08919498241488391
1767,-0.09727478858071398
1768,-0.09858728608158457
1769,0.03837025933517657
1770,-0.025434232511404586
1771,0.016617289390979506
1772,0.0051291944022842095
1773,0.14252629660805466
1774,0.0012491330555475244
1775,-0.0040740229005754025
1776,0.07445145677040033
1777,0.04088080321976295
1778,-0.0717834201974801
1779,-0.16567017357898983
1780,-0.12473493853525439
1781,0.09967652930500259
1782,0.09237776702894337
1783,0.01114796796342854
1784,0.013406940266535577
1785,0.002955265028508486
1786,-0.15058277238089846
1787,0.01605320723766171
1788,-0.043882944280048075
1789,-0.040165302654269264
1790,0.06602251374671525
1791,-0.029580595115980435
1792,-0.09609549253008384
1793,-0.07870937694262448
1794,-0.09375255912376948
1795,0.051870853253435656
1796,0.11013936804432178
1797,-0.019880259926078808
1798,0.05888040244589887
1799,0.07120518785092683
1800,0.10180604890405767
1801,0.044756937911114236
1802,0.048200873769492836
1803,0.0329700957757845
1804,-0.04860848446645713
1805,0.023979209204786384
1806,-0.05209277043596944
1807,-0.11583093328262797
1808,0.009914407715990003
1809,-0.06643028619029323
1810,0.10290256456955582
1811,0.0823892752224496
1812,-0.021045403953528274
1813,0.08641020316767947
1814,-0.09077530246088669
1815,-0.22644373041508162
1816,0.004689967088529562
1817,-0.050699883762643616
1818,0.03439427913618609
1819,0.10540444875281649
1820,-0.0872902028069284
1821,0.0515251604367582
1822,-0.10718886935257027
1823,-0.07063461331151796
1824,-0.1567356244302053
1825,0.04508714435367195
1826,0.030082690493229175
1827,-0.021890207499197373
1828,0.07121626206754869
1829,0.09594835732315898
1830,0.07776282516556218
1831,-0.11306698447796756
1832,0.011913024295737845
1833,0.02021490846418647
1834,0.005933411736773531
1835,-0.02579973815629899
1836,0.028666479704600067
1837,0.0723386257978377
1838,0.02203856704615831
1839,0.05754207897383279
1840,0.02190897220262042
1841,0.04501461918840324
1842,-0.1724250590990363
1843,-0.041443122928849135
1844,-0.048646461598963076
1845,-0.03415157057344176
1846,0.0575271103704484
1847,-0.08425323461885847
1848,0.059229787852323024
1849,-0.022278116804110182
1850,0.022049747549883814
1851,0.12689675726710484
1852,0.10036596829760147
1853,-0.04952776392163985
1854,-0.02750109748817639
1855,0.006489300776567869
1856,-0.047010082646450846
1857,0.013677762428724621
1858,-0.051044710978602026
1859,-0.04758740935949757
1860,-0.1341231404517605
1861,-0.007936148403872134
1862,0.0021174958096073226
1863,-0.08213796066131704
1864,-0.07970309754128693
1865,0.10953494225834257
1866,-0.06652199700575284
1867,0.02244361977440551
1868,-0.15617930926279383
1869,-0.11756560666949836
1870,0.030723867760254125
1871,-0.005662373114767194
1872,0.026290205428200958
1873,0.0875781200650533
1874,0.010813191404888067
1875,0.07897513123262628
1876,0.04866503370666228
1877,-0.04032794069879231
1878,-0.016952792658105564
1879,0.04214690278815858
1880,-0.10058074836135503
1881,0.12368661138435683
1882,0.06586936116198955
1883,0.09204871024676908
1884,-0.0153640467922459
1885,0.10409582154594366
1886,0.07467289082489889
1887,-0.11382985627391368
1888,0.09990222447793351
1889,0.12456813996675031
1890,0.04434313500613149
1891,-0.06594829277768358
1892,0.11789326321011792
1893,0.005394596811045593
1894,0.12358453458544455
1895,0.0114288162812404
1896,0.050854609424187375
1897,0.03177453389727414
1898,0.042311511326746376
1899,0.13055389418491753
1900,0.06664670758372448
1901,0.0880500390631675
1902,0.0926002753677806
1903,0.05927301058612125
1904,-0.013333611409323265
1905,-0.005229462720594019
1906,-0.14658894521370378
1907,-0.17009709115522012
1908,-0.025592853931507287
1909,0.0388950536366697
1910,0.11088383733424342
1911,-0.05545791392791449
1912,0.034810719398456424
1913,0.057842445939728426
1914,0.008630052942383948
1915,0.04268420976376219
1916,-0.026090848771087805
1917,-0.038442176308488396
1918,0.03325648591651853
1919,-0.06534154339777376
1920,-0.014116177532484037
1921,0.08335904983491331
1922,-0.06621027691900341
1923,-0.01862499550237695
1924,0.003240483671237443
1925,0.039262528478063496
1926,0.037097924174365055
1927,0.12117997938124969
1928,-0.05665190670437209
1929,0.0574195181038345
1930,-0.1068928691269683
1931,-0.09094772602697382
1932,0.09324644293495876
1933,0.0007673565860256137
1934,-0.13335772676452767
1935,-0.05513300301857199
1936,0.07680368173395916
1937,0.031784978554727894
1938,0.14822414385631313
1939,-0.11215016267001443
1940,0.09989611196280138
1941,-0.0015850679666651324
1942,0.055001971624063034
1943,-0.09365980999997886
1944,0.08746477500991057
1945,-0.02075615623053098
1946,-0.07608960410697346
1947,0.0014572481080896704
1948,0.026836269092026244
1949,0.11675001689840361
1950,-0.06832765596923362
1951,-0.044256931064256017
1952,0.05558181669226081
1953,0.016035354981147165
1954,0.09764573212990005
1955,-0.02258354425829548
1956,-0.03868213593289049
1957,-0.05775925981351304
1958,0.02705000781936512
1959,-0.0347167512471086
1960,-0.20066638528235348
1961,0.007344500587649683
1962,0.11679530713078384
1963,-0.1209032369388128
1964,0.04400717864212486
1965,-0.09895407678148413
1966,0.034212668234792326
1967,-0.02737067846561586
1968,-0.0746955268176904
1969,0.15064288929303243
1970,-0.1053443540870567
1971,-0.11667472486908287
1972,-0.023734084604748074
1973,0.04081622399909782
1974,0.08141275326956746
1975,0.0054664357297965205
1976,0.03317689968774723
1977,-0.019858246645439476
1978,-0.07448754925512588
1979,-0.07992102684966801
1980,0.03794093066940124
1981,0.02910309181718418
1982,0.027433272079206428
1983,-0.20037990536777933
1984,-0.007999509794096887
1985,-0.03026870642869245
1986,0.06760834403301963
1987,-0.09452040172662221
1988,-0.05682307077004306
1989,-0.06093511310846378
1990,0.035003764972103
1991,0.1554687428947763
1992,-0.03354330022935709
1993,-0.011725656805729373
1994,0.1604130521362567
1995,-0.06690266346470403
1996,-0.031649932170944556
1997,-0.1096522691828363
1998,-0.03208447476402532
1999,0.01865140053814368
2000,-0.13882214289148584
2001,-0.042967317735117916
2002,-0.031808508540429464
2003,0.07309115147163389
2004,-0.05785356311628284
2005,0.06579166965954206
2006,-0.12636473595389794
2007,-0.06513020348151996
2008,-0.08538391648260288
2009,0.11740764706698738
2010,0.14283190119396327
2011,-0.13902420411337155
2012,-0.011472304809172468
2013,-0.005348514023012119
2014,-0.04450061851804779
2015,0.044476957648829474
2016,0.08380119851711396
2017,0.003069145921207217
2018,0.05969187295583522
2019,0.034967134404456035
2020,0.08536775491360293
2021,-0.0696205366774875
2022,0.04040118765197537
2023,-0.1344264775725505
2024,0.015370633964948338
2025,0.07511786053620331
2026,0.10841450483811324
2027,0.08424040942253438
2028,0.09112510825028824
2029,0.04547070717581131
2030,0.03435661306984522
2031,0.17157948746615864
2032,0.0280969943832223
2033,-0.07343457018526778
2034,-0.09639120103226123
2035,0.01217155604338882
2036,0.09243701505157997
2037,0.12037004153273645
2038,-0.06235534487298422
2039,-0.040817656823217696
2040,0.01408591153728142
2041,0.06684121656531306
2042,-0.05215406210001572
2043,-0.038690999466789056
2044,0.11567922570908143
2045,0.044338483519942073
2046,-0.04065828927159423
2047,-0.027825621828840852
2048,-0.13601333488338724
2049,-0.21356215966468572
2050,-0.1336487322359
2051,0.011560843780491353
2052,-0.03502414142396154
2053,0.08896221593695414
2054,-0.034193788805963216
2055,-0.04319294436604232
2056,0.05496247734645926
2057,0.08665744797631292
2058,-0.0701063404126416
2059,0.03461744434651723
2060,0.061543693539831024
2061,-0.05334802906606609
2062,0.0012469927883368148
2063,-0.027119973106128403
2064,0.2155293775420652
2065,0.043369299660136584
2066,0.03969478493143144
2067,-0.03191288268653797
2068,0.0731540979115157
2069,0.12190893878732789
2070,0.07371554278565734
2071,-0.12651909829153785
2072,0.05761193060087266
2073,-0.021218902998114297
2074,0.09728677117910373
2075,0.09849929157521672
2076,0.08639712425115889
2077,-0.07115287862270853
2078,-0.07458856692592747
2079,0.05983242638883135
2080,0.11011999790432292
2081,0.07485515925268552
2082,-0.02279980989071026
2083,0.07616578501113283
2084,0.08868649917899468
2085,0.020307344393898974
2086,-0.06397431975628237
2087,-0.0021042198244858312
2088,0.024917746940227303
2089,0.05067618669789259
2090,0.0636616489288796
2091,0.04232019460029415
2092,-0.12370261215722211
2093,-0.020346385446572662
2094,0.00329063056435569
2095,0.09246194191950727
2096,0.057840874798014974
2097,0.11805607912457808
2098,-0.047352666605940535
2099,0.08473528871006272
2100,-0.013760825903262053
2101,0.03861306635776962
2102,0.05624154550254942
2103,0.06488312582617942
2104,-0.0311229707042332
2105,0.11546291097460606
2106,0.04020259348715363
2107,-0.0776865646663516
2108,-0.055950753336609815
2109,0.030504866000864828
2110,0.07578828585894892
2111,0.006122158578192899
2112,-0.1407561794160509
2113,-0.04874891900012321
2114,0.05408164072396046
2115,0.03540199812959585
2116,0.1033128097317696
2117,0.013933404411554634
2118,-0.06435710078696907
2119,0.022825502324410718
2120,0.06407734048926628
2121,0.012300276776414182
2122,-0.054085702471483754
2123,0.012804101457764866
2124,-0.049465383637379734
2125,0.10287884892521484
2126,-0.026021185229220978
2127,0.10752737746731145
2128,0.11076069469678393
2129,-0.039778414121369704
2130,0.03733807050750021
2131,0.014471123841332367
2132,0.17426254300436247
2133,-0.12432789677810357
2134,0.09899980190101859
2135,-0.05377388031207522
2136,-0.03509586643275889
2137,1.6066109541523765e-05
2138,0.11229812330401445
2139,0.04895983650318643
2140,-0.05608854600147786
2141,-0.11780184439160493
2142,-0.002822821352814725
2143,-0.0822454287660746
2144,-0.08992035304433296
2145,-0.08704390920002492
2146,-0.12818696919873857
2147,-0.07683531143283137
2148,-0.08666400821154774
2149,0.05195840072807101
2150,-0.08874106493641845
2151,0.153603134252524
2152,-0.03449583095606429
2153,-0.11936816071861667
2154,-0.07108467833792628
2155,0.019867579696450116
2156,-0.052457889569091004
2157,0.038159907388918
2158,-0.11023723612606093
2159,0.020141524865052468
2160,0.049727253595227366
2161,-0.025809095525573422
2162,-0.018762388529635854
2163,-0.1394588440258761
2164,-0.07802558450059177
2165,0.050340006032598056
2166,-0.12657423604035056
2167,-0.11601535404306679
2168,-0.07300160929119598
2169,0.024336036342113454
2170,-0.07086507317321233
2171,-0.04267577929677241
2172,-0.026962255389895384
2173,-0.06924766754185269
2174,0.007447504584664644
2175,0.01613375257871119
2176,0.04975716502565192
2177,0.004714476905593679
2178,0.04796132414990842
2179,-0.014233094024482834
2180,0.006057316459428308
2181,-0.043832407033367715
2182,0.1256871590231178
2183,0.010224717033336328
2184,0.1403685783666201
2185,-0.07134440150561944
2186,-0.033485079657041256
2187,-0.12880629800203394
2188,-0.09309292316396234
2189,-0.040259110947630405
2190,-0.09652390750469592
2191,0.019554309478491322
2192,-0.04619173110485597
2193,-0.058036082881192746
2194,-0.008487904156804726
2195,-0.012815712166972026
2196,0.015435869133050284
2197,-0.021096019521060216
2198,-0.07679106736414135
2199,0.11682250330281951
2200,0.06139226718398494
2201,0.08366387058978342
2202,-0.04858842816485315
2203,0.09897372945717944
2204,0.06919373055145235
2205,0.024979954682947725
2206,-0.009930543137519565
2207,0.06467146825379066
2208,0.04981645811447982
2209,0.14058866484003651
2210,0.04278656322794991
2211,0.03907120677888554
2212,-0.0630232552819249
2213,0.10193447458101307
2214,0.08406831092781644
2215,0.10440995885458476
2216,0.056912169786439426
2217,-0.023190769407732764
2218,-0.01109369421708195
2219,-0.1312549670500059
2220,0.04828933225894347
2221,0.010347716100673532
2222,0.059580590849793946
2223,0.11906853902513198
2224,-0.0797017272177303
2225,0.09093558694399906
2226,-0.028645140359659954
2227,-0.03599578527031866
2228,-0.1450857550072153
2229,0.04818993502660923
2230,-0.03375066270940533
2231,0.11590107695342045
2232,0.04574946867615168
2233,0.11524264191126521
2234,-0.1452069334094648
2235,-0.04272947426353893
2236,0.0951424870758985
2237,-0.06960199468126341
2238,-0.02222526271179992
2239,-0.15066104093532182
2240,-0.08607535450602569
2241,-0.01856944263805152
2242,-0.011390435694207446
2243,-0.06929686805336507
2244,-0.07198346906241579
2245,-0.10684248205989744
2246,-0.06134448542591234
2247,-0.03682807144217465
2248,0.04290707567880006
2249,-0.008350502773946
2250,-0.022655151922238548
2251,0.19528240162596605
2252,-0.05129951189233617
2253,0.009124742183474005
2254,-0.07056482198211877
2255,0.05380016257953191
2256,0.06001464542920304
2257,0.08022489331381316
2258,-0.017919751173202297
2259,-0.06668620101158113
2260,0.05889207809331479
2261,0.0777289748052071
2262,0.07013303666783144
2263,0.003247525138668439
2264,0.01017667509552933
2265,-0.14449530629773713
2266,0.08532690113949482
2267,0.03040489829075954
2268,-0.010887293414253318
2269,-0.09981408895802094
2270,0.06196238418174835
2271,0.09091465326050227
2272,0.08737792435513281
2273,0.0019416562880643085
2274,-0.00032926658917145635
2275,-0.10652715202440607
2276,0.04218091855139808
2277,0.05418411950991056
2278,0.04658179625621167
2279,-0.08198011546163073
2280,0.03730738860870059
2281,-0.12669903398464782
2282,0.10263630809390178
2283,0.04764437333274116
2284,0.09291080217524557
2285,0.02120459321382817
2286,0.09044754216058898
2287,-6.304108893157023e-05
2288,0.03652660104302996
2289,-0.008216211851699323
2290,-0.03392016207257165
2291,-0.05027954922404079
2292,0.03532522570826946
2293,-0.032646603270525154
2294,-0.14235703604004096
2295,0.005761150895458589
2296,-0.004642809748459903
2297,0.0021019540423220517
2298,0.007220281275244933
2299,-0.1323215065927471
2300,-0.04295485350224826
2301,-0.0710204888422962
2302,-0.08815546474999625
2303,0.008730836909052714
2304,0.0873317582204234
2305,-0.055022915968171326
2306,0.03329226098034144
2307,0.006093116510368507
2308,-0.10978310499534619
2309,0.029423649923920714
2310,0.02039104991560728
2311,0.039647493158087646
2312,-0.00433548194175104
2313,0.01871150063050575
2314,-0.007645921635365316
2315,-0.02229247916252869
2316,-0.058293931382647185
2317,-0.019845839600887205
2318,0.020571332788196506
2319,-0.012838346852806715
2320,-0.10644245664407426
2321,-0.02707873492508725
2322,-0.06910339723285663
2323,0.13948425426457978
2324,0.1147886083570478
2325,-0.01012882670953641
2326,0.1388274653548562
2327,-0.08859446137900512
2328,-0.002105621644274691
2329,-0.02334732258346159
2330,0.026459521808298664
2331,-0.06613960171221595
2332,-0.029401050694738362
2333,0.02666305327368307
2334,0.07229392189065584
2335,-0.003028199546344562
2336,0.03301192158090149
2337,0.03310197082641436
2338,-0.03227325889361621
2339,-0.14343440518387085
2340,0.008566410780965261
2341,0.03624555481165631
2342,0.04418710084569394
2343,-0.10918455986229497
2344,0.015510866580697558
2345,0.09555108165670279
2346,0.03198658309036484
2347,-0.025659468774873323
2348,-0.11410295687897884
2349,-0.14459138396915464
2350,0.0005935029394329716
2351,0.12223435326500603
2352,0.05673854970923212
2353,-0.11738853012361325
2354,-0.05365366817568101
2355,-0.03393878587322208
2356,0.06893328607146659
2357,0.04680039471177325
2358,0.011399079429226383
2359,0.06666956866199726
2360,-0.023187480091433038
2361,-0.1363208664389641
2362,-0.008889844064072172
2363,-0.08072900926573962
2364,0.060323059706587134
2365,0.04385174989938212
2366,-0.09552454296151167
2367,-0.12507106587605615
2368,0.07508420345528172
2369,0.02264750467571225
2370,-0.13649236226861378
2371,0.0017188433913708778
2372,0.05471601454348382
2373,0.06215849293633974
2374,0.04190340896703165
2375,-0.02234065492796075
2376,0.10204293483046198
2377,0.04928760360364365
2378,-0.09273371454121121
2379,0.056487414929953794
2380,-0.025900227316478674
2381,-0.10760856388030629
2382,0.014043495160839775
2383,-0.08035714795937682
2384,0.061663952545531614
2385,0.0711377859605237
2386,0.01637479623898913
2387,-0.09386206411447073
2388,0.008136836561206784
2389,-0.07973272548505372
2390,0.017279368980307575
2391,-0.046953728720875
2392,0.1034528989294415
2393,0.03463303668895895
2394,0.001985303723017695
2395,-0.04586674671238333
2396,-0.06903340855065038
2397,-0.003872817968803677
2398,-0.014950758795643976
2399,0.14763145592424465
2400,0.13563738214082366
2401,-0.06844199898691766
2402,0.11426002116832429
2403,-0.1358582450204516
2404,0.007678937641633327
2405,0.03898983440909645
2406,0.041690600772719966
2407,0.023472563818615705
2408,0.02495036932747277
2409,0.002760679479721473
2410,-0.04769527149662864
2411,-0.02142045190776487
2412,-0.014585742178454875
2413,0.06334779089230698
2414,-0.03553578603474819
2415,0.02459654400905592
2416,-0.05107489006232563
2417,-0.03468470661834669
2418,-0.012241928415982123
2419,-0.045847510580056094
2420,0.04095501055517528
2421,-0.11910833394551693
2422,0.12632013410398357
2423,0.06988843504595098
2424,0.006476142576549271
2425,-0.13017425450069003
2426,-0.026332978196481227
2427,0.028220494070936714
2428,-0.0662183527337121
2429,0.11155883109833353
2430,0.02502905372247019
2431,0.034254307728986466
2432,0.021614007840173477
2433,0.09107813178325208
2434,-0.048197455670488026
2435,-0.17455448331739964
2436,0.09237364164432099
2437,-0.035418861817237274
2438,-0.010564362505899316
2439,-0.05842276170287278
2440,0.014924595892428616
2441,0.005041048853911212
2442,0.0730699025814848
2443,0.08957439362827346
2444,0.08109537359751448
2445,-0.12110824066119694
2446,0.04183317166153111
2447,-0.12710713965017462
2448,0.05956138094099206
2449,0.11740634760105997
2450,-0.09804925484083149
2451,0.06008224701042095
2452,0.0834884437701171
2453,-0.11553729823076267
2454,0.15121623324672412
2455,-0.043697114291750355
2456,-0.017076379144074477
2457,-0.1303402288844199
2458,-0.10508323622969698
2459,-0.04655224681693007
2460,0.0571415219086473
2461,0.09785163613351613
2462,0.10744458832722775
2463,0.15653252218448896
2464,-0.02507968239873029
2465,-0.12251507943863629
2466,-0.027525884247197596
2467,-0.10002824753199105
2468,-0.06388784201697703
2469,-0.09108157848607434
2470,-0.13247778726561937
2471,0.015776123708854617
2472,0.002776928295969372
2473,-0.06970778079779785
2474,0.011039110761407234
2475,0.012556399298375959
2476,-0.022131507725925148
2477,0.07784740071716517
2478,0.06883575878184689
2479,-0.05808477106521809
2480,-0.04894684047315273
2481,-0.01880840087048513
2482,-0.08765979315060574
2483,0.01152345808896349
2484,-0.02345590725358493
2485,-0.03551748771689217
2486,-0.04360107783054837
2487,0.01681613090136788
2488,-0.015399034693746871
2489,-0.0941956874593824
2490,-0.07656909777035237
2491,-0.07498158918149628
2492,0.016564461845608197
2493,-0.05629308086883805
2494,0.09566223203024814
2495,0.12131148411807757
2496,0.05255604491836871
2497,-0.05797614735791512
2498,0.1390784816326674
2499,0.04369844849050572
2500,0.09210710370554193
2501,-0.001979417168973513
2502,0.04524592340300887
2503,0.04930885440500876
2504,0.08674923762567593
2505,-0.05936344617985806
2506,0.006741092889984229
2507,-0.06896718023297427
2508,0.009270372156334361
2509,-0.006139501503130612
2510,-0.04467172831393851
2511,-0.07971236458002046
2512,-0.023431296386183992
2513,0.06728486917658139
2514,-0.039762254873817626
2515,-0.0507866143395492
2516,-0.04120737531858165
2517,0.05973379193153033
2518,0.040786135531908185
2519,0.044806839409063715
2520,0.06154638397085044
2521,0.04571592467994329
2522,-0.04952623644924933
2523,-0.03082397114779556
2524,-0.046482537840150606
2525,0.034016605655645654
2526,0.0917837611286989
2527,0.07961257921948314
2528,0.03602676806202096
2529,-0.08785728842266949
2530,-0.1311375543111239
2531,-0.05487565478750772
2532,0.06169682200889107
2533,-0.10201831378679865
2534,-0.09234093333875237
2535,0.010103566377409584
2536,-0.05405010906324184
2537,0.11379649126998251
2538,0.04179672688804992
2539,0.029907101235238015
2540,-0.08173164612670353
2541,-0.07303208016549365
2542,-0.07951724131006208
2543,0.023431754067105875
2544,-0.020489422570372756
2545,0.056464635488949755
2546,-0.008859603895752577
2547,0.004127941965886617
2548,-0.03128088857026001
2549,-0.002432850101572792
2550,0.10955468559914262
2551,-0.11166586195890155
2552,-0.02439210164178557
2553,0.06344315754300173
2554,-0.08349216829312808
2555,-0.0396230592471567
2556,0.12280988277433733
2557,0.053535083938165695
2558,0.040351820138184114
2559,-0.09844184783054374
2560,0.04994882380595214
2561,0.12345177339689142
2562,0.012788452531351024
2563,0.039979887718617824
2564,-0.21968878684343462
2565,-0.0513215077965935
2566,-0.0012455886618040757
2567,0.015972092221818113
2568,0.11398523660604765
2569,0.07414001896005715
2570,0.02614675656575699
2571,0.08227815916232745
2572,-0.008753144228573595
2573,0.03827243558026544
2574,-0.022337094950008712
2575,0.006130813717910744
2576,0.06743679526498933
2577,0.013210309048488938
2578,-0.007825577125868566
2579,-0.0751546777873256
2580,-0.14203527769510205
2581,-0.056464111516195625
2582,0.012998601127738846
2583,0.04826779377517351
2584,-0.09111963889094349
2585,-0.03147939397397509
2586,0.0342693778293757
2587,-0.08754766227587474
2588,0.03878913846743892
2589,0.02663176211111179
2590,-0.07337757875561002
2591,-0.05953950550392065
2592,-0.003045852770320434
2593,0.10432239631763202
2594,-0.009056332132583417
2595,-0.08209734312051092
2596,-0.016184571132431574
2597,-0.0017690192994478104
2598,0.11682900898442816
2599,-0.013919375533499534
2600,0.12937450613898732
2601,-0.0701947729568071
2602,-0.06588493238469464
2603,0.08655827472867178
2604,0.025007828340967653
2605,0.010207106375241387
2606,0.07604986299065725
2607,0.139820060263577
2608,-0.08768670499531439
2609,-0.022511328826407828
2610,0.1497125698864348
2611,-0.18388846848704496
2612,-0.13029987914452495
2613,0.02520146430165493
2614,0.05338407494125258
2615,-0.007143996568901745
2616,0.057784749499192045
2617,0.10101939488715392
2618,0.11805707129379389
2619,-0.015899252004905995
2620,0.007461735766502914
2621,-0.14200780185688608
2622,-0.031871728113466447
2623,0.06551153439154028
2624,-0.02546510622764911
2625,-0.06788015908742018
2626,0.15080468844273784
2627,0.1739608572134303
2628,0.10530414852398767
2629,0.00211531069479054
2630,-0.0687411784134952
2631,-0.009012116880237842
2632,0.06971098777570103
2633,-0.11380807309531077
2634,-0.02320963927304981
2635,0.05279276416374162
2636,0.10437423801176482
2637,-0.06394523275263919
2638,0.07550426797540949
2639,-0.003976739251426997
2640,-0.02371800091010251
2641,-0.03547125006437332
2642,0.01667413477686369
2643,-0.016791422980832027
2644,0.03899968746298965
2645,0.026070921542966474
2646,-0.06846619420054567
2647,0.06589348370542461
2648,-0.06034589107739183
2649,0.07349594767199213
2650,-0.04416511017806207
2651,0.02327911665314686
2652,0.005975635702764104
2653,0.04911251933067726
2654,-0.05801405489753436
2655,0.07591516496330347
2656,-0.008132426643599755
2657,-0.02335847155758819
2658,0.10338584062148659
2659,-0.12153238092931767
2660,0.03249278605751507
2661,0.029955755249497062
2662,0.09705672512194122
2663,0.09178181295724208
2664,0.07514110644196104
2665,0.04030608364610205
2666,-0.054077572207696906
2667,-0.12085102216293908
2668,-0.026885277978191124
2669,-0.03780342318514329
2670,0.09959175431941125
2671,0.019501858777191905
2672,0.042803567276051224
2673,0.02034114533724926
2674,0.0344557691492034
2675,-0.15055373287194815
2676,0.06967140538751004
2677,0.0629365524884925
2678,0.06054455628813413
2679,-0.000990386392583087
2680,-0.08070135573537834
2681,-0.06619645111786138
2682,0.0580203403239212
2683,-0.005668981403175011
2684,-0.03677790048178001
2685,0.05871959232123419
2686,0.1392397057024639
2687,0.020993123623199883
2688,0.057416282971015836
2689,0.02426810384954403
2690,0.03801792993607889
2691,0.03140042260643085
2692,0.027531575787788337
2693,0.045066964438380694
2694,0.02901374672635948
2695,0.02495817533562475
2696,0.03430602509343311
2697,-0.019373171859070115
2698,0.04401742656476959
2699,-0.005517828192029756
2700,-0.02025496896021195
2701,-0.0064449935353686205
2702,0.02403747066112011
2703,-0.07328022136064044
2704,0.09754794546345552
2705,0.005111481330280859
2706,0.02269305342837874
2707,-0.01749612268680617
2708,0.053487184976587415
2709,-0.004443874895195238
2710,0.00960558143954246
2711,-0.06147865663903468
2712,-0.015269968329872041
2713,0.006297000514307816
2714,0.10064777925543808
2715,0.03553899892571907
2716,-0.14426764494168026
2717,-0.0073158062325012485
2718,-0.10965680800349467
2719,-0.10607944056166593
2720,0.07723641150814892
2721,-0.02603906194033509
2722,0.07093088743880452
2723,0.0593405179468158
2724,-0.09433807208258987
2725,-0.02387431582062416
2726,-0.08717221421300428
2727,0.1321360616703829
2728,-0.042432444562145566
2729,0.08900639111765779
2730,0.04817213803745879
2731,0.03190185652045521
2732,0.07676671988179076
2733,-0.11501797914839726
2734,0.05066954670030008
2735,-0.08154071660789405
2736,0.05194703826483246
2737,0.00010057155983400623
2738,0.08703755534120541
2739,-0.07600853137751654
2740,-0.043065217983283055
2741,0.04476964632149169
2742,0.024792856554569975
2743,-0.03073237380026672
2744,0.10578172370300556
2745,-0.12515746086731164
2746,0.05263825980495901
2747,-0.007194643629860276
2748,0.1372262049854216
2749,-0.11918664940102591
2750,0.09259881317631241
2751,-0.05217082491096936
2752,0.0751484820549172
2753,0.10797870688750152
2754,-0.009562058106797305
2755,0.04760159421235488
2756,-0.028723197849840204
2757,-0.039075944469699836
2758,0.04527452285985434
2759,0.0017092235603144434
2760,0.04343974915431714
2761,-0.1450941756570957
2762,0.02356121921220289
2763,0.029176653727522275
2764,-0.08044861651702481
2765,0.03143241192318785
2766,0.010258027457144714
2767,0.020158724547232415
2768,-0.024603299921782673
2769,0.017687812761880195
2770,-0.07220262656229406
2771,0.015031988527225343
2772,-0.04332013127195755
2773,-0.06016556427920228
2774,-0.04916837300329785
2775,-0.004112411744940175
2776,0.08424122087987351
2777,0.005751824121149357
2778,-0.1337899892247325
2779,-0.08014222679743155
2780,0.03977252235076836
2781,0.015766128763043674
2782,-0.07025514351799506
2783,0.043330354373297186
2784,-0.09730554875433364
2785,0.12009793244839578
2786,0.06699560527369491
2787,0.1104875218957792
2788,-0.09465507947264279
2789,0.13831236723008286
2790,-0.02178198619436969
2791,-0.031308092972008594
2792,-0.02021028035179992
2793,0.07042798569357236
2794,-0.04448328169432028
2795,-0.0868579955910184
2796,-0.010884909704416468
2797,-0.09831829341773538
2798,0.08806420310184956
2799,-0.057382847270179754
2800,-0.03504704648421739
2801,-0.03718798471461049
2802,0.013634383980520776
2803,0.03319679083117627
2804,0.054859763124031624
2805,-0.03328799606753452
2806,0.023931021218877524
2807,-0.007696253060385627
2808,0.034904592752905084
2809,-0.06760161667510015
2810,-0.18835642338229924
2811,0.06439695911531781
2812,0.0323083834075939
2813,-0.010238113821110367
2814,-0.028071098918387383
2815,-0.020864862938879597
2816,-0.09075222755637055
2817,0.04530670218476504
2818,-0.0602789947156076
2819,0.09024292136630116
2820,-0.03892833235285714
2821,0.04094926695948925
2822,0.07006109692980284
2823,-0.030600646121911657
2824,0.05535847238222402
2825,-0.022071411929859647
2826,0.008427568910997801
2827,-0.10208988046752071
2828,-0.010691854749626167
2829,0.017848283808299892
2830,-0.04836463515783493
2831,-0.007743535243880162
2832,-0.09771095440829244
2833,-0.09450326059077377
2834,-0.010520928259342616
2835,0.04233174131171452
2836,-0.01723356771133097
2837,-0.07710874652800423
2838,-0.09003180622638396
2839,0.0541704107189567
2840,0.009865628657880349
2841,0.16248962072734613
2842,-0.019534360329983153
2843,-0.0804597418619068
2844,0.009103155158847798
2845,0.023484071675867135
2846,0.04002327861553742
2847,0.07822148396904902
2848,0.1462447944574234
2849,0.05521632073018523
2850,0.12619676559672766
2851,-0.08957426330372464
2852,0.044119146770831064
2853,0.10293894514169524
2854,0.13439224238651057
2855,-0.0626260398545439
2856,-0.029950706802657323
2857,0.04036342804991283
2858,-0.03532480126828308
2859,-0.01814771105379459
2860,-0.01979425317234551
2861,0.08457830598824789
2862,0.007543264740759337
2863,0.08008973429689487
2864,-0.0357942549328647
2865,-0.02023744224092941
2866,0.14178743446044376
2867,-0.10174083057575334
2868,0.03869161046759026
2869,0.019623789274268194
2870,0.05203023709432275
2871,-0.03717876551727198
2872,0.07807633870371242
2873,-0.01930440530563371
2874,0.08699873477367354
2875,0.053092352661864226
2876,0.07580451180163311
2877,-0.11691575574549071
2878,0.11289627056174578
2879,-0.060986101970605944
2880,-0.00044437625906895706
2881,0.017615048170283087
2882,-0.008427595519527598
2883,0.023759504222672895
2884,-0.0610780304047725
2885,0.08595860762396137
2886,-0.0729476081043777
2887,-0.15911229826378068
2888,-0.014553113463666084
2889,-0.10793861179079561
2890,-0.013903061652171839
2891,-0.08138716602155688
2892,-0.06622736667361484
2893,-0.024979577048440893
2894,-0.058860682805795095
2895,-0.14821657916286707
2896,0.06939688386597762
2897,0.0238398790007322
2898,-0.039028915349111015
2899,-0.004617752962362998
2900,0.013235170961502785
2901,0.002898145179196232
2902,0.0846640026500668
2903,0.0554844989926305
2904,0.12688002546994445
2905,0.09543211564265947
2906,-0.062441784289595514
2907,0.01833699903296393
2908,-0.010825563209317074
2909,-0.03836861840703118
2910,0.07328398631784547
2911,-0.12654085862673609
2912,-0.016618197196364648
2913,-0.0009652972384204817
2914,0.041831044243162974
2915,-0.15458802488403062
2916,-0.04799577029664076
2917,0.05798377938000171
2918,0.04751036921021998
2919,0.008945970105075612
2920,-0.11159825093876519
2921,0.041925875411709196
2922,0.035068613852570985
2923,-0.10428966834059453
2924,0.1063468499457261
2925,0.1064564757028637
2926,-0.028260392931753392
2927,-0.06735121897491145
2928,-0.061930493635562855
2929,-0.039233478936379546
2930,0.08267282183754221
2931,-0.01457976292987026
2932,0.03506372358889366
2933,-0.07862243783204825
2934,0.015868015205611985
2935,0.06898880347189956
2936,0.0026610682976319633
2937,-0.13059951557325553
2938,0.03811886756944624
2939,-0.024939306230192304
2940,0.008981973838997626
2941,-0.08894491740802477
2942,0.0910901482812563
2943,0.11806211059465585
2944,0.09443275205112897
2945,-0.006406666880956563
2946,0.060032388257749925
2947,0.004829304700772946
2948,-0.03720889176214337
2949,-0.07072612729903088
2950,-0.024469717358882787
2951,-0.07008832417743918
2952,0.1567668569874796
2953,-0.1278514219297368
2954,0.0044071840503217
2955,-0.13207256798862657
2956,0.08485422958391531
2957,-0.015285424137541165
2958,0.07558601754891475
2959,0.011254681932272859
2960,0.12624328255328263
2961,-0.003340664529462828
2962,0.1087624767903036
2963,0.02044931125136354
2964,-0.028670284396778933
2965,0.010114693595001056
2966,0.031682475843349434
2967,0.07705014524541848
2968,-0.1029213221557761
2969,0.06116117642002
2970,-0.049915188337854105
2971,0.05165914791881257
2972,-0.04060525455800548
2973,0.07427688016308381
2974,0.07149329009506361
2975,0.07376963206177792
2976,0.08317478766932274
2977,-0.029926514456199593
2978,0.035698686187282946
2979,0.053542525568966715
2980,-0.08510875664633105
2981,-0.11402632682565689
2982,-0.048538278697728976
2983,0.03559441155438847
2984,0.06164516950101184
2985,0.062037563286835906
2986,0.02838299489999635
2987,0.029443806550839446
2988,0.11847481189152523
2989,-0.02466891485864925
2990,-0.025916013218109102
2991,-0.004481699651390614
2992,0.09866819222328066
2993,-0.10619490887922317
2994,0.0076322683922208645
2995,-0.10475273151592732
2996,0.04681138793939979
2997,-0.06180641632700695
2998,-0.001485186408902106
2999,-0.0278138982121775
3000,-0.08063194270293336
3001,-0.07705138363824027
3002,-0.06971090275078001
3003,0.014971854902462056
3004,-0.03172555193334936
3005,0.01496782232845209
3006,0.1198149693121813
3007,0.0548418636104423
3008,-0.033236055563390876
3009,-0.15117708088995097
3010,0.00451718531713613
3011,-0.016188756810792126
3012,0.043301897901153075
3013,-0.029029162703323008
3014,-0.07313128764063359
3015,0.03886874050023341
3016,0.016973795178720524
3017,0.024137347035821655
3018,0.09493311755794326
3019,0.05996215488622292
3020,-0.08749206350320127
3021,0.07302143261826355
3022,0.0212213772963194
3023,0.042375372426450064
3024,0.036895727955883584
3025,-0.04776758608413703
3026,-0.0657110344139901
3027,0.08497734256618089
3028,-0.13271648057282592
3029,0.03945557594871296
3030,0.007907123150805467
3031,-0.03324620254818372
3032,-0.04598113446959953
3033,-0.02506564094277422
3034,-0.2274700897670866
3035,-0.023535427215739535
3036,0.049547177256661246
3037,0.022197651421726167
3038,0.023720665075403657
3039,0.002280955616530328
3040,-0.006268151827081181
3041,0.09758268774617088
3042,-0.17116054351901083
3043,-0.050567337798720025
3044,0.002298555006197911
3045,0.04205269353079755
3046,-0.02935580704559204
3047,0.04684561675799881
3048,0.09515455971225242
3049,-0.08763984287932769
3050,0.010669820797557905
3051,0.014234747612888426
3052,0.1606010160859781
3053,0.0875804032400545
3054,0.014289540710241633
3055,-0.10636946453620125
3056,-0.014873113157837764
3057,0.006018233101664661
3058,0.08344012675981116
3059,-0.13586118478461034
3060,0.008191606759011483
3061,-0.08176003169379048
3062,0.005763080333915593
3063,-0.022517391323451486
3064,0.026960351626662993
3065,0.07293210192656682
3066,0.07052458459873157
3067,0.13220484171582636
3068,-0.00037890562599651734
3069,-0.04577449724439303
3070,0.004422277617381898
3071,0.03735336519698168
3072,-0.01445456446412735
3073,0.054482619517587316
3074,0.08343205983645072
3075,0.08238010805163173
3076,-0.0398975587157262
3077,-0.011258908864108463
3078,-0.0021476005796562947
3079,-0.019881648396642276
3080,0.04903880771540106
3081,-0.002384190044800172
3082,-0.11977193452598481
3083,0.010405306532317304
3084,-0.09911763097393411
3085,0.042857892997864494
3086,-0.11711951592053643
3087,-0.11873564303608414
3088,-0.018092024377212274
3089,0.04290227209464721
3090,0.13061704841598576
3091,-0.12191704432997888
3092,0.07977580479433452
3093,0.09278812947567677
3094,-0.08963077938064684
3095,-0.0017473853035391007
3096,-0.08278559600854091
3097,0.030564143950526784
3098,-0.05166754190855555
3099,-0.07134988325331681
3100,-0.10719463242945668
3101,0.10932171593063833
3102,0.0597996225159769
3103,-0.11504144122972487
3104,0.03260150750766813
3105,-0.071897314997447
3106,0.12996527710688788
3107,-0.09006562896879744
3108,0.014949402537599271
3109,-0.0006954424307054063
3110,0.034653980219506386
3111,-0.018615631438117314
3112,0.0373251510250478
3113,0.0725824133263995
3114,-0.007877784464732918
3115,0.06771252235157987
3116,0.04696852791934403
3117,-0.00799180976263214
3118,0.04180158102468834
3119,0.15096261145850445
3120,-0.0053811463118380864
3121,0.13099741579508473
3122,-0.1482511660775097
3123,-0.12961519337861369
3124,0.10622685060367595
3125,0.07938477741002581
3126,-0.03464412659322391
3127,-0.029304047594714777
3128,-0.01999926739783575
3129,0.03389654471216655
3130,0.04595761502753842
3131,0.026703998974342058
3132,-0.04199478070011342
3133,-0.031800165026592025
3134,0.13017513457959698
3135,-0.035393792575958094
3136,0.08431587565397136
3137,-0.1242040371977908
3138,-0.038439756405368314
3139,-0.0005441580823651315
3140,-0.08895909065534285
3141,0.036758093297002276
3142,-0.06544043618702836
3143,-0.11598169606478387
3144,-0.06680001006684086
3145,0.07134106918863023
3146,-0.016479042231148322
3147,0.1341985649606395
3148,-0.12242110654362451
3149,-0.1466907613038225
3150,0.1247240174768745
3151,-0.04656305380872375
3152,0.0024100911020427107
3153,-0.0037852903818328953
3154,-0.06564961173429074
3155,-0.11129956941782781
3156,0.059785088498522126
3157,-0.011120312892312245
3158,-0.09462999080898582
3159,0.09030517256595805
3160,0.015152732697309712
3161,-0.08348453420493918
3162,0.09164472277516442
3163,0.014455823205437701
3164,-0.0030069000300169124
3165,0.029310497624115472
3166,-0.02100871657317649
3167,-0.06905845999773141
3168,-0.014879548716524638
3169,0.07081675485982547
3170,0.05472843756593651
3171,0.03168214688189058
3172,0.08095707374201788
3173,-0.046882004256079274
3174,-0.035367871891419045
3175,-0.23883119065990163
3176,-0.07790719130670246
3177,0.021232022713449206
3178,0.04952323060366573
3179,-0.0009722966820338852
3180,-0.016465282088961336
3181,0.003839905991429776
3182,-0.026666954199487752
3183,-0.012318206097575751
3184,0.0700016992377962
3185,-0.06459313405267145
3186,0.0572580884720415
3187,-0.020986603865970732
3188,-0.1769172433574192
3189,-0.12025228327383608
3190,-0.024784544401145803
3191,-0.016013426069332648
3192,0.042307943439961054
3193,0.04683060079278492
3194,-0.08974616993422976
3195,-0.20147287256048496
3196,-0.11343958703300688
3197,-0.0154453557777669
3198,-0.10233485783582402
3199,-0.04809676793134565
3200,-0.11614458088712326
3201,0.05962229276960976
3202,0.138329798056417
3203,0.03679611848183584
3204,-0.038252676339881
3205,0.06305426855540042
3206,0.15281977497750404
3207,-0.07870205702588826
3208,0.05063664003674237
3209,-0.04498992128139817
3210,-0.03667857151925602
3211,-0.01893928885729554
3212,-0.03361533030129554
3213,-0.0020045033070031915
3214,-0.03532073027902888
3215,0.09201202138103437
3216,-0.047066252440774226
3217,-0.1305477023324654
3218,0.030344863451756993
3219,0.00965219208141782
3220,0.14718278724482142
3221,0.030152522912655688
3222,-0.0025093254802158738
3223,-0.045849946458780766
3224,-0.05069837512762709
3225,-0.07612149576388472
3226,0.01689093426571489
3227,-0.023902263251862038
3228,-0.06123287423709972
3229,0.008816995231073543
3230,0.14652149458117428
3231,-0.033780868768012035
3232,-0.0039261355339732795
3233,-0.09270042219669164
3234,-0.09071711545709596
3235,-0.08495699634674275
3236,-0.02746641678654535
3237,0.02268583802721935
3238,0.052068243699538774
3239,0.055118368872720785
3240,0.0033550734956284134
3241,0.0892322870324932
3242,0.009335794153249921
3243,0.1034221585475919
3244,-0.006729937156011834
3245,-0.14987022946948367
3246,0.052374457351758635
3247,0.08876756099344738
3248,0.06247438352254969
3249,-0.058990694072321215
3250,0.01635881798198069
3251,0.025499180686432144
3252,-0.14948163140421145
3253,0.024432230939799626
3254,-0.0031997825461085316
3255,0.058991417545343566
3256,0.010738448283298757
3257,-0.08605858394288324
3258,-0.0021711746765099016
3259,0.00954850733426807
3260,0.035748202736723134
3261,0.0023715375775383574
3262,0.048674747558643955
3263,-0.01861247392188814
3264,-0.09589948519500316
3265,-0.0020778104283445953
3266,0.021822083850455004
3267,-0.018737235974511546
3268,0.06563078761915386
3269,0.00848895653682416
3270,-0.20540311218628188
3271,-0.16723147038773106
3272,0.027563580368237264
3273,0.004971756628774443
3274,-0.20379332506756856
3275,-0.05064906654725443
3276,-0.06447691992782106
3277,0.033912804661409446
3278,-0.07998702371939984
3279,-0.03191799401159634
3280,-0.12920896217958122
3281,0.07115409397881772
3282,-0.10772019883027459
3283,-0.021149006574561313
3284,-0.07101557339871517
3285,-0.05346117513290985
3286,0.12950071971970922
3287,0.06197365241692815
3288,0.11333731404241884
3289,0.08661597928763215
3290,0.1193848945126495
3291,-0.1336535590930953
3292,-0.008925014361579359
3293,0.004819483556567611
3294,0.06425973767284615
3295,-0.036010300444200616
3296,-0.00685097815228547
3297,0.047641560348085116
3298,0.10318925059052908
3299,0.1072427486418519
3300,-0.03953491853452448
3301,-0.09577962621948477
3302,-0.15352807921150405
3303,0.05922207316434211
3304,-0.05378616946375475
3305,-0.01759978725117811
3306,0.04736277598425226
3307,0.012832629613108826
3308,0.08694809705183765
3309,0.010762684540907841
3310,-0.020824468719396028
3311,0.05308859897847509
3312,-0.020098536023292368
3313,0.06454269634999887
3314,-0.12954777055884104
3315,-0.042011023509156475
3316,0.06576749608493074
3317,-0.11114691759149886
3318,-0.12105452747310663
3319,-0.01627050300284616
3320,-0.14337253134848688
3321,0.024052172149981232
3322,0.044677716962440606
3323,0.09670539065247735
3324,0.003428185830879199
3325,-0.07928575536261634
3326,0.07008782216796966
3327,-0.044327146229325765
3328,0.1124836306245125
3329,0.08323757205882121
3330,-0.02076812062632455
3331,-0.009039911441782955
3332,-0.05911314854449584
3333,-0.06693805246781481
3334,0.05290555424860066
3335,-0.026020034374004963
3336,0.08421244533074743
3337,0.00856916829229798
3338,-0.0023224208831860438
3339,-0.0094214357772191
3340,0.08398025566135936
3341,0.059165818769062684
3342,0.05225770463666071
3343,-0.004657596323674601
3344,0.017625743298800095
3345,0.056281767481591416
3346,-0.04485503585696496
3347,0.004920137404502617
3348,0.058725274773684666
3349,0.1645210516246618
3350,0.01567436836515565
3351,0.008572197605706405
3352,-0.05964299934479472
3353,0.007360918546781892
3354,0.07434216337927427
3355,0.014837583797626952
3356,-0.21643905934518048
3357,0.07803887920115962
3358,-0.04284852422138158
3359,0.00924139483614489
3360,0.15943925975693252
3361,0.06633643076144298
3362,0.09954799746590526
3363,0.06762966941952911
3364,0.012831921590152506
3365,-0.03282210934590385
3366,-0.08260531343814503
3367,-0.00889442627621373
3368,0.057922595158542145
3369,-0.019986465329027536
3370,-0.06729321789547457
3371,0.04619915171455441
3372,0.017767342821613796
3373,0.0760675600383719
3374,0.022973357676053158
3375,0.05960103042404727
3376,0.0014007976549238188
3377,-0.10017463819150238
3378,-0.022553933756443545
3379,0.011667562625481354
3380,-0.04465143857080603
3381,-0.05645340594382195
3382,-0.05189728392988929
3383,-0.11482000601294737
3384,-0.020703903751345343
3385,0.008467949794235569
3386,0.023572373643120148
3387,0.08380274441639354
3388,0.08049279925383959
3389,0.08341587945810036
3390,-0.028773130079319198
3391,-0.01980146606925931
3392,-0.03661143188902494
3393,0.04448772208681273
3394,-0.022703893071508274
3395,-0.07598366415948093
3396,-0.008440083301061885
3397,0.07181145359546601
3398,-0.07793637174992207
3399,0.07738124648307551
3400,-0.024806725533162433
3401,0.006448930727832092
3402,0.034165969941084784
3403,-0.013017017770502598
3404,0.006242606083118524
3405,-0.0034358450719467193
3406,-0.06740161034621417
3407,-0.061545621858272115
3408,0.0826850045121823
3409,0.00396587947669419
3410,0.006087602299950312
3411,-0.030039955272749552
3412,0.029065766909911056
3413,-0.07239869327297865
3414,-0.0761577075842953
3415,-0.06616501888808135
3416,-0.10087037385318098
3417,-0.007074008140312504
3418,0.18639995600735876
3419,0.03811171402350963
3420,0.0340691180282843
3421,0.03992950080816954
3422,-0.09409728864926356
3423,0.06767329711389189
3424,-0.0034944188250175534
3425,-0.007359788083998842
3426,-0.00032317571850615234
3427,-0.0219432666516855
3428,-0.09087391852180701
3429,0.01785232565785455
3430,0.0006805626304239865
3431,-0.046745580376729795
3432,-0.016821143519243492
3433,-0.06085346407193204
3434,0.09568312456045616
3435,0.0979257591144862
3436,-0.08254315636166593
3437,-0.11565985560353642
3438,0.053648707702602105
3439,0.04716050644929809
3440,-0.08378318388273115
3441,0.047170665102466425
3442,0.030222056751063014
3443,-0.034745283072354305
3444,0.017644744891032904
3445,0.04748312909614169
3446,0.04276999215337578
3447,-0.04575692330967779
3448,-0.005531863261846348
3449,-0.08419448241545352
3450,0.05631952989050115
3451,0.07237681046075417
3452,-0.007462051935975211
3453,0.09736243497131009
3454,-0.04513056717141525
3455,-0.05821784149736575
3456,-0.09188222408656105
3457,-0.03670583283920115
3458,0.11226759033074857
3459,0.05029705262584383
3460,-0.0411795673625443
3461,-0.11938270647609373
3462,0.058785317852403346
3463,-0.09733014436880916
3464,0.059801577508816955
3465,0.03191470140399996
3466,-0.018765702611810292
3467,0.07537566306359342
3468,0.12923746842112757
3469,0.1126990880323358
3470,0.0899168857973448
3471,0.06695497351647442
3472,-0.06392447793307615
3473,-0.02594570301831689
3474,0.026761845678403007
3475,-0.18150936082569352
3476,0.09691504833390543
3477,0.09301876162685574
3478,0.04193014968706399
3479,0.07946006756338644
3480,0.003199281281147659
3481,-0.009344574799480254
3482,-0.15542171123985865
3483,0.10918245701586105
3484,0.0027958685929109772
3485,-0.014712194317312133
3486,-0.08991640085626132
3487,-0.014150012714476023
3488,0.129687881075165
3489,0.06583867033276952
3490,-4.738685184710323e-05
3491,-0.06862262242403686
3492,-0.046249619860859736
3493,0.03441949856982457
3494,0.026780344675518264
3495,0.09950371402599575
3496,-0.103240711740889
3497,0.04743664979087209
3498,0.06778309274395367
3499,-0.014080489419063008
3500,0.025618878523776867
3501,-0.08313498825300575
3502,0.0349011529301424
3503,0.017780763977051306
3504,0.05289141507034095
3505,0.022487285931124174
3506,-0.0013813003283169867
3507,0.05672228405202567
3508,-0.00021325446772196832
3509,-0.049650040828672304
3510,0.014015360056541692
3511,0.0487868763149652
3512,0.08795822406730519
3513,0.08529327773042383
3514,0.08954917434369523
3515,-0.19430282305085006
3516,0.010532277603156365
3517,-0.010907472794633805
3518,-0.004426418167636559
3519,-0.006437004796621126
3520,0.02275612362933277
3521,-0.10811262899924717
3522,0.16991252932123643
3523,0.09373104828955653
3524,-0.132314507778272
3525,-0.06277423915740396
3526,-0.117064675608026
3527,-0.0025249351308419543
3528,0.03150101073487957
3529,0.0782273229827588
3530,-0.022245502860314653
3531,0.005599820971528446
3532,-0.08030267299644617
3533,0.023428215012949144
3534,0.008406816928801436
3535,-0.04471215986179208
3536,-0.0654391769624526
3537,-0.021008339316335112
3538,0.018347152956919466
3539,0.005297474845902844
3540,-0.06809557223833321
3541,0.10739750886426033
3542,-0.1578876611373551
3543,-0.013410250095191478
3544,-0.003264875350340618
3545,-0.08426101863508217
3546,-0.09078617528006977
3547,0.026312217583478043
3548,-0.05028499522893842
3549,-0.02977151467607489
3550,-0.07339220414772471
3551,-0.028574482473025187
3552,0.015915411665745227
3553,-0.0695121691610816
3554,-0.1608385744844134
3555,0.09345625504128391
3556,-0.050577167737768464
3557,0.04152522861376784
3558,-0.031825566437005376
3559,-0.15806901454855699
3560,-0.17590983809575061
3561,-0.012982199414041468
3562,0.06385715319649513
3563,0.021930438570605504
3564,0.09255178184857421
3565,-0.024059142537224465
3566,0.1778025775665108
3567,0.0003819380879833689
3568,-0.023892795731407845
3569,-0.1348811816210077
3570,-0.05554354221614363
3571,0.1305163335787362
3572,-0.14029130007844656
3573,0.10409508500586268
3574,-0.12187624461493801
3575,-0.09556590738113338
3576,-0.10997662019729099
3577,-0.06399193310848963
3578,0.02386118053091829
3579,0.15141563914637043
3580,-0.07920006696509202
3581,0.02946834969674092
3582,0.07462177563764433
3583,-0.021431314502459275
3584,0.04430002651484222
3585,0.043287686565585515
3586,0.017540492067124852
3587,-0.054716370081226734
3588,0.05711427482517781
3589,0.042764918364362664
3590,0.0664015941069783
3591,0.007627211240205073
3592,-0.04925346803491887
3593,0.057183168276289
3594,0.05407338223856481
3595,0.1379977375049988
3596,0.05165565949739803
3597,-0.1844784072685511
3598,0.009976095084670678
3599,0.057898220279408
3600,0.10093941222574093
3601,-0.07732121293734112
3602,-0.07282257012067092
3603,-0.024025459253731923
3604,0.01148199079466694
3605,-0.04083075446408793
3606,-0.17059441014887344
3607,0.010892075809003865
3608,-0.0757567367933484
3609,0.024002451305727784
3610,-0.09677116282413248
3611,0.07550365968890461
3612,0.07448507364344081
3613,-0.06829893311132218
3614,-0.007222991388902811
3615,-0.02359791541558237
3616,-0.08683488035558184
3617,0.07565548223235652
3618,0.03548350864702246
3619,-0.12226091372536643
3620,0.010542646916788911
3621,0.09561974849495544
3622,0.019397632847812735
3623,0.044025481066074595
3624,0.013138655682377376
3625,-0.06931376467319156
3626,-0.040561297303514265
3627,0.11649694194900889
3628,0.0460253168053657
3629,0.05888953580977596
3630,-0.08722386178372507
3631,-0.07672742737076985
3632,0.08487830967078808
3633,0.0556876370377353
3634,0.018066708223829275
3635,0.049250130022117145
3636,0.005965823802799364
3637,-0.07977911295265167
3638,-0.06900611926196787
3639,-0.0004326555828572942
3640,-0.040650494601997794
3641,-0.0026277709095794133
3642,-0.15546359545690314
3643,0.06942405929614776
3644,0.027357229990493226
3645,-0.031388773554217014
3646,-0.07800245518538967
3647,0.03117739371820416
3648,0.039091472072823014
3649,0.07383148588059557
3650,-0.08645330550316324
3651,0.03419079659096566
3652,0.028191070936074147
3653,-0.07199083375803991
3654,-0.09059783467499696
3655,-0.02329377801351351
3656,0.0056800199640612
3657,0.009621344315349778
3658,0.028263267331528286
3659,0.004673215429913169
3660,0.038517595390245574
3661,-0.08354206559764277
3662,0.10220740512472516
3663,-0.09238413254980554
3664,0.06912321257648396
3665,-0.0236450912700312
3666,0.03546330262393971
3667,0.10886057711761793
3668,-0.020673619361312373
3669,0.16355452174393487
3670,0.015339972654121431
3671,-0.018024996865749515
3672,0.05111037423595313
3673,0.10134962345672846
3674,-0.15719344263545398
3675,-0.03316434410387095
3676,-0.03973220911242825
3677,-0.0043430873850831275
3678,-0.08063413974064568
3679,0.07824932456976166
3680,0.007664332638746746
3681,0.05006017691735529
3682,0.029077794555099457
3683,0.09854324214407889
3684,0.11278170707788837
3685,0.022933270317353205
3686,0.019664303004760325
3687,-0.1090706535262837
3688,-0.11640163183382551
3689,-0.056728073329592316
3690,-0.04385758419747415
3691,0.015926332351760192
3692,-0.016490260719308952
3693,-0.024476006918988102
3694,0.09682251352953211
3695,-0.033569996780914324
3696,0.01587370105747729
3697,-0.09602699905575723
3698,-0.0004041383571610768
3699,-0.0770304516001544
3700,0.09027787940683646
3701,0.065821997351446
3702,-0.08836978082754399
3703,0.16390969193299454
3704,-0.019048848526507733
3705,-0.05152530009977671
3706,0.13964171619698845
3707,-0.001969361051905427
3708,0.03533822071014378
3709,-0.04269934327707475
3710,0.08080064943138521
3711,0.08065053823057389
3712,0.10167507027458222
3713,-0.012934585522226844
3714,0.04954555112467521
3715,-0.14785461591660592
3716,-0.17193568126737555
3717,0.00395864378330521
3718,-0.0042652727868965346
3719,-0.020529066094756743
3720,0.052888003696533015
3721,0.026202609745637456
3722,0.09411813188856455
3723,0.03457953745445891
3724,0.13423171648652446
3725,0.10224060110300598
3726,-0.07416961424915275
3727,0.055819651429210165
3728,0.003495073039742086
3729,0.04999284262556608
3730,0.028307649194621753
3731,-0.02161610528025193
3732,0.17554978109664549
3733,-0.08207564858463179
3734,-0.07482239755511688
3735,0.10266413982962119
3736,0.20097288360694263
3737,0.032971333653880636
3738,-0.04651221447634338
3739,0.03449846208243296
3740,-0.11164846821918684
3741,0.06921561116662067
3742,0.022422200472711457
3743,-0.04056105201293453
3744,-0.07830846224140567
3745,0.03338122065351923
3746,0.033593353476421284
3747,-0.08785759689496825
3748,0.04785123481652337
3749,-0.03439954711754001
3750,0.03196827124692947
3751,-0.0056766475160605345
3752,0.03951745295406822
3753,-0.014862482864897997
3754,0.07075162996756712
3755,-0.08735995293206314
3756,0.014203894453704097
3757,-0.03845403222347177
3758,0.0466683954176689
3759,-0.05510630075805381
3760,-0.021507679182763972
3761,0.006354085699634332
3762,-0.016980097921717535
3763,-0.0010486301938280318
3764,-0.06341878477032659
3765,0.0010572774947274766
3766,-0.01837412042665937
3767,0.021483476021656178
3768,0.11621232262892708
3769,-0.0579437100860167
3770,-0.07962255360700271
3771,0.017830240487503368
3772,0.0853557942901256
3773,-0.12945996209825755
3774,-0.023680404093551766
3775,0.021754250696808836
3776,-0.06930499838315887
3777,-0.0012210347843907843
3778,-0.02613902997889217
3779,0.06272382655840991
3780,0.0384032249388266
3781,-0.005876466336787595
3782,0.1434592833552938
3783,-0.04417681262996501
3784,0.0018773708479031814
3785,-0.1134287192520545
3786,0.05088879731864371
3787,-0.06241852321520128
3788,0.01361976255449282
3789,0.07370846065369524
3790,-0.012502002317362704
3791,0.02951378108295938
3792,0.047069930151180384
3793,0.06519593298706902
3794,-0.053920813346601426
3795,-0.170738199310811
3796,-0.01845355764998663
3797,-0.06194865423945442
3798,0.014741587705328602
3799,-0.0013496420936764675
3800,0.08661538810780686
3801,-0.06859716168110255
3802,0.01879884539313953
3803,0.08490497959856874
3804,0.0202489562889189
3805,0.132597526689598
3806,-0.06093839193291295
3807,-0.0625846890719956
3808,0.07680061297510102
3809,-0.049333782846275154
3810,-0.004553842727302859
3811,-0.01406271774141149
3812,0.024563874556713605
3813,0.08248370511979286
3814,-0.06984351416599105
3815,-0.011509179523445184
3816,0.06265077590115048
3817,-0.008687938770785164
3818,0.049488089891639525
3819,0.12428383290940292
3820,-0.10824007317383719
3821,-0.06602261644619098
3822,-0.06807494261476213
3823,0.04953303549741572
3824,0.023624493646925565
3825,-0.012310906377876407
3826,-0.021976088073992178
3827,-0.05655001056339928
3828,-0.10815006372085459
3829,-0.1689234846174713
3830,0.005736459451680526
3831,0.04497031699075871
3832,-0.0418763516792314
3833,0.011199683571676944
3834,0.07355470106218098
3835,-0.023091065802875288
3836,-0.010979311387557894
3837,-0.14473783111853383
3838,0.005549141900047405
3839,-0.101275822389638
3840,0.1311750108119587
3841,0.08132060630310156
3842,-0.02739750835003618
3843,-0.11081607078027919
3844,-0.08566511621667011
3845,0.045515132412892734
3846,-0.011708597145294874
3847,0.015517663136902782
3848,0.026169691785015353
3849,0.08154512740959785
3850,-0.00697492249753387
3851,0.025345320536379057
3852,0.10901037242661002
3853,0.030653838418900403
3854,-0.1127670693093839
3855,0.10917217704015361
3856,-0.013123627036406849
3857,-0.07193579879015588
3858,0.03960356738529114
3859,-0.13206304835888694
3860,0.1128394349577993
3861,-0.06107680100854487
3862,0.016531129096755498
3863,0.12022914521005491
3864,0.07490911280435311
3865,0.03812629282184975
3866,-0.0828719557527684
3867,-0.012983684832948983
3868,-0.07688303352535275
3869,0.1364024553542722
3870,0.05741845089458775
3871,-0.14345064401221855
3872,-0.008313658523173117
3873,-0.04531395176084996
3874,0.08734215279434496
3875,0.057020798068860956
3876,-0.14182928241726758
3877,0.0709900691685807
3878,0.012867203604999461
3879,-0.023026579640802458
3880,0.11808803859511585
3881,-0.0824807747882827
3882,-0.12003519012224173
3883,-0.09373029310998049
3884,0.0865885492756919
3885,-0.008803513068924684
3886,0.14289809612080714
3887,0.022972133356078173
3888,0.026158324357501067
3889,0.01961737161109367
3890,0.05814249077441094
3891,0.030835931383342646
3892,0.03167261374767641
3893,0.07858228146418378
3894,0.04269445077805997
3895,0.07544364728129255
3896,0.11552911612113798
3897,-0.03607209681743315
3898,-0.14733877049594557
3899,0.012152675329276885
3900,-0.04193973072593382
3901,-0.004895001348470318
3902,0.1012616346461814
3903,0.004783360737490527
3904,-0.03636551574479885
3905,0.14583765584266328
3906,-0.02096316499825296
3907,0.04573625218403404
3908,0.10696948702409553
3909,-0.01717638055530213
3910,0.01599265938412822
3911,0.05496412959082228
3912,-0.03769110264214662
3913,0.05144864455016837
3914,-0.1561732983445586
3915,0.07595679529566518
3916,-0.030978391689517742
3917,0.0404700463430383
3918,-0.048625232953767306
3919,0.046130705551401446
3920,0.034159723778251994
3921,-0.013132159563695511
3922,0.0018213032836237875
3923,0.08719785795430235
3924,-0.08753933007066014
3925,-0.07244435811966904
3926,0.12996064327891815
3927,0.009824949547093037
3928,0.023671842612983274
3929,0.008289357282282528
3930,-0.07406599099515296
3931,-0.03772457286695832
3932,0.028956521161035087
3933,-0.1118912864182243
3934,0.0048581694444261025
3935,0.044263055744038216
3936,0.05151582104263197
3937,-0.010720231568211974
3938,0.02794707341471883
3939,-0.1021028804902632
3940,-0.1338511702038766
3941,0.09382242777775071
3942,-0.04766002776824324
3943,0.05456224160622297
3944,-0.03576977425316105
3945,-0.02826347284487349
3946,-0.046975965507810497
3947,0.03872629180436776
3948,0.037616178626338176
3949,0.06295527933791495
3950,0.005400678110605517
3951,0.018225481142217892
3952,0.01575833698538265
3953,-0.04879457059301351
3954,-0.05496521737996246
3955,0.12522523470635274
3956,0.022066258851060006
3957,-0.0014481601360324947
3958,0.04897676986764776
3959,0.04843774084955432
3960,-0.0039231767757823555
3961,-0.12256878223293338
3962,-0.07660546197095561
3963,-0.040946743991863155
3964,0.06708532599183711
3965,0.05217148950500561
3966,0.019169343259490074
3967,-0.09056283321878278
3968,0.039747941972501644
3969,-0.007143533124935847
3970,-0.036221988862592064
3971,-0.02486979343654655
3972,0.112895509529679
3973,-0.06905876416603751
3974,-0.12015330966090818
3975,0.06314281200508634
3976,-0.03984134755365948
3977,0.044812965908606006
3978,-0.017890753988642538
3979,-0.17242411140571123
3980,0.014277859742532928
3981,0.002081881525501872
3982,-0.052401651693773754
3983,-0.031135390318216383
3984,-0.039134097586960515
3985,0.020907525284697137
3986,-0.10353466263616054
3987,-0.2740317432543965
3988,-0.029841043821384722
3989,0.08286518734239709
3990,0.08917687163858073
3991,0.01970988482459468
3992,-0.06561135150677974
3993,0.011560649809071566
3994,0.07597121349632446
3995,-0.0263356986146277
3996,-0.06246707773209598
3997,-0.006987144041262328
3998,0.0051618610834722745
3999,-0.033507318295960264
4000,0.05836237990647025
4001,0.0818601309092026
4002,-0.04429579771051148
4003,-0.04486554531558598
4004,-0.03457989619085164
4005,0.1331587992728417
4006,0.020102673353642603
4007,-0.1678441134953122
4008,0.08509642173340795
4009,0.011916991108980618
4010,0.006762797751132477
4011,-0.12011315415131357
4012,0.02715518195315708
4013,0.03501134472956241
4014,-0.007674926770192991
4015,0.02260158197026957
4016,-0.10487409790585037
4017,0.0855176445586723
4018,-0.05257630324968901
4019,-0.037600673065607854
4020,0.06531566326065377
4021,-0.08697251080114499
4022,-0.0639898600224516
4023,0.01795960122584922
4024,0.06750964395312758
4025,0.02516252093037194
4026,-0.006236765854130355
4027,-0.010899200333218617
4028,0.0839962230029982
4029,-0.03302966543478206
4030,-0.07467600066273958
4031,-0.04014416566543516
4032,-0.11782696010346896
4033,-0.15390328163846
4034,-0.09119197973902074
4035,-0.05032634890147067
4036,0.026250142506283686
4037,-0.014399206753074378
4038,-0.1845506918098747
4039,0.10837919519857403
4040,0.04257522560113275
4041,-0.09039149400929178
4042,-0.10356524773893291
4043,-0.04169898546625245
4044,-0.10277494217793182
4045,0.11789063993617485
4046,-0.029353557048091672
4047,0.09879690538595146
4048,0.03623881509139626
4049,0.030800800420684782
4050,-0.12015829959516891
4051,-0.003405998205440963
4052,-0.008438297686898605
4053,-0.13039078756305164
4054,0.039357336784120844
4055,0.06381507006295783
4056,0.05086805372859032
4057,-0.0030471707958389105
4058,-0.03553279240987506
4059,0.027931289181133634
4060,-0.03629379367681887
4061,0.14078726971525685
4062,0.17682330543639968
4063,0.06222194320758648
4064,-0.13956053462361775
4065,0.14791941374598777
4066,-0.11298807258794197
4067,0.008022938641876753
4068,0.06411515132392903
4069,-0.031186193498267484
4070,0.03679324710320561
4071,0.034362071665532234
4072,-0.14469389192740242
4073,-0.041015115171287114
4074,-0.08746537945293331
4075,0.07213819296294549
4076,0.09089567096824941
4077,-0.031905774813595356
4078,0.010856711337840053
4079,-0.07812551039518925
4080,0.0661989395350282
4081,-0.04854476333062635
4082,-0.024723336626132297
4083,-0.08307189245171848
4084,0.025527215254529667
4085,0.07665312043884218
4086,-0.11193196132122113
4087,-0.046320501339068565
4088,-0.0008949726137960912
4089,0.07827748002877885
4090,-0.04491466179014772
4091,-0.010833934436871417
4092,0.04569985516689162
4093,0.08648911227033038
4094,0.04150090572576923
4095,-0.01759288867407577
4096,-0.07470524350657076
4097,-0.041692622443745775
4098,-0.0870826890317305
4099,0.033605797512992086
4100,-0.06740044138735063
4101,0.007367935192534508
4102,0.008795738541439502
4103,0.09935783028977488
4104,0.1528686629389996
4105,0.004639078058623458
4106,-0.05714243824602627
4107,0.04326336712894996
4108,0.04725700150600515
4109,0.01045970294344345
4110,-0.013242730170008321
4111,0.03891572944663477
4112,-0.09099988664555714
4113,0.03090072517653339
4114,0.020077013828692758
4115,0.002912359847901058
4116,-0.09541114858352001
4117,0.03710519661540948
4118,0.07154641417219004
4119,-0.08396419054119333
4120,-0.1348405664050348
4121,-0.07462337938583627
4122,0.10515015271228167
4123,0.026164312212154234
4124,-0.03457767385342014
4125,0.025272415872053644
4126,-0.1554235652507104
4127,-0.0034533278782611643
4128,0.03385296026612922
4129,-0.012845331504790003
4130,-0.057357292986623676
4131,-0.01135388901428086
4132,0.027967542714651156
4133,0.014722617937760057
4134,0.07936883062458097
4135,-0.0719390672098868
4136,0.01888456203208666
4137,0.13837446754166344
4138,-0.07035855867638582
4139,-0.13241005173488848
4140,-0.11538976062853928
4141,0.06713684030656258
4142,-0.06298580317829156
4143,-0.05410911776972174
4144,0.12895663568994747
4145,-0.0936459977752416
4146,-0.017556210000962552
4147,-0.043717019573837834
4148,-0.028575554482823312
4149,0.15494160915709831
4150,-0.03235700480587639
4151,0.019200955027204397
4152,-0.0983544268031922
4153,0.13840904878528576
4154,0.07765896665322697
4155,-0.11303412805555901
4156,0.09779161385542562
4157,0.05476494654777103
4158,-0.006102774606628031
4159,-0.09840308022003341
4160,-0.0009351973423739057
4161,0.19953856029899983
4162,-0.07286099583982264
4163,0.03878798718322879
4164,-0.15724726027490923
4165,0.05288051658493434
4166,0.1551636692219086
4167,0.047891377176644934
4168,-0.0687029036757528
4169,-0.1219979468955994
4170,0.08866590019757692
4171,-0.13702221141377338
4172,-0.0015568123623294627
4173,-0.015839592326038127
4174,0.055126929821775
4175,0.09152204072976947
4176,-0.08136639029909987
4177,0.07242085239716173
4178,0.10787578954916302
4179,-0.02391314062117858
4180,0.09481446839386498
4181,-0.09488625132222142
4182,0.038982687913046876
4183,0.06387457468646471
4184,0.04555324242527614
4185,-0.006405821394156741
4186,-0.010896845775929642
4187,-0.06469993522344886
4188,-0.15015957081194206
4189,0.04914687125485284
4190,0.056137627822395425
4191,0.08936571030831875
4192,-0.010321945966492108
4193,0.04183853008054411
4194,-0.04995090574122038
4195,0.1340551704753255
4196,-0.13130738330557218
4197,0.0028217232964882766
4198,-0.007597839796034123
4199,-0.03178843914722376
4200,-0.082672760559767
4201,-0.01872781967031592
4202,-0.1332049199636094
4203,0.08740131527219944
4204,-0.034416303104381846
4205,-0.09847825341557592
4206,-0.048990020222981545
4207,-0.0779040804309703
4208,-0.046590379659518955
4209,0.06365728965483769
4210,0.05751651454286416
4211,-0.10205173176324858
4212,-0.023585384837834622
4213,0.12451845083516416
4214,0.007854134103278898
4215,-0.0310506184194832
4216,0.07901905729849412
4217,-0.038990308713082455
4218,0.04627690011231661
4219,-0.01764740607255305
4220,0.013256086183405236
4221,-0.04203921960338025
4222,0.021865682738471975
4223,0.056874599428413275
4224,-0.08979979144863731
4225,0.074497491039449
4226,0.0371649224766997
4227,0.019749141116074953
4228,-0.05312110122146199
4229,0.014257909231093768
4230,0.09710805665064531
4231,0.04577976291090197
4232,0.06811702152515364
4233,0.08717915147009192
4234,0.03340747487893661
4235,0.042984239075592845
4236,-0.09071134223337368
4237,-0.023544031357074474
4238,0.0074333186397624595
4239,-0.09746953270159828
4240,0.14689344028510654
4241,0.10356895524902432
4242,0.033923197160600965
4243,0.0011232250592591864
4244,-0.14217322150679204
4245,-0.14842751928339776
4246,-0.07768790222486036
4247,-0.10906251491244151
4248,0.06895397059069258
4249,-0.018052931840487396
4250,0.05441774369185248
4251,0.03540525423455693
4252,-0.06757863293302735
4253,-0.08699416943583504
4254,-0.014868849455171945
4255,-0.0002649242640991589
4256,-0.1686890041889991
4257,-0.036289054997116044
4258,0.07711945311163054
4259,-0.017616029494197022
4260,0.002145864704931222
4261,0.06669381175435402
4262,-0.001172631763326104
4263,0.016174983417932665
4264,-0.04594185749142418
4265,-0.03804425043766099
4266,0.04324345171480362
4267,-0.04629428106902969
4268,0.07972932460903004
4269,-0.048876348452619345
4270,0.1151156646805977
4271,0.0597855411761877
4272,-0.08506840834276691
4273,0.006241013555093766
4274,0.06200825113591035
4275,-0.1049945220636169
4276,0.06604776683918051
4277,-0.029100019949390654
4278,0.016506555847846244
4279,0.10179566963369971
4280,0.12144656130126719
4281,0.09859202112477577
4282,0.05262175572810199
4283,0.048568310384809105
4284,0.060364618500963585
4285,0.009256938274284893
4286,-0.13425753267173934
4287,0.03986541698773691
4288,0.13285346001816928
4289,-0.09475095402895117
4290,0.19380929285323023
4291,0.002146843101138496
4292,0.026485466092758952
4293,0.04812221948585854
4294,-0.06666825354267261
4295,0.04426882006702759
4296,-0.12208512113291714
4297,-0.037996262600833774
4298,0.038911554204731164
4299,0.031437199572122404
4300,0.10115306181864442
4301,0.040343599592054746
4302,0.10862501079383813
4303,-0.0928958223394043
4304,-0.0034768335843406994
4305,0.07177447080257499
4306,-0.03674300024542554
4307,-0.14502993656081808
4308,-0.060434966343969304
4309,-0.03307290599509938
4310,-0.038305450710916455
4311,-0.08632529133912914
4312,0.03571521662973065
4313,0.11649489921082706
4314,0.014100422132608398
4315,0.033114299401605374
4316,0.0074232459136037154
4317,0.02567883855792924
4318,0.04882475293185981
4319,0.009453269919889984
4320,0.025360613096552964
4321,0.12065411250500999
4322,0.06739884783761008
4323,0.12180672653705976
4324,-0.06487296189147676
4325,0.04522454535763487
4326,0.06056572837400842
4327,-0.022381276032227948
4328,0.12967096233647335
4329,-0.07538360919971779
4330,-0.03275200095825043
4331,-0.00892850548428975
4332,-0.002337813756812468
4333,-0.019260795082428506
4334,0.0194600276261922
4335,-0.03838741664014142
4336,0.022895657658814544
4337,-0.13279816641157854
4338,-0.0835548301388429
4339,0.04474997390343066
4340,0.01017898296290573
4341,-0.03459915705684516
4342,-0.07286957391020046
4343,-0.019089103801893326
4344,-0.012570126890084549
4345,0.11871398077243209
4346,0.05410660776208712
4347,0.07296596153979401
4348,0.014288200055362799
4349,-0.05863709590749738
4350,0.019718567790755093
4351,0.028832328193228896
4352,-0.10848644920598002
4353,0.03391193509392032
4354,-0.09573259991856653
4355,-0.03245357602270832
4356,-0.047572333172626574
4357,-0.011118449406059772
4358,0.025697035318840156
4359,0.05487283058233275
4360,0.025805996829829758
4361,0.02572576410759181
4362,-0.015442255719569059
4363,0.05409450122582536
4364,0.03728872809458217
4365,-0.06508302126665041
4366,0.011717002848735114
4367,0.1026638854745385
4368,-0.03100443228043534
4369,0.055414929261665635
4370,-0.07288297333780092
4371,0.07504127184897488
4372,-0.15070779697776382
4373,0.08055113096285513
4374,-0.05368265820751589
4375,-0.027462137053116398
4376,0.10505178430242587
4377,0.03618737172354353
4378,-0.042056295345954675
4379,-0.062358458974006326
4380,0.045705068912082564
4381,-0.054010045902340015
4382,-0.08209648477210202
4383,-0.04047634366992062
4384,0.01753626265593078
4385,0.09491825352799456
4386,0.0014105746632285254
4387,0.16890760916055614
4388,0.07835194228096581
4389,-0.049806459868052044
4390,-0.049889859019395355
4391,-0.06314328540317848
4392,0.01372671130377856
4393,0.09716247422767227
4394,0.05120359047295814
4395,0.09340241386661846
4396,-0.031916977633870636
4397,-0.10947207863194697
4398,-0.013707171283473596
4399,-0.009401001340330839
4400,0.08414534579054267
4401,-0.04335769632238695
4402,0.042925391768836196
4403,0.08613071261001776
4404,-0.06550557048990244
4405,0.015178538123953145
4406,0.0639114448822842
4407,-0.04558839267296591
4408,0.018804167430092167
4409,-0.0846401503194984
4410,0.018197021816533487
4411,-0.024846268150204243
4412,-0.03188526914803308
4413,-0.03334918421496244
4414,-0.08418301152110802
4415,0.026502868720819694
4416,0.03216672995070591
4417,0.07217041344895697
4418,-0.09525726691145522
4419,0.032097732566964604
4420,0.04846542147514071
4421,0.0486982682029351
4422,0.03682442540139749
4423,0.10020626674447042
4424,0.06065325016617536
4425,-0.06625910142777736
4426,0.03777543995327812
4427,0.04176293325056671
4428,-0.16451320842865788
4429,-0.046679904199101424
4430,0.010859707576123201
4431,-0.004750495801380317
4432,-0.007429086657185502
4433,0.10616290693222877
4434,0.08500139708236637
4435,0.002937427031206752
4436,-0.004609822999235902
4437,-0.03810396216603332
4438,0.0821511297459388
4439,-0.0016583652559352124
4440,0.0736590410233216
4441,0.07587135569628983
4442,0.15577292241953966
4443,-0.028989822387706476
4444,0.15705406806910432
4445,-0.05240828027676325
4446,-0.13757652043866733
4447,-0.06860357497830341
4448,-0.027169827037955258
4449,-0.050559760016137156
4450,0.0027770039488577147
4451,-0.011949277227817662
4452,-0.029436740208846568
4453,0.0635197706341103
4454,-0.18299321337995084
4455,-0.008944345375143464
4456,-0.08721964843850999
4457,-0.1184226707078212
4458,0.07873709326669377
4459,0.09129348939759915
4460,-0.13246852757097008
4461,-0.03742745055808597
4462,-0.03412995769082258
4463,-0.021705667015434138
4464,0.1351137047129696
4465,-0.006816800862152139
4466,0.05061704806681128
4467,-0.007389782398113887
4468,-0.010233242433409978
4469,0.027787360990428334
4470,0.04017051677839112
4471,0.0960602872979292
4472,-0.024715168580636465
4473,0.051750619346889015
4474,-0.11922225434899952
4475,-0.051769321487685455
4476,-0.11161586394164263
4477,0.06716717105659895
4478,0.09053535864706644
4479,-0.0856206074378685
4480,0.026083242999825007
4481,0.031942043477019066
4482,-0.026198056970294037
4483,-0.020385086879525532
4484,-0.019358133144909806
4485,-0.07893689147772051
4486,0.15680722231701588
4487,0.012977603298038265
4488,-0.031495809327530905
4489,0.004711138389287439
4490,0.007542180740319482
4491,0.11581989342780061
4492,-0.02372617833419724
4493,0.03002707520748296
4494,0.041759301181208325
4495,0.054382274994276725
4496,-2.5103522221375796e-05
4497,0.08957395304556362
4498,0.01608960651716998
4499,0.08545786908559527
4500,0.1471808206206844
4501,0.11244378300137658
4502,0.1562377143254304
4503,0.0017207270761109839
4504,-0.09066658064325073
4505,0.02505365260687137
4506,0.02758697770942628
4507,-0.005744929646386121
4508,-0.009793996909442909
4509,0.008738757411999809
4510,-0.04142550103253276
4511,0.004686998549845084
4512,0.0963260055353469
4513,-0.16164556169312105
4514,0.06867177527372964
4515,0.1349773902120556
4516,0.0014603673597290423
4517,-0.08205686859156164
4518,0.04486021888328734
4519,-0.13634538352894313
4520,0.0716542523687192
4521,0.0009215627102446555
4522,0.04086671592746399
4523,0.14396345988284784
4524,-0.03440403170111761
4525,0.013363499596629747
4526,0.08428458921185905
4527,0.09785308799987952
4528,0.06498042328400805
4529,0.17227115780129545
4530,0.1150986847323412
4531,0.048103672551927074
4532,0.11900676162432428
4533,0.032665501454594015
4534,-0.020728992849969957
4535,-0.05111251148427304
4536,0.07641933128538658
4537,0.05540996414593263
4538,-0.016427861296675894
4539,-0.2030507117499365
4540,0.007494231674199492
4541,-0.03532424186775879
4542,-0.017753767808623755
4543,-0.03461410414362551
4544,0.03166083600037603
4545,0.012173539064907368
4546,0.1011309990842719
4547,0.014001191640869659
4548,-0.07052168003076997
4549,0.07876587344676639
4550,0.0007168708683892577
4551,0.02898227373129436
4552,0.08856257480949231
4553,-0.11504712385463423
4554,0.05038914370389813
4555,-0.14000262274567582
4556,-0.008342090078371722
4557,-0.10163333509542502
4558,0.05656115523231792
4559,0.08380396048759567
4560,-0.037900918000500855
4561,0.02051822443351045
4562,-0.001415858308673107
4563,-0.11015275166861929
4564,0.054978856478513555
4565,-0.030057009321028977
4566,-0.11521989567619922
4567,0.04592384510129843
4568,-0.09170593905051652
4569,-0.05629466363747462
4570,-0.1159259919840703
4571,0.041254586761504425
4572,-0.0772869676486573
4573,-0.06965290720407363
4574,-0.008300227348593814
4575,-0.0766427342752109
4576,-0.07822024569782199
4577,-0.08122860825674907
4578,-0.05529334302030564
4579,-0.0005833835385767872
4580,0.08063547228631765
4581,-0.019572697451497062
4582,-0.149471474886841
4583,-0.05469376079866245
4584,0.12428378610015398
4585,-0.13656588541404507
4586,0.031206403298374985
4587,0.13496514249838462
4588,-0.03378081999109428
4589,0.0470781297041864
4590,-0.05998738556978361
4591,0.06904945257058276
4592,0.029666938703838075
4593,-0.07240403873467657
4594,0.06725573532151208
4595,0.03110248733461196
4596,-0.002749646081965762
4597,-0.051443202867527654
4598,0.014780343214057468
4599,-0.04564701977577662
4600,-0.027713070714121046
4601,-0.034571316585139206
4602,-0.10288981864179281
4603,0.0025143219099187097
4604,-0.015237455675378597
4605,-0.04648360973155591
4606,0.007995746640463569
4607,0.07183975591455533
4608,-0.09299692115359356
4609,-0.13880567198306393
4610,-0.05316819725166161
4611,0.017039502572906817
4612,-0.060251775569002575
4613,-0.17253043912530774
4614,-0.04245466085085717
4615,-0.07705769951084623
4616,0.04529569662746802
4617,0.1153732696648384
4618,-0.02524852685997414
4619,0.011268157558030706
4620,-0.07022368983094335
4621,-0.007560644999695193
4622,0.01886123644370269
4623,-0.00026922963468467564
4624,-0.11037302746734612
4625,0.10780709849451356
4626,-0.07371359633991548
4627,0.11113712574619
4628,-0.03259377806969624
4629,-0.07633177739949545
4630,0.07161452667456614
4631,-0.12453439582430614
4632,-0.030826378110723612
4633,-0.08678513163422522
4634,-0.04492043007197141
4635,-0.11410528662684039
4636,-0.0004226456838759829
4637,-0.07430567082000292
4638,-0.01817978920249555
4639,-0.05128902499217214
4640,-0.013067551382588194
4641,-0.12656648607020157
4642,-0.0013944353515940866
4643,-0.1560933081859776
4644,0.020135803096481525
4645,0.004328985655110251
4646,-0.010272426818105612
4647,0.009431108151242429
4648,0.06108665627332996
4649,0.05232036124826689
4650,-0.0035375899875886296
4651,-0.019660935463511414
4652,-0.017916526876116334
4653,-0.16330896383485244
4654,-0.015174624825894989
4655,-0.08733287226089087
4656,-0.026626298666021897
4657,0.10891911504777585
4658,-0.05650041231374453
4659,-0.02445161818849237
4660,-0.08469506367801091
4661,0.09821124576982077
4662,0.13488995324130285
4663,0.06593570379573419
4664,-0.12181895968226092
4665,0.051403886174996805
4666,-0.06121415108895134
4667,0.05597324220773153
4668,0.09789907886593885
4669,0.032915024270450954
4670,-0.04878475628506582
4671,-0.03740589058144214
4672,-0.058326632555130015
4673,-0.016319147391873706
4674,-0.18252643077849362
4675,0.07126962546326071
4676,-0.05710819284817423
4677,0.14332046401217446
4678,0.061015581436257876
4679,0.06229150077528353
4680,0.07211909095449881
4681,0.01275050531072891
4682,0.08073178308744366
4683,0.11374347535046131
4684,0.05845808038751665
4685,0.04379781994652826
4686,-0.11904747129210103
4687,0.06820119982954068
4688,0.11343606476303356
4689,0.0965815990908408
4690,-0.057831438506180666
4691,0.12811317694694835
4692,-0.0673931586602253
4693,0.05936020797695382
4694,-0.012910951189324671
4695,-0.022367359844188223
4696,-0.12203639000665892
4697,0.019048714977837305
4698,-0.03377112244848926
4699,-0.031511886081891455
4700,-0.04537869921534779
4701,-0.09694417373859998
4702,0.013836907941848026
4703,0.021790630131423544
4704,0.07329425270335774
4705,-0.003460688787074062
4706,-0.022110080533276816
4707,0.02217642488549937
4708,-0.06139448525989058
4709,0.06220335754476214
4710,-0.10541217346267281
4711,-0.15097842386842458
4712,-0.12186298969462944
4713,-0.0013810610390275202
4714,0.040202540311338214
4715,0.10579962809452785
4716,0.02157824256467694
4717,-0.014464513931200185
4718,-0.155985991305738
4719,-0.05417732536985248
4720,0.014920150597334758
4721,-0.04044538899965475
4722,-0.021212700037708504
4723,0.03411842954984934
4724,-0.00044578655586852145
4725,-0.03422690048620661
4726,0.03051476523002522
4727,0.08568848879023883
4728,-0.09373669382756078
4729,0.024423829902882443
4730,-0.017538728984071827
4731,0.039986069072605324
4732,0.004382596520683013
4733,0.01322940424448954
4734,0.024444895274784717
4735,-0.09082884888695725
4736,0.024586590944486564
4737,-0.16778595347708053
4738,0.08659946525626944
4739,-0.0020592331463469837
4740,-0.0954327308530144
4741,0.11110015481972227
4742,0.07891999029151536
4743,-0.009720263368884985
4744,0.03356551823808057
4745,0.07074496361779159
4746,-0.025518442748499764
4747,0.02550300571990083
4748,0.048695911323698535
4749,-0.01830916655059142
4750,0.030974911200630006
4751,0.04684637115977239
4752,-0.022619399334852158
4753,0.1263838164004135
4754,-0.07036538875619563
4755,-0.15977887591730194
4756,0.0800415431116498
4757,0.10202994999584392
4758,0.031232548743036687
4759,-0.007408508955977944
4760,0.04347712000038123
4761,-0.0279267917237864
4762,-0.03644778677487656
4763,0.010461500178636174
4764,0.057958322455407274
4765,0.033001142438737946
4766,0.005123762135378407
4767,0.03736013597117138
4768,-0.07427203987093503
4769,-0.09241364403032559
4770,-0.011291206220695238
4771,0.0793872158823481
4772,-0.1471298277593636
4773,0.021327162500918262
4774,0.06512755986473429
4775,-0.19631286191193353
4776,0.08970443723445881
4777,-0.039356547693027655
4778,-0.1510959656038066
4779,0.040566068543651246
4780,-0.015073382268691732
4781,0.02769761796620926
4782,0.04147731821192732
4783,0.08236594918584142
4784,0.12780950958939577
4785,-0.004123354465737805
4786,0.11319577538931103
4787,-0.03348848529681192
4788,-0.060605110073339824
4789,0.11418110290123937
4790,0.06022311561846794
4791,0.012273120257010967
4792,0.099045843271094
4793,0.06423238145917834
4794,0.04374530578229491
4795,0.041631453201878804
4796,-0.020069071880625095
4797,0.028892438558893896
4798,0.03979004337428632
4799,-0.05777589979962089
4800,0.07303814801865291
4801,0.10767288175330636
4802,-0.06801075955799607
4803,-0.024520714022878504
4804,0.003371050255587371
4805,-0.11113385231214848
4806,0.0518510577862894
4807,-0.033657717957408906
4808,-0.03719352187559907
4809,-0.008998373988587938
4810,0.010382517806411307
4811,-0.027894038780026498
4812,0.09906566739034331
4813,-0.03187410757743642
4814,-0.03599338729857762
4815,-0.06308772152485304
4816,0.0791166861878658
4817,0.03600030617143962
4818,-0.16123438147036992
4819,-0.09824235361512262
4820,-0.012551568333072
4821,0.09126801419416619
4822,0.13759959837578759
4823,0.1078055557404988
4824,0.11849159880171545
4825,0.041071698557597264
4826,-0.06565954420829659
4827,0.1321240963886678
4828,-0.07608473260379275
4829,0.004104893773644536
4830,-0.08955307875702523
4831,0.008580316215770711
4832,0.08049136873501656
4833,0.02395534144733838
4834,-0.050955737901761305
4835,0.039375125388210086
4836,0.021297910332292502
4837,0.014083270791252489
4838,0.023008858582606928
4839,-0.03855673666557663
4840,-0.014878246113577298
4841,0.04986400004328109
4842,0.037027756396221134
4843,-0.049603960295681565
4844,0.08992324376577338
4845,0.021611301836665875
4846,-0.0683296509691042
4847,0.05304970617015781
4848,0.11902020148720116
4849,0.02082889417527159
4850,-0.09125583947974447
4851,0.16647257257513484
4852,0.04026277267462294
4853,0.10498670881294081
4854,-0.057607942365425296
4855,-0.12450576213757203
4856,0.06849044675152727
4857,-0.04679082077090768
4858,0.02223981488572485
4859,0.03609001086421948
4860,0.016364905454958417
4861,-0.09789587115262993
4862,-0.052458040525565075
4863,0.01716105954215122
4864,0.024947534764977075
4865,0.016000352919653626
4866,0.02348650168755473
4867,0.01660632319537722
4868,-0.02075167839723821
4869,0.028459019253567808
4870,0.1433973426809899
4871,0.0013051235650945459
4872,0.04592248292574119
4873,-0.11610538534449066
4874,-0.007618936936914067
4875,0.0025793523835770105
4876,0.1280292676220355
4877,0.05381165703628649
4878,-0.11302375150937691
4879,0.06832404249097543
4880,-0.1517509420820315
4881,0.015696226332232693
4882,0.08633420800858
4883,-0.07676971233486582
4884,0.014566603697609731
4885,0.11635496543287735
4886,0.010135753349807708
4887,-0.04953025458769297
4888,-0.045519459066222345
4889,0.0263620666701464
4890,-0.006892846098240785
4891,0.0018059313088764628
4892,0.1581369857231426
4893,0.002818422646498231
4894,0.05119417317158101
4895,0.04055306703377379
4896,0.10283854546345905
4897,0.004962321083268717
4898,-0.14264348618707307
4899,-0.09368032058487688
4900,0.04569729418222637
4901,0.14414368234925956
4902,-0.0397725402902831
4903,-0.025601149997751094
4904,-0.0038190588250654744
4905,0.18119961966877354
4906,0.002332236988756814
4907,-0.0781986874080875
4908,-0.13007069308067917
4909,-0.014586149209445703
4910,0.042080542455408265
4911,0.08272019349754423
4912,0.04389131862843633
4913,0.0031903861609003936
4914,0.051216873818499015
4915,0.0949170338154568
4916,0.0813160414504007
4917,0.09617371207640898
4918,0.0018554897125536707
4919,0.05675591898409188
4920,0.0633051848542544
4921,0.05878398986065447
4922,0.07307885686403023
4923,0.1453078662976618
4924,-0.10672384200854684
4925,0.11393959642711071
4926,-0.12600568333629672
4927,-0.021172762831415004
4928,0.11910809453751575
4929,0.007381535933913219
4930,0.06069621895724883
4931,-0.05930138191385406
4932,0.041600315972608146
4933,0.02573853489323652
4934,0.09166915415355004
4935,0.04761220220938445
4936,-0.16850491722581312
4937,-0.02589916150241095
4938,-0.06009330678567232
4939,-0.08016455222162003
4940,0.040573755220961155
4941,-0.03396061430641978
4942,0.035567613814185495
4943,0.014409774440381051
4944,-0.01639145489786406
4945,0.06994642032470436
4946,0.015704927227790183
4947,-0.1038458333219558
4948,0.01657518930542623
4949,0.06166074533610577
4950,0.029491455006772666
4951,0.06202961431727999
4952,-0.01587330930180081
4953,-0.007051526144373738
4954,0.09471477067789597
4955,-0.05060070115600121
4956,-0.09507457868932173
4957,-0.0380987945694147
4958,-0.02725266193536821
4959,-0.09931140701630453
4960,-0.1252267191270861
4961,0.03466209328630712
4962,0.011513620587922047
4963,0.09597985296508849
4964,0.05583531991609281
4965,0.081363064657654
4966,0.08265419572709787
4967,0.13025466293244192
4968,-0.051622528142381524
4969,-0.003192158220452823
4970,-0.03941555782279246
4971,0.1307036549183315
4972,-0.0027580464388409776
4973,-0.08137703905087282
4974,0.07642899290985458
4975,0.030375715635173828
4976,-0.05414611592425658
4977,0.03174507609736085
4978,0.08627519066605932
4979,0.034750211162043965
4980,0.06461802221866147
4981,-0.009451485356688494
4982,-0.09768437778877437
4983,-0.03657039913041166
4984,0.04398334647850363
4985,-0.10490229816222224
4986,0.03595495433797169
4987,-0.019832126343385936
4988,-0.035428195219544545
4989,-0.11137986089805635
4990,-0.07148557540991207
4991,0.08525225046348225
4992,-0.05992459260867927
4993,0.0633128092556266
4994,0.03888831452163838
4995,-0.060279704470089235
4996,-0.011740404000598004
4997,-0.06800189341921037
4998,-0.10378148218675293
4999,0.04664959292950588
